unique_id,address
53312152916,44 GORDON Street TULLAMARINE 3043
53312159654,11 STELLING Drive LUCAS 3350
53312091669,3 STELLING Drive LUCAS 3350
53312218657,5 DENNYS Place GEELONG 3220
53312221208,23 WYONG Street KEILOR EAST 3033
53312151712,2 STELLING Drive LUCAS 3350
53312160456,26 SPIKE BAR Way MOOLAP 3224
53312161479,44 SERVICE Street COBURG 3058
53312098903,30-32 RESCHKE Court LAVERTON 3028
53312098927,30-32 RESCHKE Court LAVERTON 3028
53312002617,41 POWELL Street OCEAN GROVE 3226
53312096469,45 PAISLEY Street FOOTSCRAY 3011
53312097664,19 DALYSTON Street GROVEDALE 3216
53312098323,144 ASBURY Street OCEAN GROVE 3226
53312163664,3A MORVEN Street YARRAVILLE 3013
53312227087,7 HUNTINGDALE Drive MOOLAP 3224
53312227113,22 GULL Drive MOOLAP 3224
53312227145,18 GULL Drive MOOLAP 3224
53312224679,7 HARRISON Rise DRYSDALE 3222
53311993814,29 HARRISON Rise DRYSDALE 3222
53311993838,21 HARRISON Rise DRYSDALE 3222
53311993862,27 HARRISON Rise DRYSDALE 3222
53311993887,19 HARRISON Rise DRYSDALE 3222
53311993905,26 HARRISON Rise DRYSDALE 3222
53311993937,28 HARRISON Rise DRYSDALE 3222
53311993953,3 FRANKLIN Way DRYSDALE 3222
53311993978,2 FRANKLIN Way DRYSDALE 3222
53311996017,1 REGAL Road POINT COOK 3030
53312092441,47 GOODALL Street WARRNAMBOOL 3280
53314089627,46 RAMBLER Boulevard TARNEIT 3029
53314089651,19 COBUNGRA Road WEIR VIEWS 3338
53314089676,16 SPRINTER Way WINTER VALLEY 3358
53314089692,13 HORGI Street WYNDHAM VALE 3024
53314089726,74 ARARAT Street TRUGANINA 3029
53314089742,26 GILLIFLOWER Street TARNEIT 3029
53314089768,3 ECRU Street WYNDHAM VALE 3024
53314089791,23 VILLANDRY Street ROXBURGH PARK 3064
53314089819,30 CALLAGHAN Street JACKASS FLAT 3556
53314089833,61 LOLLIPOP Crescent SUNBURY 3429
53314089867,9 JOUST Way FRASER RISE 3336
53314089890,29A SPOONBILL Avenue WINTER VALLEY 3358
53314089924,23 ENDURANCE Road AINTREE 3336
53314089940,1 TEEWAH Walk ARMSTRONG CREEK 3217
53314089966,23 BATTEN Road CHARLEMONT 3217
53314089999,47 SINCLAIRS Road DEANSIDE 3336
53314090024,12 MINYIP Walk EYNESBURY 3338
53314090058,6 MINYIP Walk EYNESBURY 3338
53314090073,13 OLIVE TREE Grove FRASER RISE 3336
53314090099,36 STRONG View FRASER RISE 3336
53314090221,22 DRIFTWOOD Street MICKLEHAM 3064
53314090247,30 ANTHURIUM Drive MOUNT DUNEED 3217
53314090296,17 BEAUTIDE Road TARNEIT 3029
53314090314,44 TABULA Road TARNEIT 3029
53314090338,57 TABULA Road TARNEIT 3029
53314090362,24 MASAYA Avenue TRUGANINA 3029
53314090387,1 FAWN Street WYNDHAM VALE 3024
53314090405,23 SIAN Circuit WAURN PONDS 3216
53314090437,23 TALOUMBI Crescent GREENVALE 3059
53314090512,55 ALLANSFORD Crescent ARMSTRONG CREEK 3217
53314090536,46 BRUCE Street COLAC 3250
53314090560,4 STRONG View FRASER RISE 3336
53314090593,10 STRONG View FRASER RISE 3336
53314090627,16 STRONG View FRASER RISE 3336
53314090643,8 FALSTAFF Street FRASER RISE 3336
53314090669,18 SKIPPER Avenue LARA 3212
53314090692,102 DAYBREAK Vista MICKLEHAM 3064
53314090726,8 PENZANCE Street PASCOE VALE 3044
53314090750,28 BEAUTIDE Road TARNEIT 3029
53314090791,3 MCLAREN Street WARRNAMBOOL 3280
53314090825,7 BENNET Street WARRNAMBOOL 3280
53314090932,4 VALANCE Street TARNEIT 3029
53314140422,23 MAKITI Crescent HARKNESS 3337
53314140456,16 RINDLE Street LARA 3212
53314140489,39 ARDSLEY Street MANOR LAKES 3024
53314140515,15 BUTTERFLY Crescent MICKLEHAM 3064
53314140539,38 HONEYPOT Circuit MICKLEHAM 3064
53314140555,31 HARGREAVES Street PORTARLINGTON 3223
53314140614,23 FREE Crescent SUNBURY 3429
53314140646,54 VARNISH Road TARNEIT 3029
53314140662,19 ESMERALDA Avenue TARNEIT 3029
53314140687,20 ESMERALDA Avenue TARNEIT 3029
53314140713,21 DUROCHER Crescent TARNEIT 3029
53314140737,3 YAMBULLA Street TARNEIT 3029
53314186283,62 CORDATA Road POINT COOK 3030
53314186319,41 SILVERDALE Drive ROMSEY 3434
53314186333,38 DUKES Lane STRATHFIELDSAYE 3551
53314186359,20 CRICKET Circuit TARNEIT 3029
53314186382,42 REUNION Parade TARNEIT 3029
53314186418,13 WIDMARK Road TRUGANINA 3029
53314186440,48 WHEATSHEAF Road WYNDHAM VALE 3024
53314186517,30 WORN Road CHARLEMONT 3217
53314186531,15 MODULAR Street CHARLEMONT 3217
53314186580,20 MERCURY Avenue FRASER RISE 3336
53314186608,15 RUSTIC Street LARA 3212
53314186622,31 ROSEDALE Circuit LARA 3212
53314186656,9 WESTCOTT Drive LUCAS 3350
53314186689,11 BROCTON Road MANOR LAKES 3024
53314186739,22 FRASER Street MOUNT PLEASANT 3350
53314186814,86 BUCKINGHAM Boulevard STRATHTULLOH 3338
53314186846,15 PALASH Way THORNHILL PARK 3335
53314186862,19 PALASH Way THORNHILL PARK 3335
53314186887,23 PALASH Way THORNHILL PARK 3335
53314186913,51 FRANK Avenue TRUGANINA 3029
53314186945,8 BALBI Road TRUGANINA 3029
53314186978,42 PICASSO Street WINTER VALLEY 3358
53314186994,13 JETTY Street ARMSTRONG CREEK 3217
53314187068,30 WYLIE Street CHARLEMONT 3217
53314187119,21 FALSTAFF Street FRASER RISE 3336
53314187133,6 HORSELEAP Street GISBORNE 3437
53314187182,16 LANHAM Street LUCAS 3350
53314187217,6 PORTULACA Avenue MANOR LAKES 3024
53314187249,205 OLIVERS Road MICKLEHAM 3064
53314187265,48 CORYMBIA Street MOUNT DUNEED 3217
53314092655,14 BRUSHTAIL Street MAMBOURIN 3024
53314092670,54 PYRUS Crescent MICKLEHAM 3064
53314092696,2 BARAK Street MOUNT DUNEED 3217
53314092720,17 NADIR Drive TARNEIT 3029
53314092754,45 OPULENT Boulevard TARNEIT 3029
53314092787,79 COSMOPOLITAN Drive WYNDHAM VALE 3024
53314092829,10 PETTIGREW Street MAMBOURIN 3024
53314092886,34 KOSTAS Street SUNBURY 3429
53314092912,10 REDLEAF Way GREENVALE 3059
53314092952,16 AVI Walk ARMSTRONG CREEK 3217
53314092985,8 BURNIE Street ARMSTRONG CREEK 3217
53314093002,75 CASTELLO Drive DEANSIDE 3336
53314093026,10 CINNAMON Circuit FRASER RISE 3336
53314093068,99 WATERCOURSE Avenue LARA 3212
53314093083,10 HONEYPOT Circuit MICKLEHAM 3064
53314093101,13 KARKALLA Avenue MICKLEHAM 3064
53314093133,5 FENWICK Street TARNEIT 3029
53314093167,50 EVERBLOOM Crescent TARNEIT 3029
53314093190,61 RUMBEE Crescent TARNEIT 3029
53314093217,1 BRUNO Avenue TRUGANINA 3029
53314093231,17 NARRAN Road TRUGANINA 3029
53314093265,32 HAPPINESS Way WYNDHAM VALE 3024
53314093298,9 RYDER Street CHARLEMONT 3217
53314093322,42 AMPERSAND Boulevard TRUGANINA 3029
53314093364,12 CASELIN Street TARNEIT 3029
53314187316,35 MERCURY Road SUNBURY 3429
53314187348,51 MONTEGO Boulevard SUNBURY 3429
53314187371,147 GEELONG Road WERRIBEE 3030
53314187415,32 RAWLINSON Street MADDINGLEY 3340
53314187470,22 ALLANSFORD Crescent ARMSTRONG CREEK 3217
53314187506,10 MILKMAIDS Avenue DEANSIDE 3336
53314187520,24 DOLLARBIRD Drive DEANSIDE 3336
53314187546,57 REED Court DEANSIDE 3336
53314187595,9 GANGUR Way FRASER RISE 3336
53314187645,13 KULMANI Street JACKASS FLAT 3556
53314187712,14 SKIPPER Avenue LARA 3212
53314187744,21 HOLST Way LUCAS 3350
53314187777,14 BROCTON Road MANOR LAKES 3024
53314187793,2 GILLIES Street MELTON SOUTH 3338
53314187811,30 POWDERBARK Crescent MICKLEHAM 3064
53314187843,79 BUCKINGHAM Boulevard STRATHTULLOH 3338
53314187876,38 PEDRA Avenue TARNEIT 3029
53314187902,40 YUCCA Street WYNDHAM VALE 3024
53314187926,41 BERKELEY Drive ARMSTRONG CREEK 3217
53314187942,21 ALROSE Grove DEANSIDE 3336
53314187975,126 MAMIC Boulevard FRASER RISE 3336
53314188000,5 ADDAI Street GREENVALE 3059
53314188032,14 PRODUCE Drive MAMBOURIN 3024
53314188058,41 DRYANDRA Street MANOR LAKES 3024
53314188109,7 MECHANICAL Road SUNBURY 3429
53314188123,1 KENNING Road TARNEIT 3029
53314188149,24 TORENIA Drive TARNEIT 3029
53314188172,42 TABULA Road TARNEIT 3029
53314188198,12 ASHOKA Drive THORNHILL PARK 3335
53314188215,65 CRAYCROFT Road TRUGANINA 3029
53314188255,19 SUNPEAKS Street WINTER VALLEY 3358
53314188288,3 FIRETAIL Crescent BANNOCKBURN 3331
53314188314,8 PRUNUS Crescent FRASER RISE 3336
53314188338,5 BAYEST Walk FRASER RISE 3336
53314188354,9 BAYEST Walk FRASER RISE 3336
53314188387,15 BAYEST Walk FRASER RISE 3336
53314188413,230 WATSON Street JACKASS FLAT 3556
53314188445,2 SAPIUM View MANOR LAKES 3024
53314188486,22 SONGLARK Street MELTON SOUTH 3338
53314188512,26 MONTENEGRO Crescent MOUNT DUNEED 3217
53314188544,7 CADDEN Close ROCKBANK 3335
53314188577,12 VARIA Street TARNEIT 3029
53314188593,18 VELVET Way TARNEIT 3029
53314188611,21 WYMAR Circuit TARNEIT 3029
53314188643,32 MASAYA Avenue TRUGANINA 3029
53314188669,15 ALTAR Street TRUGANINA 3029
53314188684,16 FORAKER Road TRUGANINA 3029
53314188710,4 FORAKER Road TRUGANINA 3029
53314188734,5 CONE Way WEIR VIEWS 3338
53314188750,9 PIRKA Way WERRIBEE 3030
53314188783,25 DUGITE Street WYNDHAM VALE 3024
53314188819,19 DUGITE Street WYNDHAM VALE 3024
53314188841,13 DUGITE Street WYNDHAM VALE 3024
53314188867,7 ATISHA Street WYNDHAM VALE 3024
53314189170,9 KIBRIS Avenue FRASER RISE 3336
53314189196,46 GEC Boulevard FRASER RISE 3336
53314189213,735 NEALE Road DEANSIDE 3336
53314189245,1 TREEMARTIN Street DEANSIDE 3336
53314090981,14 PEACH Street CRAIGIEBURN 3064
53314091048,23 SINCLAIRS Road DEANSIDE 3336
53314091071,49 PENSTONE Crescent LARA 3212
53314091097,11 MARCELLUS Street MANOR LAKES 3024
53314091163,27 VILANA Drive SUNBURY 3429
53314091196,14 LOPE Street TARNEIT 3029
53314091213,18 LOPE Street TARNEIT 3029
53314091237,26 LOPE Street TARNEIT 3029
53314091261,5 IRVINE Street WARRNAMBOOL 3280
53314091294,13 DEANSIDE Drive DEANSIDE 3336
53314091328,121 SPARROVALE Road CHARLEMONT 3217
53314091344,26 SUNLIGHT Circuit LARA 3212
53314091360,2 RYEGRASS Street COBBLEBANK 3338
53314091411,9 BACALL Street TRUGANINA 3029
53314091435,45 PETUNIA Crescent ARMSTRONG CREEK 3217
53314091469,31 CASPIAN Drive CRAIGIEBURN 3064
53314091484,20 FALSTAFF Street FRASER RISE 3336
53314091534,3 SWIFT Way HUNTLY 3551
53314091568,47 SKIPPER Avenue LARA 3212
53314091591,4 XENIA Street MANOR LAKES 3024
53314091619,120 ALBERT Drive MELTON SOUTH 3338
53314091633,21 SAMOLUS Street MICKLEHAM 3064
53314091690,26 HAFLINGER Road TARNEIT 3029
53314091724,23 CRUZ Road WINTER VALLEY 3358
53314091740,18 CELOSIA Way TARNEIT 3029
53314091766,14 APRIL Street GREENVALE 3059
53314091799,76 UNISON Road STRATHTULLOH 3338
53314091823,25 WINFRED Drive MAMBOURIN 3024
53314091857,57 SWAN Boulevard WINTER VALLEY 3358
53314091872,9 PYKE Crescent TORQUAY 3228
53314091898,47 MALKARI Circuit GREENVALE 3059
53314091922,9 ELISE Street GREENVALE 3059
53314091948,4 HUSTLING Street TARNEIT 3029
53314091997,9 FIRETAIL Crescent BANNOCKBURN 3331
53314092012,56 BONNYVIEW Road CRAIGIEBURN 3064
53314092060,21 SPRINT Road FRASER RISE 3336
53314092127,181 BOGONG Avenue INVERMAY PARK 3350
53314092143,4 SALENTO Street MOUNT DUNEED 3217
53314092192,12 DARKE Boulevard ROCKBANK 3335
53314092259,12 KAVERI Street TARNEIT 3029
53314092274,24 PARADOXA Drive TARNEIT 3029
53314092290,26 AMIATA Drive TRUGANINA 3029
53314092324,6 NANGANA Way WINCHELSEA 3241
53314092358,2 FLORIBUNDA Road TARNEIT 3029
53314092381,3 CARLBY Road FRASER RISE 3336
53314092409,8 DEANOS Road FRASER RISE 3336
53314092457,7 CONSTANT Avenue WERRIBEE 3030
53314092472,41 UNISON Road STRATHTULLOH 3338
53314092522,23 MILESI Street CHARLEMONT 3217
53314092548,12 CHISWELL Avenue FRASER RISE 3336
53314092564,3 LUMBERJACK Drive FRASER RISE 3336
53314092597,39 SKIPPER Avenue LARA 3212
53314092621,22 DELMARE Drive LEOPOLD 3224
53314137772,20 SHENIZ Avenue FRASER RISE 3336
53314137822,6 WENDOUREE Crescent MANOR LAKES 3024
53314137848,54 HONEYPOT Circuit MICKLEHAM 3064
53314137939,6 SABRO Street SUNBURY 3429
53314137955,8 ZAREM Road TARNEIT 3029
53314138005,15 FORAKER Road TRUGANINA 3029
53314138029,91 CRAYCROFT Road TRUGANINA 3029
53314138045,21 TUFF Street WERRIBEE 3030
53314138112,79 ABSALOM Street MOUNT DUNEED 3217
53314138144,26 SIDDELL Road GREENVALE 3059
53314138177,15 FRITELLI Circuit WYNDHAM VALE 3024
53314138226,49 VICOSA Drive ARMSTRONG CREEK 3217
53314138242,12 PASOFINO Drive BONNIE BROOK 3335
53314138301,30 KURDWEECHEE Road EYNESBURY 3338
53314138333,14 SIRIANNI Boulevard FRASER RISE 3336
53314138359,18 SIRIANNI Boulevard FRASER RISE 3336
53314138374,6 SIRIANNI Boulevard FRASER RISE 3336
53314138400,35 CHALCOT Circuit FRASER RISE 3336
53314138432,41 CHALCOT Circuit FRASER RISE 3336
53314138466,47 CHALCOT Circuit FRASER RISE 3336
53314138481,2 SIRIANNI Boulevard FRASER RISE 3336
53314138531,67 RANGELAND Street MAMBOURIN 3024
53314138557,115 DRYLAND Boulevard MICKLEHAM 3064
53314138572,43 FREEDOM Drive MOUNT DUNEED 3217
53314138608,8 HUNT Road ROCKBANK 3335
53314138622,4 STODDART Street SUNBURY 3429
53314138671,28 HURST Drive TARNEIT 3029
53314138707,84 YELLOWSTONE Drive TRUGANINA 3029
53314138862,4 MOGGS Road MAMBOURIN 3024
53314138895,131 WILLOBY Drive ALFREDTON 3350
53314138913,71 CONONDALE Avenue TRUGANINA 3029
53314138953,17 BERESFORD Street TRUGANINA 3029
53314138986,13 WINFRED Drive MAMBOURIN 3024
53314139051,17 EBB Drive TARNEIT 3029
53314139102,10 PASOFINO Drive BONNIE BROOK 3335
53314139126,9 ROTUNNO Drive CHARLEMONT 3217
53314139150,39 TRIESTE Crescent DEANSIDE 3336
53314139175,26 CHISWELL Avenue FRASER RISE 3336
53314139191,24 NOAH Street GISBORNE 3437
53314139309,14 WILDACRE Way ROCKBANK 3335
53314139323,11 RICE FLOWER Crescent STRATHTULLOH 3338
53314139349,41 JAGGED Circuit TARNEIT 3029
53314139372,5 BATURA Street TRUGANINA 3029
53314139408,5 AQUEDUCT Court WERRIBEE 3030
53314139430,15 LEDMORE Street TRUGANINA 3029
53314139456,14 CASSINIA Court CANADIAN 3350
53314139471,20 GRANGEHILL Mews WYNDHAM VALE 3024
53314139507,35 ALROSE Grove DEANSIDE 3336
53314139539,28 CELESTIAL Way GREENVALE 3059
53314139588,35 TEMPLETONIA Circuit MICKLEHAM 3064
53314139606,11 BURNAGE Place STRATHTULLOH 3338
53314139638,6 HOIST Drive TARNEIT 3029
53314139654,3 PARTULA Walk TARNEIT 3029
53314139679,7 PARTULA Walk TARNEIT 3029
53314139705,15 PARTULA Walk TARNEIT 3029
53314139729,19 PARTULA Walk TARNEIT 3029
53314139745,19 BRIDOON Road TARNEIT 3029
53314139778,36 DUNPHY Street TARNEIT 3029
53314139804,48 TOTTORI Road TRUGANINA 3029
53314139836,54 TOTTORI Road TRUGANINA 3029
53314139852,41 KELSON Street WARRNAMBOOL 3280
53314140003,94 SLINKY Street DEANSIDE 3336
53314140035,1 TALENCE Street GREENVALE 3059
53314140191,61 SUNLIGHT Circuit LARA 3212
53314140240,15 LANGFORD Street WERRIBEE 3030
53314140281,12 FIRETAIL Crescent BANNOCKBURN 3331
53314140349,22 CHEPSTOW Street CRAIGIEBURN 3064
53314140372,16 MARYANNE Way FRASER RISE 3336
53314135167,17 BUTTERCUP Crescent ARMSTRONG CREEK 3217
53314135190,4 SULTANA Street FRASER RISE 3336
53314135223,44 MAYWOOD Road MANOR LAKES 3024
53314135257,44 MAYWOOD Road MANOR LAKES 3024
53314135272,44 MAYWOOD Road MANOR LAKES 3024
53314135298,20 ADRIANA Street MICKLEHAM 3064
53314135322,24 APPRENTICES Road SUNBURY 3429
53314135364,14 NATURE Road TARNEIT 3029
53314135397,21 PUMP Street TARNEIT 3029
53314135415,10 SPRINTER Drive THORNHILL PARK 3335
53314135439,38 ASHTON Avenue WINTER VALLEY 3358
53314135470,2 DIABLO Place SMYTHES CREEK 3351
53314135538,10 GOLDFINCH Road WINTER VALLEY 3358
53314135554,8 TEKAPO Street TRUGANINA 3029
53314135579,96 PANAIA Boulevard TRUGANINA 3029
53314135760,1 MERCURY Avenue FRASER RISE 3336
53314135793,223 STONEHILL Drive MADDINGLEY 3340
53314135811,18 TEMPLETONIA Circuit MICKLEHAM 3064
53314135835,70 BUTTERFLY Crescent MICKLEHAM 3064
53314135869,38 WOOLAMAI Rise PORTARLINGTON 3223
53314135884,17 ACANEA Street STRATHTULLOH 3338
53314135902,71 NORTHSTOWE Crescent STRATHTULLOH 3338
53314135934,25 HAFLINGER Road TARNEIT 3029
53314135950,19 PUMP Street TARNEIT 3029
53314135975,41 CELESTIAL Circuit TARNEIT 3029
53314136000,8 SPRINTER Drive THORNHILL PARK 3335
53314136032,39 KAILASH Road WERRIBEE 3030
53314136081,35 MULLINS Way SUNBURY 3429
53314136109,19 ZIGGY Road WYNDHAM VALE 3024
53314136215,8 GREENMOUNT Avenue ARMSTRONG CREEK 3217
53314136239,38 LINKAGE Street BONSHAW 3352
53314136296,17 NEOCLASSIC Street DEANSIDE 3336
53314136320,30 THYME Crescent FRASER RISE 3336
53314136346,37 HOMEBUSH Esplanade FRASER RISE 3336
53314136362,25 HALLIGAN Street LUCAS 3350
53314136395,13 FARRINGTON Avenue MELTON SOUTH 3338
53314136413,3 HILLOCK Walk MICKLEHAM 3064
53314136437,7 HILLOCK Walk MICKLEHAM 3064
53314136461,47 TEMPLETONIA Circuit MICKLEHAM 3064
53314136494,31 VOYAGE Street MOUNT DUNEED 3217
53314136544,22 BARDSLEY Crescent SUNBURY 3429
53314136577,38 LUCANIA Crescent TARNEIT 3029
53314136603,24 TABULA Road TARNEIT 3029
53314136627,28 LUCANIA Crescent TARNEIT 3029
53314136643,1019 MORRIS Road TRUGANINA 3029
53314136676,9 FORAKER Road TRUGANINA 3029
53314136734,33 GLENMORE Street WINCHELSEA 3241
53314136750,68 GRAPPA Circuit WYNDHAM VALE 3024
53314136775,38 MASAYA Avenue TRUGANINA 3029
53314136833,14 RUFOUS Way DEANSIDE 3336
53314136867,4 FENWICK Street TARNEIT 3029
53314136900,10 TAYNISH Street TARNEIT 3029
53314136932,21 ZEST Street AINTREE 3336
53314136958,46 EUCALYPT Street ARMSTRONG CREEK 3217
53314136973,6 COPPLESON Street BONSHAW 3352
53314137007,13 JERRO Road EYNESBURY 3338
53314137021,34 PEBBLE Street FYANSFORD 3218
53314137047,21 DIVOT Circuit INVERMAY PARK 3350
53314137070,55 KINGSTON Drive LARA 3212
53314137106,8 MUNRO Avenue MELTON SOUTH 3338
53314137154,6 VILANA Drive SUNBURY 3429
53314137179,7 RUMBEE Crescent TARNEIT 3029
53314137204,17 SECHURA Road TRUGANINA 3029
53314137277,34 ENRICA Drive MELTON SOUTH 3338
53314137293,57 HAMS Road WAURN PONDS 3216
53314137343,2 OPUS Street STRATHTULLOH 3338
53314137426,17 KURDWEECHEE Road EYNESBURY 3338
53314137491,12 NED Street GREENVALE 3059
53314137519,32 CELESTIAL Way GREENVALE 3059
53314137541,11 WENDOUREE Crescent MANOR LAKES 3024
53314137567,13 SLENDER Way MICKLEHAM 3064
53314137582,19 GOODWIN Street THORNHILL PARK 3335
53314137618,32 BUTTERCUP Crescent ARMSTRONG CREEK 3217
53314137640,23 HAFLINGER Road TARNEIT 3029
53314137673,14 NINEVEH Road CRAIGIEBURN 3064
53314137699,76 FERONIA Avenue TARNEIT 3029
53314137717,84 KINGDOM Boulevard WEIR VIEWS 3338
53314137749,11 ORILEY Street CHARLEMONT 3217
53314183307,31 BATTEN Road CHARLEMONT 3217
53314183355,36 ARCHDUKE Drive DEANSIDE 3336
53314183370,40 ARCHDUKE Drive DEANSIDE 3336
53314183420,42 KENNEDY Drive FRASER RISE 3336
53314183454,32 NOAH Street GISBORNE 3437
53314183487,21 TRILLER Street GREENVALE 3059
53314183513,24 OROURKE Street LUCAS 3350
53314183537,14 ILLUSTRATION Avenue MAMBOURIN 3024
53314183561,5 TURQUOISE Way MICKLEHAM 3064
53314183628,35 HURST Drive NEW GISBORNE 3438
53314183644,26 RETREAT Crescent SUNBURY 3429
53314183693,8 DAWBIN Road TARNEIT 3029
53314183727,44 PARKLEA Way THORNHILL PARK 3335
53314183751,5 FORAKER Road TRUGANINA 3029
53314183776,14 NEVADO Avenue WINTER VALLEY 3358
53314183792,101 BURSA Drive WYNDHAM VALE 3024
53314183826,99 BURSA Drive WYNDHAM VALE 3024
53314183842,43 MESSARA Walk TRUGANINA 3029
53314183868,39 MESSARA Walk TRUGANINA 3029
53314183891,33 MESSARA Walk TRUGANINA 3029
53314183919,29 MESSARA Walk TRUGANINA 3029
53314183933,25 MESSARA Walk TRUGANINA 3029
53314184098,6 VARIA Street TARNEIT 3029
53314184122,23 MURRUMBIDGEE Drive DEANSIDE 3336
53314184197,6 BUCKWONG Drive TARNEIT 3029
53314184287,14 WARHAWKE Road AINTREE 3336
53314184305,5 GLORY Way ARMSTRONG CREEK 3217
53314184329,2 CHILTAN Mews BONNIE BROOK 3335
53314184353,6 CHILTAN Mews BONNIE BROOK 3335
53314184428,18 ARD Avenue DEANSIDE 3336
53314184444,6 RUFOUS Way DEANSIDE 3336
53314184460,7 MERCURY Avenue FRASER RISE 3336
53314184535,13 SHILLINGS Road MAMBOURIN 3024
53314184569,7 SHILLINGS Road MAMBOURIN 3024
53314184584,14 TIMETABLE Street MAMBOURIN 3024
53314184602,10 TIMETABLE Street MAMBOURIN 3024
53314184634,28 BINDAREE Drive MELTON SOUTH 3338
53314184668,242 OLIVERS Road MICKLEHAM 3064
53314184691,46 GYMEA Street MOUNT DUNEED 3217
53314184767,26 RETREAT Crescent SUNBURY 3429
53314184790,26 RETREAT Crescent SUNBURY 3429
53314184824,77 BUSHRANGER Drive SUNBURY 3429
53314184840,11 TIERRA Boulevard TARNEIT 3029
53314184873,21 MIDPRIDE Street TARNEIT 3029
53314184909,36 FOLIAGE Drive TARNEIT 3029
53314184923,9 CLOVERTREE Street TARNEIT 3029
53314184998,77 CRAYCROFT Road TRUGANINA 3029
53314185047,80 SNOWBIRD Road WINTER VALLEY 3358
53314185106,94 TATHRA Road WYNDHAM VALE 3024
53314185146,10 CLARICE Road MOUNT PLEASANT 3350
53314185179,31 MATTNICK Boulevard CHARLEMONT 3217
53314185204,45 PARKDALE Street GREENVALE 3059
53314185236,72 WARHAWKE Road AINTREE 3336
53314185252,18 ASPLEY Street TARNEIT 3029
53314185277,14 ASPLEY Street TARNEIT 3029
53314185303,20 ASPLEY Street TARNEIT 3029
53314185335,7 PRATO Street GREENVALE 3059
53314185369,22 IRONWOOD Road MICKLEHAM 3064
53314185384,24 MOLETTE Road SUNBURY 3429
53314185450,147 HIGHLINE Boulevard TRUGANINA 3029
53314185475,5 DRUMCHAPEL Crescent STRATHTULLOH 3338
53314185501,13 WILLIAMS Road MOUNT DUNEED 3217
53314185533,26 RETREAT Crescent SUNBURY 3429
53314185567,5 ALDRED Street FRASER RISE 3336
53314185590,5 KUTCH Way DEANSIDE 3336
53314185658,22 KRANZ Road TARNEIT 3029
53314185699,18 COLLETTE Circuit DEANSIDE 3336
53314185723,12 GOYDER Way TRUGANINA 3029
53314185757,36 CARMICHAEL Road WARRNAMBOOL 3280
53314185808,20 TULIPWOOD Street MICKLEHAM 3064
53314185822,9 BOMBAX Street MANOR LAKES 3024
53314185856,19 CLIMBING Drive WYNDHAM VALE 3024
53314185889,16 BAXTER Street MAMBOURIN 3024
53314185939,36 DEVESHA Drive ARMSTRONG CREEK 3217
53314185955,6 AUBURN Crescent BACCHUS MARSH 3340
53314186005,14 SWIFT Street CHARLEMONT 3217
53314186029,11 COUSINS Street COLAC 3250
53314186053,12 COLLETTE Circuit DEANSIDE 3336
53314186078,70 CHATEAU Promenade DEANSIDE 3336
53314186094,36 MARADONA Boulevard DEANSIDE 3336
53314186128,6 FOSSICKER Street FRASER RISE 3336
53314186185,4 RYSA Road GREENVALE 3059
53314186202,3 GRANVILLE Street MANOR LAKES 3024
53314186226,62 HURST Drive NEW GISBORNE 3438
53314228884,15 FIELDIA Road TARNEIT 3029
53314228910,22 FIELDIA Road TARNEIT 3029
53314229306,3 ONEILL Street WARRNAMBOOL 3280
53312212214,336 MCIVOR Highway JUNORTOUN 3551
53312212279,336 MCIVOR Highway JUNORTOUN 3551
53312212345,336 MCIVOR Highway JUNORTOUN 3551
53312082757,9 TARONGA Road TRUGANINA 3029
53312082772,9 TARONGA Road TRUGANINA 3029
53312082808,9 TARONGA Road TRUGANINA 3029
53312082830,9 TARONGA Road TRUGANINA 3029
53312083005,9 TARONGA Road TRUGANINA 3029
53312149904,14 GULL Drive MOOLAP 3224
53312151119,23 SPIKE BAR Way MOOLAP 3224
53312151133,27 SPIKE BAR Way MOOLAP 3224
53312151167,36 BECKET Street GLENROY 3046
53312151190,44 BECKET Street GLENROY 3046
53312151223,50 BECKET Street GLENROY 3046
53312151257,54A BECKET Street GLENROY 3046
53312151272,58 BECKET Street GLENROY 3046
53311974226,20 NEWMAN Crescent NIDDRIE 3042
53311967238,331 ASCOT VALE Road MOONEE PONDS 3039
53311967254,331 ASCOT VALE Road MOONEE PONDS 3039
53312143106,131A KYABRAM Street COOLAROO 3048
53312144226,336-380 MCIVOR Highway JUNORTOUN 3551
53314084561,62 WATERCOURSE Avenue LARA 3212
53314084586,16 PENSTONE Crescent LARA 3212
53314084604,35 PYRUS Crescent MICKLEHAM 3064
53314084660,7 NEWCASTLE Road ROCKBANK 3335
53314084711,24 TREFOIL Road TARNEIT 3029
53314084735,13 COWAL Street TRUGANINA 3029
53314084784,46 CHARLESTON Road DEANSIDE 3336
53314084834,26 WILDWOOD Road AINTREE 3336
53314084850,51 GALLANT Road ST LEONARDS 3223
53314084875,26 HELVETICA Street TRUGANINA 3029
53314084901,47 WATERFERN Street FRASER RISE 3336
53314084933,4 FREYCINET Court WARRNAMBOOL 3280
53314084967,16 KNABSTRUPPER Street AINTREE 3336
53314084982,13 WILLOW Walk ARMSTRONG CREEK 3217
53314085009,2 TIDEPOOL Place ARMSTRONG CREEK 3217
53314085031,104 TAIT Street BONSHAW 3352
53314085065,7 FALSTAFF Street FRASER RISE 3336
53314085098,18 SADDLE Way GREENVALE 3059
53314085116,12 KINGSLEY Promenade HUNTLY 3551
53314085164,41 KEYSTONE Drive SUNBURY 3429
53314085197,8 HOIST Drive TARNEIT 3029
53314085246,19 FETE Way TARNEIT 3029
53314085262,32 IMITATION Road TARNEIT 3029
53314085295,14 GALL Street WARRNAMBOOL 3280
53314085337,21 KETTLEWELL Drive LARA 3212
53314085378,41 GANSHA Street WEIR VIEWS 3338
53314085412,63 HALLINAN Street TARNEIT 3029
53314085477,4 BROADLEAF Boulevard AINTREE 3336
53314085503,30 OSCAR Crescent DEANSIDE 3336
53314085527,47 PARKDALE Street GREENVALE 3059
53314085551,5 MINTBUSH Street MAMBOURIN 3024
53314085584,23 IRONCAP Road MICKLEHAM 3064
53314085610,7 BUFFALO Circuit MOUNT DUNEED 3217
53314085650,7 COMARES Drive TARNEIT 3029
53314085675,9 NEMI Parade TARNEIT 3029
53314085691,229 WOLLASTON Road WARRNAMBOOL 3280
53314085759,9 STONNEYBURN Road THORNHILL PARK 3335
53314085782,19 MERCURY Road SUNBURY 3429
53314085800,32 CASTLECRAG Way STRATHTULLOH 3338
53314085824,89 HALCYON Road DEANSIDE 3336
53314085858,32 GARDENVALE Avenue MAMBOURIN 3024
53314085873,14 SAMA Promenade TRUGANINA 3029
53314085899,11 RUFF Way MELTON SOUTH 3338
53314085923,15 PARADISE Circuit ARMSTRONG CREEK 3217
53314085965,8 DUTCH Street CHARLEMONT 3217
53314085998,12 CINNAMON Circuit FRASER RISE 3336
53314086021,2 BOLDISTON Crescent HUNTLY 3551
53314086120,252 BOUNDARY Road MOUNT DUNEED 3217
53314086252,9 ERSKINVILLE Road TARNEIT 3029
53314086285,16 WINDJAMMER Street TARNEIT 3029
53314086311,6 BROKEN Way TRUGANINA 3029
53314086335,17 LODGE Way WERRIBEE 3030
53314086426,16 ROHAB Crescent MOUNT COTTRELL 3024
53314131793,24 KURDWEECHEE Road EYNESBURY 3338
53314131926,8 POWDERBARK Crescent MICKLEHAM 3064
53314131983,15 CANDELO Way TARNEIT 3029
53314132008,17 HAIRPIN Drive TARNEIT 3029
53314132022,5 PUMP Street TARNEIT 3029
53314132056,177 WHITECROSS Drive THORNHILL PARK 3335
53314132071,56 YUCAMANE Drive TRUGANINA 3029
53314132097,18 DANBY Street LARA 3212
53314132121,12 LUCKNOW Street MAMBOURIN 3024
53314132147,19 KALYANI Street WERRIBEE 3030
53314132196,22 ARISTIDES Crescent THORNHILL PARK 3335
53314132229,19 LIALI Avenue TRUGANINA 3029
53314132261,74 HARRIOTT Road ARMSTRONG CREEK 3217
53314132304,24 TRIESTE Crescent DEANSIDE 3336
53314132336,18 WATCHUPGA Street EYNESBURY 3338
53314132360,29 CELESTIAL Way GREENVALE 3059
53314132443,62 MCCORMACKS Road MADDINGLEY 3340
53314132476,8 GILLIES Street MELTON SOUTH 3338
53314132502,15 TEMPLETONIA Circuit MICKLEHAM 3064
53314132534,24 FREEDOM Drive MOUNT DUNEED 3217
53314132625,33 RICE FLOWER Crescent STRATHTULLOH 3338
53314132641,25 BALLYMENA Street STRATHTULLOH 3338
53314182497,12 KALLARA Road BROOKFIELD 3338
53314182547,35 COFFEE ROCK Drive LEOPOLD 3224
53314182563,70 RUMBEE Crescent TARNEIT 3029
53314182596,64 RUMBEE Crescent TARNEIT 3029
53314182620,68 RUMBEE Crescent TARNEIT 3029
53314182654,60 RUMBEE Crescent TARNEIT 3029
53314182679,46 ROHAB Crescent MOUNT COTTRELL 3024
53314182695,19 KELSEY Road WYNDHAM VALE 3024
53314182737,16 ARCHDUKE Drive DEANSIDE 3336
53314182778,9 GAFFNEY Street SUNBURY 3429
53314182877,32 ZALE Street LEOPOLD 3224
53314182903,20 COMB Street MANOR LAKES 3024
53314182935,41 RANCE Road DELACOMBE 3356
53314182951,28 LOWLAND Crescent TRUGANINA 3029
53314183001,45A EDWARDS Road MAIDEN GULLY 3551
53314183033,111 DRYLAND Boulevard MICKLEHAM 3064
53314183067,6 CREAM Street TARNEIT 3029
53314183082,5 ANTIPODIA Street DEANSIDE 3336
53314183100,63 PLATERO Boulevard JACKASS FLAT 3556
53314183140,9 DETERMINATION Street AINTREE 3336
53314183173,9 SCOPARIA Street CHARLEMONT 3217
53314183208,7 TREEMARTIN Street DEANSIDE 3336
53314183222,76 DYSON Drive LUCAS 3350
53314183248,34 RUTHERFORD Grove ARMSTRONG CREEK 3217
53314183289,11 NOKOTA Circuit BONNIE BROOK 3335
53314226120,8 CARLBY Road FRASER RISE 3336
53314226154,4 CARLBY Road FRASER RISE 3336
53314088546,21 SECHURA Road TRUGANINA 3029
53314088595,10 ERSKINE Road WINTER VALLEY 3358
53314088645,57 CLAY Crescent ROCKBANK 3335
53314088686,17 FAIRHALL Avenue WERRIBEE 3030
53314088712,31 ANDRE Walk TRUGANINA 3029
53314088736,26 SHEARS Drive FRASER RISE 3336
53314088785,21 ARNISON Road TARNEIT 3029
53314088811,9 ENDURANCE Road AINTREE 3336
53314088843,17 ENDURANCE Road AINTREE 3336
53314088869,16 ARABIAN Avenue AINTREE 3336
53314088884,38 TRANQUIL Road AINTREE 3336
53314088910,8 PETUNIA Crescent ARMSTRONG CREEK 3217
53314088942,28 OSCAR Crescent DEANSIDE 3336
53314088975,50 WETHERBY Circuit LARA 3212
53314088991,2 DRAFT Street MANOR LAKES 3024
53314089024,11 CORDYLINE Street MOUNT DUNEED 3217
53314089058,15 MONTARE Road TRUGANINA 3029
53314089081,29 LITORIA Drive DEANSIDE 3336
53314089131,38 LITHIC Road CRAIGIEBURN 3064
53314089157,30 PLATT Drive MADDINGLEY 3340
53314089221,1 SURROUND Circuit BONNIE BROOK 3335
53314089255,32 LITHIC Road CRAIGIEBURN 3064
53314089270,30 LITHIC Road CRAIGIEBURN 3064
53314089296,28 ART DECO Drive DEANSIDE 3336
53314089338,15 ENDURANCE Road AINTREE 3336
53314089362,17 TEEWAH Walk ARMSTRONG CREEK 3217
53314089437,4 MINYIP Walk EYNESBURY 3338
53314089461,13 YEARLING Street FRASER RISE 3336
53314089494,34 IRINA Road GREENVALE 3059
53314089593,11 CAMPHOR Grove ROCKBANK 3335
53314134813,50 GRAMPIANS Avenue WERRIBEE 3030
53314134861,33 MULLINS Way SUNBURY 3429
53314134886,15 TUFF Street WERRIBEE 3030
53314134904,131 BRIGHTVALE Boulevard WYNDHAM VALE 3024
53314134936,21 ARCHER Drive LARA 3212
53314134960,53 CLIPSTONE Crescent FRASER RISE 3336
53314135034,58 BIRREGURRA Drive TARNEIT 3029
53314135068,16 HILLTOP Drive CHARLEMONT 3217
53314226335,12 STELLENBOSCH Street AINTREE 3336
53314226582,10 CARLBY Road FRASER RISE 3336
53314226600,36 DIVOT Circuit INVERMAY PARK 3350
53314227219,18 ADEGA Avenue AINTREE 3336
53314227714,101 EVERBLOOM Crescent TARNEIT 3029
53314227779,14 PEPPERIDGE Drive TARNEIT 3029
53314228026,29 KELSON Street WARRNAMBOOL 3280
53314228554,27 PORTER Road WARRNAMBOOL 3280
53314228629,64 SHACKLETON Street BELMONT 3216
53314086491,14 CASTELLO Drive DEANSIDE 3336
53314086525,77 SHOWMAN Drive DIGGERS REST 3427
53314086624,5 PEAK Way OCEAN GROVE 3226
53314086658,133 ADELONG Way BACCHUS MARSH 3340
53314086681,16 PALLADIAN Avenue CHARLEMONT 3217
53314086717,10 GEC Boulevard FRASER RISE 3336
53314086749,6 DRAFT Street MANOR LAKES 3024
53314086765,23 KURRAJONG Road MICKLEHAM 3064
53314086871,14 KEEWONG Road TARNEIT 3029
53314086897,43 ALTAR Street TRUGANINA 3029
53314086921,20 HELVETICA Street TRUGANINA 3029
53314086970,19 YOUYANGS Street TRUGANINA 3029
53314087044,13 ALDRED Street FRASER RISE 3336
53314087077,20 DUNCAN Street FYANSFORD 3218
53314087103,21 TECOMA Street MANOR LAKES 3024
53314087135,13 LILLY PILLY Way MOUNT DUNEED 3217
53314087151,96 CORDATA Road POINT COOK 3030
53314087176,34 LUCANIA Crescent TARNEIT 3029
53314087201,18 IPSWICH Avenue WERRIBEE 3030
53314087373,72 SHEARWATER Drive ARMSTRONG CREEK 3217
53314087431,14 LEMON Street ALFREDTON 3350
53314087480,11 AUBREY Way GREENVALE 3059
53314087508,66 KETTLEWELL Drive LARA 3212
53314087530,13 SKELETON Avenue TRUGANINA 3029
53314087556,31 ORLOV Street AINTREE 3336
53314087571,35 ORLOV Street AINTREE 3336
53314087607,41 ORLOV Street AINTREE 3336
53314087621,36 TRANQUIL Road AINTREE 3336
53314087647,100 DOMINION Drive BURNSIDE 3023
53314087670,32 OSCAR Crescent DEANSIDE 3336
53314087706,35 WHITBY Circuit FRASER RISE 3336
53314087829,6 MARSDEN Way LARA 3212
53314087853,141 ALBERT Drive MELTON SOUTH 3338
53314087912,7 COMOSA Street ROCKBANK 3335
53314087936,8 BELPER Place STRATHTULLOH 3338
53314087993,9 PARADOXA Drive TARNEIT 3029
53314088026,33 WHEATSHEAF Road WYNDHAM VALE 3024
53314088050,522 GREEN HILL Road EYNESBURY 3338
53314088101,45 STELLAR Road BONNIE BROOK 3335
53314088141,5 MUNRO Drive CHARLEMONT 3217
53314088174,24 ALISO Street TRUGANINA 3029
53314088190,79 ARARAT Street TRUGANINA 3029
53314088217,29 ANDRE Walk TRUGANINA 3029
53314088257,23 ANDRE Walk TRUGANINA 3029
53314088280,32 TRANQUIL Road AINTREE 3336
53314088316,26 TRANQUIL Road AINTREE 3336
53314088330,12 BONNYVIEW Road CRAIGIEBURN 3064
53314088356,13 RYNAS Way DIGGERS REST 3427
53314088389,16 SHENIZ Avenue FRASER RISE 3336
53314088447,10 PURSUIT Street MAMBOURIN 3024
53314088463,114 ALBERT Drive MELTON SOUTH 3338
53314088514,47 TRUNCATA Drive TARNEIT 3029
53314132773,5 HACKAMORE Street TARNEIT 3029
53314132809,17 CRANBERRY Crescent THORNHILL PARK 3335
53314132823,9 ALISO Street TRUGANINA 3029
53314132849,33 WESTDAHL Street TRUGANINA 3029
53314132872,47 TUFF Street WERRIBEE 3030
53314132908,100 TATHRA Road WYNDHAM VALE 3024
53314132956,18 MONASTERY Court TARNEIT 3029
53314133006,69 COUNTESS Drive ST LEONARDS 3223
53314133062,55 TRICKETT Drive TRUGANINA 3029
53314133087,7 YARDLEY Road TARNEIT 3029
53314133105,14 SOCIETY Circuit AINTREE 3336
53314133137,15 ROSMEAD Street CRAIGIEBURN 3064
53314133153,12 ARKWRIGHT Street DEANSIDE 3336
53314133178,14 KURDWEECHEE Road EYNESBURY 3338
53314133203,3 SONIA Crescent GREENVALE 3059
53314133227,24 HALLIGAN Street LUCAS 3350
53314133243,14 HALLIGAN Street LUCAS 3350
53314133276,5 HALLIGAN Street LUCAS 3350
53314133302,23 HALLIGAN Street LUCAS 3350
53314133334,32 TEMPLETONIA Circuit MICKLEHAM 3064
53314133350,38 MEALIE Avenue MICKLEHAM 3064
53314133419,3 GIANT Road TARNEIT 3029
53314133441,81 EVERBLOOM Crescent TARNEIT 3029
53314133474,14 DUNCLIFFE Road TRUGANINA 3029
53314133490,27 ALTURA Drive TRUGANINA 3029
53314133518,2 TRANCE Street WYNDHAM VALE 3024
53314133540,76 ALCOCK Road TRUGANINA 3029
53314133609,32 KELMSCOTT Way WERRIBEE 3030
53314133623,7 NECTARINE Street THORNHILL PARK 3335
53314133649,61 WATERFERN Street FRASER RISE 3336
53314133672,4 BRONZEWING Way LARA 3212
53314133764,41 CONWAY Circuit AINTREE 3336
53314133839,5 AMALFI Parade DEANSIDE 3336
53314133906,9 ATTRACTION Way MAMBOURIN 3024
53314133938,122 ALBERT Drive MELTON SOUTH 3338
53314133954,4 TEMPLETONIA Circuit MICKLEHAM 3064
53314133987,74 BURRAWANG Loop MICKLEHAM 3064
53314134044,3 BELLINGHAM Road STRATHTULLOH 3338
53314134060,6 ZAREM Road TARNEIT 3029
53314134085,6 CAVILL Way TARNEIT 3029
53314134111,20 ATACAZO Avenue TRUGANINA 3029
53314134143,16 TRAPDOOR Street WYNDHAM VALE 3024
53314134192,5 OAKTREE Lane CRESWICK 3363
53314134219,11 OWLET Street TARNEIT 3029
53314134241,8 CABANDA Road TARNEIT 3029
53314134324,12 LODGE Way WERRIBEE 3030
53314134366,25 ARCHER Drive LARA 3212
53314134399,98 PANAIA Boulevard TRUGANINA 3029
53314134423,14 ORLOV Street AINTREE 3336
53314134457,18 BRIM Crescent EYNESBURY 3338
53314134472,12 ILLUSTRATION Avenue MAMBOURIN 3024
53314134498,12 WENDOUREE Crescent MANOR LAKES 3024
53314134522,7 HOLLOWAY Road MELTON SOUTH 3338
53314134556,103 DAYBREAK Vista MICKLEHAM 3064
53314134589,24 ADRIANA Street MICKLEHAM 3064
53314134607,43 BUTTERFLY Crescent MICKLEHAM 3064
53314134621,26 BUFFALO Circuit MOUNT DUNEED 3217
53314134655,5 FORZA Place SEBASTOPOL 3356
53314134688,31 RICE FLOWER Crescent STRATHTULLOH 3338
53314134746,7 CROWD Road TARNEIT 3029
53314134762,25 BRIDOON Road TARNEIT 3029
53314134795,28 PORTER Road WARRNAMBOOL 3280
53314180116,17 DOCK Walk ARMSTRONG CREEK 3217
53314180148,14 DOCK Walk ARMSTRONG CREEK 3217
53314180214,71 GILROY Crescent CHARLEMONT 3217
53314180246,1 THYME Crescent FRASER RISE 3336
53314180305,64 MALKARI Circuit GREENVALE 3059
53314180329,57 MIDDLEHAM Street LARA 3212
53314180345,69 MESSENGER Parade LUCAS 3350
53314180378,10 BOMBAX Street MANOR LAKES 3024
53314180394,4 EFFRON Close MELTON SOUTH 3338
53314180412,15 TULIPWOOD Street MICKLEHAM 3064
53314180444,22 HONEYPOT Circuit MICKLEHAM 3064
53314180460,2 PALEY Circuit MOUNT DUNEED 3217
53314180485,17 HARDWICK Road STRATHTULLOH 3338
53314180511,2 ARGENTA Parkway TARNEIT 3029
53314180543,29 EBB Drive TARNEIT 3029
53314180576,7 LANYON Crescent TARNEIT 3029
53314180592,51 EVERBLOOM Crescent TARNEIT 3029
53314180610,55 EVERBLOOM Crescent TARNEIT 3029
53314180642,61 EVERBLOOM Crescent TARNEIT 3029
53314180675,67 EVERBLOOM Crescent TARNEIT 3029
53314180701,30 MANGOSTEEN Drive TRUGANINA 3029
53314180741,24 ANGLESEA Street WINTER VALLEY 3358
53314180818,23 BREWSTER Street ALFREDTON 3350
53314180840,23 BIRCHWOOD Crescent BONNIE BROOK 3335
53314180866,27 BIRCHWOOD Crescent BONNIE BROOK 3335
53314180949,13 CINNAMON Circuit FRASER RISE 3336
53314180965,4 BORCEK Road FRASER RISE 3336
53314180998,16 SIDDELL Road GREENVALE 3059
53314181015,31 PICKERING Crescent LARA 3212
53314181039,67 ROSEDALE Circuit LARA 3212
53314181096,18 SPREADING Road MICKLEHAM 3064
53314181120,36 CORYMBIA Street MOUNT DUNEED 3217
53314181179,22 VILANA Drive SUNBURY 3429
53314181204,79 VILANA Drive SUNBURY 3429
53314181236,3 HOCK Street TARNEIT 3029
53314181293,24 OSKI Street WYNDHAM VALE 3024
53314181351,16 KNOTTY Road BONNIE BROOK 3335
53314181384,22 FIGTREE Road DEANSIDE 3336
53314181410,22 SHEARS Drive FRASER RISE 3336
53314181434,9 RUBINA Court GISBORNE 3437
53314181483,13 LOADER Street MAMBOURIN 3024
53314181501,26 PINTAIL Drive MELTON SOUTH 3338
53314181525,61 POWDERBARK Crescent MICKLEHAM 3064
53314181559,32 CROSSMOUNT Drive NEW GISBORNE 3438
53314181600,44 SALTAIRE Drive STRATHTULLOH 3338
53314181632,32 CUBAN Road TARNEIT 3029
53314181666,24 MIDPRIDE Street TARNEIT 3029
53314181699,30 CUBAN Road TARNEIT 3029
53314181717,7 MODESTO Drive TARNEIT 3029
53314181731,35 RINGAROOMA Drive TRUGANINA 3029
53314181765,24 PINATUBO Street TRUGANINA 3029
53314181939,3 FALDO Street AINTREE 3336
53314182003,22 FIRETAIL Crescent BANNOCKBURN 3331
53314182035,11 SWIFT Street CHARLEMONT 3217
53314182069,14 MCDOWELL Street DENNINGTON 3280
53314182102,12 JOUST Way FRASER RISE 3336
53314182142,5 DENBOW Street HUNTLY 3551
53314182183,59 PENSTONE Crescent LARA 3212
53314182200,16 ILLUSTRATION Avenue MAMBOURIN 3024
53314182224,20 ILLUSTRATION Avenue MAMBOURIN 3024
53314182258,37 GYMEA Street MOUNT DUNEED 3217
53314182273,43 NORTHSTOWE Crescent STRATHTULLOH 3338
53314182357,37 CUBITT Crescent TARNEIT 3029
53314182380,12 HELVETICA Street TRUGANINA 3029
53314182408,7 SANKURU Road TRUGANINA 3029
53314182422,7 TANE Street WYNDHAM VALE 3024
53314182456,29-31 PETUNIA Crescent ARMSTRONG CREEK 3217
53314131728,11 BALGOWAN Crescent BACCHUS MARSH 3340
53314131744,33 RECREATION Road AINTREE 3336
53314177035,204 MOUNT MARY Road EYNESBURY 3338
53314177051,208 MOUNT MARY Road EYNESBURY 3338
53314177076,212 MOUNT MARY Road EYNESBURY 3338
53314177142,78 WALLANGARA Boulevard HARKNESS 3337
53314177218,18 COFFEE ROCK Drive LEOPOLD 3224
53314177240,12 DRUM Street MAMBOURIN 3024
53314177273,6 PYRUS Crescent MICKLEHAM 3064
53314177309,13 LEGACY Court SUNBURY 3429
53314177323,43 DUNPHY Street TARNEIT 3029
53314177349,35 TRUNCATA Drive TARNEIT 3029
53314177372,8 LIALI Avenue TRUGANINA 3029
53314177408,52 DAGLISH Way WERRIBEE 3030
53314177489,558 BOUNDARY Road ARMSTRONG CREEK 3217
53314177521,62 HILLTOP Drive CHARLEMONT 3217
53314177588,42 RAINBOW Drive DEANSIDE 3336
53314177620,10 CURYO Street EYNESBURY 3338
53314177662,7 RIVERLEA Drive JACKASS FLAT 3556
53314177705,25 WATTLEBIRD Drive LARA 3212
53314177737,8 TIMETABLE Street MAMBOURIN 3024
53314177753,24 BINDAREE Drive MELTON SOUTH 3338
53314177778,19 TEMPLETONIA Circuit MICKLEHAM 3064
53314177804,69 HONEYPOT Circuit MICKLEHAM 3064
53314177860,10 BLAUER Road SUNBURY 3429
53314177885,8 LEGACY Court SUNBURY 3429
53314177903,19 VELVET Way TARNEIT 3029
53314177935,64 FRANK Avenue TRUGANINA 3029
53314177969,48 SAMA Promenade TRUGANINA 3029
53314178001,568 BOUNDARY Road ARMSTRONG CREEK 3217
53314178025,7 BOOKER Place ARMSTRONG CREEK 3217
53314178041,51 HUNTINGTON Avenue BONNIE BROOK 3335
53314178074,17 ELBERT Street CHARLEMONT 3217
53314178132,10 COULEE Street CRAIGIEBURN 3064
53314178216,22 LOGAN Street EYNESBURY 3338
53314178248,5 BORCEK Road FRASER RISE 3336
53314178264,38 SONIA Crescent GREENVALE 3059
53314178289,7 MOGGS Road MAMBOURIN 3024
53314178315,68 SHILLINGS Road MAMBOURIN 3024
53314178355,39 UNICO Circuit MOUNT DUNEED 3217
53314178414,60 CARRICK Avenue STRATHTULLOH 3338
53314178446,5 KOSTAS Street SUNBURY 3429
53314178462,109 TOWER Street THORNHILL PARK 3335
53314178487,17 CRICHTON Road THORNHILL PARK 3335
53314178513,2 ALISO Street TRUGANINA 3029
53314178545,20 VISION Street AINTREE 3336
53314178612,13 SWIFT Street CHARLEMONT 3217
53314178652,28 ARCHDUKE Drive DEANSIDE 3336
53314178685,23 RAINBOW Drive DEANSIDE 3336
53314178735,6 CHISWELL Avenue FRASER RISE 3336
53314178751,21 WATTLEBIRD Drive LARA 3212
53314178784,4 TIMETABLE Street MAMBOURIN 3024
53314178802,232 OLIVERS Road MICKLEHAM 3064
53314178826,18 BURRAWANG Loop MICKLEHAM 3064
53314178959,9 SHERYL Street SUNBURY 3429
53314178982,25 PEDRA Avenue TARNEIT 3029
53314179009,32 ESMERALDA Avenue TARNEIT 3029
53314179057,46 HIMALAYAS Street TRUGANINA 3029
53314179080,11 DETERMINATION Street AINTREE 3336
53314179130,26 MARCHADOR Street BONNIE BROOK 3335
53314179156,5 COPPLESON Street BONSHAW 3352
53314179189,1 VERE Court DEANSIDE 3336
53314179246,45 TOLKIEN Drive MAMBOURIN 3024
53314179287,14 TUCKEROO Street MICKLEHAM 3064
53314179313,42 STACEY Parade MOUNT COTTRELL 3024
53314179386,12 LOPERA Drive TARNEIT 3029
53314179404,15 MOSSIFACE Drive TARNEIT 3029
53314179428,30 ESMERALDA Avenue TARNEIT 3029
53314179452,15 FUJI Drive TRUGANINA 3029
53314179485,16 BRASSWOOD Close WERRIBEE 3030
53314179511,18 BUTCHERBIRD Parade WINTER VALLEY 3358
53314179535,11 KELSEY Road WYNDHAM VALE 3024
53314179719,60 BANKS Drive DIGGERS REST 3427
53314179741,23 CHALLAMBRA Road EYNESBURY 3338
53314179774,100 MALKARI Circuit GREENVALE 3059
53314179790,35 ARCHER Drive LARA 3212
53314179818,21 DUBOUT Street MADDINGLEY 3340
53314179840,29 PYRUS Crescent MICKLEHAM 3064
53314179957,37 MERCURY Road SUNBURY 3429
53314179980,34 ESMERALDA Avenue TARNEIT 3029
53314180017,18 PINATUBO Street TRUGANINA 3029
53314180049,18 LANGFORD Street WERRIBEE 3030
53314180065,5 KELSEY Road WYNDHAM VALE 3024
53314222557,73 PRESCOTT Road MAMBOURIN 3024
53314222707,98 ARISTIDES Crescent THORNHILL PARK 3335
53314222796,18 STELLENBOSCH Street AINTREE 3336
53314222994,18 TUCKEROO Street MICKLEHAM 3064
53314223126,89 SHELTERBELT Avenue WEIR VIEWS 3338
53314223191,24 VANDELAY Avenue CHARLEMONT 3217
53314223365,10 MCINTOSH Street HUNTLY 3551
53314223456,71 PRODUCE Drive MAMBOURIN 3024
53314223515,11 LANYON Crescent TARNEIT 3029
53314223547,57 FERONIA Avenue TARNEIT 3029
53314223992,46 RAINBOW Drive DEANSIDE 3336
53314224041,96 MAYWOOD Road MANOR LAKES 3024
53314224297,6 OAKTREE Lane CRESWICK 3363
53314224586,2 PROSECCO Vista FRASER RISE 3336
53314224604,14 PROSECCO Vista FRASER RISE 3336
53314224636,18 PROSECCO Vista FRASER RISE 3336
53314224660,10 PROSECCO Vista FRASER RISE 3336
53314224925,6 URQUHART Road TARNEIT 3029
53314225009,5 LYLE Lane AINTREE 3336
53314225023,11 PASOFINO Drive BONNIE BROOK 3335
53314083464,63 ALYSSUM Crescent TARNEIT 3029
53314083489,4 HONEYDEW Drive TARNEIT 3029
53314083515,17 BRIDOON Road TARNEIT 3029
53314083555,174 WOLLAHRA Rise WYNDHAM VALE 3024
53314083588,5 ROHAB Crescent MOUNT COTTRELL 3024
53314083606,268 BOUNDARY Road MOUNT DUNEED 3217
53314083695,22 NOWLAN Street GISBORNE 3437
53314083729,9 RINDLE Street LARA 3212
53314083753,52 PYRUS Crescent MICKLEHAM 3064
53314083778,33 MONTENEGRO Crescent MOUNT DUNEED 3217
53314083828,44 SAMA Promenade TRUGANINA 3029
53314083852,20 ALKINGTON Way WERRIBEE 3030
53314083969,3 MASH Road TARNEIT 3029
53314084025,9 KINGSBURY Road DEANSIDE 3336
53314084067,15 HYDEPARK Crescent STRATHTULLOH 3338
53314084090,15 MIGHTY Road SUNBURY 3429
53314084132,31 WARHAWKE Road AINTREE 3336
53314084181,4 FALSTAFF Street FRASER RISE 3336
53314084230,15 KARKALLA Avenue MICKLEHAM 3064
53314084256,102 CORDATA Road POINT COOK 3030
53314084271,3 WINDJAMMER Street TARNEIT 3029
53314084307,24 PONTBURN Road TRUGANINA 3029
53314084321,20 RIPPLEVALE Road WINCHELSEA 3241
53314084347,7 STONNEYBURN Road THORNHILL PARK 3335
53314084370,78 REGAL Road POINT COOK 3030
53314084406,19 GARGANEY Road ARMSTRONG CREEK 3217
53314084438,1 JARVIS Way LUCAS 3350
53314084454,20 RUFOUS Way DEANSIDE 3336
53314084479,15 OWLET Street TARNEIT 3029
53314084505,14 FALSTAFF Street FRASER RISE 3336
53314075603,35 WINFRED Drive MAMBOURIN 3024
53314075635,3 HONEYPOT Circuit MICKLEHAM 3064
53314075669,1 VERMENTINO Street MOUNT DUNEED 3217
53314075692,43 RICE FLOWER Crescent STRATHTULLOH 3338
53314075734,52 RAMBLER Boulevard TARNEIT 3029
53314075768,73 VOYAGER Boulevard TARNEIT 3029
53314075791,1029 MORRIS Road TRUGANINA 3029
53314075825,3 DUNCLIFFE Road TRUGANINA 3029
53314075841,7 SEYMOUR Street TRUGANINA 3029
53314075867,41 WHEATSHEAF Road WYNDHAM VALE 3024
53314075890,6 CARRIAGE Drive FRASER RISE 3336
53314075958,23 MALKARI Circuit GREENVALE 3059
53314076048,9 RAKIA Walk FRASER RISE 3336
53314076064,21 CARROLL Lane GREENVALE 3059
53314076097,3 GARRETT Street HUNTLY 3551
53314076115,29 SEDNA Street LEOPOLD 3224
53314076139,26 SAMOLUS Street MICKLEHAM 3064
53314076163,11 HERTFORD Place STRATHTULLOH 3338
53314076196,12 GLASGOW Crescent TARNEIT 3029
53314076229,17 WINDJAMMER Street TARNEIT 3029
53314076245,18 MORLEY Street WERRIBEE 3030
53314076261,12 MORLEY Street WERRIBEE 3030
53314076294,6 MORLEY Street WERRIBEE 3030
53314076328,4 AVIATOR Street WERRIBEE 3030
53314076352,9 FREDAS Street FRASER RISE 3336
53314076385,21 ARARAT Street TRUGANINA 3029
53314076492,29 TRAPANI Grove DEANSIDE 3336
53314076526,13 RAKIA Walk FRASER RISE 3336
53314076542,30 SPRINT Road FRASER RISE 3336
53314076575,32 SUPREME Avenue GREENVALE 3059
53314076601,61 CHARTERS Way HUNTLY 3551
53314076625,21 ZALE Street LEOPOLD 3224
53314076659,14 KURRAJONG Road MICKLEHAM 3064
53314076690,6 SLADE Street SUNBURY 3429
53314076724,10 MODESTO Drive TARNEIT 3029
53314076758,20 SECHURA Road TRUGANINA 3029
53314076781,64 TOTTORI Road TRUGANINA 3029
53314076809,68 TOTTORI Road TRUGANINA 3029
53314076823,6 ASTRO Street WERRIBEE 3030
53314076857,10 TAUPE Street WYNDHAM VALE 3024
53314076880,135 TULSI Avenue WERRIBEE 3030
53314076922,244 STONEHILL Drive MADDINGLEY 3340
53314076956,14 NEVADO Drive TRUGANINA 3029
53314076971,58 LENA Crescent TRUGANINA 3029
53314077005,12 YASEMAN Crescent TRUGANINA 3029
53314077037,16 RUISLIP Grove WERRIBEE 3030
53314077061,31 SIDDELL Road GREENVALE 3059
53314080537,9 IRONCAP Road MICKLEHAM 3064
53314080586,6 SERENE Drive STRATHFIELDSAYE 3551
53314080604,64 CARRICK Avenue STRATHTULLOH 3338
53314080636,11 CAVILL Way TARNEIT 3029
53314080660,28 MASAYA Avenue TRUGANINA 3029
53314080735,41 RAWSON Circuit WERRIBEE 3030
53314080792,4 ARAS Street TRUGANINA 3029
53314080826,10 CABANDA Road TARNEIT 3029
53314080842,18 NITRE Street MANOR LAKES 3024
53314080868,22 AMUKTA Road TRUGANINA 3029
53314080891,848 EYNESBURY Road EYNESBURY 3338
53314080919,19 PERSLEY Street TARNEIT 3029
53314080941,6 ZEST Street AINTREE 3336
53314080974,31 SERENE Avenue ARMSTRONG CREEK 3217
53314080990,51 THYME Crescent FRASER RISE 3336
53314081080,21 SEDNA Street LEOPOLD 3224
53314081116,20 PYRUS Crescent MICKLEHAM 3064
53314081156,80 RAMBLER Boulevard TARNEIT 3029
53314081189,17 CAVILL Way TARNEIT 3029
53314081214,38 OPULENT Boulevard TARNEIT 3029
53314081246,670 HOGANS Road TARNEIT 3029
53314081262,9 WINDJAMMER Street TARNEIT 3029
53314081287,9 FAWN Street WYNDHAM VALE 3024
53314081313,3 CALLAWAY Street MAMBOURIN 3024
53314081345,9 CALLAWAY Street MAMBOURIN 3024
53314081378,17 CALLAWAY Street MAMBOURIN 3024
53314081394,21 CALLAWAY Street MAMBOURIN 3024
53314081444,7 CABANDA Road TARNEIT 3029
53314081485,16 TATHRA Road WYNDHAM VALE 3024
53314081511,10 FALSTAFF Street FRASER RISE 3336
53314081535,59 MUNRO Drive CHARLEMONT 3217
53314081551,20 SABRO Street SUNBURY 3429
53314081584,22 ELIZA PARK Drive MELTON SOUTH 3338
53314081610,269 CUTHBERTS Road LUCAS 3350
53314081642,15 NADIR Drive TARNEIT 3029
53314081668,39 COUNTESS Street ARMSTRONG CREEK 3217
53314081683,37 PICKERING Crescent LARA 3212
53314081719,29 ARENAL Drive TRUGANINA 3029
53314081741,36 DELAMA Boulevard MAMBOURIN 3024
53314081774,36 DELAMA Boulevard MAMBOURIN 3024
53314081790,36 DELAMA Boulevard MAMBOURIN 3024
53314081840,36 DELAMA Boulevard MAMBOURIN 3024
53314081873,70 JAGGED Circuit TARNEIT 3029
53314081909,5 HARSHAW Road THORNHILL PARK 3335
53314081949,10 PRATHAM Street TARNEIT 3029
53312011610,1 MASTERSON Close CASTLEMAINE 3450
53312014925,336 MCIVOR Highway JUNORTOUN 3551
53312014959,336 MCIVOR Highway JUNORTOUN 3551
53314117552,14 AZIZ Boulevard MOUNT COTTRELL 3024
53314117603,157 BRIGHTVALE Boulevard WYNDHAM VALE 3024
53314117627,88 CODRINGTON Road TRUGANINA 3029
53314117669,5 DRUM Street MAMBOURIN 3024
53314117692,550 BOUNDARY Road ARMSTRONG CREEK 3217
53314117742,50 SERENITY Way CRAIGIEBURN 3064
53314117768,33 BLYTON Road DEANSIDE 3336
53314117791,1 CALIGARI Street DEANSIDE 3336
53314117825,3 SKINNY Walk DIGGERS REST 3427
53314117859,22 WILDERNESS Road FRASER RISE 3336
53314117924,6 WESTCOTT Drive LUCAS 3350
53314117940,4 KASER Street MANOR LAKES 3024
53314117966,26 POWDERBARK Crescent MICKLEHAM 3064
53314117999,62 POWDERBARK Crescent MICKLEHAM 3064
53314118064,1 CADDEN Close ROCKBANK 3335
53314118097,2 SANDRINGHAM Street STRATHTULLOH 3338
53314118121,20 NALANDA Road TARNEIT 3029
53314118155,25 LANYON Crescent TARNEIT 3029
53314118170,647 HOGANS Road TARNEIT 3029
53314118196,29 WEYBA Street TRUGANINA 3029
53314118229,39 VINCENZA Avenue TRUGANINA 3029
53314118286,19 MYLAH Road WINTER VALLEY 3358
53314118328,24 VECOT Street TARNEIT 3029
53314118352,29 CYAD Way MANOR LAKES 3024
53314118385,3 MONTEVERDE Street ARMSTRONG CREEK 3217
53314118411,39 PETUNIA Crescent ARMSTRONG CREEK 3217
53314118435,18 MEDITERRANEAN Street DEANSIDE 3336
53314118451,79 SLINKY Street DEANSIDE 3336
53314118502,92 WATERCOURSE Avenue LARA 3212
53314118526,106 ALBERT Drive MELTON SOUTH 3338
53314118550,15 HAIRPIN Drive TARNEIT 3029
53314118575,2 HOIST Drive TARNEIT 3029
53314118591,19 ROHAB Crescent MOUNT COTTRELL 3024
53314118682,9 KENNING Road TARNEIT 3029
53314118700,16 ORANGE GLOW Road BROOKFIELD 3338
53314118724,17 SAMA Promenade TRUGANINA 3029
53314118758,31 ELAINE Street TARNEIT 3029
53314118781,37 ARCHER Drive LARA 3212
53314118817,1 POTTS Road TARNEIT 3029
53314118880,12 DAISY Way ARMSTRONG CREEK 3217
53314118916,43 BONNYVIEW Road CRAIGIEBURN 3064
53314118964,10 PINE CONE Walk FRASER RISE 3336
53314077086,18 PINTAIL Drive MELTON SOUTH 3338
53314077104,6 COPAL Street MAMBOURIN 3024
53314077160,67 PARADOXA Drive TARNEIT 3029
53314077185,17 KNABSTRUPPER Street AINTREE 3336
53314077210,6 ROSA Way TRUGANINA 3029
53314077234,11 BEETHISTLE Drive ROCKBANK 3335
53314077250,122 WHITES Road MOUNT DUNEED 3217
53314077283,12 GIANT Road TARNEIT 3029
53314077325,53 RANGELAND Street MAMBOURIN 3024
53314122790,11 POPPY Drive GISBORNE 3437
53314122818,21 MATON Street GREENVALE 3059
53314122832,27 SUPREME Avenue GREENVALE 3059
53314122866,29 DIVOT Circuit INVERMAY PARK 3350
53314122881,62 KETTLEWELL Drive LARA 3212
53314122909,273 CUTHBERTS Road LUCAS 3350
53314122931,16 DRAFT Street MANOR LAKES 3024
53314122965,11 SAGO Walk MICKLEHAM 3064
53314122998,8 SPREADING Road MICKLEHAM 3064
53314123015,76 MCCUBBIN Drive MOUNT DUNEED 3217
53314123096,3 DESAILLY Parade ROCKBANK 3335
53314123120,40 REGNER Drive SUNBURY 3429
53314123146,42 QUINTA Crescent SUNBURY 3429
53314123162,12 MABER Street TARNEIT 3029
53314123195,3 BEAUTIDE Road TARNEIT 3029
53314123228,16 CHOL Street THORNHILL PARK 3335
53314123252,43 SERAPHINA Drive WYNDHAM VALE 3024
53314123277,20 SIDDELL Road GREENVALE 3059
53314123293,3 ZIGGY Road WYNDHAM VALE 3024
53314123343,17 RUFOUS Way DEANSIDE 3336
53314123402,15 HUBBLE Drive GREENVALE 3059
53314123426,108 HALCYON Road DEANSIDE 3336
53314123475,32 MELALEUCA Street ARMSTRONG CREEK 3217
53314123501,33 POTALA Avenue BONNIE BROOK 3335
53314123533,101 SINCLAIRS Road DEANSIDE 3336
53314123559,34 TRIESTE Crescent DEANSIDE 3336
53314123574,22 PEACHTREE Avenue DEANSIDE 3336
53314123618,7 HONEY MYRTLE Street KURUNJANG 3337
53314123640,12 DRAFT Street MANOR LAKES 3024
53314123673,16 ELLISBURG Street MANOR LAKES 3024
53314123699,12 MUNRO Avenue MELTON SOUTH 3338
53314123717,9 SLENDER Way MICKLEHAM 3064
53314123749,67 CAPTAIN Drive POINT COOK 3030
53314123772,6 TROOKFIELD Street STRATHTULLOH 3338
53314123808,17 PALIA Drive TARNEIT 3029
53314123822,37 ESMERALDA Avenue TARNEIT 3029
53314123848,41 HACKAMORE Street TARNEIT 3029
53314123871,23 WILLARD Road TRUGANINA 3029
53314081980,29 HAFLINGER Avenue BONNIE BROOK 3335
53314082005,48 CLAUDIA Crescent KURUNJANG 3337
53314082029,8 SIDDELL Road GREENVALE 3059
53314082053,3 KNABSTRUPPER Street AINTREE 3336
53314082078,13 PEACH Street CRAIGIEBURN 3064
53314082128,12 GEC Boulevard FRASER RISE 3336
53314082226,31 HENDERSON Street LAVERTON 3028
53314082242,20 FAWCETT Road LUCAS 3350
53314082275,20 CORDYLINE Street MOUNT DUNEED 3217
53314082333,59 HACKAMORE Street TARNEIT 3029
53314082359,3 FETE Way TARNEIT 3029
53314082374,17 AMIATA Drive TRUGANINA 3029
53314082400,12 JULES Street ST LEONARDS 3223
53314082432,7 POLKINGHORNE View LUCAS 3350
53314082466,7 LUGANO Avenue ALFREDTON 3350
53314082481,15 MEREDITH Street ST LEONARDS 3223
53314082509,63 SANCTUARY Boulevard MAIDEN GULLY 3551
53314082565,7 WARHAWKE Road AINTREE 3336
53314082580,24 PERSIMMON Road CRAIGIEBURN 3064
53314082689,13 GOSHAWK Street DEANSIDE 3336
53314082747,28 LEWIS Street GLENROY 3046
53314082763,40 ANAHEIM Avenue HUNTLY 3551
53314082788,30 SEDNA Street LEOPOLD 3224
53314082814,23 COLOMBARD Street MOUNT DUNEED 3217
53314082846,26 RIPVIEW Drive OCEAN GROVE 3226
53314082879,5 NEWCASTLE Road ROCKBANK 3335
53314082895,8 TIPPERARY Drive ROCKBANK 3335
53314082913,53 HACKAMORE Street TARNEIT 3029
53314082945,20 REUNION Parade TARNEIT 3029
53314082978,71 VOYAGER Boulevard TARNEIT 3029
53314083003,3 MONTARE Road TRUGANINA 3029
53314083027,38 HOWELL Crescent TRUGANINA 3029
53314083092,44 CORYMBIA Street MOUNT DUNEED 3217
53314083110,29 MULLINS Way SUNBURY 3429
53314083183,11 MARWARI Way AINTREE 3336
53314083200,15 REVIVAL Street CHARLEMONT 3217
53314083232,18 TAWNY Street FRASER RISE 3336
53314083266,8 LUMBERJACK Drive FRASER RISE 3336
53314083309,6 SUPREME Avenue GREENVALE 3059
53314083323,27 PENSTONE Crescent LARA 3212
53314083357,51 DARWINIA Drive MICKLEHAM 3064
53314083380,5 VERMENTINO Street MOUNT DUNEED 3217
53314083448,31 TAMWORTH Drive ROCKBANK 3335
53314118989,14 PINE CONE Walk FRASER RISE 3336
53314119014,8 PINE CONE Walk FRASER RISE 3336
53314119046,9 COFFEY Street HUNTLY 3551
53314119095,24 KARKALLA Avenue MICKLEHAM 3064
53314119113,24 TEMPLETONIA Circuit MICKLEHAM 3064
53314119137,45 DARWINIA Drive MICKLEHAM 3064
53314119161,15 SALSOLA Road ROCKBANK 3335
53314119243,24 MABER Street TARNEIT 3029
53314119269,16 GLASGOW Crescent TARNEIT 3029
53314119292,20 BAYBERRY Street THORNHILL PARK 3335
53314119350,55 TUFF Street WERRIBEE 3030
53314119383,4 MOHAWK Street WYNDHAM VALE 3024
53314119401,4 ARISTIDES Crescent THORNHILL PARK 3335
53314119433,10 DIBIASE Grove THORNHILL PARK 3335
53314119467,39 CORDATA Road POINT COOK 3030
53314119490,21 SIDDELL Road GREENVALE 3059
53314119518,7 ROHAB Crescent MOUNT COTTRELL 3024
53314119532,22 AZIZ Boulevard MOUNT COTTRELL 3024
53314119566,24 BURGESS Road TARNEIT 3029
53314119609,3 SAMA Promenade TRUGANINA 3029
53314119631,5 POTTS Road TARNEIT 3029
53314119657,13 ROHAB Crescent MOUNT COTTRELL 3024
53314119672,34 EUCALYPT Street ARMSTRONG CREEK 3217
53314119730,158 ADELONG Way BACCHUS MARSH 3340
53314165080,17 ARCHDUKE Drive DEANSIDE 3336
53314165108,5 GAFFNEY Street SUNBURY 3429
53314165130,22 VISION Street AINTREE 3336
53314165164,28 GYMEA Street MOUNT DUNEED 3217
53314165197,67 MACDONALD Avenue ALTONA NORTH 3025
53314165214,24 MELALEUCA Street ARMSTRONG CREEK 3217
53314165238,36 MELALEUCA Street ARMSTRONG CREEK 3217
53314165262,177 BURVILLES Road ARMSTRONG CREEK 3217
53314165305,35 CROTONE Avenue DEANSIDE 3336
53314165404,22 REEVES Street LUCAS 3350
53314165436,115 DAYBREAK Vista MICKLEHAM 3064
53314165503,23 RUMBEE Crescent TARNEIT 3029
53314165535,12 CRANBERRY Crescent THORNHILL PARK 3335
53314165569,6 CRANBERRY Crescent THORNHILL PARK 3335
53314165592,30 ANGLESEA Street WINTER VALLEY 3358
53314165610,56 GYMEA Street MOUNT DUNEED 3217
53314165634,33 MERCURY Road SUNBURY 3429
53314165668,11 MOGGS Road MAMBOURIN 3024
53314165691,12 LENGLEY Street DEANSIDE 3336
53314123897,16 YUCCA Street WYNDHAM VALE 3024
53314123915,11 PROBER Crescent TRUGANINA 3029
53314123947,5 DANTHONIA Avenue POINT COOK 3030
53314123963,15 AKASHI Crescent CRAIGIEBURN 3064
53314124013,7 COACHMANS Way WERRIBEE 3030
53314124078,3 WINFRED Drive MAMBOURIN 3024
53314124094,46 WHEATSHEAF Road WYNDHAM VALE 3024
53314124112,73 ARARAT Street TRUGANINA 3029
53314124144,28 COLCHESTER Drive WERRIBEE 3030
53314124177,19 ARCHER Drive LARA 3212
53314124226,45 CONWAY Circuit AINTREE 3336
53314124242,12 BARDOT Way BURNSIDE 3023
53314124268,66 MONTMARTE Boulevard BURNSIDE 3023
53314124291,3 CALIGARI Street DEANSIDE 3336
53314124325,15 OSPREY Drive FRASER RISE 3336
53314124359,32 SPRINT Road FRASER RISE 3336
53314124374,6 REDLEAF Way GREENVALE 3059
53314124400,68 WATTLEBIRD Drive LARA 3212
53314124440,24 KOODYA Street MAMBOURIN 3024
53314124466,32 KOODYA Street MAMBOURIN 3024
53314124481,36 KOODYA Street MAMBOURIN 3024
53314124517,21 POWDERBARK Crescent MICKLEHAM 3064
53314124531,38 CORYMBIA Street MOUNT DUNEED 3217
53314124557,124 MOTION Drive MOUNT DUNEED 3217
53314124598,134 EVERLASTING Boulevard STRATHTULLOH 3338
53314124622,27 KEYSTONE Drive SUNBURY 3429
53314124671,13 WINDJAMMER Street TARNEIT 3029
53314124697,19 BEAUTIDE Road TARNEIT 3029
53314124721,35 OPULENT Boulevard TARNEIT 3029
53314124755,43 FOLIAGE Drive TARNEIT 3029
53314124788,32 ATACAZO Avenue TRUGANINA 3029
53314124806,12 AMIATA Drive TRUGANINA 3029
53314124820,14 BARTOLO Street TRUGANINA 3029
53314124887,74 DUTCHELM Avenue WERRIBEE 3030
53314124913,13 RYEBANK Avenue WERRIBEE 3030
53314124937,47 ROEHAMPTON Crescent WERRIBEE 3030
53314124953,98 DUTCHELM Avenue WERRIBEE 3030
53314125003,45 JAGGED Circuit TARNEIT 3029
53314125051,34 STACEY Parade MOUNT COTTRELL 3024
53314125076,23 SIENNA Avenue FRASER RISE 3336
53314125092,10 REEFTON Street MAMBOURIN 3024
53314125126,72 MODESTO Drive TARNEIT 3029
53314125200,233 OHALLORANS Road LARA 3212
53314125224,191 FRONTIER Avenue AINTREE 3336
53314125299,36 TRIESTE Crescent DEANSIDE 3336
53314125323,36 TURIN Avenue DEANSIDE 3336
53314128821,39 KELSON Street WARRNAMBOOL 3280
53314128847,162 SHELTERBELT Avenue WEIR VIEWS 3338
53314128863,156 SHELTERBELT Avenue WEIR VIEWS 3338
53314128896,18 LIDDERDALE Drive GISBORNE 3437
53314128914,15 HAPPINESS Way WYNDHAM VALE 3024
53314128962,37 YUCCA Street WYNDHAM VALE 3024
53314128995,39 YUCCA Street WYNDHAM VALE 3024
53314129093,49 YUCCA Street WYNDHAM VALE 3024
53314129176,7 OSWALD Street TARNEIT 3029
53314129282,3 GLORY Street THORNHILL PARK 3335
53314129300,10 MULGA Street SUNBURY 3429
53314129324,4 QUEST Drive FRASER RISE 3336
53314129358,4 BEDROCK Drive FYANSFORD 3218
53314129373,10 AZIZ Boulevard MOUNT COTTRELL 3024
53314129399,13 HENDRY Drive SUNBURY 3429
53314129449,532 BOUNDARY Road ARMSTRONG CREEK 3217
53314129522,21 MEDITERRANEAN Street DEANSIDE 3336
53314129556,6 OLIVE TREE Grove FRASER RISE 3336
53314129571,41 HOMEBUSH Esplanade FRASER RISE 3336
53314129597,6 ALDRED Street FRASER RISE 3336
53314129670,3 MARSDEN Way LARA 3212
53314129706,5 ATTRACTION Way MAMBOURIN 3024
53314129720,11 SALSOLA Road MICKLEHAM 3064
53314129746,16 BURRAWANG Loop MICKLEHAM 3064
53314129779,69 TEMPLETONIA Circuit MICKLEHAM 3064
53314129837,69 INNOVATION Avenue ROCKBANK 3335
53314129853,3 STEVIE Road SUNBURY 3429
53314129878,37 FREE Crescent SUNBURY 3429
53314129904,23 LEGACY Court SUNBURY 3429
53314129928,61 VOYAGER Boulevard TARNEIT 3029
53314129944,163 EVERTON Road TARNEIT 3029
53314129977,22 NEMI Parade TARNEIT 3029
53314129993,3 PUMP Street TARNEIT 3029
53314130012,42 MEL Avenue TARNEIT 3029
53314130044,8 MONASTERY Court TARNEIT 3029
53314130077,16 WEYBA Street TRUGANINA 3029
53314130103,21 HEYSEN Way HUNTLY 3551
53314130127,10 LUCK Street SEBASTOPOL 3356
53314130176,11 WARHAWKE Road AINTREE 3336
53314130219,3 ANEMONE Walk ARMSTRONG CREEK 3217
53314130241,9 ANEMONE Walk ARMSTRONG CREEK 3217
53312104676,151 BRODERICK Road CORIO 3214
53314165725,72 SLAVKO Drive FRASER RISE 3336
53314165741,7 ATTRACTION Way MAMBOURIN 3024
53314165790,26 MELALEUCA Street ARMSTRONG CREEK 3217
53314165832,43 HUNTINGTON Avenue BONNIE BROOK 3335
53314165866,33 RYNAS Way DIGGERS REST 3427
53314165881,174 MOUNT MARY Road EYNESBURY 3338
53314165909,184 MOUNT MARY Road EYNESBURY 3338
53314165965,28 THYRIDIA Street MICKLEHAM 3064
53314166015,15 DEVOTION Way TARNEIT 3029
53314166055,3 ASHOKA Drive THORNHILL PARK 3335
53314166088,9 ASHOKA Drive THORNHILL PARK 3335
53314166114,17 ANISATA Way MANOR LAKES 3024
53314166187,62 MERLE Crescent TRUGANINA 3029
53314166212,31 DUNPHY Street TARNEIT 3029
53314166244,4 STEVIE Road SUNBURY 3429
53314166277,28 IRINA Road GREENVALE 3059
53314166311,33 PEBBLE Street FYANSFORD 3218
53314166343,6 YUROKE Road GREENVALE 3059
53314166369,16 NED Road MAMBOURIN 3024
53314166384,11 LAGOON Avenue MICKLEHAM 3064
53314166410,17 HAFLINGER Road TARNEIT 3029
53314166434,14 ALTO Grange WINTER VALLEY 3358
53314166450,22 FISKEN Street BALLAN 3342
53314166483,80 HURST Drive TARNEIT 3029
53314166519,18 VERBECK Road TRUGANINA 3029
53314166541,78 HURST Drive TARNEIT 3029
53314166567,82 HURST Drive TARNEIT 3029
53314166582,15 WARRACKNABEAL Road EYNESBURY 3338
53314166618,75 COSMOPOLITAN Drive WYNDHAM VALE 3024
53314166673,10 WILDACRE Way ROCKBANK 3335
53314166717,30 KNOTTY Road BONNIE BROOK 3335
53314166749,320 MARATHON Boulevard CRAIGIEBURN 3064
53314166808,8 COPPLESON Street BONSHAW 3352
53314166822,4 COPPLESON Street BONSHAW 3352
53314166871,190 MOUNT MARY Road EYNESBURY 3338
53314166897,12 PEWTER Street MAMBOURIN 3024
53314166963,24 PICASSO Street WINTER VALLEY 3358
53314166988,28 GRANITE Crescent FRASER RISE 3336
53314167012,57 FRENCH Road GREENVALE 3059
53314167044,1 VETRANO Avenue ALFREDTON 3350
53314167085,37 VOLANT Drive ARMSTRONG CREEK 3217
53314167103,13 GARRONG Street BACCHUS MARSH 3340
53314167127,11 DUNKEN Street CHARLEMONT 3217
53314125349,3 MAN Drive DIGGERS REST 3427
53314125365,24 GANGUR Way FRASER RISE 3336
53314125398,104 PEAR Parade FRASER RISE 3336
53314125422,28 IVAN Way FRASER RISE 3336
53314125456,34 GANGUR Way FRASER RISE 3336
53314125521,91 WATERCOURSE Avenue LARA 3212
53314125547,30 TELFER Street LUCAS 3350
53314125563,66 MAYWOOD Road MANOR LAKES 3024
53314125614,141 DRYLAND Boulevard MICKLEHAM 3064
53314125638,28 POWDERBARK Crescent MICKLEHAM 3064
53314125662,80 WHITES Road MOUNT DUNEED 3217
53314125695,3 DANTHONIA Avenue POINT COOK 3030
53314125729,6 RENEE Street SUNBURY 3429
53314125745,45 TABULA Road TARNEIT 3029
53314171056,9 DUNPHY Street TARNEIT 3029
53314171089,38 SAMA Promenade TRUGANINA 3029
53314171115,11 VETRANO Avenue ALFREDTON 3350
53314171147,131 BROOKING Road GISBORNE 3437
53314171163,32 WETHERBY Circuit LARA 3212
53314171188,12 HAIRPIN Drive TARNEIT 3029
53314171237,241 SINCLAIRS Road DEANSIDE 3336
53314171253,58 PENSTONE Crescent LARA 3212
53314171286,43 POWDERBARK Crescent MICKLEHAM 3064
53314171328,18 FORZA Place SEBASTOPOL 3356
53314171352,92 HURST Drive TARNEIT 3029
53314171385,5 COMARES Drive TARNEIT 3029
53314171411,3 WEYBA Street TRUGANINA 3029
53314171435,29 GYMEA Street MOUNT DUNEED 3217
53314171469,6 ADRIANUS Street ALFREDTON 3350
53314171492,4 FRENCH Road GREENVALE 3059
53314171526,27 BANQUET Drive TARNEIT 3029
53314171550,14 HARLEQUIN Avenue DEANSIDE 3336
53314171591,35 YUCCA Street WYNDHAM VALE 3024
53314171625,13 SURAT Way ROCKBANK 3335
53314171849,4 FORZA Place SEBASTOPOL 3356
53314171865,49 WINFRED Drive MAMBOURIN 3024
53314171922,24 TROOPER Drive AINTREE 3336
53314171997,17 CRYMELON Street EYNESBURY 3338
53314172028,14 TAWNY Street FRASER RISE 3336
53314172052,36 BUCKLAND Boulevard GISBORNE 3437
53314130267,29 BAYBERRY Street ARMSTRONG CREEK 3217
53314130318,67 CASTELLO Drive DEANSIDE 3336
53314130340,12 COFFEY Street HUNTLY 3551
53314130373,54 DAYLIGHT Street LARA 3212
53314130399,117A BALLARAT Road MAIDSTONE 3012
53314130449,53 CAPTAIN Drive POINT COOK 3030
53314130516,41 VARNISH Road TARNEIT 3029
53314130530,43 CORIANDER Street TRUGANINA 3029
53314130670,16 MISO Road WYNDHAM VALE 3024
53314130696,14 MISO Road WYNDHAM VALE 3024
53314130720,38 LAKELAND Drive LUCAS 3350
53314130754,23 COUSINS Street COLAC 3250
53314130805,55 GANSHA Street WEIR VIEWS 3338
53314130853,43 WARHAWKE Road AINTREE 3336
53314130886,7 COPPLESON Street BONSHAW 3352
53314130912,20 COPPLESON Street BONSHAW 3352
53314130936,124 TAIT Street BONSHAW 3352
53314130985,5 WATCHUPGA Street EYNESBURY 3338
53314131002,34 DELAWARR Parade HUNTLY 3551
53314131026,94 THURLING Parade LUCAS 3350
53314131050,1 PIGMENT Drive MAMBOURIN 3024
53314131075,118 DAYBREAK Vista MICKLEHAM 3064
53314131091,5 LAGOON Avenue MICKLEHAM 3064
53314131159,11 MEL Avenue TARNEIT 3029
53314131182,23 LANYON Crescent TARNEIT 3029
53314131209,43 GAITS Drive TARNEIT 3029
53314131223,8 ANTIPODA Street TARNEIT 3029
53314131265,40 EQUESTRIAN Street TARNEIT 3029
53314131298,32 KURDWEECHEE Road EYNESBURY 3338
53314131348,65 BASTEN Avenue DEANSIDE 3336
53314131397,69 BLUEBOTTLE Parade ROCKBANK 3335
53314131421,36 MADEIRA Drive TRUGANINA 3029
53314131455,22 HALLIGAN Street LUCAS 3350
53314131470,13 HALLIGAN Street LUCAS 3350
53314131496,56 DEVESHA Drive ARMSTRONG CREEK 3217
53314131520,33 SAMA Promenade TRUGANINA 3029
53314131546,20 SAMA Promenade TRUGANINA 3029
53314131562,20 DIXIE Street TARNEIT 3029
53314131595,67 KRATERON Street FRASER RISE 3336
53314131613,1 FILOLI Street WYNDHAM VALE 3024
53314131637,3 FIELDIA Road TARNEIT 3029
53314167192,12 ANDESITE Court CRAIGIEBURN 3064
53314167225,27 CROTONE Avenue DEANSIDE 3336
53314167241,15 WATCHUPGA Street EYNESBURY 3338
53314167267,12 QUEST Drive FRASER RISE 3336
53314167290,5 LILYBLOOM Way FRASER RISE 3336
53314167358,53 FRENCH Road GREENVALE 3059
53314167423,37 POWDERBARK Crescent MICKLEHAM 3064
53314167449,9 DRIFTWOOD Street MICKLEHAM 3064
53314167498,21 PERSLEY Street TARNEIT 3029
53314167530,35 WESTDAHL Street TRUGANINA 3029
53314167589,165 SHELTERBELT Avenue WEIR VIEWS 3338
53314167663,45 CHARTERS Way HUNTLY 3551
53314167688,41 RHEA Drive LEOPOLD 3224
53314167714,22 TRANQUIL Crescent COLAC 3250
53314167779,17 IRONCAP Road MICKLEHAM 3064
53314167795,39 WURRUK Street FAWKNER 3060
53314167813,19 ELBERT Street CHARLEMONT 3217
53314167878,5 CURYO Street EYNESBURY 3338
53314167904,45 WHARFEDALE Crescent LARA 3212
53314167928,5 NED Road MAMBOURIN 3024
53314167944,39 KURRAJONG Road MICKLEHAM 3064
53314167993,13 HONEYDEW Drive TARNEIT 3029
53314168042,34 DEVESHA Drive ARMSTRONG CREEK 3217
53314210317,22 MILKMAIDS Avenue DEANSIDE 3336
53314210448,33 MALKARI Circuit GREENVALE 3059
53314210464,21 ARMSTRONG Rise MADDINGLEY 3340
53314210515,43 TARNALA Road TARNEIT 3029
53314210547,11 CARMICHAEL Road WARRNAMBOOL 3280
53314210614,9 GALANTHUS Street CHARLEMONT 3217
53314210646,36 YUCCA Street WYNDHAM VALE 3024
53314210729,15 SHENIZ Avenue FRASER RISE 3336
53314210745,88 BANKS Drive DIGGERS REST 3427
53314172085,118 WALLANGARA Boulevard HARKNESS 3337
53314172127,11 ARCHER Drive LARA 3212
53314172151,10 HAMMOND Street LUCAS 3350
53314172184,5 FAWDRY Road MAMBOURIN 3024
53314172219,51 PRESCOTT Road MAMBOURIN 3024
53314172233,44 MAYWOOD Road MANOR LAKES 3024
53314172259,56 CORYMBIA Street MOUNT DUNEED 3217
53314172324,19 SABRO Street SUNBURY 3429
53314172358,39 DUNPHY Street TARNEIT 3029
53314172373,52 FOLIAGE Drive TARNEIT 3029
53314172399,83 ARISTIDES Crescent THORNHILL PARK 3335
53314172423,2 HEATH Street TORQUAY 3228
53314172457,28 WESTDAHL Street TRUGANINA 3029
53314172480,10 LANGFORD Street WERRIBEE 3030
53314172508,3 CARDRONA Way WINTER VALLEY 3358
53314172522,59 JAGGED Circuit TARNEIT 3029
53314172556,8 HARDWICK Road STRATHTULLOH 3338
53314172589,9 SAANICH Drive WYNDHAM VALE 3024
53314172615,20 MODULAR Street CHARLEMONT 3217
53314172639,8 ARKWRIGHT Street DEANSIDE 3336
53314172655,9 FIELDIA Road TARNEIT 3029
53314172688,13 YELLANGIP Street EYNESBURY 3338
53314172714,35 SERENE Avenue ARMSTRONG CREEK 3217
53314172754,157 EVERTON Road TARNEIT 3029
53314172779,12 SHERYL Street SUNBURY 3429
53314172795,40 PLATERO Boulevard JACKASS FLAT 3556
53314172845,29 MERCURY Road SUNBURY 3429
53314172861,3 PYRITES Street TARNEIT 3029
53314172894,11 COLLETTE Circuit DEANSIDE 3336
53314172912,6 PETUNIA Crescent ARMSTRONG CREEK 3217
53314172936,15 GOLD STAR Road FRASER RISE 3336
53314172960,46 SADDLE Way GREENVALE 3059
53314172993,5 TENDRIL Street LARA 3212
53314173026,1 FORZA Place SEBASTOPOL 3356
53314173042,153 EVERTON Road TARNEIT 3029
53314173068,82 DUTCHELM Avenue WERRIBEE 3030
53314173091,12 STIRRUP Street AINTREE 3336
53314173125,353 MARATHON Boulevard CRAIGIEBURN 3064
53314173159,51 TRAN Avenue DIGGERS REST 3427
53314173174,25 WHITBY Circuit FRASER RISE 3336
53314173223,2 FRENCH Road GREENVALE 3059
53314173257,62 SECTION Road GREENVALE 3059
53314173280,13 DUBOUT Street MADDINGLEY 3340
53314173308,20 GILLIES Street MELTON SOUTH 3338
53314173322,31 BURRAWANG Loop MICKLEHAM 3064
53314173356,39 MERCURY Road SUNBURY 3429
53314173371,74 LUCANIA Crescent TARNEIT 3029
53314173397,1 PALASH Way THORNHILL PARK 3335
53314173421,7 PALASH Way THORNHILL PARK 3335
53314173447,4 NARRAN Road TRUGANINA 3029
53312172954,1 DAYLESFORD Lane DRYSDALE 3222
53312172987,4 DAYLESFORD Lane DRYSDALE 3222
53312173012,8 DAYLESFORD Lane DRYSDALE 3222
53312173151,336-380 MCIVOR Highway JUNORTOUN 3551
53312173201,336-380 MCIVOR Highway JUNORTOUN 3551
53314210844,18 BROCKWELL Avenue HUNTLY 3551
53314210860,11 PENNDALE Street TARNEIT 3029
53314210911,4 HERBAGE Drive TARNEIT 3029
53314210992,32 RYDER Street CHARLEMONT 3217
53314211019,173 HOLTS Lane DARLEY 3340
53314211041,6 CORMORANT Road DEANSIDE 3336
53314211074,13 GOLD STAR Road FRASER RISE 3336
53314211100,45 HANOVER Circuit MELTON SOUTH 3338
53314211173,61 VILANA Drive SUNBURY 3429
53314211230,29 RUTLEDGE Way WINTER VALLEY 3358
53314211307,26 RAWLINSON Street MADDINGLEY 3340
53314211347,13 STEVIE Road SUNBURY 3429
53314211446,4 WYMAR Circuit TARNEIT 3029
53314211636,14 MARLBOROUGH Street AINTREE 3336
53314211677,88 CONTINUANCE Way DELACOMBE 3356
53314211703,65 BANKS Drive DIGGERS REST 3427
53314211802,45 LUCANIA Crescent TARNEIT 3029
53314211834,32 VERDAY Boulevard TARNEIT 3029
53314211850,9 BRIDOON Road TARNEIT 3029
53314211875,25 FUJI Drive TRUGANINA 3029
53314211925,61 DEVESHA Drive ARMSTRONG CREEK 3217
53314211974,90 BERRIGAN Drive BONSHAW 3352
53314212007,1 BLYTON Road DEANSIDE 3336
53314212039,8 CUMBUNJI Road DEANSIDE 3336
53314212204,37 AQUAMARINE Drive MICKLEHAM 3064
53314173463,12 LEVITTOWN Rise WERRIBEE 3030
53314173554,188 MOUNT MARY Road EYNESBURY 3338
53314173579,72 HARRIOTT Road ARMSTRONG CREEK 3217
53314173605,33 TWAIN Road MAMBOURIN 3024
53314173637,71 LIBERATION Drive ARMSTRONG CREEK 3217
53314173712,13 WHELAN Street ARMSTRONG CREEK 3217
53314173760,10 SCOPARIA Street CHARLEMONT 3217
53314173793,30 MEMORY Road DEANSIDE 3336
53314173827,19 MILES Street DEER PARK 3023
53314173843,23 MILES Street DEER PARK 3023
53314173869,176 MOUNT MARY Road EYNESBURY 3338
53314173892,33 CHALLAMBRA Road EYNESBURY 3338
53314173910,9 GRANITE Crescent FRASER RISE 3336
53314173934,24 PEBBLE Street FYANSFORD 3218
53314173968,20 WARRANOOKE Street MELTON SOUTH 3338
53314173983,64 CLAY Crescent ROCKBANK 3335
53314174000,1 GAFFNEY Street SUNBURY 3429
53314216287,6 IRONCAP Road MICKLEHAM 3064
53314216313,137 THORNTON Avenue ST LEONARDS 3223
53314216337,125 THORNTON Avenue ST LEONARDS 3223
53314216353,24 MONTARE Road TRUGANINA 3029
53314216386,11 STELLENBOSCH Street AINTREE 3336
53314216428,34 MOONAH Circuit POINT LONSDALE 3225
53314216452,21 VIRIDIS Drive TARNEIT 3029
53314216477,6 TORENIA Drive TARNEIT 3029
53314216527,8 FLAXLEY Place WERRIBEE 3030
53314216551,17 WHARFEDALE Crescent LARA 3212
53314216602,10 DEEPWATER Avenue ARMSTRONG CREEK 3217
53314216683,31 LANNING Way DEANSIDE 3336
53314216759,4 THIMBLE Way FRASER RISE 3336
53314216774,7 PRESCOTT Road MAMBOURIN 3024
53314216832,8 HAFLINGER Road TARNEIT 3029
53314216866,24 MADEIRA Drive TRUGANINA 3029
53314216881,12 DELHI Way WERRIBEE 3030
53314216931,102 ELEGANTE Road WINTER VALLEY 3358
53314217079,63 RESORT Boulevard TARNEIT 3029
53314217105,22 OSKI Street WYNDHAM VALE 3024
53314217161,32 MADEIRA Drive TRUGANINA 3029
53314212293,5 JAGGED Circuit TARNEIT 3029
53314212311,12 MONASTERY Court TARNEIT 3029
53314212369,36 KAVERI Street TARNEIT 3029
53314212384,15 CANDYTUFT Avenue THORNHILL PARK 3335
53314212450,10 FLUORITE Street MICKLEHAM 3064
53314212475,45 MERCURY Road SUNBURY 3429
53314212533,8 CLIMBING Drive WYNDHAM VALE 3024
53314212567,12 MOROCCAN Way TARNEIT 3029
53314212582,76 MAYWOOD Road MANOR LAKES 3024
53314212600,24 PROSECCO Vista FRASER RISE 3336
53314212632,1 GRANVILLE Street MANOR LAKES 3024
53314212717,137 BRIGHTVALE Boulevard WYNDHAM VALE 3024
53314212731,17 GANGUR Way FRASER RISE 3336
53314212765,40 SUPREME Avenue GREENVALE 3059
53314212848,13 GRASSY Street ARMSTRONG CREEK 3217
53314212864,10 COACHWOOD Road BONNIE BROOK 3335
53314212897,17 COUSINS Street COLAC 3250
53314212915,11 MCGONIGAL Street COLAC 3250
53314212939,10 FLAMEROBIN Street DEANSIDE 3336
53314213005,26 WALLANGARA Road GREENVALE 3059
53314213094,18 AQUAMARINE Drive MICKLEHAM 3064
53314213136,58 POWDERBARK Crescent MICKLEHAM 3064
53314213160,16 SPLENDORE Street SEBASTOPOL 3356
53314213193,50 REUNION Parade TARNEIT 3029
53314213226,20 PEPPERIDGE Drive TARNEIT 3029
53314071413,26 PEACHTREE Avenue DEANSIDE 3336
53314071478,16 PASOFINO Drive BONNIE BROOK 3335
53314071504,48 HOWELL Crescent TRUGANINA 3029
53314071528,13 NOWLAN Street GISBORNE 3437
53314071544,18 PERSIMMON Road CRAIGIEBURN 3064
53314071577,10 MONTESTELLA Street DEANSIDE 3336
53314071635,14 TRAPANI Grove DEANSIDE 3336
53314071651,26 DUROCHER Crescent TARNEIT 3029
53314071676,55 HOMEBUSH Esplanade FRASER RISE 3336
53314071702,7 MOSSIFACE Drive TARNEIT 3029
53314071742,16 SKIPPER Avenue LARA 3212
53314071791,39 KINGSTON Drive LARA 3212
53314217186,15 WOODRUFF Road GREENVALE 3059
53314217235,11 SWANTON Avenue MADDINGLEY 3340
53314217251,17 WOODRUFF Road GREENVALE 3059
53314217326,24 KNOTTY Road BONNIE BROOK 3335
53314217490,10 THIMBLE Way FRASER RISE 3336
53314217524,8 THIMBLE Way FRASER RISE 3336
53314217558,41 LIDDERDALE Drive GISBORNE 3437
53314217573,6 DOTTEREL Street GREENVALE 3059
53314217708,12 TIPPERARY Drive ROCKBANK 3335
53314217789,7 BEAUTIDE Road TARNEIT 3029
53314218135,6 DINNER Grove TARNEIT 3029
53314218225,5 HOCK Street TARNEIT 3029
53314218267,56 IMPLEXA Drive TARNEIT 3029
53314218290,12 CANNUM Road EYNESBURY 3338
53314218318,44 REUNION Parade TARNEIT 3029
53314218564,16 MEMORY Road DEANSIDE 3336
53314218597,8 GARRONG Street BACCHUS MARSH 3340
53314218621,151 BRIGHTVALE Boulevard WYNDHAM VALE 3024
53314218647,148 BRIGHTVALE Boulevard WYNDHAM VALE 3024
53314071819,72 KETTLEWELL Drive LARA 3212
53314071874,10 YASEMAN Crescent TRUGANINA 3029
53314071900,20 LEETON Street STRATHTULLOH 3338
53314071924,14 CABANDA Road TARNEIT 3029
53314071940,6 OBERON Street BACCHUS MARSH 3340
53314071973,579 GRAND Boulevard CRAIGIEBURN 3064
53314072006,27 CORDATA Road POINT COOK 3030
53314072038,45 CORDATA Road POINT COOK 3030
53314072054,21 CORDATA Road POINT COOK 3030
53314072079,47 CORDATA Road POINT COOK 3030
53314072105,33 KINGSTON Drive LARA 3212
53314072137,26 WHELAN Street ARMSTRONG CREEK 3217
53314072161,16 TRAPANI Grove DEANSIDE 3336
53314072186,22 TRAPANI Grove DEANSIDE 3336
53314072203,32 ALROSE Grove DEANSIDE 3336
53314072235,71 CASTELLO Drive DEANSIDE 3336
53314072251,72 BANKS Drive DIGGERS REST 3427
53314072276,29 PEBBLE Street FYANSFORD 3218
53314072302,41-43 KINGSTON Drive LARA 3212
53314072326,19 NURTURE Street MAMBOURIN 3024
53314072350,8 VARNA Way MANOR LAKES 3024
53314072383,75 HONEYPOT Circuit MICKLEHAM 3064
53314072419,17 POMEROY Rise MOUNT DUNEED 3217
53314072441,84 PRUDENCE Parade POINT COOK 3030
53314072467,88 PRUDENCE Parade POINT COOK 3030
53314072482,94 PRUDENCE Parade POINT COOK 3030
53314072518,13 PALIA Drive TARNEIT 3029
53314072540,66 ARARAT Street TRUGANINA 3029
53314072599,41 GLENMORE Street WINCHELSEA 3241
53314072617,24 LIDDERDALE Drive GISBORNE 3437
53314072649,19 ESK Street LARA 3212
53314072708,23 CORDATA Road POINT COOK 3030
53314072722,117 GREVILLEA Drive MOUNT DUNEED 3217
53314072771,20 WHELAN Street ARMSTRONG CREEK 3217
53314072847,21 INTERNATIONAL Street DEANSIDE 3336
53314072863,7 FOX Street FRASER RISE 3336
53314072888,9 BOLDISTON Crescent HUNTLY 3551
53314072914,21 DRIFTWOOD Street MICKLEHAM 3064
53314072946,15 MONTENEGRO Crescent MOUNT DUNEED 3217
53314072995,1 KAREN Road TARNEIT 3029
53314073012,7 LODGE Way WERRIBEE 3030
53314073044,27 PENNINGS Road WYNDHAM VALE 3024
53314073077,3 EXPLORER Court WERRIBEE 3030
53314073176,28 ARARAT Street TRUGANINA 3029
53314218696,189 FRONTIER Avenue AINTREE 3336
53314218754,10 MARLBOROUGH Street AINTREE 3336
53314218779,7 PIMPINIO Street EYNESBURY 3338
53314218960,20 HALLIGAN Street LUCAS 3350
53314219125,41 BUTTERCUP Crescent ARMSTRONG CREEK 3217
53314219356,12 VOYAGE Street MOUNT DUNEED 3217
53314077458,49 AMAZING Boulevard FRASER RISE 3336
53314077481,25 NEWMARKET Road WERRIBEE 3030
53314077509,35 AMAZING Boulevard FRASER RISE 3336
53314077523,39 AMAZING Boulevard FRASER RISE 3336
53314077557,45 AMAZING Boulevard FRASER RISE 3336
53314077580,694 GRAND Boulevard MICKLEHAM 3064
53314077616,88 WATERCOURSE Avenue LARA 3212
53314077630,71 PRUDENCE Parade POINT COOK 3030
53314077656,43 DIGTREE Crescent MICKLEHAM 3064
53314077689,50 GIOVANNI Drive CHARLEMONT 3217
53314077707,21 MCGRATH Terrace CARDIGAN 3352
53314077770,14 REEFTON Street MAMBOURIN 3024
53314077796,29 JAGGED Circuit TARNEIT 3029
53314077854,2 THURLING Parade LUCAS 3350
53314077887,10 AJAX Way BONNIE BROOK 3335
53314077905,66 WARHAWKE Road AINTREE 3336
53314077929,23 ALLANSFORD Crescent ARMSTRONG CREEK 3217
53314077961,13 FALSTAFF Street FRASER RISE 3336
53314078027,13 MINTBUSH Street MAMBOURIN 3024
53314078043,16 WILDACRE Way ROCKBANK 3335
53314078069,3 MONASTERY Court TARNEIT 3029
53314078092,78 ARISTIDES Crescent THORNHILL PARK 3335
53314078126,4 VICEROY Crescent WYNDHAM VALE 3024
53312233912,16 TREETOP Drive CARDIGAN 3352
53314073259,21 SUNDEWS Crescent ARMSTRONG CREEK 3217
53314073274,71 ALLANSFORD Crescent ARMSTRONG CREEK 3217
53314073300,25 HOWDEN Crescent BRAYBROOK 3019
53314073324,20 TURIN Avenue DEANSIDE 3336
53314073373,18 MATON Street GREENVALE 3059
53314073399,24 MATON Street GREENVALE 3059
53314073417,28 MATON Street GREENVALE 3059
53314073449,12 RAWLINSON Street MADDINGLEY 3340
53314073472,28 WINERY Street MOUNT DUNEED 3217
53314073516,36 OPULENT Boulevard TARNEIT 3029
53314073530,9 PINTAIL Drive MELTON SOUTH 3338
53314073589,63 MALKARI Circuit GREENVALE 3059
53314073615,1 SPRINT Road FRASER RISE 3336
53314073655,135 BROOKING Road GISBORNE 3437
53314073696,23 WHITELOCK Drive HUNTLY 3551
53314073754,38 SALSOLA Road MICKLEHAM 3064
53314073787,24 BUFFALO Circuit MOUNT DUNEED 3217
53314073853,134 WHITECROSS Drive THORNHILL PARK 3335
53314073878,45 SAMA Promenade TRUGANINA 3029
53314073928,4 VISION Street AINTREE 3336
53314073944,30 CAPTAIN Drive POINT COOK 3030
53314073960,7 CLEF Street STRATHTULLOH 3338
53314073993,42 TROOPER Drive AINTREE 3336
53314074026,40 LAVANT Road FRASER RISE 3336
53314074075,65 MAYWOOD Road MANOR LAKES 3024
53314074091,16 TYQUIN Drive SUNBURY 3429
53314074125,25 ARACAR Street TRUGANINA 3029
53314074159,82 CONONDALE Avenue TRUGANINA 3029
53314074190,35 LITORIA Drive DEANSIDE 3336
53314074322,41 FROST Drive CHARLEMONT 3217
53314074348,5 PERSIMMON Road CRAIGIEBURN 3064
53314074364,7 PERSIMMON Road CRAIGIEBURN 3064
53314119764,8 CHEPSTOW Street CRAIGIEBURN 3064
53314119789,68 BANKS Drive DIGGERS REST 3427
53314119807,4 GREBE Street GREENVALE 3059
53314119839,55 KETTLEWELL Drive LARA 3212
53314119870,42 TEMPLETONIA Circuit MICKLEHAM 3064
53314119906,9 BURRAWANG Loop MICKLEHAM 3064
53314119920,19 CORDYLINE Street MOUNT DUNEED 3217
53314119946,5 SETTLERS Court PORTLAND 3305
53314119979,32 WILDACRE Way ROCKBANK 3335
53314120005,77 SLOOP Street TARNEIT 3029
53314120037,14 ALLEZ Road THORNHILL PARK 3335
53314078191,320 FORSYTH Road TRUGANINA 3029
53314078266,320 FORSYTH Road TRUGANINA 3029
53314078299,90 ELMHURST Road TRUGANINA 3029
53314078317,22 ORMOND Boulevard TARNEIT 3029
53314078365,7 REED Court DEANSIDE 3336
53314078408,7 ADLINGTON Avenue GREENVALE 3059
53314078430,8 YUROKE Road GREENVALE 3059
53314078471,43 BEAR Street TARNEIT 3029
53314078507,16 MARWARI Way AINTREE 3336
53314078539,49 SERENE Avenue ARMSTRONG CREEK 3217
53314078563,9 SHEOAK Court COLAC 3250
53314078606,25 SPRINT Road FRASER RISE 3336
53314078638,22 SADDLE Way GREENVALE 3059
53314078695,13 WESTCOTT Drive LUCAS 3350
53314078713,14 NURTURE Street MAMBOURIN 3024
53314078737,25 DIGTREE Crescent MICKLEHAM 3064
53314078761,12 RICE FLOWER Crescent STRATHTULLOH 3338
53314078786,92 BUCKINGHAM Boulevard STRATHTULLOH 3338
53314078804,23 BRIDOON Road TARNEIT 3029
53314078836,21 FLOCK Street TARNEIT 3029
53314078852,6 WINDJAMMER Street TARNEIT 3029
53314078877,34 EQUESTRIAN Street TARNEIT 3029
53314078903,40 EVERBLOOM Crescent TARNEIT 3029
53314078935,22 NARRAN Road TRUGANINA 3029
53314078969,39 SHELTERBELT Avenue WEIR VIEWS 3338
53314079033,11 MISO Road WYNDHAM VALE 3024
53314079067,24 BRAMFORD Crescent TRUGANINA 3029
53314079132,38 PROSECCO Street TARNEIT 3029
53314079166,102 CONONDALE Avenue TRUGANINA 3029
53314079222,2 AVI Walk ARMSTRONG CREEK 3217
53314079248,21 PERSIMMON Road CRAIGIEBURN 3064
53314079264,8 BYGROVE Street DEANSIDE 3336
53314079297,17 PRUNUS Crescent FRASER RISE 3336
53314079315,6 TRENTINO Grove FRASER RISE 3336
53314079339,6 WOODLAND Way FYANSFORD 3218
53314079363,78A BAGGOTT Drive HOPPERS CROSSING 3029
53314079388,2 MCINTOSH Street HUNTLY 3551
53314079406,31 DIGTREE Crescent MICKLEHAM 3064
53314079438,6 SETTLERS Court PORTLAND 3305
53314079462,9 CAVILL Way TARNEIT 3029
53314079495,14 HOCK Street TARNEIT 3029
53314079513,56 PARADOXA Drive TARNEIT 3029
53314079537,11 BASILICO Street WYNDHAM VALE 3024
53312004605,34-36 PALL Mall BENDIGO 3550
53314113719,23 SKYPAC Drive TRUGANINA 3029
53314113741,76 ALCOCK Road TRUGANINA 3029
53314113767,76 ALCOCK Road TRUGANINA 3029
53314113782,23 SKYPAC Drive TRUGANINA 3029
53314113818,11 ROHAB Crescent MOUNT COTTRELL 3024
53314113873,28B MOLLERS Lane LEOPOLD 3224
53314113899,167 FRONTIER Avenue AINTREE 3336
53314113917,25 GEOMETRY Drive CHARLEMONT 3217
53314113998,14 SADDLE Way GREENVALE 3059
53314114021,132 ESTUARY Boulevard LEOPOLD 3224
53314114055,53 PYRUS Crescent MICKLEHAM 3064
53314114070,54 POWDERBARK Crescent MICKLEHAM 3064
53314114106,23 SALENTO Street MOUNT DUNEED 3217
53314114146,12 MARYLEBONE Street STRATHTULLOH 3338
53314114179,19 VINCENZA Avenue TRUGANINA 3029
53314114195,27 TOADLET Street WYNDHAM VALE 3024
53314114252,40 ARNISON Road TARNEIT 3029
53314114311,11 NADEEN Road MAMBOURIN 3024
53314114335,33 JAGGED Circuit TARNEIT 3029
53314114351,4 CLARA Court GREENVALE 3059
53314114442,15 BLYTON Road DEANSIDE 3336
53314114468,19 BLYTON Road DEANSIDE 3336
53314114483,23 BLYTON Road DEANSIDE 3336
53314114582,19 SEDNA Street LEOPOLD 3224
53314114600,33 BURRAWANG Loop MICKLEHAM 3064
53314114624,35 BURRAWANG Loop MICKLEHAM 3064
53314114658,22 MONTENEGRO Crescent MOUNT DUNEED 3217
53314114723,43 MONTEGO Boulevard SUNBURY 3429
53314114749,23 PEDRA Avenue TARNEIT 3029
53314114765,15 MURPHY Street WARRNAMBOOL 3280
53314114798,326 MARATHON Boulevard CRAIGIEBURN 3064
53314114830,20 TRELLIS Grove ROCKBANK 3335
53314114864,26 MEMORY Road DEANSIDE 3336
53314120053,7 ALDRICH Street THORNHILL PARK 3335
53314120078,35 CARMICHAEL Road WARRNAMBOOL 3280
53314120104,55 SHANTI Circuit WERRIBEE 3030
53314120128,7 SUNPEAKS Street WINTER VALLEY 3358
53314120177,191 WHITECROSS Drive THORNHILL PARK 3335
53314120193,28 NEVADO Drive TRUGANINA 3029
53314120234,23 SIDDELL Road GREENVALE 3059
53314120268,39 WALLANGARA Boulevard HARKNESS 3337
53314120291,17 SIDDELL Road GREENVALE 3059
53314120325,26 SOUTHLANDS Loop STRATHTULLOH 3338
53314120367,28 OPULENT Boulevard TARNEIT 3029
53314120390,116 TULSI Avenue WERRIBEE 3030
53314120458,19 BUTTERCUP Crescent ARMSTRONG CREEK 3217
53314120473,7 BUTTERCUP Crescent ARMSTRONG CREEK 3217
53314120499,21 MARBLES Crescent BALLARAT EAST 3350
53314120608,47 WALLANGARA Boulevard HARKNESS 3337
53314120622,1 SAGO Walk MICKLEHAM 3064
53314120656,9 SAGO Walk MICKLEHAM 3064
53314120671,120 DAYBREAK Vista MICKLEHAM 3064
53314120697,49 BURRAWANG Loop MICKLEHAM 3064
53314120721,13 CLAUDE Crescent NEW GISBORNE 3438
53314120796,24 KEEWONG Road TARNEIT 3029
53314120820,15 PRAISE Road TARNEIT 3029
53314120854,3 CRANBERRY Crescent THORNHILL PARK 3335
53314120879,10 NECTARINE Street THORNHILL PARK 3335
53314120895,6 NECTARINE Street THORNHILL PARK 3335
53314120929,11 PALASH Way THORNHILL PARK 3335
53314120953,197 WHITECROSS Drive THORNHILL PARK 3335
53314120986,22 GLORY Street THORNHILL PARK 3335
53314121003,4 GLORY Street THORNHILL PARK 3335
53314121027,8 GLORY Street THORNHILL PARK 3335
53314121051,13 LAHAR Road TRUGANINA 3029
53314121084,9 VINCENZA Avenue TRUGANINA 3029
53314121150,12 MOHAWK Street WYNDHAM VALE 3024
53314121183,26 ROHAB Crescent MOUNT COTTRELL 3024
53314121200,6 HUFFNELL Road DEANSIDE 3336
53314121224,6 MOMIL Road MOUNT COTTRELL 3024
53314121258,7 MOMIL Road MOUNT COTTRELL 3024
53314121273,72 SNOWBIRD Road WINTER VALLEY 3358
53314121299,14 KARACHI Avenue MOUNT COTTRELL 3024
53314121331,21 UTOPIA Way WEIR VIEWS 3338
53314121365,10 BUTTERCUP Crescent ARMSTRONG CREEK 3217
53314121398,63 ROMULEA Circuit DIGGERS REST 3427
53314121416,10 SADDLE Way GREENVALE 3059
53314079561,15 TRAYNOR Street TARNEIT 3029
53314079594,51 HAMS Road WAURN PONDS 3216
53314079628,51 ARNISON Road TARNEIT 3029
53314079660,29 WARATAH Way ELLIMINYT 3250
53314079693,11 NEOCLASSIC Street DEANSIDE 3336
53314079727,41 WARHAWKE Road AINTREE 3336
53314079751,5 SILENE Walk ARMSTRONG CREEK 3217
53314079776,25 PETUNIA Crescent ARMSTRONG CREEK 3217
53314079792,46 DELTA Drive ARMSTRONG CREEK 3217
53314079826,42 NEWFOUNDLAND Circuit BONNIE BROOK 3335
53314079891,17 SHENIZ Avenue FRASER RISE 3336
53314079919,47 MARIGOLD Drive FRASER RISE 3336
53314079933,6 SESAME Street FRASER RISE 3336
53314079967,41 DIGTREE Crescent MICKLEHAM 3064
53314080041,63 LUCANIA Crescent TARNEIT 3029
53314080067,5 DEW Road TARNEIT 3029
53314080090,10 HORGI Street WYNDHAM VALE 3024
53314080132,40 UPLANDS Crescent MELTON SOUTH 3338
53314080264,18 PROBER Crescent TRUGANINA 3029
53314080297,10 EUCALYPT Street ARMSTRONG CREEK 3217
53314080339,7 DUTCH Street CHARLEMONT 3217
53314080388,30 PARKDALE Street GREENVALE 3059
53314125761,12 ESMERALDA Avenue TARNEIT 3029
53314125794,22 LOPERA Drive TARNEIT 3029
53314125828,90 ROSSO Drive TARNEIT 3029
53314125852,20 PARKLEA Way THORNHILL PARK 3335
53314125903,81 TUFF Street WERRIBEE 3030
53314125935,63 TUFF Street WERRIBEE 3030
53314125992,10 CANAL Street FRASER RISE 3336
53314126019,12 XAVIER Road MADDINGLEY 3340
53314126074,5 GREENEDGE Walk DIGGERS REST 3427
53314126090,203 TAIT Street SEBASTOPOL 3356
53314126166,4 PALEY Circuit MOUNT DUNEED 3217
53314126181,130 MCKINLEY Drive TRUGANINA 3029
53314126216,26 CHITON Way POINT LONSDALE 3225
53314126248,12 WHITECROSS Drive THORNHILL PARK 3335
53314126271,41 AMBERSWEET Drive TARNEIT 3029
53314126297,11 CRICHTON Road THORNHILL PARK 3335
53314114907,14 BREWSTER Street ALFREDTON 3350
53314114939,58 BONNYVIEW Road CRAIGIEBURN 3064
53314114963,37 BLYTON Road DEANSIDE 3336
53314114996,8 TRIESTE Crescent DEANSIDE 3336
53314115013,4 TRIESTE Crescent DEANSIDE 3336
53314115045,1 LAMPRA Way HUNTLY 3551
53314115078,46 KOODYA Street MAMBOURIN 3024
53314115104,56 KOODYA Street MAMBOURIN 3024
53314115136,14 TEMPLETONIA Circuit MICKLEHAM 3064
53314115152,28 BURRAWANG Loop MICKLEHAM 3064
53314115177,68 BUTTERFLY Crescent MICKLEHAM 3064
53314115202,1 ALKINGTON Street STRATHTULLOH 3338
53314115226,26 APPRENTICES Road SUNBURY 3429
53314115242,9 COMARES Drive TARNEIT 3029
53314115275,17 MADEIRA Drive TRUGANINA 3029
53314115319,2 KEVIN Avenue TARNEIT 3029
53314115341,13 AQUEDUCT Court WERRIBEE 3030
53314115473,4 ZEST Street AINTREE 3336
53314115557,21 MONA Circuit BURNSIDE 3023
53314115572,69 ROMULEA Circuit DIGGERS REST 3427
53314115608,5 GREBE Street GREENVALE 3059
53314115630,32 FAWCETT Road LUCAS 3350
53314115664,21 PIGMENT Drive MAMBOURIN 3024
53314115689,25 PIGMENT Drive MAMBOURIN 3024
53314115707,29 PIGMENT Drive MAMBOURIN 3024
53314115739,35 PIGMENT Drive MAMBOURIN 3024
53314115755,40 KOODYA Street MAMBOURIN 3024
53314115770,48 KOODYA Street MAMBOURIN 3024
53314115806,16 ANISATA Way MANOR LAKES 3024
53314115820,24 DRAFT Street MANOR LAKES 3024
53314115846,69 MAYWOOD Road MANOR LAKES 3024
53314115879,11 CODRINGTON Street MELTON SOUTH 3338
53314115913,7 BOTTLEBRUSH Street MOUNT DUNEED 3217
53314115961,10 EBBSFLEET Crescent STRATHTULLOH 3338
53314115986,13 ESMERALDA Avenue TARNEIT 3029
53314116003,10 PAROO Street TRUGANINA 3029
53314116035,16 HONEYPOT Circuit MICKLEHAM 3064
53314116069,16 CAMEO Street TARNEIT 3029
53314116092,28 REGNER Drive SUNBURY 3429
53314116126,14 BET Street TRUGANINA 3029
53314116142,9 MORLEY Street WERRIBEE 3030
53314116175,71 ARARAT Street TRUGANINA 3029
53314116200,48 TRANQUIL Road AINTREE 3336
53314116273,13 BARDOT Way BURNSIDE 3023
53314116309,16 PINE CONE Walk FRASER RISE 3336
53314116323,52 PLATERO Boulevard JACKASS FLAT 3556
53314121430,31 MAKITI Crescent HARKNESS 3337
53314121464,3 COFFEY Street HUNTLY 3551
53314121497,14 MORANT Street MAMBOURIN 3024
53314121521,71 TEMPLETONIA Circuit MICKLEHAM 3064
53314121547,18 ANTHURIUM Drive MOUNT DUNEED 3217
53314121620,4 WEDGETAIL Rise STRATHFIELDSAYE 3551
53314121654,22 MUDLARK Road TARNEIT 3029
53314121679,80 YELLOWSTONE Drive TRUGANINA 3029
53314121695,30 EDGEMEAD Rise WERRIBEE 3030
53314121761,13 SYMPHONY Road CRAIGIEBURN 3064
53314121804,27 ARISTIDES Crescent THORNHILL PARK 3335
53314121828,22 RITA Crescent BROOKFIELD 3338
53314121844,38 COCKERELL Street TARNEIT 3029
53314121935,22 MEMORY Road DEANSIDE 3336
53314121951,20 ARCHER Road WYNDHAM VALE 3024
53314121976,15 NEVIS Place TRUGANINA 3029
53314122009,14 ZEST Street AINTREE 3336
53314122031,314 MARATHON Boulevard CRAIGIEBURN 3064
53314122065,22 PINE CONE Walk FRASER RISE 3336
53314122080,26 PINE CONE Walk FRASER RISE 3336
53314122108,30 PINE CONE Walk FRASER RISE 3336
53314122130,36 PINE CONE Walk FRASER RISE 3336
53314122164,39 IRINA Road GREENVALE 3059
53314122197,16 BETOOTA Avenue HUNTLY 3551
53314122214,21 HUTCHINSON Drive LUCAS 3350
53314122238,25 HUTCHINSON Drive LUCAS 3350
53314122262,5 PIGMENT Drive MAMBOURIN 3024
53314122287,14 HURON Road MANOR LAKES 3024
53314122337,37 FOLIAGE Drive TARNEIT 3029
53314122353,10 ALLEZ Road THORNHILL PARK 3335
53314122378,43 KAILASH Road WERRIBEE 3030
53314122404,65 TUFF Street WERRIBEE 3030
53314122436,5 YUCCA Street WYNDHAM VALE 3024
53314122460,50 ARCHER Drive LARA 3212
53314122503,3 HELVETICA Street TRUGANINA 3029
53314122569,16 GUSTAVE Avenue CRAIGIEBURN 3064
53314122610,17 CAVIAR Circuit AINTREE 3336
53314122634,20 GREENMOUNT Avenue ARMSTRONG CREEK 3217
53314122668,6 PEACH Street CRAIGIEBURN 3064
53314122691,15 IMPLEXA Road DEANSIDE 3336
53314122725,20 INTERNATIONAL Street DEANSIDE 3336
53314122741,13 MAN Drive DIGGERS REST 3427
53314122767,10 ACORN Way FRASER RISE 3336
53314168068,11 GOKULA Street WERRIBEE 3030
53314168083,111 CODRINGTON Road TRUGANINA 3029
53314126388,10 CUBAN Road TARNEIT 3029
53314126414,47 MADISONS Avenue DIGGERS REST 3427
53314126454,171 FRONTIER Avenue AINTREE 3336
53314126487,10 BAYBERRY Street ARMSTRONG CREEK 3217
53314126513,12 WHELAN Street ARMSTRONG CREEK 3217
53314126545,2 ALCYONE Street ARMSTRONG CREEK 3217
53314126561,3 BUTTERCUP Crescent ARMSTRONG CREEK 3217
53314126586,8 BUTTERCUP Crescent ARMSTRONG CREEK 3217
53314126612,30 HARRIOTT Road ARMSTRONG CREEK 3217
53314126636,53 HEDGE Street ARMSTRONG CREEK 3217
53314126652,67 LIBERATION Drive ARMSTRONG CREEK 3217
53314126685,8 WHELAN Street ARMSTRONG CREEK 3217
53314126703,98 MANDALAY Avenue ARMSTRONG CREEK 3217
53314126751,18 YEARLING Street FRASER RISE 3336
53314126792,11 SHIRAZ Avenue FRASER RISE 3336
53314126826,33 DELAWARR Parade HUNTLY 3551
53314126842,22 ATTRACTION Way MAMBOURIN 3024
53314126868,18 ATTRACTION Way MAMBOURIN 3024
53314126891,12 ATTRACTION Way MAMBOURIN 3024
53314126925,6 ATTRACTION Way MAMBOURIN 3024
53314126959,15 ELLISBURG Street MANOR LAKES 3024
53314126974,9 BLOOMINGBURG Road MANOR LAKES 3024
53314127030,27 POWDERBARK Crescent MICKLEHAM 3064
53314127064,46 POWDERBARK Crescent MICKLEHAM 3064
53314127121,20 PEACEFUL Crescent STRATHFIELDSAYE 3551
53314127147,40 NORTHSTOWE Crescent STRATHTULLOH 3338
53314127163,19 ARGANT Loop SUNBURY 3429
53314127196,25 OPULENT Boulevard TARNEIT 3029
53314127213,11 BEAUTIDE Road TARNEIT 3029
53314127237,20 ISHTAR Street TARNEIT 3029
53314127261,28 IMITATION Road TARNEIT 3029
53314127286,38 LANYON Crescent TARNEIT 3029
53314127304,59 DUNPHY Street TARNEIT 3029
53314127336,10 LAVINIA Avenue TRUGANINA 3029
53314127360,29 COWAL Street TRUGANINA 3029
53314127393,7 LAHAR Road TRUGANINA 3029
53314127411,20 CATANIA Close WAURN PONDS 3216
53314127502,5 MOHAWK Street WYNDHAM VALE 3024
53314127534,6 HOLMFIRTH Way LARA 3212
53314127575,8 BLYTHEN Road LUCAS 3350
53314127667,4 COACHMANS Way WERRIBEE 3030
53314127758,127 STONELEIGH Crescent HIGHTON 3216
53314116372,28 BLOOMINGBURG Road MANOR LAKES 3024
53314116398,38 TEMPLETONIA Circuit MICKLEHAM 3064
53314116448,6 TYQUIN Drive SUNBURY 3429
53314116471,86 EVERBLOOM Crescent TARNEIT 3029
53314116507,27 VINCENZA Avenue TRUGANINA 3029
53314116521,32 CRANBROOK Way WERRIBEE 3030
53314116606,19 GYMEA Street MOUNT DUNEED 3217
53314116638,39 SALTGRASS Avenue TARNEIT 3029
53314116654,21 KINGSTON Drive LARA 3212
53314116679,24 PINTAIL Drive MELTON SOUTH 3338
53314116705,25 BUTTERCUP Crescent ARMSTRONG CREEK 3217
53314116778,124 MAMIC Boulevard FRASER RISE 3336
53314162053,47 CROTONE Avenue DEANSIDE 3336
53314162086,7 CLARA Court GREENVALE 3059
53314162112,6 PEWTER Street MAMBOURIN 3024
53314162177,36 KARACHI Avenue MOUNT COTTRELL 3024
53314162193,2A URQUHART Road TARNEIT 3029
53314162210,40 OPULENT Boulevard TARNEIT 3029
53314162242,50 OPULENT Boulevard TARNEIT 3029
53314162275,8 BARTOLO Street TRUGANINA 3029
53314162301,7 MAINLAND Way WERRIBEE 3030
53314162325,74 DOVE Avenue WINTER VALLEY 3358
53314162341,24 ELLISBURG Street MANOR LAKES 3024
53314162374,23 ASHTON Avenue WINTER VALLEY 3358
53314162400,4 SWEET Street MANOR LAKES 3024
53314162440,25 ANVIL Street CHARLEMONT 3217
53314162466,17 NORMANTON Street LARA 3212
53314162481,6 SLENDER Way MICKLEHAM 3064
53314162531,29 DUNPHY Street TARNEIT 3029
53314162557,43 TWAIN Road MAMBOURIN 3024
53314162580,132 GRANDVISTA Boulevard WERRIBEE 3030
53314162608,7 GOODENIA Street ARMSTRONG CREEK 3217
53314162622,64 PENSTONE Crescent LARA 3212
53314162656,19 AMALFI Parade DEANSIDE 3336
53314162715,7 DENBOW Street HUNTLY 3551
53314162739,72 TEMPLETONIA Circuit MICKLEHAM 3064
53314162814,8 GALIUM Road TARNEIT 3029
53314162854,22 CARMICHAEL Road WARRNAMBOOL 3280
53314162879,4 CLIMBING Drive WYNDHAM VALE 3024
53314162913,17 LILLYPILLY Street FRASER RISE 3336
53314162986,46 ORNAMENT Avenue TARNEIT 3029
53314163011,52 DULCIS Street MANOR LAKES 3024
53314163035,2 FOSSIL Way FRASER RISE 3336
53314163051,40 CUBITT Crescent TARNEIT 3029
53314163084,38 ADENMORE Circuit DEANSIDE 3336
53314168119,7 VICOSA Drive ARMSTRONG CREEK 3217
53314168141,1 ATHENA Place LEOPOLD 3224
53314168182,48 BIRCHWOOD Crescent BONNIE BROOK 3335
53314168223,6 WATCHUPGA Street EYNESBURY 3338
53314168257,87 CARROLL Lane GREENVALE 3059
53314168280,16 ZALE Street LEOPOLD 3224
53314168330,44 OPULENT Boulevard TARNEIT 3029
53314168356,22 PINATUBO Street TRUGANINA 3029
53314168389,25 KELSON Street WARRNAMBOOL 3280
53314168415,16 MORLEY Street WERRIBEE 3030
53314168447,280 MANOR LAKES Boulevard MANOR LAKES 3024
53314168463,272 MANOR LAKES Boulevard MANOR LAKES 3024
53314168514,94 UPLANDS Crescent WEIR VIEWS 3338
53314168538,4 STRUCTURAL Place CHARLEMONT 3217
53314168587,6 WETHERBY Circuit LARA 3212
53314168605,7 BAYBERRY Street ARMSTRONG CREEK 3217
53314168629,2 SWIFT Street CHARLEMONT 3217
53314168653,25 WHEAT Street DIGGERS REST 3427
53314168686,22 RONALD Street MADDINGLEY 3340
53314168760,10 BEAUTIDE Road TARNEIT 3029
53314168793,29 PEDIRKA Road TRUGANINA 3029
53314168827,15 PICTURE Street MAMBOURIN 3024
53314168851,11 PICTURE Street MAMBOURIN 3024
53314168876,7 CRICKET Circuit TARNEIT 3029
53314168892,35 ESMERALDA Avenue TARNEIT 3029
53314168991,68 DUTCHELM Avenue WERRIBEE 3030
53314169018,58 KAROL Street ALFREDTON 3350
53314169109,36 EUCALYPT Street ARMSTRONG CREEK 3217
53314169157,21 SCOPARIA Street CHARLEMONT 3217
53314169172,11 CHEPSTOW Street CRAIGIEBURN 3064
53314169207,3 ARCHDUKE Drive DEANSIDE 3336
53314169239,18 LIPARI Crescent DEANSIDE 3336
53314169288,138 WARATAH Road HUNTLY 3551
53314169306,36 SKIPTON Street LARA 3212
53314169338,13 ARMSTRONG Rise MADDINGLEY 3340
53314169362,21 KUMARA Drive MANOR LAKES 3024
53314169395,13 CORDYLINE Street MOUNT DUNEED 3217
53314169413,54 GYMEA Street MOUNT DUNEED 3217
53314169437,11 SURAT Way ROCKBANK 3335
53314169528,4 BEAUTIDE Road TARNEIT 3029
53314127809,11 NEWCASTLE Road ROCKBANK 3335
53314127823,7 TREGONING Street MADDINGLEY 3340
53314127849,10 ARRAN Street GISBORNE 3437
53314127872,12 PETTIGREW Street MAMBOURIN 3024
53314127908,14 CAVIAR Circuit AINTREE 3336
53314127930,12 BAYBERRY Street ARMSTRONG CREEK 3217
53314127956,16 BUTTERCUP Crescent ARMSTRONG CREEK 3217
53314127971,9 CARSWELL Street ARMSTRONG CREEK 3217
53314128006,44 BAELISH Drive CHARLEMONT 3217
53314128038,34 DEANSIDE Drive DEANSIDE 3336
53314128062,40 DEANSIDE Drive DEANSIDE 3336
53314128105,11 COWBOY Walk FRASER RISE 3336
53314128137,3 COWBOY Walk FRASER RISE 3336
53314128161,120 MAMIC Boulevard FRASER RISE 3336
53314128194,40 LEAHY Circuit GISBORNE 3437
53314128211,33 LUNAR Drive GREENVALE 3059
53314128251,17 DELAWARR Parade HUNTLY 3551
53314128292,7 PICTURE Street MAMBOURIN 3024
53314128310,3 PICTURE Street MAMBOURIN 3024
53314128334,31 RANGELAND Street MAMBOURIN 3024
53314128368,10 CABBAGE Street MICKLEHAM 3064
53314128383,21 DIGTREE Crescent MICKLEHAM 3064
53314128401,31 PYRUS Crescent MICKLEHAM 3064
53314128433,77 DRYLAND Boulevard MICKLEHAM 3064
53314128467,85 DRYLAND Boulevard MICKLEHAM 3064
53314128490,9 MYSTIC Street MOUNT DUNEED 3217
53314128532,16 DUROCHER Crescent TARNEIT 3029
53314128566,11 PUMP Street TARNEIT 3029
53314128599,23 PUMP Street TARNEIT 3029
53314128623,20 LANYON Crescent TARNEIT 3029
53314128649,4 ANDRIA Drive TARNEIT 3029
53314128665,42 DUNPHY Street TARNEIT 3029
53314128698,51 LUCANIA Crescent TARNEIT 3029
53314128722,21 CRANBERRY Crescent THORNHILL PARK 3335
53314128756,21 VINCENZA Avenue TRUGANINA 3029
53314128771,15 LAVINIA Avenue TRUGANINA 3029
53314128797,23 ATACAZO Avenue TRUGANINA 3029
53314174066,29 MASAYA Avenue TRUGANINA 3029
53314174099,19 CRUZ Road WINTER VALLEY 3358
53314174131,233 HORSESHOE BEND Road CHARLEMONT 3217
53314174165,42 SOCIAL Street TARNEIT 3029
53314174221,73 BLUEBOTTLE Parade ROCKBANK 3335
53314174306,19 SWIFT Street CHARLEMONT 3217
53314174338,21 CROTONE Avenue DEANSIDE 3336
53314174362,16 CURYO Street EYNESBURY 3338
53314174387,11 MERCURY Avenue FRASER RISE 3336
53314174405,14 ERIN Drive FRASER RISE 3336
53314174437,6 PACKINGTON Grove FRASER RISE 3336
53314163102,11 FALSTAFF Street FRASER RISE 3336
53314163126,17 FALSTAFF Street FRASER RISE 3336
53314163200,16 EYCKENS Road LUCAS 3350
53314163232,81 MESSENGER Parade LUCAS 3350
53314163299,32 MULLINS Way SUNBURY 3429
53314163317,11 BARCELONA Way TARNEIT 3029
53314163331,23 BEAUTIDE Road TARNEIT 3029
53314163365,56 OPULENT Boulevard TARNEIT 3029
53314163398,1 MONTEVERDE Street ARMSTRONG CREEK 3217
53314163422,7 GRANVILLE Street MANOR LAKES 3024
53314163448,12 LYDNEY Street WYNDHAM VALE 3024
53314163464,21 SUNPEAKS Street WINTER VALLEY 3358
53314163570,7 WORRALL Place SUNBURY 3429
53314163662,4 WARRUP Crescent BACCHUS MARSH 3340
53314163687,1 WINFRED Drive MAMBOURIN 3024
53314163713,4 BRIDOON Road TARNEIT 3029
53314163737,72 MORNINGSIDE Drive THORNHILL PARK 3335
53314163753,76 MORNINGSIDE Drive THORNHILL PARK 3335
53314163786,82 MORNINGSIDE Drive THORNHILL PARK 3335
53314163812,26 ATACAZO Avenue TRUGANINA 3029
53314163943,44 TIMETABLE Street MAMBOURIN 3024
53314163984,16 WILDCHERRY Street FRASER RISE 3336
53314164025,29 EUCALYPT Street ARMSTRONG CREEK 3217
53314164059,38 TIMETABLE Street MAMBOURIN 3024
53314164181,24 ASHTON Street BACCHUS MARSH 3340
53314164208,4 RYDER Street CHARLEMONT 3217
53314164222,36 WHEAT Street DIGGERS REST 3427
53314164256,25 KINGSTON Drive LARA 3212
53314164271,20 BENMORE Street MAMBOURIN 3024
53314164321,9 SABRO Street SUNBURY 3429
53314164355,24 GALIUM Road TARNEIT 3029
53314164388,42 EQUESTRIAN Street TARNEIT 3029
53314164406,33 PARKLEA Way THORNHILL PARK 3335
53314164420,79 TUFF Street WERRIBEE 3030
53314164454,59 NORTHSTOWE Crescent STRATHTULLOH 3338
53314164487,3 FURROW Street BROOKFIELD 3338
53314164513,28 PRIMROSE Drive WAURN PONDS 3216
53314169544,12 PINATUBO Street TRUGANINA 3029
53314169560,15 MASAYA Avenue TRUGANINA 3029
53314169593,34 TERRY Road WARRNAMBOOL 3280
53314169611,7 MURPHY Street WARRNAMBOOL 3280
53314169684,21 WHELAN Street ARMSTRONG CREEK 3217
53314169702,8 PEACHTREE Avenue DEANSIDE 3336
53314169750,6 BABINA Avenue MELTON SOUTH 3338
53314169783,30 BOLDISTON Crescent HUNTLY 3551
53314169819,141 NEWMARKET Road WERRIBEE 3030
53314169833,87 ELLIMATTA Road MAMBOURIN 3024
53314169859,4 GOSFIELD Drive WERRIBEE 3030
53314169882,33 MANNING Street ALTONA 3018
53314169966,34A MCGEACHIN Street LUCAS 3350
53314169981,49 GARDENVALE Avenue MAMBOURIN 3024
53314170018,7 LAUZET Way SUNBURY 3429
53314170073,13 CODRINGTON Street MELTON SOUTH 3338
53314170099,120 ESTUARY Boulevard LEOPOLD 3224
53314170117,42 BARRETT Street LANCEFIELD 3435
53314170149,36 BALLANRONG Road BONNIE BROOK 3335
53314170165,31 COWAL Street TRUGANINA 3029
53314170180,20 MIDPRIDE Street TARNEIT 3029
53314170215,14 MASTANI Way TARNEIT 3029
53314170239,21 RHEA Drive LEOPOLD 3224
53314170255,22 TEMPLETONIA Circuit MICKLEHAM 3064
53314170288,117 BROOKING Road GISBORNE 3437
53314170314,40 WHELAN Street ARMSTRONG CREEK 3217
53314170429,37 LOLLIPOP Crescent SUNBURY 3429
53314170453,22 HANRAHAN Street GISBORNE 3437
53314170486,28 FASCINATION Circuit AINTREE 3336
53314170504,32 FASCINATION Circuit AINTREE 3336
53314170528,36 FASCINATION Circuit AINTREE 3336
53314170552,42 FASCINATION Circuit AINTREE 3336
53314170635,13 ALCYONE Street ARMSTRONG CREEK 3217
53314170651,243 SINCLAIRS Road DEANSIDE 3336
53314170684,32 FRANCA Avenue FRASER RISE 3336
53314170702,12 PANNAL Way LARA 3212
53314170726,253 CUTHBERTS Road LUCAS 3350
53314170750,9 COMB Street MANOR LAKES 3024
53314170775,80 HANOVER Circuit MELTON SOUTH 3338
53314170825,78 BURRAWANG Loop MICKLEHAM 3064
53314170900,148 EVERLASTING Boulevard STRATHTULLOH 3338
53314170924,32 PERLINO Boulevard TARNEIT 3029
53314174453,115 PEAR Parade FRASER RISE 3336
53314174478,102 PEAR Parade FRASER RISE 3336
53314174504,77 WALLANGARA Boulevard HARKNESS 3337
53314174528,52 ARCHER Drive LARA 3212
53314174544,1 SOLERA Court MAIDEN GULLY 3551
53314174577,7 PEWTER Street MAMBOURIN 3024
53314174603,18 BENMORE Street MAMBOURIN 3024
53314174635,24 BENMORE Street MAMBOURIN 3024
53314174651,40 AQUAMARINE Drive MICKLEHAM 3064
53314174702,30 HAIRPIN Drive TARNEIT 3029
53314174734,7 PARADOXA Drive TARNEIT 3029
53314174783,27 YUCCA Street WYNDHAM VALE 3024
53314174801,36 GREYHOUND Drive WYNDHAM VALE 3024
53314174833,11 LONGBOARD Avenue TORQUAY 3228
53314174867,26 ARCHDUKE Drive DEANSIDE 3336
53314174890,225 SINCLAIRS Road DEANSIDE 3336
53314174966,66 GUTHRIE Drive MELTON SOUTH 3338
53314174981,2 BLOSSOM Drive MADDINGLEY 3340
53314175008,6 BLOSSOM Drive MADDINGLEY 3340
53314175030,12 BLOSSOM Drive MADDINGLEY 3340
53314175056,14 BUTTERNUT Street HARKNESS 3337
53314175107,18 CHEPSTOW Street CRAIGIEBURN 3064
53314175139,2 BELLAVISTA Crescent FRASER RISE 3336
53314175163,52 STAKES Boulevard MANOR LAKES 3024
53314175188,11 GOYDER Way TRUGANINA 3029
53314175261,9 CRUSADE Street TARNEIT 3029
53314175294,14 GANGUR Way FRASER RISE 3336
53314175312,18 GANGUR Way FRASER RISE 3336
53314175336,8 GANGUR Way FRASER RISE 3336
53314175443,12 RUMBEE Crescent TARNEIT 3029
53314175492,65 MESSARA Walk TRUGANINA 3029
53314175510,69 MESSARA Walk TRUGANINA 3029
53314175633,78 VILANA Drive SUNBURY 3429
53314175690,30 BLUEWATER Drive ARMSTRONG CREEK 3217
53314175718,42 COBUNGRA Road WEIR VIEWS 3338
53314175732,16 CHISWELL Avenue FRASER RISE 3336
53314164537,277 CUTHBERTS Road LUCAS 3350
53314164553,279 CUTHBERTS Road LUCAS 3350
53314164586,5 JACKEROO Street MANOR LAKES 3024
53314164644,10 OLDENBURG Drive BONNIE BROOK 3335
53314164660,22 DOLLARBIRD Drive DEANSIDE 3336
53314164685,5 JERRO Road EYNESBURY 3338
53314164727,8 CELERO Street HUNTLY 3551
53314164743,287 HOMESTEAD Drive LARA 3212
53314164769,11 ROBE Drive MOUNT DUNEED 3217
53314164792,17 SABRO Street SUNBURY 3429
53314164834,53 FOLIAGE Drive TARNEIT 3029
53314164868,66 SAMA Promenade TRUGANINA 3029
53314164891,30 PRIMROSE Drive WAURN PONDS 3216
53314164925,2 SHEOAK Court COLAC 3250
53314164941,56 WARHAWKE Road AINTREE 3336
53314164967,43 MONAVALE Drive MOUNT DUNEED 3217
53314164990,17 ZEST Street AINTREE 3336
53314165031,19 BIRCHWOOD Crescent BONNIE BROOK 3335
53314165065,50 DUNPHY Street TARNEIT 3029
53314207228,25 REDCRAZE Road BONNIE BROOK 3335
53314207252,22 CRANBROOK Way WERRIBEE 3030
53314207285,14 CRANBROOK Way WERRIBEE 3030
53314207369,35 BIRCHWOOD Crescent BONNIE BROOK 3335
53314207392,1298 PLUMPTON Road BONNIE BROOK 3335
53314207426,328 MARACANA Avenue MANOR LAKES 3024
53314207699,5 DOCK Walk ARMSTRONG CREEK 3217
53314207731,12 VILANA Drive SUNBURY 3429
53314207765,96 DUTCHELM Avenue WERRIBEE 3030
53314207798,83 ORLOV Street AINTREE 3336
53314207848,34 HANOVERIAN Street AINTREE 3336
53314207864,31 KARDINIA Street BONSHAW 3352
53314207897,20 BLYTHEN Road LUCAS 3350
53314208029,30 PICASSO Street WINTER VALLEY 3358
53314208045,56 GANSHA Street WEIR VIEWS 3338
53314170958,12 MOSMAN Circuit TARNEIT 3029
53314170981,18 MOSMAN Circuit TARNEIT 3029
53314171016,22 GALIUM Road TARNEIT 3029
53314171030,5 VARIA Street TARNEIT 3029
53314213242,39 BARCELONA Way TARNEIT 3029
53314213424,15 SALIX Way MICKLEHAM 3064
53314213440,14 REDGUM Court COLAC 3250
53314213466,227 SINCLAIRS Road DEANSIDE 3336
53314213671,5 PIMPINIO Street EYNESBURY 3338
53314213707,7 FOSSICKER Street FRASER RISE 3336
53314213739,13 FOSSICKER Street FRASER RISE 3336
53314213763,19 FOSSICKER Street FRASER RISE 3336
53314213788,12 LOMANDRA Drive GISBORNE 3437
53314213806,8 BRUSHTAIL Street LARA 3212
53314213961,18 PENNDALE Street TARNEIT 3029
53314213986,35 FARLEIGH Drive TARNEIT 3029
53314214003,19 SECHURA Road TRUGANINA 3029
53314214035,41 MINDIL Street ARMSTRONG CREEK 3217
53314214102,18 BAYBERRY Street ARMSTRONG CREEK 3217
53314214168,2 CARSWELL Street ARMSTRONG CREEK 3217
53314214232,19 MODULAR Street CHARLEMONT 3217
53314214299,87 COURTENAY Promenade FRASER RISE 3336
53314214331,17 COTSWOLD Street MAMBOURIN 3024
53314214365,42 AQUAMARINE Drive MICKLEHAM 3064
53314214422,136 EVERLASTING Boulevard STRATHTULLOH 3338
53314214464,6 MEESIA Way TARNEIT 3029
53314214497,8 STELLENBOSCH Street AINTREE 3336
53314214515,23 DRUM Street MAMBOURIN 3024
53314175964,71 MESSARA Walk TRUGANINA 3029
53314175989,17 PICASSO Street WINTER VALLEY 3358
53314176006,6 SHALLOW Road WEIR VIEWS 3338
53314176038,5 CARDRONA Way WINTER VALLEY 3358
53314176062,14 GOODENIA Street ARMSTRONG CREEK 3217
53314176113,75 GREYJOY Road CHARLEMONT 3217
53314176211,55 COLLETTE Circuit DEANSIDE 3336
53314176284,20 MORLEY Crescent HIGHTON 3216
53314176310,18 RHEA Drive LEOPOLD 3224
53314176342,25 ARDSLEY Street MANOR LAKES 3024
53314176375,20 INLET Drive MOUNT DUNEED 3217
53314176391,60 HURST Drive NEW GISBORNE 3438
53314176474,3 BELCONNEN Avenue STRATHTULLOH 3338
53314176524,165 EVERTON Road TARNEIT 3029
53314176540,28 DAWBIN Road TARNEIT 3029
53314176573,67 SLOOP Street TARNEIT 3029
53314176599,9 HILL Street TRUGANINA 3029
53314176617,94 CODRINGTON Road TRUGANINA 3029
53314176649,30 HAPPINESS Way WYNDHAM VALE 3024
53314176665,25 CHARLOTTE Street OAK PARK 3046
53314176680,27 CHARLOTTE Street OAK PARK 3046
53314176797,4 FELDSPAR Road TARNEIT 3029
53314176815,34 AMARYLLIS Avenue THORNHILL PARK 3335
53314176870,1B GLENO Court CARDIGAN 3352
53314176906,36 ESMERALDA Avenue TARNEIT 3029
53314176920,9 CAVIAR Circuit AINTREE 3336
53314176946,5 DUNOON Avenue CLIFTON SPRINGS 3222
53314176979,34 ALROSE Grove DEANSIDE 3336
53314219371,24 HUSTLING Street TARNEIT 3029
53312171157,11 HARRISON Rise DRYSDALE 3222
53312171180,6 HARRISON Rise DRYSDALE 3222
53314208136,18 ARCHDUKE Drive DEANSIDE 3336
53314208177,43 SOCIAL Street TARNEIT 3029
53314208202,65 ASHFORDBY Street BONNIE BROOK 3335
53314208275,8 MALKARI Circuit GREENVALE 3059
53314208341,4 KIREEP Street MAMBOURIN 3024
53314208418,18 WYMAR Circuit TARNEIT 3029
53314208517,14 DARKE Boulevard ROCKBANK 3335
53314208616,22 AQUAMARINE Drive MICKLEHAM 3064
53314208630,27 WHELAN Street ARMSTRONG CREEK 3217
53314208664,51 TABULA Road TARNEIT 3029
53314208697,18 RICEFLOWER Road BANNOCKBURN 3331
53314208715,9 ORANGE GLOW Road BROOKFIELD 3338
53314208747,16 HORSHAM Parade FYANSFORD 3218
53314208770,23 WINFRED Drive MAMBOURIN 3024
53314208814,47 STACEY Parade MOUNT COTTRELL 3024
53314208854,6 RAVI Road TARNEIT 3029
53314208887,14 LAVINIA Avenue TRUGANINA 3029
53314208913,2 PASCAL Way WYNDHAM VALE 3024
53314208961,12 ZAREM Road TARNEIT 3029
53314209011,44 NEWFOUNDLAND Circuit BONNIE BROOK 3335
53314209084,35 RAYNER Lane KENSINGTON 3031
53314209150,70B SHELTERBELT Avenue WEIR VIEWS 3338
53314209200,39 COFFEE ROCK Drive LEOPOLD 3224
53314209273,26 TERRY Road WARRNAMBOOL 3280
53314209365,4 MONA Circuit BURNSIDE 3023
53314209380,15 VARIA Street TARNEIT 3029
53314209596,8 DELHI Way WERRIBEE 3030
53314214638,70 COLTAN Avenue COBBLEBANK 3338
53314214695,7 SALENTO Street MOUNT DUNEED 3217
53314214737,12 DAWBIN Road TARNEIT 3029
53314214761,24 YUCCA Street WYNDHAM VALE 3024
53314214794,9 NARRAN Road TRUGANINA 3029
53314214903,7 WINFRED Drive MAMBOURIN 3024
53314214969,2 HALLIGAN Street LUCAS 3350
53314215033,15 TIMETABLE Street MAMBOURIN 3024
53314215059,13 TIMETABLE Street MAMBOURIN 3024
53314215074,11 TIMETABLE Street MAMBOURIN 3024
53314215100,3 TIMETABLE Street MAMBOURIN 3024
53314215173,25 KNOTTY Road BONNIE BROOK 3335
53314215230,14 WINSLET Road DEANSIDE 3336
53314215339,2 LILLYPILLY Street FRASER RISE 3336
53314215363,9 OVERALL Street LUCAS 3350
53314215406,6 KIREEP Street MAMBOURIN 3024
53314215438,74 DARWINIA Drive MICKLEHAM 3064
53314215495,42 LUCANIA Crescent TARNEIT 3029
53314215513,13 WYMAR Circuit TARNEIT 3029
53314215537,39 ESMERALDA Avenue TARNEIT 3029
53314215561,35 PRIYA Street WERRIBEE 3030
53314215604,10 TANE Street WYNDHAM VALE 3024
53314215636,14 BLACKWOOD Drive HUNTLY 3551
53314215711,4 RIBBONWOOD Road BONNIE BROOK 3335
53314215792,45 BONNYVIEW Road CRAIGIEBURN 3064
53314215810,53 COLLETTE Circuit DEANSIDE 3336
53314215842,61 COLLETTE Circuit DEANSIDE 3336
53314215901,48 WHARFEDALE Crescent LARA 3212
53314215941,53 CERBERUS Drive OCEAN GROVE 3226
53314219803,7 TIPPERARY Drive ROCKBANK 3335
53314219835,33 BILBERRY Circuit AINTREE 3336
53314219851,66 COLTAN Avenue COBBLEBANK 3338
53314219926,37 FARLEIGH Drive TARNEIT 3029
53314220019,19 FIELDIA Road TARNEIT 3029
53314220041,30 FIELDIA Road TARNEIT 3029
53314220140,21 AMALFI Parade DEANSIDE 3336
53314220438,15 MACARA Street SUNBURY 3429
53314220636,24 HACKAMORE Street TARNEIT 3029
53314220652,28 FIELDIA Road TARNEIT 3029
53314220677,3 HOIST Drive TARNEIT 3029
53314220784,8 RIPPLEVALE Road WINCHELSEA 3241
53314220802,14 DUNGENE Way THORNHILL PARK 3335
53314220982,8 IRONCAP Road MICKLEHAM 3064
53314221009,11 LENGLEY Street DEANSIDE 3336
53314209620,26 DELHI Way WERRIBEE 3030
53314209646,64 PETUNIA Avenue TARNEIT 3029
53314209662,78 PETUNIA Avenue TARNEIT 3029
53314209695,10 TREEMARTIN Street DEANSIDE 3336
53314209713,212 OLIVERS Road MICKLEHAM 3064
53314209737,36 POTALA Avenue BONNIE BROOK 3335
53314209761,17 RYNAS Way DIGGERS REST 3427
53314209786,18 PYRUS Crescent MICKLEHAM 3064
53314209860,232 MARACANA Avenue MANOR LAKES 3024
53314209903,54 FAWCETT Road LUCAS 3350
53314209927,7 TRAN Avenue DIGGERS REST 3427
53314209943,6 BILBERRY Circuit AINTREE 3336
53314209976,8 OPUS Street STRATHTULLOH 3338
53314210003,49 ORLOV Street AINTREE 3336
53314210035,47 ORLOV Street AINTREE 3336
53314210051,55 ORLOV Street AINTREE 3336
53314210076,57 ORLOV Street AINTREE 3336
53314210102,21 STELLAR Road BONNIE BROOK 3335
53314210134,1 NITRARIA Street MICKLEHAM 3064
53314210168,8 TAUPE Street WYNDHAM VALE 3024
53314210183,21 MERLE Crescent TRUGANINA 3029
53314210200,1 VOYAGE Street MOUNT DUNEED 3217
53314210232,215 FRONTIER Avenue AINTREE 3336
53314116828,37 KETTLEWELL Drive LARA 3212
53314116852,39 TEMPLETONIA Circuit MICKLEHAM 3064
53314116877,40 TEMPLETONIA Circuit MICKLEHAM 3064
53314116893,6 CABBAGE Street MICKLEHAM 3064
53314116927,45 KERALA Street ROCKBANK 3335
53314116943,75 BLACK SWAN Drive ST LEONARDS 3223
53314116969,4 MOSSIFACE Drive TARNEIT 3029
53314116992,25 RIPPLEVALE Road WINCHELSEA 3241
53314117073,33 KOSCIUSZKO Drive CRAIGIEBURN 3064
53314117099,9 BRAY Street DEANSIDE 3336
53314117123,15 NADEEN Road MAMBOURIN 3024
53314117180,32 ELMHURST Avenue AINTREE 3336
53314117207,38 ELMHURST Avenue AINTREE 3336
53314117221,42 ELMHURST Avenue AINTREE 3336
53314117255,48 ALLANSFORD Crescent ARMSTRONG CREEK 3217
53314117288,14 STALLION Court GREENVALE 3059
53314117314,22 DRAFT Street MANOR LAKES 3024
53314117338,10 FOXTAIL Street MOUNT DUNEED 3217
53314117405,30 KEYSTONE Drive SUNBURY 3429
53314117429,16 LANYON Crescent TARNEIT 3029
53314117453,3 ZAREM Road TARNEIT 3029
53314117478,20 CARMICHAEL Road WARRNAMBOOL 3280
53314216189,6 WINSLET Road DEANSIDE 3336
53314216220,2 WINSLET Road DEANSIDE 3336
53314074397,5 RAKIA Walk FRASER RISE 3336
53314074415,15 RAKIA Walk FRASER RISE 3336
53314074439,21 BALDWIN Road FRASER RISE 3336
53314074463,29 SPARROWHAWK Avenue LARA 3212
53314074488,18 WESTCOTT Drive LUCAS 3350
53314074538,4 CORDYLINE Street MOUNT DUNEED 3217
53314074595,48 APRICOT Circuit TARNEIT 3029
53314074613,10 STREAMLET Boulevard TARNEIT 3029
53314074637,5 YAMBULLA Street TARNEIT 3029
53314074661,24 AMIATA Drive TRUGANINA 3029
53314074694,21 ARIANNA Street WYNDHAM VALE 3024
53314074728,41 CRANBERRY Crescent THORNHILL PARK 3335
53314074760,4 DUNGENE Way THORNHILL PARK 3335
53314074793,40 EASTCASTLE Drive FRASER RISE 3336
53314074851,6 GUEST Street ARMSTRONG CREEK 3217
53314074876,37 SINCLAIRS Road DEANSIDE 3336
53314074892,43 SINCLAIRS Road DEANSIDE 3336
53314074968,6 CORDYLINE Street MOUNT DUNEED 3217
53314075032,1 BEETHISTLE Drive ROCKBANK 3335
53314075066,535 HOGANS Road TARNEIT 3029
53314075099,234 SEWELLS Road TARNEIT 3029
53314075157,25 SECHURA Road TRUGANINA 3029
53314075172,28 EDGEMEAD Rise WERRIBEE 3030
53314075207,7 MATTNICK Boulevard CHARLEMONT 3217
53314075247,16 SONIA Crescent GREENVALE 3059
53314075306,196 FARM Road WERRIBEE 3030
53314075320,136 OAKDEAN Boulevard OCEAN GROVE 3226
53314075395,25 MELALEUCA Street ARMSTRONG CREEK 3217
53314075429,51 SERENE Avenue ARMSTRONG CREEK 3217
53314075461,15 CASPIAN Street BONNIE BROOK 3335
53314075494,39 SINCLAIRS Road DEANSIDE 3336
53314075512,18 OSCAR Crescent DEANSIDE 3336
53314075536,26 THYME Crescent FRASER RISE 3336
53314075560,4 IVAN Way FRASER RISE 3336
53314075585,327 HOMESTEAD Drive LARA 3212
53314221108,14 BARDOT Way BURNSIDE 3023
53314221189,15 TREEMARTIN Street DEANSIDE 3336
53314221238,66 BANKS Drive DIGGERS REST 3427
53314221444,8 REGNER Drive SUNBURY 3429
53314221493,40 LANYON Crescent TARNEIT 3029
53314221642,16 STELLENBOSCH Street AINTREE 3336
53314221965,13 TURQUOISE Way MICKLEHAM 3064
53314222094,36 KENNING Road TARNEIT 3029
53314222160,21 LAMONGAN Rise TRUGANINA 3029
53314222193,66 DUTCHELM Avenue WERRIBEE 3030
53314222275,3 RHONE Avenue AINTREE 3336
53314222291,11 RHONE Avenue AINTREE 3336
53314222382,1 TRANQUIL Crescent COLAC 3250
53314080438,41 ANAHEIM Avenue HUNTLY 3551
53314080454,5 BULOKE Way LARA 3212
53312323323,17 MURPHY Street ALTONA NORTH 3025
53312361937,336-380 MCIVOR Highway JUNORTOUN 3551
53312361953,336-380 MCIVOR Highway JUNORTOUN 3551
53312369954,1 CURRAWONG Court TORQUAY 3228
53312451522,753 DUNCANS Road WERRIBEE 3030
53312251469,32 MOUNTVIEW Drive DIGGERS REST 3427
53312413507,97 VISTA Drive MELTON 3337
53312413539,97 VISTA Drive MELTON 3337
53312420394,6 BUNKERS Street MOOLAP 3224
53312453008,45901 COMMERCIAL Road CAROLINE SPRINGS 3023
53312453360,9 ANGLISS Street YARRAVILLE 3013
53312260353,34C HAVLIN Street BENDIGO 3550
53312260452,36C HAVLIN Street BENDIGO 3550
53312296902,1 POWERS Place EAGLEHAWK 3556
53312316592,3B MARYSTON Street YARRAVILLE 3013
53312298442,10 STELLING Drive LUCAS 3350
53312304894,156 SINCLAIR Street COLAC 3250
53312348859,2A MCGRATH Street CASTLEMAINE 3450
53312349352,133 MOONSTONE Circuit ST ALBANS 3021
53312305686,159 GREAVES Street WERRIBEE 3030
53312311495,46145 ROSS Street DARLEY 3340
53312311513,46145 ROSS Street DARLEY 3340
53312312351,16B POWELL Street OCEAN GROVE 3226
53312312658,28 CHARLES ANDERSON Grove LAKE GARDENS 3355
53312312673,29 CHARLES ANDERSON Grove LAKE GARDENS 3355
53312312749,32 CHARLES ANDERSON Grove LAKE GARDENS 3355
53312312772,33 CHARLES ANDERSON Grove LAKE GARDENS 3355
53312312963,41 CHARLES ANDERSON Grove LAKE GARDENS 3355
53312370756,2 MACHAIR Drive POINT COOK 3030
53312402581,3 EDGAR Street MOONEE PONDS 3039
53312403060,18 AYLESBURY Terrace WERRIBEE 3030
53312408860,64 HAVLIN Street QUARRY HILL 3550
53312416343,64 HAVLIN Street QUARRY HILL 3550
53312424361,37-39 PALL Mall BENDIGO 3550
53312257331,107 GORDON Street FOOTSCRAY 3011
53312417233,24 COUPLING Way GLENROY 3046
53312417267,29 COUPLING Way GLENROY 3046
53312300381,24 MAXWELL Street CARDIGAN 3352
53312258578,336-380 MCIVOR Highway JUNORTOUN 3551
53312264345,7 COUPLING Way GLENROY 3046
53312264378,14 COUPLING Way GLENROY 3046
53312264394,35 COUPLING Way GLENROY 3046
53312264412,17 COUPLING Way GLENROY 3046
53312264460,8 COUPLING Way GLENROY 3046
53312264485,4 COUPLING Way GLENROY 3046
53312264503,10 COUPLING Way GLENROY 3046
53312301843,405 ANAKIE Road LOVELY BANKS 3213
53312308879,18 NORMAN Street WARRNAMBOOL 3280
53312353478,326 GREENHALGHS Road DELACOMBE 3356
53312353560,336 MCIVOR Highway JUNORTOUN 3551
53312353585,336 MCIVOR Highway JUNORTOUN 3551
53312354641,336 MCIVOR Highway JUNORTOUN 3551
53312367099,74 GORDON Street NEWPORT 3015
53312448205,16 THE Rise PORTARLINGTON 3223
53312444501,104 MOREILLON Boulevard BANNOCKBURN 3331
53312449383,69A ROWAN Drive KEALBA 3021
53312329099,33 SPIKE BAR Way MOOLAP 3224
53312329117,31 SPIKE BAR Way MOOLAP 3224
53312291060,17 RESERVE Road GROVEDALE 3216
53313284046,28 SCHEFFLERA Street CRAIGIEBURN 3064
53313284145,10A GILL Street BELMONT 3216
53313284251,52 MULLINGAR Drive ALFREDTON 3350
53313284284,67 VERDALE Drive ALFREDTON 3350
53313284302,11 WINDMILL Avenue SUNBURY 3429
53313284459,31 GRAINGER Parade LUCAS 3350
53313284649,36A GADSDEN Street ALTONA NORTH 3025
53313284672,20 SASHA Crescent TRUGANINA 3029
53313284698,35 VANBURN Road TRUGANINA 3029
53313284716,21 ELMWOOD Street DEANSIDE 3336
53312293385,94 PALL Mall BENDIGO 3550
53313284815,27 EDMUND Drive BONSHAW 3352
53313284839,9 ROSALA Avenue ALTONA NORTH 3025
53313285143,4 BIPLANE Way DIGGERS REST 3427
53313285225,28 DOMA Drive TRUGANINA 3029
53313285274,18 HOLMAN Crescent BACCHUS MARSH 3340
53313285290,36 WIRELESS Drive AINTREE 3336
53313285449,2 SHAWFAIR Place STRATHTULLOH 3338
53313285498,4 DIATREME Street CRAIGIEBURN 3064
53313285670,14 CONONDALE Avenue TRUGANINA 3029
53313285706,116 RAILWAY Street ALTONA 3018
53313285805,8 NUTTALL Street MAMBOURIN 3024
53313285845,33 HILLSBOROUGH Walk CHARLEMONT 3217
53313285894,25 SLOCUM Road TARNEIT 3029
53313285944,25 MORELLO Way EPSOM 3551
53313286002,37 HILLSBOROUGH Walk CHARLEMONT 3217
53313286042,27 HILLSBOROUGH Walk CHARLEMONT 3217
53313286075,11 SONATA Street WYNDHAM VALE 3024
53313286133,45 GRAINGER Parade LUCAS 3350
53312425204,16 AYLESBURY Terrace WERRIBEE 3030
53312384341,5 RIX Street COBDEN 3266
53312344122,8 PUTTERS Street MOOLAP 3224
53312395793,7 PUTTERS Street MOOLAP 3224
53312395892,5 PUTTERS Street MOOLAP 3224
53312433263,12 HUNTINGDALE Drive MOOLAP 3224
53312433593,2 BUNKERS Street MOOLAP 3224
53312434619,8 RAFFLES Drive MOOLAP 3224
53312434641,3 DRIVER Street MOOLAP 3224
53312434674,8 DRIVER Street MOOLAP 3224
53312434700,7 BUNKERS Street MOOLAP 3224
53312434724,3 BUNKERS Street MOOLAP 3224
53312445697,99999 MOSSFIEL Drive HOPPERS CROSSING 3029
53312325610,102 OVERTON Road WILLIAMS LANDING 3027
53312287940,20A RAILWAY Street ALTONA 3018
53312293809,4 FRANCIS Street OAK PARK 3046
53312293831,4 FRANCIS Street OAK PARK 3046
53312295894,14 STELLING Drive LUCAS 3350
53312378450,336-380 MCIVOR Highway JUNORTOUN 3551
53312384608,56 WINDERMERE Way CARDIGAN 3352
53312385323,73 THE Rise PORTARLINGTON 3223
53312345871,4 HUNTINGDALE Drive MOOLAP 3224
53312380128,4 PUTTERS Street MOOLAP 3224
53312340130,100 OVERTON Road WILLIAMS LANDING 3027
53312348603,6 HUNTINGDALE Drive MOOLAP 3224
53312399515,199-203 UNION Road ASCOT VALE 3032
53312399646,27 TREETOP Drive CARDIGAN 3352
53313204879,33 TANZANITE Circuit CRAIGIEBURN 3064
53313204905,31 TANZANITE Circuit CRAIGIEBURN 3064
53313204945,14 CHERYL Crescent BELMONT 3216
53313205003,14 OULTON Street FAWKNER 3060
53313205084,35 TANZANITE Circuit CRAIGIEBURN 3064
53313205110,125 SMYTHES Road DELACOMBE 3356
53313205218,2 SAVANNAH Court DELACOMBE 3356
53313205232,15 ARNOLD Circuit CHARLEMONT 3217
53313205299,2 SUMMERS Court LANCEFIELD 3435
53313205365,44 NARADA Road TRUGANINA 3029
53313250790,27 ASPIRING Drive HUNTLY 3551
53313250899,34 JOURNEY Drive FRASER RISE 3336
53313250923,14 STONE PINE Court CONNEWARRE 3227
53313250949,4 LAVONA Street POINT COOK 3030
53313251039,3 TANBAR Street FRASER RISE 3336
53313251088,3 BROSNAN Crescent STRATHMORE 3041
53313251195,31 LAFLIN Avenue TARNEIT 3029
53313251369,28 KYEAMBA Circuit BACCHUS MARSH 3340
53313251541,22 WESTDAHL Street TRUGANINA 3029
53313251567,57 MOORE Way LUCAS 3350
53313251590,65 SWAN Boulevard WINTER VALLEY 3358
53313209746,8 EASTRIDGE Street GREENVALE 3059
53313209779,241 SOVEREIGN Drive MOUNT DUNEED 3217
53313209805,19 SILVEREYE Street KURUNJANG 3337
53313209952,10 SANDY Crescent INVERMAY PARK 3350
53313210111,11 ADLINGTON Avenue GREENVALE 3059
53313210233,6 MANNETT Street HAMILTON 3300
53313210282,142A ARVON Road STRATHMORE 3041
53313210318,13 PRINCESS Street COBURG NORTH 3058
53313210621,9 WATTLEBIRD Drive KURUNJANG 3337
53313210663,5 STUDENT Court MAMBOURIN 3024
53313210912,10 EREMAEA Road CRAIGIEBURN 3064
53313210960,5 EREMAEA Road CRAIGIEBURN 3064
53313210993,22 MURNONG Street LEOPOLD 3224
53313211026,34 MURNONG Street LEOPOLD 3224
53313240445,35 JOURNEY Drive FRASER RISE 3336
53313240833,23 BARTEK Street TARNEIT 3029
53313240859,4 DHALLA Street THORNHILL PARK 3335
53313240874,35 NARADA Road TRUGANINA 3029
53313240900,16 EASTRIDGE Street GREENVALE 3059
53313240932,7 NIKOLAOS Street SMYTHES CREEK 3351
53313241064,4 BLUEWREN Street KURUNJANG 3337
53313241097,30 FRAGRANT Crescent DIGGERS REST 3427
53313241139,6 THRIVE Crescent DIGGERS REST 3427
53313241205,39 BOLITHO Terrace MAIDEN GULLY 3551
53313241237,7 WESTDAHL Street TRUGANINA 3029
53313241278,27 NATAL Road TARNEIT 3029
53313241304,3 HORSESHOE Circuit BACCHUS MARSH 3340
53313245163,37 CLAREMONT Avenue ROCKBANK 3335
53313245188,41 CLAREMONT Avenue ROCKBANK 3335
53313245205,71 VALIANT Road SMYTHES CREEK 3351
53313245443,54 TRAFALGAR Street ALBANVALE 3021
53313245469,8 PRIMULA Street DIGGERS REST 3427
53313245633,5 LAXMAN Close ROCKBANK 3335
53313245718,39 KAMALA Drive TARNEIT 3029
53313245732,41 EREBUS Street KEILOR PARK 3042
53313245823,54A TRAFALGAR Street ALBANVALE 3021
53313246020,4 MURNANE Mews TRUGANINA 3029
53313246194,3 CANOBIE Street FRASER RISE 3336
53313246401,21 AVONBURY Drive ARMSTRONG CREEK 3217
53313246441,37 CODRINGTON Road TRUGANINA 3029
53313246474,46 ANTONIO Drive MELTON SOUTH 3338
53313251822,7 LIME Crescent DIGGERS REST 3427
53313251897,18 TROOPER Avenue SUNBURY 3429
53313251988,3 GODRICH Street SUNBURY 3429
53313252003,3 BANKSIA Walk MAIDSTONE 3012
53313252027,20 BELDI Street ALFREDTON 3350
53313252069,9 BANKSIA Walk MAIDSTONE 3012
53313252084,5 SECLUDED Place KANGAROO FLAT 3555
53313252102,15 BANKSIA Walk MAIDSTONE 3012
53313252134,19 BANKSIA Walk MAIDSTONE 3012
53313252150,4 SILVER OAK Way MOUNT DUNEED 3217
53313252309,9 THORN Road FRASER RISE 3336
53313252398,39 RIVERLEN Street MAIDSTONE 3012
53313252430,47 RIVERLEN Street MAIDSTONE 3012
53313252464,49 RIVERLEN Street MAIDSTONE 3012
53313252547,7 HOMELAND Way ARMSTRONG CREEK 3217
53313252563,10 HEATHCOTE Street MOUNT DUNEED 3217
53313252614,5B NORTH Street ARDEER 3022
53313252638,61 GIBSONS Circuit BONNIE BROOK 3335
53313252679,31 AQUIVER Terrace MINERS REST 3352
53313211217,10 LIMESTONE Street CHARLEMONT 3217
53313211356,13 CODRINGTON Road TRUGANINA 3029
53313211463,29 KAREN Road TARNEIT 3029
53313256905,8 JANTAR Way FRASER RISE 3336
53313257010,65 RESTFUL Way ROCKBANK 3335
53313257182,3 MAKEDONIA Street TARNEIT 3029
53313257298,20 COOK Road MELTON SOUTH 3338
53313257316,8 COLLIE Walk SUNBURY 3429
53313257348,32 JOURNEY Drive FRASER RISE 3336
53313257421,78 SHIRLEY Street ALTONA MEADOWS 3028
53313257447,18 COLLIE Walk SUNBURY 3429
53313257514,11 GREENPOINT Drive ROCKBANK 3335
53313257546,22 VIGNETTE Road DIGGERS REST 3427
53313257579,19 AVONBURY Drive ARMSTRONG CREEK 3217
53313257629,91 CALLAWAY Street MAMBOURIN 3024
53313257645,30 DOMINICO Street ST LEONARDS 3223
53313257661,9 BUD Street LARA 3212
53313257991,8 NIKOLAOS Street SMYTHES CREEK 3351
53313241435,104 NATURALISTE Way ARMSTRONG CREEK 3217
53313241492,8 REALM Walk TRUGANINA 3029
53313241568,4 RILEY Court BRAYBROOK 3019
53313096808,29 PADMA Boulevard TARNEIT 3029
53313096871,33 RUISLIP Avenue STRATHTULLOH 3338
53313097085,50 EAMES Avenue BROOKLYN 3012
53313097219,5 KANYA Avenue STRATHFIELDSAYE 3551
53313097564,10 THRIVE Crescent DIGGERS REST 3427
53313097720,32 LUGANO Avenue ALFREDTON 3350
53313247003,44 ANTONIO Drive MELTON SOUTH 3338
53313247035,19 ORIENTEERING Drive GREENVALE 3059
53313247092,7 JANTAR Way FRASER RISE 3336
53313247232,90 WANGOOM Road WARRNAMBOOL 3280
53313247273,21 HAMPI Drive FRASER RISE 3336
53313247372,27 NARADA Road TRUGANINA 3029
53313247448,22 WENTWORTH Court TORQUAY 3228
53313247507,18 LIME Crescent DIGGERS REST 3427
53313247654,16 REVERENCE Drive ROCKBANK 3335
53313253100,88 TOWNLEY Boulevard WERRIBEE 3030
53313253124,4 DOLWOOD Street MOUNT DUNEED 3217
53313253199,5 TOWERTREE Street TRUGANINA 3029
53313253248,41 FLANAGAN Street TARNEIT 3029
53313253264,16 BLACKWOOD Road LARA 3212
53313253396,69 WATER Street BROWN HILL 3350
53313253612,37 RIVERLEN Street MAIDSTONE 3012
53313253735,27 WORN Road CHARLEMONT 3217
53313108966,12 OPAL Street ALFREDTON 3350
53313109253,52 MOONAH Circuit LARA 3212
53313109492,49 WOODSWALLOW Entrance SUNSHINE NORTH 3020
53313109542,43 RESTFUL Way ROCKBANK 3335
53313286209,59 DANDELION Crescent ROCKBANK 3335
53313286231,14 VENICE Drive WINTER VALLEY 3358
53313286330,5 ELMWOOD Street DEANSIDE 3336
53313286447,5 STUDLEY Street MAIDSTONE 3012
53313286470,89 CALLAGHAN Street EPSOM 3551
53313286506,35 HILLSBOROUGH Walk CHARLEMONT 3217
53313286605,77 WATERS Drive SEAHOLME 3018
53313286777,3 MARTIN Street AINTREE 3336
53313286827,9 MARTIN Street AINTREE 3336
53313286843,20 SUMAR Drive CRAIGIEBURN 3064
53313286950,35 RESPECT Way TARNEIT 3029
53313286975,650 HOGANS Road TARNEIT 3029
53313139399,54-58 SYNNOT Street WERRIBEE 3030
53313139465,26 ARGYLL Drive JUNORTOUN 3551
53313139516,108A PARER Road AIRPORT WEST 3042
53313139530,85 LUGANO Avenue ALFREDTON 3350
53313139564,11 ORIENTEERING Drive GREENVALE 3059
53313139696,2 MILLEARA Road KEILOR EAST 3033
53313139714,2 MILLEARA Road KEILOR EAST 3033
53313139738,2 MILLEARA Road KEILOR EAST 3033
53313139762,2 MILLEARA Road KEILOR EAST 3033
53313139787,2 MILLEARA Road KEILOR EAST 3033
53313139894,17 BICKERTON Street WERRIBEE 3030
53313139912,40 JUSTIN Avenue GLENROY 3046
53313139936,40 JUSTIN Avenue GLENROY 3046
53313098101,12 MARJORY Street FAWKNER 3060
53313098159,232 BULMANS Road MELTON WEST 3337
53313098330,15 DEBUT Avenue TARNEIT 3029
53313098356,60 ALCOCK Road TRUGANINA 3029
53313098470,4 CORONADO Crescent TRUGANINA 3029
53313099018,1 FLAUBERT Road CRAIGIEBURN 3064
53313099073,134 WOODSWALLOW Entrance SUNSHINE NORTH 3020
53313099099,130 WOODSWALLOW Entrance SUNSHINE NORTH 3020
53313103082,8 HONEY EATER Drive WINTER VALLEY 3358
53313103118,23 SANDPIPER Avenue WINTER VALLEY 3358
53313103321,5 MASAYA Avenue TRUGANINA 3029
53313103355,23 WARRIGAL Drive AINTREE 3336
53313103677,15 BOURNE Boulevard DENNINGTON 3280
53313103711,20 BROWNLEE Boulevard WINTER VALLEY 3358
53313103743,7 SANDPIPER Avenue WINTER VALLEY 3358
53313103810,38 LUGANO Avenue ALFREDTON 3350
53313103868,155A LANDELLS Road PASCOE VALE 3044
53313103990,17 ABERDEEN Drive JUNORTOUN 3551
53313104031,10 SHEOAK Street EPSOM 3551
53313104394,37 EREBUS Street KEILOR PARK 3042
53313109568,9 WOODSWALLOW Entrance SUNSHINE NORTH 3020
53313109591,7 WOODSWALLOW Entrance SUNSHINE NORTH 3020
53313109625,15 WOODSWALLOW Entrance SUNSHINE NORTH 3020
53313109659,13 WOODSWALLOW Entrance SUNSHINE NORTH 3020
53313109674,89 TOWNLEY Boulevard WERRIBEE 3030
53313109690,5 WOODSWALLOW Entrance SUNSHINE NORTH 3020
53313109809,33 WOODSWALLOW Entrance SUNSHINE NORTH 3020
53313109823,27 WOODSWALLOW Entrance SUNSHINE NORTH 3020
53313109857,39 WOODSWALLOW Entrance SUNSHINE NORTH 3020
53313109898,10A BROOK Drive ALTONA 3018
53313109964,5 CHERISH Drive TARNEIT 3029
53313110147,14 FISHER Grove TULLAMARINE 3043
53313110170,27 MAIR Street BALLARAT CENTRAL 3350
53313110344,16 BARINA Road OAK PARK 3046
53313110360,16 BARINA Road OAK PARK 3046
53313110435,97 OGILVIE Street ESSENDON 3040
53313110484,33 HELENIC Drive GREENVALE 3059
53313110502,8 ASPIRING Drive HUNTLY 3551
53313110583,30 HOWKINS Avenue WINTER VALLEY 3358
53313110682,25 TAO Circuit GREENVALE 3059
53313110740,34 HOLLYHOKE Drive MADDINGLEY 3340
53313140259,3 ENCHANTED Road FRASER RISE 3336
53313140274,19 ALTO Crescent GREENVALE 3059
53313140530,15 CASSINIA Court CANADIAN 3350
53313140564,4 BOURNE Boulevard DENNINGTON 3280
53313140813,63 CALLISTEMON Circuit LARA 3212
53313140845,25 BRIGHTON Rise MADDINGLEY 3340
53313140886,180A GEELONG Road FOOTSCRAY 3011
53313140977,30 ALEXANDRA Street PASCOE VALE 3044
53313140993,30 ALEXANDRA Street PASCOE VALE 3044
53313141010,7 MIDGARD Road WEIR VIEWS 3338
53313141249,10 PATRICIA Street WARRNAMBOOL 3280
53313141415,50 WARATAH Avenue TULLAMARINE 3043
53313145579,5 DYER Way MADDINGLEY 3340
53313145752,16 VEDA Street WERRIBEE 3030
53313145827,6 ALEGRA Street BALLAN 3342
53313145926,8 LONGAN Street TRUGANINA 3029
53313146198,7 QUINN Street MADDINGLEY 3340
53313146395,36 BRENTHAM Crescent WERRIBEE 3030
53313104436,41 DEAKIN Avenue ALTONA NORTH 3025
53313104493,21 TELOPEA Road CRAIGIEBURN 3064
53313104759,18 BEATTIE Court COLAC 3250
53313104782,25 LUGANO Avenue ALFREDTON 3350
53313104949,8 KNIGHT Street MADDINGLEY 3340
53313104965,6 CASSINIA Court CANADIAN 3350
53313105204,16 EAGLEVIEW Place BANNOCKBURN 3331
53313105277,14 TELOPEA Road CRAIGIEBURN 3064
53313105351,68 CALLISTEMON Circuit LARA 3212
53313105402,34 BRENTHAM Crescent WERRIBEE 3030
53313105475,414 MAIN Road ST ALBANS 3021
53313105491,414 MAIN Road ST ALBANS 3021
53313105618,15 TULLOCH Street DEER PARK 3023
53313105632,15 TULLOCH Street DEER PARK 3023
53313105658,8 NORTHAM Street MAMBOURIN 3024
53313151495,6 WESTDAHL Street TRUGANINA 3029
53313110989,55 WOODSWALLOW Entrance SUNSHINE NORTH 3020
53313111161,28A ADENEY Street YARRAVILLE 3013
53313111211,10 BROOK Drive ALTONA 3018
53313111482,67 CALLISTEMON Circuit LARA 3212
53313111609,66 CALLISTEMON Circuit LARA 3212
53313111649,110 WOODSWALLOW Entrance SUNSHINE NORTH 3020
53313111672,56 CALLISTEMON Circuit LARA 3212
53313111730,10 RUDHALL Street MADDINGLEY 3340
53313111756,9 KANYA Avenue STRATHFIELDSAYE 3551
53313157292,29 ABBOTSWICK Circuit WILLIAMS LANDING 3027
53313157375,47 MOORE Way LUCAS 3350
53313157474,9 MURCOTT Road MADDINGLEY 3340
53313157665,23 ECLAIR Street MANOR LAKES 3024
53313157708,11 MELIA Street ROMSEY 3434
53313157756,3 MURCOTT Road MADDINGLEY 3340
53313141629,121 SHORTRIDGE Drive LUCAS 3350
53313141843,7 FIRST Avenue STRATHMORE 3041
53313141934,53 CALLISTEMON Circuit LARA 3212
53313141983,23 CALLISTEMON Circuit LARA 3212
53313142008,41 CALLISTEMON Circuit LARA 3212
53313142107,10 STANLAKE Street FOOTSCRAY 3011
53313142121,10 STANLAKE Street FOOTSCRAY 3011
53313142147,10 STANLAKE Street FOOTSCRAY 3011
53313142205,7A FIRST Avenue STRATHMORE 3041
53313187456,50 ASPIRING Drive HUNTLY 3551
53313187539,63 CALLAWAY Street MAMBOURIN 3024
53313187606,26 HOLMAN Crescent BACCHUS MARSH 3340
53313187679,3 NABRO Street TRUGANINA 3029
53313187737,4 DESMOND Street LUCAS 3350
53313146536,7 PADMA Boulevard TARNEIT 3029
53313146560,9 PARROT Street WINTER VALLEY 3358
53313146692,19 MOONAH Circuit LARA 3212
53313146859,14 STROLL Lane FRASER RISE 3336
53313146874,18 STROLL Lane FRASER RISE 3336
53313147212,27 EDDY Crescent TARNEIT 3029
53313147244,10 STROLL Lane FRASER RISE 3336
53313147277,2 STROLL Lane FRASER RISE 3336
53313147311,12 STROLL Lane FRASER RISE 3336
53313147343,10 LEE Road LUCAS 3350
53313147384,8 STROLL Lane FRASER RISE 3336
53313147525,9 ABBOTSWICK Circuit WILLIAMS LANDING 3027
53313147681,5 BLACKWOOD Road LARA 3212
53313147723,78 WIRELESS Drive AINTREE 3336
53313147757,88 WIRELESS Drive AINTREE 3336
53313147822,17 HOLLYHOKE Drive MADDINGLEY 3340
53313147939,6 WITHERS Street HUNTLY 3551
53313151553,11 HOLLYHOKE Drive MADDINGLEY 3340
53313151685,25 HALLCROFT Road GREENVALE 3059
53313151883,43 HONOUR Avenue WINTER VALLEY 3358
53313151974,73 VINCENT Street OAK PARK 3046
53313152277,40 CHERISH Drive TARNEIT 3029
53313152410,43 NELSON Avenue ALTONA MEADOWS 3028
53313152699,36 CHERISH Drive TARNEIT 3029
53313158274,10 SERGEANT Walk BRAYBROOK 3019
53313158300,84 ROYAL Road BRAYBROOK 3019
53313158332,9 SERGEANT Walk BRAYBROOK 3019
53313158373,7 INVENTORY Walk BRAYBROOK 3019
53313158409,2 INVENTORY Walk BRAYBROOK 3019
53313158423,92 ROYAL Road BRAYBROOK 3019
53313158449,9 INVENTORY Walk BRAYBROOK 3019
53313158571,7 SERGEANT Walk BRAYBROOK 3019
53313158607,88 ROYAL Road BRAYBROOK 3019
53313158621,13 DHALLA Street THORNHILL PARK 3335
53313158647,1 COLE Street BRAYBROOK 3019
53313158706,23 ASPIRING Drive HUNTLY 3551
53313158779,8 GIBSON Way MADDINGLEY 3340
53313159068,26 BLACKWOOD Road LARA 3212
53313159125,6 NESTOR Place JACKASS FLAT 3556
53313159159,1 LUXFORD Court STRATHDALE 3550
53313159223,222 SOVEREIGN Drive MOUNT DUNEED 3217
53313159316,1 APPLE GUM Circuit BELLBRAE 3228
53313159330,10 APPLE GUM Circuit BELLBRAE 3228
53313159371,5 RUSTY Rise BROWN HILL 3350
53313187753,18 FAWKNER Road PASCOE VALE 3044
53313187786,18 FAWKNER Road PASCOE VALE 3044
53313187844,33 TREMAIN Drive LUCAS 3350
53313187860,33 TREMAIN Drive LUCAS 3350
53313187911,6 ANDERSON Road SUNBURY 3429
53313187943,42522 ANDERSON Road SUNBURY 3429
53313187976,1 LANA Drive JACKASS FLAT 3556
53313188199,2 LANA Drive JACKASS FLAT 3556
53313188264,31 EREBUS Street KEILOR PARK 3042
53313188339,9 CHATEAU Way MOUNT DUNEED 3217
53313188414,10 CHATEAU Way MOUNT DUNEED 3217
53313188495,21 BOURNE Boulevard DENNINGTON 3280
53313188545,5 TAWNY Court LARA 3212
53313188652,25 BLACKWOOD Road LARA 3212
53313188727,42522 ANDERSON Road SUNBURY 3429
53313188743,42522 ANDERSON Road SUNBURY 3429
53313188792,33 TREMAIN Drive LUCAS 3350
53313188810,33 TREMAIN Drive LUCAS 3350
53313189031,28 ALCOCK Road TRUGANINA 3029
53313189065,45 CALLISTEMON Circuit LARA 3212
53313148061,79 MCINTOSH Street AIRPORT WEST 3042
53313148136,4 ORMOND Street PASCOE VALE 3044
53313148202,31 LYTTON Street GLENROY 3046
53313148291,43 REARDON Crescent ST LEONARDS 3223
53313148382,1 GAP Road RIDDELLS CREEK 3431
53313148424,5 MADELEINE Road BROWN HILL 3350
53313148517,5 MOONAH Circuit LARA 3212
53313148565,71 ABBOTSWICK Circuit WILLIAMS LANDING 3027
53313193388,28 REARDON Crescent ST LEONARDS 3223
53313193628,26 RANCE Road DELACOMBE 3356
53313193693,11 THEMEDA Avenue LARA 3212
53313193751,33 SURROUND Drive MAMBOURIN 3024
53313193792,5 KIDMAN Street YARRAVILLE 3013
53313153136,45 TELOPEA Road CRAIGIEBURN 3064
53313153291,13 LUXFORD Court STRATHDALE 3550
53313153390,16 MITCHELL Street BELMONT 3216
53313153499,27 BARTEK Street TARNEIT 3029
53313153517,9 DISTINCTIVE Drive ROCKBANK 3335
53313153616,26A KANOWNA Street WILLIAMSTOWN 3016
53313153648,24A KANOWNA Street WILLIAMSTOWN 3016
53313153689,10 DIRECTIONS Drive GREENVALE 3059
53313153905,23 SILVEREYE Street KURUNJANG 3337
53313153945,5 QUINN Street MADDINGLEY 3340
53313153961,7 FALLON Street AINTREE 3336
53313154011,7 CLEAR Drive TARNEIT 3029
53313154102,30 PONY Drive GREENVALE 3059
53313154309,28 KANOWNA Street WILLIAMSTOWN 3016
53313154331,1B WOODVALE Grove ESSENDON 3040
53313154357,23 STATION Street NORLANE 3214
53313159744,4 GALLAXUS Avenue WYNDHAM VALE 3024
53313159851,33 CODRINGTON Road TRUGANINA 3029
53313159934,1 STRATUS Street TARNEIT 3029
53313159968,7 HEATHCOTE Street MOUNT DUNEED 3217
53313160068,22 HOLLYHOKE Drive MADDINGLEY 3340
53313160133,20 PELICAN Drive WINTER VALLEY 3358
53313160280,23 DALE Avenue PASCOE VALE 3044
53313160371,124 ESSEX Street PASCOE VALE 3044
53313160397,124 ESSEX Street PASCOE VALE 3044
53313205606,38 NARADA Road TRUGANINA 3029
53313205695,43A ST LEONARDS Road ASCOT VALE 3032
53313205786,5 SPREE Street TARNEIT 3029
53313205812,3 SPREE Street TARNEIT 3029
53313189262,8 TOSCANA Street TRUGANINA 3029
53313189485,239 SOVEREIGN Drive MOUNT DUNEED 3217
53313189569,70 SHORTRIDGE Drive LUCAS 3350
53313189668,11 DYER Way MADDINGLEY 3340
53313189725,6 SUFFOLK Street CURLEWIS 3222
53313189873,25 KATRINA Drive BURNSIDE HEIGHTS 3023
53313190023,6 GUDDI Court GREENVALE 3059
53313190206,5 THEMEDA Avenue LARA 3212
53313190305,26 GREAVES Avenue DEANSIDE 3336
53313190337,8 FLANNERY Circuit CHARLEMONT 3217
53313235909,30 BOURNE Boulevard DENNINGTON 3280
53313236007,7 COLT Mews TRUGANINA 3029
53313194206,18 JULES Street ST LEONARDS 3223
53313194337,7 SUMMERS Court LANCEFIELD 3435
53313194460,2 ESTHER Mews GREENVALE 3059
53313194543,17 COOLBINIA Avenue WERRIBEE 3030
53313194642,19 WARWARICK Court LEOPOLD 3224
53313194818,3 CARMICHAEL Road WARRNAMBOOL 3280
53313194899,7 AMOS Court OCEAN GROVE 3226
53313194980,22 GREAVES Avenue DEANSIDE 3336
53313195007,12 RUSTY Rise BROWN HILL 3350
53313195088,1205 NORMAN Street WENDOUREE 3355
53313195146,44 ULM Street LAVERTON 3028
53313195311,105 WILLOBY Drive ALFREDTON 3350
53313195402,5 SCAEVOLA Road CRAIGIEBURN 3064
53313195475,84 CONNAUGHT Road TARNEIT 3029
53313195501,78 CONNAUGHT Road TARNEIT 3029
53313195559,5 ABU Road TRUGANINA 3029
53313195574,76 CONNAUGHT Road TARNEIT 3029
53313199510,7 WATTLEBIRD Drive KURUNJANG 3337
53313199601,11 MULLINGAR Drive ALFREDTON 3350
53313199659,1A WOODVALE Grove ESSENDON 3040
53313199682,60 TANZANITE Circuit CRAIGIEBURN 3064
53313199718,52 TANZANITE Circuit CRAIGIEBURN 3064
53313199732,46 TANZANITE Circuit CRAIGIEBURN 3064
53313199758,44 TANZANITE Circuit CRAIGIEBURN 3064
53313199781,39 HONOUR Avenue WINTER VALLEY 3358
53313199898,61 ISLA Avenue GLENROY 3046
53313199922,61 ISLA Avenue GLENROY 3046
53313200104,6 HELENIC Drive GREENVALE 3059
53313200136,14 SCHEFFLERA Street CRAIGIEBURN 3064
53313200572,9 WINDMILL Avenue SUNBURY 3429
53313200608,6 JERNIGAN Road TARNEIT 3029
53313200664,40 MARXSEN Parade LUCAS 3350
53313200739,28 DAGLISH Way WERRIBEE 3030
53313200806,1 COOLBINIA Avenue WERRIBEE 3030
53313205951,10 ABBOTSWICK Circuit WILLIAMS LANDING 3027
53313206059,36 FRESHBROOK Avenue TRUGANINA 3029
53313206289,28 COATS Street MOONEE PONDS 3039
53313206307,26 COATS Street MOONEE PONDS 3039
53313206321,22 COATS Street MOONEE PONDS 3039
53313206388,9 MURNONG Street LEOPOLD 3224
53313206677,8 BLIGH Street CHARLEMONT 3217
53313206776,1 HOWARD Road THORNHILL PARK 3335
53313206868,32 GIBSONS Circuit BONNIE BROOK 3335
53313206891,14 SILVER OAK Way MOUNT DUNEED 3217
53313206959,29 BOWENIA Avenue CRAIGIEBURN 3064
53313206974,1 THACKER Court CARDIGAN 3352
53313206990,6 THORN Road FRASER RISE 3336
53313207089,6 NATURALISTE Way ARMSTRONG CREEK 3217
53313236106,26 KOOMBA Crescent GREENVALE 3059
53313236483,8 TARRNOOK Drive STRATHFIELDSAYE 3551
53313236541,38 WALDOCK Way WARRNAMBOOL 3280
53313236808,1 TRIFT Street CRAIGIEBURN 3064
53313236822,47 MARY Drive ALFREDTON 3350
53313236897,7 NYMAN Circuit TARNEIT 3029
53313236915,7 BLIGH Street CHARLEMONT 3217
53313236947,47 FLANNERY Circuit CHARLEMONT 3217
53313236963,31 TOWNLEY Boulevard WERRIBEE 3030
53313236988,14 JANSON Street MAIDSTONE 3012
53313237012,14 JANSON Street MAIDSTONE 3012
53313237044,4 RAILWAY Parade SOLDIERS HILL 3350
53313237111,2 RESIN Street MAMBOURIN 3024
53313237143,81 WIRELESS Drive AINTREE 3336
53313237176,83 WIRELESS Drive AINTREE 3336
53313237332,21 PENVER Drive COBBLEBANK 3338
53313195632,61 SWAN Boulevard WINTER VALLEY 3358
53313195709,74 CONNAUGHT Road TARNEIT 3029
53313195856,80 CONNAUGHT Road TARNEIT 3029
53313195915,24 BLACKWOOD Road LARA 3212
53313195963,5 MELIA Street ROMSEY 3434
53313196013,6 GIGGS Street DEANSIDE 3336
53313196094,61 MOUNT PLEASANT Road BELMONT 3216
53313196112,9 GOLDSTRAW Esplanade WARRNAMBOOL 3280
53313241732,13 SHADOWBOX Court SUNSHINE NORTH 3020
53313241766,15 SHADOWBOX Court SUNSHINE NORTH 3020
53313241781,11 SHADOWBOX Court SUNSHINE NORTH 3020
53313241809,1 SHADOWBOX Court SUNSHINE NORTH 3020
53313241831,39 AURICH Street WEIR VIEWS 3338
53313241948,23 KAMALA Drive TARNEIT 3029
53313242052,27 HONOUR Avenue WINTER VALLEY 3358
53313242103,27 TREMAIN Drive LUCAS 3350
53313242340,13 MURCOTT Road MADDINGLEY 3340
53313242373,1 MALTA Road CRAIGIEBURN 3064
53313200986,72 COLE Street BRAYBROOK 3019
53313201175,14 GOLDSTRAW Esplanade WARRNAMBOOL 3280
53313201200,11 GOLDSTRAW Esplanade WARRNAMBOOL 3280
53313201258,6 EDGAR Street HADFIELD 3046
53313201281,45 COSMOS Street GLENROY 3046
53313201422,22 CALLISTEMON Circuit LARA 3212
53313201555,11 HELENIC Drive GREENVALE 3059
53313201713,34 MCINTOSH Road ALTONA NORTH 3025
53313201761,3 ADRIANUS Street ALFREDTON 3350
53313201786,23 PARKFIELD Boulevard CHARLEMONT 3217
53313201812,5 ADRIANUS Street ALFREDTON 3350
53313201852,24 BELDI Street ALFREDTON 3350
53313202057,31 PARKFIELD Boulevard CHARLEMONT 3217
53313202108,8 MURCOTT Road MADDINGLEY 3340
53313202262,5A HAYDEN Crescent ALBION 3020
53313207385,34 VANBURN Road TRUGANINA 3029
53313207492,29 KAMALA Drive TARNEIT 3029
53313207526,10 LABICHEA Street CRAIGIEBURN 3064
53313207542,20 ARCADIA Drive WEIR VIEWS 3338
53313207674,5 KILKENNY Drive ALFREDTON 3350
53313207809,38 CLAUDIA Crescent KURUNJANG 3337
53313207849,20 RANCE Road DELACOMBE 3356
53313207880,3 HEATHCOTE Street MOUNT DUNEED 3217
53313208203,5 ALTO Crescent GREENVALE 3059
53313208310,32 ASPIRING Drive HUNTLY 3551
53313208459,16 WENLYAN Drive GREENVALE 3059
53313208474,33 PLOUGH Drive CURLEWIS 3222
53313253868,87 NATURALISTE Way ARMSTRONG CREEK 3217
53313253891,5 LUXFORD Court STRATHDALE 3550
53313253967,15 CORONADO Crescent TRUGANINA 3029
53313253990,68 HILLVIEW Road GREENVALE 3059
53313237621,24 WHITE GUM Way WINTER VALLEY 3358
53313237805,4 RAILWAY Parade SOLDIERS HILL 3350
53313237837,4 RAILWAY Parade SOLDIERS HILL 3350
53313237861,12 THEMEDA Avenue LARA 3212
53313237886,36 COOK Road MELTON SOUTH 3338
53313238026,18 WESTDAHL Street TRUGANINA 3029
53313238042,11 CONIFER Street ARMSTRONG CREEK 3217
53313238091,2 RESIN Street MAMBOURIN 3024
53313238174,27 CHURCHILL Street GLENROY 3046
53313238190,27 CHURCHILL Street GLENROY 3046
53313238223,32 CHURCHILL Street GLENROY 3046
53313238298,34 ARGYLL Drive JUNORTOUN 3551
53313238439,45 ADELONG Way BACCHUS MARSH 3340
53313238520,34 DIANCHI Drive WYNDHAM VALE 3024
53313238546,26 DIANCHI Drive WYNDHAM VALE 3024
53313238613,112 BRIGHTVALE Boulevard WYNDHAM VALE 3024
53313287023,17 BELDI Street ALFREDTON 3350
53313287080,203 HUMMINGBIRD Boulevard TARNEIT 3029
53313287122,12 LEE Road LUCAS 3350
53313242431,45 BOWENIA Avenue CRAIGIEBURN 3064
53313242655,22 HOLLYWOOD Drive ROXBURGH PARK 3064
53313242688,22 HOLLYWOOD Drive ROXBURGH PARK 3064
53313242714,72 DAWLEY Circuit WERRIBEE 3030
53313242993,26 ROCHFORD Way MELTON SOUTH 3338
53313243010,16 COOLBINIA Avenue WERRIBEE 3030
53313243034,3 CENTINELA Street TARNEIT 3029
53313243101,184 LICENSE Road DIGGERS REST 3427
53313243159,5 LONGTOWN Road THORNHILL PARK 3335
53313243231,15 MOONAH Circuit LARA 3212
53313243356,3 HENLIX Court MOUNT CLEAR 3350
53313243371,12 LONGAN Street TRUGANINA 3029
53313243407,9 NIKOLAOS Street SMYTHES CREEK 3351
53313243421,73 STRATUS Street TARNEIT 3029
53313243562,49 SWAN Boulevard WINTER VALLEY 3358
53313243613,16 PRIMULA Street DIGGERS REST 3427
53313243811,18 ANGHOR Drive FRASER RISE 3336
53313243835,35 SHADOWBOX Court SUNSHINE NORTH 3020
53313247753,18 OMAR Street MAIDSTONE 3012
53313247786,18 OMAR Street MAIDSTONE 3012
53313248082,15 SANDPIPER Avenue WINTER VALLEY 3358
53313248230,12 FANTAIL Street WINTER VALLEY 3358
53313248307,5 WATTLEBIRD Drive KURUNJANG 3337
53313248339,16 CEDAR Road LARA 3212
53313248355,37A BOTANICAL Drive LARA 3212
53313248414,54 EAGLEBAY Road ARMSTRONG CREEK 3217
53313248513,17 BLACKWOOD Road LARA 3212
53313248545,4 MACFARLANE Street TORQUAY 3228
53313248578,58 RESTFUL Way ROCKBANK 3335
53313248919,8 BALDOCK Lane GEELONG 3220
53313249164,27 HOMAGE Avenue FRASER RISE 3336
53313254080,6 ASTRONOMY Street GREENVALE 3059
53313254108,10 ASTRONOMY Street GREENVALE 3059
53313254130,124 COMPASS Drive GREENVALE 3059
53313254164,122 COMPASS Drive GREENVALE 3059
53313254206,29 SPURLING Street MAIDSTONE 3012
53313254246,29 SPURLING Street MAIDSTONE 3012
53313254313,73 HUBERT Avenue GLENROY 3046
53313254337,73 HUBERT Avenue GLENROY 3046
53313254428,20 FARRIER Road WYNDHAM VALE 3024
53313254741,43 KAMALA Drive TARNEIT 3029
53313254774,14 NYMAN Circuit TARNEIT 3029
53313254949,656 HOGANS Road TARNEIT 3029
53313255047,6 PALMYRA Street GREENVALE 3059
53313255311,13 CURRUMBIN Street ARMSTRONG CREEK 3217
53313287254,4 NESTOR Place JACKASS FLAT 3556
53313287361,14 BLOOMFIELD Road THORNHILL PARK 3335
53313287436,17 LAFLIN Avenue TARNEIT 3029
53313287503,21 CONONDALE Avenue TRUGANINA 3029
53313287551,6 MAGARA Walk TARNEIT 3029
53313287610,42 QUEENSRIDGE Grove FYANSFORD 3218
53313287759,5 SOCIAL Street TARNEIT 3029
53313287818,14 CITRON Street TARNEIT 3029
53313287840,19 SASHA Crescent TRUGANINA 3029
53313287917,19 PARKFIELD Boulevard CHARLEMONT 3217
53313287931,32 SURROUND Drive MAMBOURIN 3024
53313287957,35 GRAINGER Parade LUCAS 3350
53313288007,15 GRAINGER Parade LUCAS 3350
53313288120,55 ABBOTSWICK Circuit WILLIAMS LANDING 3027
53313288187,39 CODRINGTON Road TRUGANINA 3029
53313288311,2 MOSS Court GLENROY 3046
53313288335,30 BOWENIA Avenue CRAIGIEBURN 3064
53313288442,69 TRAFALGAR Avenue ALTONA MEADOWS 3028
53313288483,1 RICHARD Court CRESWICK 3363
53313288624,69 TRAFALGAR Avenue ALTONA MEADOWS 3028
53313243851,31 SHADOWBOX Court SUNSHINE NORTH 3020
53313243884,12 SHADOWBOX Court SUNSHINE NORTH 3020
53313243902,25 SHADOWBOX Court SUNSHINE NORTH 3020
53313243991,2 FLANNERY Court OAK PARK 3046
53313244024,16 SASHA Crescent TRUGANINA 3029
53313244058,10 SASHA Crescent TRUGANINA 3029
53313244081,46 SASHA Crescent TRUGANINA 3029
53313244109,40 SASHA Crescent TRUGANINA 3029
53313244314,8 SCULLY Lane WARRNAMBOOL 3280
53313244346,38 STEWART Street COLAC 3250
53313244387,67-67 THUNDER Street NORTH BENDIGO 3550
53313244413,67 THUNDER Street NORTH BENDIGO 3550
53313244445,10 MARLBOROUGH Street FAWKNER 3060
53313244461,10 MARLBOROUGH Street FAWKNER 3060
53313244512,28 MASSEY Crescent CURLEWIS 3222
53313099676,36 FRAGRANT Crescent DIGGERS REST 3427
53313099726,43 KEEPER Street SUNBURY 3429
53313099801,78 SHORTRIDGE Drive LUCAS 3350
53313099825,6 ASPIRING Drive HUNTLY 3551
53313099882,7 MOONAH Circuit LARA 3212
53313100009,82 GRAINGER Parade LUCAS 3350
53313100057,67 ROYAL YORK Road WINTER VALLEY 3358
53313100122,3 CASTLEY Crescent BRAYBROOK 3019
53313100156,22 TAO Circuit GREENVALE 3059
53313249197,19 RIO Way TRUGANINA 3029
53313249337,14 LIME Crescent DIGGERS REST 3427
53313249378,13 SCAEVOLA Road CRAIGIEBURN 3064
53313249404,12 SCAEVOLA Road CRAIGIEBURN 3064
53313249428,3 SCAEVOLA Road CRAIGIEBURN 3064
53313249444,19 SCHEFFLERA Street CRAIGIEBURN 3064
53313249511,29 PLOUGH Drive CURLEWIS 3222
53313249576,19 CORRIEDALE Avenue TRUGANINA 3029
53313249774,28 VIGNETTE Road DIGGERS REST 3427
53313249832,9 THRIVE Crescent DIGGERS REST 3427
53313249931,9 GALLAXUS Avenue WYNDHAM VALE 3024
53313249957,13 GALLAXUS Avenue WYNDHAM VALE 3024
53313249972,21 GALLAXUS Avenue WYNDHAM VALE 3024
53313250009,25 GALLAXUS Avenue WYNDHAM VALE 3024
53313250023,27 GALLAXUS Avenue WYNDHAM VALE 3024
53313250049,33 GALLAXUS Avenue WYNDHAM VALE 3024
53313250072,37 GALLAXUS Avenue WYNDHAM VALE 3024
53313250206,8 CORONET Street EPSOM 3551
53313250305,1 FIERO Court GREENVALE 3059
53313250394,10 RANCE Road DELACOMBE 3356
53313250412,10 RANCE Road DELACOMBE 3356
53313250485,64 EAGLEBAY Road ARMSTRONG CREEK 3217
53313255525,5 YARRA Drive WARRNAMBOOL 3280
53313255582,36 LINACRE Crescent MELTON SOUTH 3338
53313255632,4 WHEAT Street DIGGERS REST 3427
53313255681,15 BLIGH Street CHARLEMONT 3217
53313255765,24 ORIENTEERING Drive GREENVALE 3059
53313255848,2 TAO Circuit GREENVALE 3059
53313255970,3 JOVIAL Avenue TARNEIT 3029
53313256053,25 BRUCE Street FAWKNER 3060
53313256104,4A BENBOW Street YARRAVILLE 3013
53313256185,3 MCINNES Way ST LEONARDS 3223
53313256202,12 CALLISTEMON Circuit LARA 3212
53313256226,4 ALTO Crescent GREENVALE 3059
53313256283,18 FREESTONE Avenue MELTON SOUTH 3338
53313256557,47 CLYDESDALE Drive BONSHAW 3352
53313256622,82 GIBSONS Circuit BONNIE BROOK 3335
53313256671,3 ORANGE Drive FRASER RISE 3336
53313256739,5 GIBSONS Circuit BONNIE BROOK 3335
53313256806,29 BLACKWOOD Road LARA 3212
53313256862,146 ALTEZZE Drive TRUGANINA 3029
53313256887,53 MAMIC Boulevard FRASER RISE 3336
53313111888,108 WOODSWALLOW Entrance SUNSHINE NORTH 3020
53313111906,104 WOODSWALLOW Entrance SUNSHINE NORTH 3020
53313111946,31 PENNYROYAL Crescent KURUNJANG 3337
53313288673,50A HOWARD Street ASCOT 3551
53313288731,6 DUBBO Street ALBION 3020
53313288757,6 DUBBO Street ALBION 3020
53313288772,6 DUBBO Street ALBION 3020
53313288808,6 DUBBO Street ALBION 3020
53313288939,6 BENIN Way TRUGANINA 3029
53313288963,16 GRAINGER Parade LUCAS 3350
53313288996,33 ROCHFORD Way MELTON SOUTH 3338
53313289104,22 GRAINGER Parade LUCAS 3350
53313289160,27 JOURNEY Drive FRASER RISE 3336
53313289275,18 BLACKWOOD Road LARA 3212
53313289341,3 VALIANT Street DEANSIDE 3336
53313289557,1 ORCHID Street MAIDSTONE 3012
53313289572,4 ORCHID Street MAIDSTONE 3012
53313289608,5 ORCHID Street MAIDSTONE 3012
53313289622,6 ORCHID Street MAIDSTONE 3012
53313289648,8 ORCHID Street MAIDSTONE 3012
53313289671,12 ORCHID Street MAIDSTONE 3012
53313289697,14 ORCHID Street MAIDSTONE 3012
53313289715,15 ORCHID Street MAIDSTONE 3012
53313289747,19 ORCHID Street MAIDSTONE 3012
53313289770,20 ORCHID Street MAIDSTONE 3012
53313289806,22 ORCHID Street MAIDSTONE 3012
53313289820,8 RIVERLEN Street MAIDSTONE 3012
53313289887,32 PALARA Drive STRATHTULLOH 3338
53313289913,3 RIMMINGTON Way ROCKBANK 3335
53313289945,21 MCALPINE Court ALTONA 3018
53313289961,34 BURT Street ALTONA 3018
53313289986,27 RATHMINES Road TRUGANINA 3029
53313142526,26 CALLISTEMON Circuit LARA 3212
53313100254,5 FLORENCE Street COBURG 3058
53313100313,73 SHORTRIDGE Drive LUCAS 3350
53313100412,50 WEDGE TAIL Drive WINTER VALLEY 3358
53313100767,5 FLORENCE Street COBURG 3058
53313101303,11 RIMMINGTON Way ROCKBANK 3335
53313101335,3 MELIA Street ROMSEY 3434
53313250634,27 JACOBENA Road MELTON SOUTH 3338
53313105749,4 ORIENTEERING Drive GREENVALE 3059
53313105816,61A SOUTH Road BRAYBROOK 3019
53313105871,85 CALLAWAY Street MAMBOURIN 3024
53313105897,6 NORTHAM Street MAMBOURIN 3024
53313106013,1 BUDDING Street DIGGERS REST 3427
53313106094,65 WOODSWALLOW Entrance SUNSHINE NORTH 3020
53313106128,69 WOODSWALLOW Entrance SUNSHINE NORTH 3020
53313106177,19 THRIVE Crescent DIGGERS REST 3427
53313106319,22 ASPIRING Drive HUNTLY 3551
53313106374,61 WOODSWALLOW Entrance SUNSHINE NORTH 3020
53313106458,79 WOODSWALLOW Entrance SUNSHINE NORTH 3020
53313106905,39 GRAHAM Street BROADMEADOWS 3047
53313112217,2A DAVID Avenue KEILOR EAST 3033
53313112298,27 AITKEN Street WILLIAMSTOWN 3016
53313112330,14 ALMURTA Avenue COOLAROO 3048
53313112397,107 CARROLL Lane GREENVALE 3059
53313112421,20 DYER Way MADDINGLEY 3340
53313112496,1 BOTANY Circuit MOUNT DUNEED 3217
53313112629,16 LORIKEET Court SUNSHINE NORTH 3020
53313112645,7 LONGAN Street TRUGANINA 3029
53313113099,14 ALMURTA Avenue COOLAROO 3048
53313113117,99 WOODSWALLOW Entrance SUNSHINE NORTH 3020
53313113131,1 SMITH Street MAIDSTONE 3012
53313113172,38 NEPEAN Street BROADMEADOWS 3047
53313113215,12 LORIKEET Court SUNSHINE NORTH 3020
53313113270,10 LORIKEET Court SUNSHINE NORTH 3020
53313113296,8 LORIKEET Court SUNSHINE NORTH 3020
53313113405,45 WOODLAND Drive ALBANVALE 3021
53313142601,5 SANDPIPER Avenue WINTER VALLEY 3358
53313142865,7 BISHOPTHORPE Road WILLIAMS LANDING 3027
53313142898,15 CHATEAU Way MOUNT DUNEED 3217
53313142916,45 AURICH Street WEIR VIEWS 3338
53313142930,225 SOVEREIGN Drive MOUNT DUNEED 3217
53313143178,33 ADORI Street MARIBYRNONG 3032
53313143194,27 ADORI Street MARIBYRNONG 3032
53313143302,21 GLADE Avenue ALTONA NORTH 3025
53313143342,25 ROSALA Avenue ALTONA NORTH 3025
53313143433,62 CORDHILL Circuit AINTREE 3336
53313143474,27 ROSALA Avenue ALTONA NORTH 3025
53313143500,25A ROSALA Avenue ALTONA NORTH 3025
53313143524,15 GLADE Avenue ALTONA NORTH 3025
53313143573,13 TELOPEA Road CRAIGIEBURN 3064
53313143649,27A ROSALA Avenue ALTONA NORTH 3025
53313143708,10 MURCOTT Road MADDINGLEY 3340
53313101921,8 YARRA Drive WARRNAMBOOL 3280
53313102051,51 ATLANTIS Drive POINT COOK 3030
53313102084,14 REJOICE Street TARNEIT 3029
53313102102,2A BARWISE Street LAVERTON 3028
53313102134,80 SHORTRIDGE Drive LUCAS 3350
53313102175,36 PONY Drive GREENVALE 3059
53313102240,79 GRAINGER Parade LUCAS 3350
53313102331,53 ATLANTIS Drive POINT COOK 3030
53313102372,35 PERCY Street FAWKNER 3060
53313102408,35 PERCY Street FAWKNER 3060
53313102464,82 SHORTRIDGE Drive LUCAS 3350
53313102507,4 BOURCHIER Street GLENROY 3046
53313102539,38 BROWN Street PORTARLINGTON 3223
53313102563,64 BECKET Street GLENROY 3046
53313148580,24 DIRECTIONS Drive GREENVALE 3059
53313148608,28 HUTCHISON Road MAMBOURIN 3024
53313148697,22 WOODMAN Drive MCKENZIE HILL 3451
53313148739,74 WIRELESS Drive AINTREE 3336
53313148763,80 WIRELESS Drive AINTREE 3336
53313148846,14 DYER Way MADDINGLEY 3340
53313148986,54 CORDHILL Circuit AINTREE 3336
53313107174,4 BOWENIA Avenue CRAIGIEBURN 3064
53313107538,11 RUDHALL Street MADDINGLEY 3340
53313107595,12 NORTHAM Street MAMBOURIN 3024
53313107686,28 MOORE Way LUCAS 3350
53313107736,33 ADELONG Way BACCHUS MARSH 3340
53313107752,15 TELOPEA Road CRAIGIEBURN 3064
53313107876,19 CROWTHER Drive LUCAS 3350
53313108000,31 ADELONG Way BACCHUS MARSH 3340
53313108247,22 TELOPEA Road CRAIGIEBURN 3064
53313108270,8 ERASMUS Avenue CRAIGIEBURN 3064
53313108429,21 BRIGHTON Rise MADDINGLEY 3340
53313113461,229 SOVEREIGN Drive MOUNT DUNEED 3217
53313113676,10 LEITRIM Street ALFREDTON 3350
53313113742,21 ORIENTEERING Drive GREENVALE 3059
53313113768,52 RESTFUL Way ROCKBANK 3335
53313113966,12 ATTADALE Avenue WERRIBEE 3030
53313114147,32B ELIZA Street KEILOR PARK 3042
53313114443,15 THRIVE Crescent DIGGERS REST 3427
53313114641,9 QUINN Street MADDINGLEY 3340
53313114831,17 TELOPEA Road CRAIGIEBURN 3064
53313144060,33A CLARKE Avenue BELMONT 3216
53313144085,26 NORTHCOTT Street MELTON SOUTH 3338
53313144111,12 BLADIN Street LAVERTON 3028
53313144135,12 BLADIN Street LAVERTON 3028
53313144324,9 CARLOW Drive ALFREDTON 3350
53313144423,95 CALLAWAY Street MAMBOURIN 3024
53313144457,33 EDMUND Drive BONSHAW 3352
53313144548,68 LUGANO Avenue ALFREDTON 3350
53313144597,36 GLYNN Avenue ALTONA NORTH 3025
53313144615,40 GLYNN Avenue ALTONA NORTH 3025
53313144639,44 GLYNN Avenue ALTONA NORTH 3025
53313144670,11 CASSINIA Court CANADIAN 3350
53313144754,37 ADORI Street MARIBYRNONG 3032
53313144853,10 NOONAN Street HUNTLY 3551
53313145010,9 GRANLAND Way LUCAS 3350
53313145231,2 DEVENISH Way ST LEONARDS 3223
53313145257,45 COLDSTREAM Avenue WERRIBEE 3030
53313145316,29 NATAL Road TARNEIT 3029
53313145348,33 TAO Circuit GREENVALE 3059
53313145389,11 SUMAR Drive CRAIGIEBURN 3064
53313149102,7 DEBUT Avenue TARNEIT 3029
53313149175,84 WIRELESS Drive AINTREE 3336
53313149299,31 LYTTON Street GLENROY 3046
53313149416,189 BOUNDARY Road MOUNT DUNEED 3217
53313149430,10 THEMEDA Avenue LARA 3212
53313149515,31 LYTTON Street GLENROY 3046
53313149547,116 SMYTHE Street PORTARLINGTON 3223
53313149596,4 MURNONG Street LEOPOLD 3224
53313149713,33 ENDURANCE Way POINT COOK 3030
53313149812,33 TELOPEA Road CRAIGIEBURN 3064
53313149844,17 DEBUT Avenue TARNEIT 3029
53313149911,7 STUDENT Court MAMBOURIN 3024
53313150102,21 HORSESHOE Circuit BACCHUS MARSH 3340
53313150273,13 COOLBINIA Avenue WERRIBEE 3030
53313150380,32 PONY Drive GREENVALE 3059
53313108669,17 HOLBERRY Street BROADMEADOWS 3047
53313154408,12 COBBY Street LAVERTON 3028
53313154539,5 PADMA Boulevard TARNEIT 3029
53313154606,16 ABBOTSWICK Circuit WILLIAMS LANDING 3027
53313154620,5 MULLINGAR Drive ALFREDTON 3350
53313154778,15 BLACKWOOD Road LARA 3212
53313155067,79 GREENE Street SOUTH KINGSVILLE 3015
53313155082,7 MURCOTT Road MADDINGLEY 3340
53313155100,23 STATION Street NORLANE 3214
53313155173,18 MELROSE Street NEWPORT 3015
53313155414,3 TOWERTREE Street TRUGANINA 3029
53313160506,152 LICENSE Road DIGGERS REST 3427
53313160520,154 LICENSE Road DIGGERS REST 3427
53313160686,3 FIERO Court GREENVALE 3059
53313160712,21 ADORI Street MARIBYRNONG 3032
53313160811,15 ADORI Street MARIBYRNONG 3032
53313160975,23 CROMWELL Street GLENROY 3046
53313161149,3 CITRON Street TARNEIT 3029
53313161215,19 VEDA Street WERRIBEE 3030
53313161306,18 BONSALLO Walk TARNEIT 3029
53313161346,6 BONSALLO Walk TARNEIT 3029
53313161379,10 BONSALLO Walk TARNEIT 3029
53313161405,9 MELIA Street ROMSEY 3434
53313161453,264 RACECOURSE Road FLEMINGTON 3031
53313161478,23 LUGANO Avenue ALFREDTON 3350
53313161504,17 HANSEN Street ALTONA NORTH 3025
53313190353,113 MARADONA Boulevard DEANSIDE 3336
53313190477,11 SASHA Crescent TRUGANINA 3029
53313190535,123 MARADONA Boulevard DEANSIDE 3336
53313190576,133 MARADONA Boulevard DEANSIDE 3336
53313190602,135 MARADONA Boulevard DEANSIDE 3336
53313190668,1 NITAYA Street HOPPERS CROSSING 3029
53313190683,16 SCHEFFLERA Street CRAIGIEBURN 3064
53313190767,30 NARADA Road TRUGANINA 3029
53313190832,35 FLANNERY Circuit CHARLEMONT 3217
53313190881,11 WARRIGAL Drive AINTREE 3336
53313190957,62 STRATUS Street TARNEIT 3029
53313191106,6 RIMMINGTON Way ROCKBANK 3335
53313191162,9 COLT Mews TRUGANINA 3029
53313191195,17 RESTFUL Way ROCKBANK 3335
53313191212,9 TOWERTREE Street TRUGANINA 3029
53313191260,42 WESTBURY Avenue ROCKBANK 3335
53313191343,24 LANGDON Drive WYNDHAM VALE 3024
53313191369,46 WESTBURY Avenue ROCKBANK 3335
53313191392,12 GLENMORE Parkway ROCKBANK 3335
53313191434,19 ELECTRA Drive WILLIAMS LANDING 3027
53313191501,1 DESMOND Street LUCAS 3350
53313191590,133 CARTER Road ARMSTRONG CREEK 3217
53313191632,125 CARTER Road ARMSTRONG CREEK 3217
53313191666,117 CARTER Road ARMSTRONG CREEK 3217
53313191699,107 CARTER Road ARMSTRONG CREEK 3217
53313150662,8 ENCHANTED Road FRASER RISE 3336
53313150737,7 WITHERS Street HUNTLY 3551
53313150786,18 CALLISTEMON Circuit LARA 3212
53313150828,52 ABBOTSWICK Circuit WILLIAMS LANDING 3027
53313150984,8 MEREDITH Street ST LEONARDS 3223
53313151124,30 MOORE Way LUCAS 3350
53313151256,77 BARBRA Drive CHARLEMONT 3217
53313151271,4 ABBOTSWICK Circuit WILLIAMS LANDING 3027
53313151321,14 RIMMINGTON Way ROCKBANK 3335
53313196630,30 JOURNEY Drive FRASER RISE 3336
53313196854,52 JOURNEY Drive FRASER RISE 3336
53313155545,62 LUGANO Avenue ALFREDTON 3350
53313155769,4 OLEARIA Court LARA 3212
53313155792,28 TELOPEA Road CRAIGIEBURN 3064
53313155941,64 FLANNERY Circuit CHARLEMONT 3217
53313155990,3 COOLBINIA Avenue WERRIBEE 3030
53313156023,25 PADMA Boulevard TARNEIT 3029
53313156072,6 TELOPEA Road CRAIGIEBURN 3064
53313156214,69 LUGANO Avenue ALFREDTON 3350
53313156238,9 RESTFUL Way ROCKBANK 3335
53313156295,46 ENDURANCE Way POINT COOK 3030
53313156527,8 WATERBIRD Circuit WEIR VIEWS 3338
53313156626,22 CROWTHER Drive LUCAS 3350
53313156725,27 KATRINA Drive BURNSIDE HEIGHTS 3023
53313156741,25 KATRINA Drive BURNSIDE HEIGHTS 3023
53313162006,6 HOWKINS Avenue WINTER VALLEY 3358
53313162235,12 REVERENCE Drive ROCKBANK 3335
53313162276,60 LINNET Street ALTONA 3018
53313162532,44 MOORE Way LUCAS 3350
53313162756,4 CITRON Street TARNEIT 3029
53313162954,7 CHATEAU Way MOUNT DUNEED 3217
53313163111,54 WARMINGTON Road SUNSHINE WEST 3020
53313163143,19 ARGYLL Drive JUNORTOUN 3551
53313191749,115 CARTER Road ARMSTRONG CREEK 3217
53313191822,14 LANA Drive JACKASS FLAT 3556
53313191947,748 ARMSTRONG Road MANOR LAKES 3024
53313192069,53 MARY Drive ALFREDTON 3350
53313192168,26 TROOPER Avenue SUNBURY 3429
53313192357,299 INGLIS Street BUNINYONG 3357
53313192430,69 NOGA Avenue KEILOR EAST 3033
53313192464,34B WOODVILLE PARK Drive HOPPERS CROSSING 3029
53313192606,6 GOLDSTRAW Esplanade WARRNAMBOOL 3280
53313192638,28 NARADA Road TRUGANINA 3029
53313192844,31 SURROUND Drive MAMBOURIN 3024
53313192877,4 HEATHCOTE Street MOUNT DUNEED 3217
53313192951,111 CARTER Road ARMSTRONG CREEK 3217
53313193059,89 NATURALISTE Way ARMSTRONG CREEK 3217
53313197141,16 LONGAN Street TRUGANINA 3029
53313197217,11 FRONTIER Circuit TARNEIT 3029
53313197249,70 COLE Street BRAYBROOK 3019
53313197488,16 TOPAZ Street ALFREDTON 3350
53313197579,46 ASPIRING Drive HUNTLY 3551
53313197704,53 ASPIRING Drive HUNTLY 3551
53313197744,3 QUIRK Road LUCAS 3350
53313197777,60 COLE Street BRAYBROOK 3019
53313197803,68 COLE Street BRAYBROOK 3019
53313197835,62 COLE Street BRAYBROOK 3019
53313197851,21 CLEAR Drive TARNEIT 3029
53313197876,45 KAMALA Drive TARNEIT 3029
53313198018,12 ANGHOR Drive FRASER RISE 3336
53313198081,20 LANA Drive JACKASS FLAT 3556
53313198221,10 HELENIC Drive GREENVALE 3059
53313198255,105 RESTFUL Way ROCKBANK 3335
53313198270,40 MAMIC Boulevard FRASER RISE 3336
53313198296,16 RESTFUL Way ROCKBANK 3335
53313198320,8 BELDI Street ALFREDTON 3350
53313156858,9 ADDERLEY Drive GREENVALE 3059
53313156957,1 EXPLORATION Avenue WERRIBEE 3030
53313157079,16 HANCOCK Crescent BRAYBROOK 3019
53313157227,62 CRILLY Street TARNEIT 3029
53313157276,60 CRILLY Street TARNEIT 3029
53313202444,29 PARKFIELD Boulevard CHARLEMONT 3217
53313202485,33 PARKFIELD Boulevard CHARLEMONT 3217
53313202642,15 HALLCROFT Road GREENVALE 3059
53313202725,18 CHATEAU Way MOUNT DUNEED 3217
53313202741,6 MURNONG Street LEOPOLD 3224
53313202774,108 SHORTRIDGE Drive LUCAS 3350
53313202800,6 BENTHIC Road WEIR VIEWS 3338
53313202881,38 ADLINGTON Avenue GREENVALE 3059
53313202917,4 BARRETT Court PORTLAND 3305
53313202931,14 DIRECTIONS Drive GREENVALE 3059
53313202957,5 GAINSBOROUGH Road WILLIAMS LANDING 3027
53313202980,20 MURNONG Street LEOPOLD 3224
53313203146,7 ARNOLD Circuit CHARLEMONT 3217
53313203293,30 WHITE GUM Way WINTER VALLEY 3358
53313203384,3 SLOCUM Road TARNEIT 3029
53313163241,21 FRESHBROOK Avenue TRUGANINA 3029
53313163332,12 DHALLA Street THORNHILL PARK 3335
53313208490,30 MEADOWS Drive DEANSIDE 3336
53313208665,33 BOWENIA Avenue CRAIGIEBURN 3064
53313208722,10 ADLINGTON Avenue GREENVALE 3059
53313208748,10 REVERENCE Drive ROCKBANK 3335
53313208764,9 HALLCROFT Road GREENVALE 3059
53313208821,3 MASAYA Avenue TRUGANINA 3029
53313208855,9 LAFLIN Avenue TARNEIT 3029
53313208870,23 FARRIER Boulevard FRASER RISE 3336
53313209093,14 CHAMBERLAIN Drive ARMSTRONG CREEK 3217
53313209366,7 GUDDI Court GREENVALE 3059
53313209508,20 CANARY Drive ARMSTRONG CREEK 3217
53313209548,86 WANGOOM Road WARRNAMBOOL 3280
53313209615,13 SHEOAK Street EPSOM 3551
53313209647,15 TOPAZ Street ALFREDTON 3350
53313209670,14 CORONADO Crescent TRUGANINA 3029
53313209714,7 MEREDITH Street ST LEONARDS 3223
53313193181,24 GREAVES Avenue DEANSIDE 3336
53313193230,36 LOUISVILLE Drive THORNHILL PARK 3335
53313193256,69 STRATUS Street TARNEIT 3029
53313238803,2 BELLVIEW Drive ROCKBANK 3335
53313238835,9 KAY Close TORQUAY 3228
53313238902,28 BOURNE Boulevard DENNINGTON 3280
53313238934,7 CONTROL Street GREENVALE 3059
53313238968,9 ALTEZZE Drive TRUGANINA 3029
53313239000,12 ADMIRATION Walk TARNEIT 3029
53313239032,24 KAREN Road TARNEIT 3029
53313239109,23 AUSTIN Crescent YARRAVILLE 3013
53313239123,8 WINGED FOOT Drive SUNSHINE NORTH 3020
53313239149,12 WINGED FOOT Drive SUNSHINE NORTH 3020
53313239255,38 REARDON Crescent ST LEONARDS 3223
53313239306,6 ADMIRATION Walk TARNEIT 3029
53313239362,16 ADMIRATION Walk TARNEIT 3029
53313239437,36 ALCOCK Road TRUGANINA 3029
53313239560,15 BELDI Street ALFREDTON 3350
53313239702,47 GRAINGER Parade LUCAS 3350
53313239768,54 WALTON Street MELTON SOUTH 3338
53313239867,10 DUNBAR Street FRASER RISE 3336
53313239918,13 BOURNE Boulevard DENNINGTON 3280
53313198544,48 RUISLIP Avenue STRATHTULLOH 3338
53313198627,42 NARADA Road TRUGANINA 3029
53313198692,66 DEVONSHIRE Street WEST FOOTSCRAY 3012
53313198750,66 HILLVIEW Road GREENVALE 3059
53313198825,7 LAXMAN Close ROCKBANK 3335
53313198932,5 MCCUBBIN Street HUNTLY 3551
53313199121,9 BLUEWREN Street KURUNJANG 3337
53313199155,88 CONNAUGHT Road TARNEIT 3029
53313199188,90 CONNAUGHT Road TARNEIT 3029
53313199253,92 CONNAUGHT Road TARNEIT 3029
53313244783,7 CITRON Street TARNEIT 3029
53313244867,8 MERVYN Way MAMBOURIN 3024
53313244966,29 CHERISH Drive TARNEIT 3029
53313245008,74 CALLAGHAN Street EPSOM 3551
53313245056,11 HONEY EATER Drive WINTER VALLEY 3358
53313203475,13 HEREFORD Avenue TRUGANINA 3029
53313203491,8 SUFFOLK Street CURLEWIS 3222
53313203856,74 HILLVIEW Road GREENVALE 3059
53313204094,7 TOSCANA Street TRUGANINA 3029
53313204177,6 LANGDON Drive WYNDHAM VALE 3024
53313204202,20 BENTONS Way ARMSTRONG CREEK 3217
53313204226,7 BOWENIA Avenue CRAIGIEBURN 3064
53313204333,21 FARRIER Boulevard FRASER RISE 3336
53313204374,12 WEDGE TAIL Court LARA 3212
53313204557,14 CANARY Drive ARMSTRONG CREEK 3217
53313204648,17 LEE Road LUCAS 3350
53313204755,27 TANZANITE Circuit CRAIGIEBURN 3064
53313273551,15 CONDER Parade CLIFTON SPRINGS 3222
53313273610,63 ABBOTSWICK Circuit WILLIAMS LANDING 3027
53313273675,9 MEREDITH Street ST LEONARDS 3223
53313273873,158 WIDFORD Street BROADMEADOWS 3047
53313273899,158 WIDFORD Street BROADMEADOWS 3047
53313274114,187 CLARA Avenue TRUGANINA 3029
53313274187,5 STONES Street CHARLEMONT 3217
53313274376,99 NATURALISTE Way ARMSTRONG CREEK 3217
53313274402,6 TOSCANA Way FRASER RISE 3336
53313274491,39 FAWKNER Crescent ARMSTRONG CREEK 3217
53313274519,4 PALANA Walk GREENVALE 3059
53313274541,60 HILLVIEW Road GREENVALE 3059
53313274723,11 DESMOND Street LUCAS 3350
53313274757,27-29 MARLO Street HAMLYN HEIGHTS 3215
53313274780,27-29 MARLO Street HAMLYN HEIGHTS 3215
53313274830,15 DEAKIN Avenue ALTONA NORTH 3025
53313274856,19 DEAKIN Avenue ALTONA NORTH 3025
53313274889,25 DEAKIN Avenue ALTONA NORTH 3025
53313274915,18 GLYNN Avenue ALTONA NORTH 3025
53313274947,24 GLYNN Avenue ALTONA NORTH 3025
53313278633,11 ROSALA Avenue ALTONA NORTH 3025
53313278700,11A ROSALA Avenue ALTONA NORTH 3025
53313278732,44A COBURNS Road MELTON SOUTH 3338
53313278766,8 TOOHEY Close MELTON SOUTH 3338
53313278781,10 TOOHEY Close MELTON SOUTH 3338
53313278809,12 TOOHEY Close MELTON SOUTH 3338
53313278831,7 TOOHEY Close MELTON SOUTH 3338
53313278857,9 TOOHEY Close MELTON SOUTH 3338
53313278872,20 TOOHEY Close MELTON SOUTH 3338
53313278908,2 SLEEMAN Place MELTON SOUTH 3338
53313278922,4 SLEEMAN Place MELTON SOUTH 3338
53313278948,6 SLEEMAN Place MELTON SOUTH 3338
53313278971,7 SLEEMAN Place MELTON SOUTH 3338
53313279006,12 SLEEMAN Place MELTON SOUTH 3338
53313279038,8 JANET Street KEILOR EAST 3033
53313279054,17 MONTEREY Street ARMSTRONG CREEK 3217
53313279079,11 SLEEMAN Place MELTON SOUTH 3338
53313279161,6 MCKAY Place MELTON SOUTH 3338
53313279186,6 MCKAY Place MELTON SOUTH 3338
53313279203,6 MCKAY Place MELTON SOUTH 3338
53313279235,6 MCKAY Place MELTON SOUTH 3338
53313279269,6 MCKAY Place MELTON SOUTH 3338
53313279292,6 MCKAY Place MELTON SOUTH 3338
53313279310,6 MCKAY Place MELTON SOUTH 3338
53313279334,6 MCKAY Place MELTON SOUTH 3338
53313279368,3 CORNELIUS Close MELTON SOUTH 3338
53313279383,8 CORNELIUS Close MELTON SOUTH 3338
53313279401,9 CORNELIUS Close MELTON SOUTH 3338
53313279433,14 CORNELIUS Close MELTON SOUTH 3338
53313279459,16 CORNELIUS Close MELTON SOUTH 3338
53313279474,18 CORNELIUS Close MELTON SOUTH 3338
53313279500,6 CORNELIUS Close MELTON SOUTH 3338
53313279532,20 CORNELIUS Close MELTON SOUTH 3338
53313279581,15 HOOD Crescent FAWKNER 3060
53313279716,46 ALSTONVILLE Avenue TRUGANINA 3029
53313279764,13 BOLD FRONT Court MINERS REST 3352
53313279797,10 EWDEN Drive BONNIE BROOK 3335
53313279847,16 FARRIER Road WYNDHAM VALE 3024
53313279863,63 WALTON Street MELTON SOUTH 3338
53313279896,19 LUGANO Avenue ALFREDTON 3350
53313279914,37 MAKEDONIA Street TARNEIT 3029
53313279938,5 FAWKNER Crescent ARMSTRONG CREEK 3217
53313280006,3 EWDEN Drive BONNIE BROOK 3335
53313166898,26 MOORE Way LUCAS 3350
53313166948,35 CROWN Drive FRASER RISE 3336
53313166964,14 SANDPIPER Avenue WINTER VALLEY 3358
53313167160,20 WALDOCK Way WARRNAMBOOL 3280
53313167193,6 AVAWARD Street WYNDHAM VALE 3024
53313167268,21 CORRIEDALE Avenue TRUGANINA 3029
53313167325,473 BLACKSHAWS Road ALTONA NORTH 3025
53313167341,89 CAMPERDOWN Avenue SUNSHINE NORTH 3020
53313167367,16 ISLA Avenue GLENROY 3046
53313167424,94 RENNIE Street COBURG 3058
53313167458,94 RENNIE Street COBURG 3058
53313167473,94 RENNIE Street COBURG 3058
53313167499,94 RENNIE Street COBURG 3058
53313167523,584 PASCOE VALE Road PASCOE VALE 3044
53313167549,46 GLENROY Road GLENROY 3046
53313167565,7A AMARANTH Avenue ALTONA NORTH 3025
53313167616,88 WATTLE Road MAIDSTONE 3012
53313167630,96 NORTH Street HADFIELD 3046
53313167697,11 GRAINGER Parade LUCAS 3350
53313167820,21 WAVERTREE Crescent WERRIBEE 3030
53313167929,25 ELLSON Street AINTREE 3336
53313167953,13 ELLSON Street AINTREE 3336
53313167986,21 ELLSON Street AINTREE 3336
53313168003,4 MARTIN Street AINTREE 3336
53313168027,11 ELLSON Street AINTREE 3336
53313168051,15 ELLSON Street AINTREE 3336
53313168076,8 MARTIN Street AINTREE 3336
53313168126,51 CORDHILL Circuit AINTREE 3336
53313125169,59 ABBOTSWICK Circuit WILLIAMS LANDING 3027
53313125282,60 CALLISTEMON Circuit LARA 3212
53313125318,8 MULLINGAR Drive ALFREDTON 3350
53313125399,557 SUTTON Street SEBASTOPOL 3356
53313125457,16 LONGLEY Street ALFREDTON 3350
53313125639,29 CLEAR Drive TARNEIT 3029
53313125655,23 BEATTIE Court COLAC 3250
53313125720,41 ADELONG Way BACCHUS MARSH 3340
53313125912,207 HIGHLANDER Drive CRAIGIEBURN 3064
53313125936,60 CHERISH Drive TARNEIT 3029
53313126217,26 PONY Drive GREENVALE 3059
53313126265,39 ADELONG Way BACCHUS MARSH 3340
53313126316,3 MACEY Avenue AVONDALE HEIGHTS 3034
53313274963,28 GLYNN Avenue ALTONA NORTH 3025
53313130037,3 MELALEUCA Street ELLIMINYT 3250
53313130193,7 ALEGRA Street BALLAN 3342
53313130325,28 CROWTHER Drive LUCAS 3350
53313130374,19 CHERISH Drive TARNEIT 3029
53313130424,15 ASPIRING Drive HUNTLY 3551
53313130481,7 ACOTANGO Avenue TRUGANINA 3029
53313130689,9 CHERISH Drive TARNEIT 3029
53313130707,4 VENICE Drive WINTER VALLEY 3358
53313130755,40A CLEMATIS Avenue ALTONA NORTH 3025
53313130770,31 HOLLYHOKE Drive MADDINGLEY 3340
53313130796,7 ORIENTEERING Drive GREENVALE 3059
53313130838,45A SHAW Street NIDDRIE 3042
53313130961,14 ADORI Street MARIBYRNONG 3032
53313130994,69 DAWNVIEW Crescent ROXBURGH PARK 3064
53313131027,6 ANDERSON Road SUNBURY 3429
53313131043,6 ANDERSON Road SUNBURY 3429
53313131069,6 ANDERSON Road SUNBURY 3429
53313131092,42522 ANDERSON Road SUNBURY 3429
53313131126,6 ANDERSON Road SUNBURY 3429
53313131150,6 ANDERSON Road SUNBURY 3429
53313131175,6 ANDERSON Road SUNBURY 3429
53313131191,42522 ANDERSON Road SUNBURY 3429
53313131299,32 ARGYLL Drive JUNORTOUN 3551
53313280038,16 WARWARICK Court LEOPOLD 3224
53313280062,16 CANARY Drive ARMSTRONG CREEK 3217
53313280292,42 CHARLES ANDERSON Grove LAKE GARDENS 3355
53313280350,13 DEVERELL Way WARRNAMBOOL 3280
53313280375,33 ARGYLL Drive JUNORTOUN 3551
53313280425,49 FLANNERY Circuit CHARLEMONT 3217
53313280441,29 VANBURN Road TRUGANINA 3029
53313280665,11 FUCHSIA Drive ROCKBANK 3335
53313280771,12 VALROSE Road CHARLEMONT 3217
53313280821,19 GOODENIA Avenue LARA 3212
53313280888,35 ANTONIO Drive MELTON SOUTH 3338
53313280906,54 WEDGE TAIL Drive WINTER VALLEY 3358
53313280954,32 SPECTOR Walk WERRIBEE 3030
53313280979,40 COLLINSON Street KEILOR PARK 3042
53313136100,5 HAIGH Place MOUNT PLEASANT 3350
53313136124,7 HAIGH Place MOUNT PLEASANT 3350
53313136158,10 HAIGH Place MOUNT PLEASANT 3350
53313136321,8 GALLAXUS Avenue WYNDHAM VALE 3024
53313136505,14 CALLISTEMON Circuit LARA 3212
53313168323,9 MASTER Way BANNOCKBURN 3331
53313168408,22 MALACHITE Drive TARNEIT 3029
53313168422,1D ONYX Way TARNEIT 3029
53313168456,24 MALACHITE Drive TARNEIT 3029
53313168489,7 TOURMALINE Street TARNEIT 3029
53313168515,28 MALACHITE Drive TARNEIT 3029
53313168596,153 GREAVES Street WERRIBEE 3030
53313168638,3B CARNEGIE Court GISBORNE 3437
53313168662,68 EVERARD Street GLENROY 3046
53313168687,23 CROMWELL Street GLENROY 3046
53313168812,30 WALDOCK Way WARRNAMBOOL 3280
53313169166,11 OLEARIA Court LARA 3212
53313169199,9 WARRIGAL Drive AINTREE 3336
53313214571,163 FLINDERS Avenue LARA 3212
53313214655,32 CROWN Drive FRASER RISE 3336
53313126470,16B ALMA Street MAIDSTONE 3012
53313126496,9 DICKINSON Street HADFIELD 3046
53313126514,3 NELSON Street SEBASTOPOL 3356
53313126546,11 BRANDON Mews GROVEDALE 3216
53313126645,123 HEMINGWAY Drive ROCKBANK 3335
53313126744,118-120 HIGH Street DRYSDALE 3222
53313126785,4 HALLENSTEIN Street FOOTSCRAY 3011
53313172630,40 WALDOCK Way WARRNAMBOOL 3280
53313172715,3 HOLMAN Crescent BACCHUS MARSH 3340
53313172846,3 THORN Road FRASER RISE 3336
53313172862,5 TROOPER Avenue SUNBURY 3429
53313172978,16 WORN Road CHARLEMONT 3217
53313173011,11 MEREDITH Street ST LEONARDS 3223
53313173126,6 CORELLA Walk MAIDSTONE 3012
53313131464,12 ERASMUS Avenue CRAIGIEBURN 3064
53313131497,11 TOWERTREE Street TRUGANINA 3029
53313131596,48 MOONAH Circuit LARA 3212
53313131753,213 HIGHLANDER Drive CRAIGIEBURN 3064
53313131984,3 MCDONNELL Lane MAIDEN GULLY 3551
53313132353,13 JOAN Street SUNSHINE WEST 3020
53313132511,11 ASPIRING Drive HUNTLY 3551
53313132719,2 CASSINIA Court CANADIAN 3350
53313132790,5 FORESTMILL Chase WERRIBEE 3030
53313132818,14 CORDHILL Circuit AINTREE 3336
53313132866,33 ASPIRING Drive HUNTLY 3551
53313136586,8 STACEY Parade MOUNT COTTRELL 3024
53313136703,20 ASPIRING Drive HUNTLY 3551
53313136727,25 CHERISH Drive TARNEIT 3029
53313136850,42 BRENTHAM Crescent WERRIBEE 3030
53313137253,37 HONOUR Avenue WINTER VALLEY 3358
53313137484,32 CROWTHER Drive LUCAS 3350
53313137550,16 MIDGARD Road WEIR VIEWS 3338
53313137781,3 MURNANE Mews TRUGANINA 3029
53313137865,2 VENICE Drive WINTER VALLEY 3358
53313137916,36 JOURNEY Drive FRASER RISE 3336
53313137948,12 BOURNE Boulevard DENNINGTON 3280
53313138153,36 WALDOCK Way WARRNAMBOOL 3280
53313138211,8 DYER Way MADDINGLEY 3340
53313214977,6 COOLBINIA Avenue WERRIBEE 3030
53313215101,2 ANGHOR Drive FRASER RISE 3336
53313215182,20 GIBSON Way MADDINGLEY 3340
53313215231,21 TOSCANA Street TRUGANINA 3029
53313215316,21 PUCKLE Street MOONEE PONDS 3039
53313215389,19 KOKODA Road WILLIAMSTOWN 3016
53313215439,230 KOROROIT CREEK Road WILLIAMSTOWN 3016
53313215554,22B WEST Street WEST FOOTSCRAY 3012
53313215653,7 SILVER OAK Way MOUNT DUNEED 3217
53313215744,17 TOSCANA Street TRUGANINA 3029
53313215926,26 WATERBIRD Circuit WEIR VIEWS 3338
53313216040,33 MARY Drive ALFREDTON 3350
53313216131,51 ABBOTSWICK Circuit WILLIAMS LANDING 3027
53313216207,15 CODRINGTON Road TRUGANINA 3029
53313173175,11 SOVEREIGN Way AVONDALE HEIGHTS 3034
53313173232,3 HAKEA Drive CASTLEMAINE 3450
53313173258,4 HAKEA Drive CASTLEMAINE 3450
53313173273,8 HAKEA Drive CASTLEMAINE 3450
53313173309,10 HAKEA Drive CASTLEMAINE 3450
53313173380,5 WARATAH Way ELLIMINYT 3250
53313173430,8 METROPOL Lane GEELONG WEST 3218
53313173456,22 SHORTS Road COBURG NORTH 3058
53313173471,22 SHORTS Road COBURG NORTH 3058
53313173507,12 METROPOL Lane GEELONG WEST 3218
53313173521,4 METROPOL Lane GEELONG WEST 3218
53313173547,20 METROPOL Lane GEELONG WEST 3218
53313174181,5 CHATEAU Way MOUNT DUNEED 3217
53313174208,28 FRESHBROOK Avenue TRUGANINA 3029
53313174553,10 CORELLA Walk MAIDSTONE 3012
53313178223,7 TAKEOFF Street DIGGERS REST 3427
53313178249,23 EDMUND Drive BONSHAW 3352
53313178348,12 SPECTOR Walk WERRIBEE 3030
53313178364,16 SPECTOR Walk WERRIBEE 3030
53313178389,57 WEDGE TAIL Drive WINTER VALLEY 3358
53313178595,209 TINWORTH Avenue MOUNT CLEAR 3350
53313178736,24 GREAT BARR Crescent CAROLINE SPRINGS 3023
53313178942,20 CORDHILL Circuit AINTREE 3336
53313178991,22 EAGLEVIEW Place BANNOCKBURN 3331
53313179157,18 COLDSTREAM Avenue WERRIBEE 3030
53313179338,3 STREAM Way MOUNT DUNEED 3217
53313179395,23 HEATHCOTE Street MOUNT DUNEED 3217
53313179445,23 BLACKWOOD Road LARA 3212
53313179478,71 ERICA Avenue ST ALBANS 3021
53313179494,89 MAJOR Road FAWKNER 3060
53313138269,65 ABBOTSWICK Circuit WILLIAMS LANDING 3027
53313138474,51 CALLISTEMON Circuit LARA 3212
53313138500,2 COOLBINIA Avenue WERRIBEE 3030
53313138524,9 MIDGARD Road WEIR VIEWS 3338
53313138540,21 CHERISH Drive TARNEIT 3029
53313138581,7 MELALEUCA Street ELLIMINYT 3250
53313138623,26 MARGARET Street SEDDON 3011
53313139052,36 CROWN Drive FRASER RISE 3336
53313139103,46 CHERISH Drive TARNEIT 3029
53313139373,54-58 SYNNOT Street WERRIBEE 3030
53313184338,3 TAWNY Court LARA 3212
53313184354,21 BASTEN Avenue DEANSIDE 3336
53313184560,41 MARY Drive ALFREDTON 3350
53313184593,5 DISTINCTIVE Drive ROCKBANK 3335
53313216536,47 WESTBURY Avenue ROCKBANK 3335
53313216560,27 WESTBURY Avenue ROCKBANK 3335
53313216585,14 ARGYLL Drive JUNORTOUN 3551
53313216676,3 GILA Way TRUGANINA 3029
53313216932,12 TAIPAN Circuit TARNEIT 3029
53313216966,6 CHITWAN Road TARNEIT 3029
53313217007,63 NOGA Avenue KEILOR EAST 3033
53313217120,65 SYDNEY Way ALFREDTON 3350
53313217179,14 IGNEOUS Road CRAIGIEBURN 3064
53313217277,3 COLT Mews TRUGANINA 3029
53313217402,76A KIDMAN Street YARRAVILLE 3013
53313262950,787 AITKEN Boulevard CRAIGIEBURN 3064
53313262975,773 AITKEN Boulevard CRAIGIEBURN 3064
53313263024,1 WENLYAN Drive GREENVALE 3059
53313263040,23 YORK Street PASCOE VALE SOUTH 3044
53313174604,6 INVENTORY Walk BRAYBROOK 3019
53313174628,10 INVENTORY Walk BRAYBROOK 3019
53313174644,12 INVENTORY Walk BRAYBROOK 3019
53313174703,18 JANET Street KEILOR EAST 3033
53313174810,11A LORNE Street YARRAVILLE 3013
53313174891,43 WESTBURY Avenue ROCKBANK 3335
53313175049,12 COLDSTREAM Avenue WERRIBEE 3030
53313175164,57 ADELONG Way BACCHUS MARSH 3340
53313220694,19 AVAWARD Street WYNDHAM VALE 3024
53313220712,14 LIMESTONE Street CHARLEMONT 3217
53313220835,4 ANGHOR Drive FRASER RISE 3336
53313220851,29 TIPPERARY Street ALFREDTON 3350
53313220934,1117 LEAKES Road TARNEIT 3029
53313220968,1117 LEAKES Road TARNEIT 3029
53313220983,30 LABERO Drive TARNEIT 3029
53313221032,39 ESSEX Street PASCOE VALE 3044
53313221066,98B HILTON Street GLENROY 3046
53313221221,4 RIVERSTONE Promenade TARNEIT 3029
53313221306,8 CONONDALE Avenue TRUGANINA 3029
53313179512,89 MAJOR Road FAWKNER 3060
53313179544,44 SUMMERS Street DEER PARK 3023
53313179833,6 CALLISTEMON Circuit LARA 3212
53313179900,12 ASPIRING Drive HUNTLY 3551
53313179958,23 FIELDS Street AINTREE 3336
53313180024,21 FIELDS Street AINTREE 3336
53313180338,22 DHALLA Street THORNHILL PARK 3335
53313180362,25 MARY Drive ALFREDTON 3350
53313180504,6 MACKINNON Grove GLENROY 3046
53313180536,6 MACKINNON Grove GLENROY 3046
53313180577,50 WARATAH Avenue TULLAMARINE 3043
53313180635,88 WANGOOM Road WARRNAMBOOL 3280
53313180692,53 WESTBURY Boulevard MAIDEN GULLY 3551
53313180742,67 SHORTRIDGE Drive LUCAS 3350
53313180775,48 FLANNERY Circuit CHARLEMONT 3217
53313180841,6 ERASMUS Avenue CRAIGIEBURN 3064
53313258058,8 SANDY Crescent INVERMAY PARK 3350
53313258081,24 ALTEZZE Drive TRUGANINA 3029
53313258157,28 BOWENIA Avenue CRAIGIEBURN 3064
53313258172,18 GRAINGER Parade LUCAS 3350
53313258221,7 BETTALAN Court SPRING GULLY 3550
53313258354,39 FRAGRANT Drive LARA 3212
53313258395,11 ARNOLD Circuit CHARLEMONT 3217
53313258429,777 AITKEN Boulevard CRAIGIEBURN 3064
53313258504,15 CHERISH Drive TARNEIT 3029
53313258528,8 SONATA Street WYNDHAM VALE 3024
53313258726,27 FAWKNER Crescent ARMSTRONG CREEK 3217
53313258775,32 MASSEY Crescent CURLEWIS 3222
53313258859,28 RESPECT Way TARNEIT 3029
53313258900,18 HALLCROFT Road GREENVALE 3059
53313258924,654 HOGANS Road TARNEIT 3029
53313258981,35 SURROUND Drive MAMBOURIN 3024
53313259016,7 RUDHALL Street MADDINGLEY 3340
53313259188,4 BELDI Street ALFREDTON 3350
53313259253,12 BLACKWOOD Road LARA 3212
53313259352,37 AQUIVER Terrace MINERS REST 3352
53313263099,30 CLAREMONT Avenue ROCKBANK 3335
53313263221,13 SILVER OAK Way MOUNT DUNEED 3217
53313263306,45 FRESHBROOK Avenue TRUGANINA 3029
53313263354,2 SUE Street WYNDHAM VALE 3024
53313263437,35 BOWENIA Avenue CRAIGIEBURN 3064
53313263504,14 NIKOLAOS Street SMYTHES CREEK 3351
53313263536,9 COLDSTREAM Avenue WERRIBEE 3030
53313263577,12 SAVANNAH Court DELACOMBE 3356
53313263750,4 GODRICH Street SUNBURY 3429
53313263867,17 SOCORRO Way TRUGANINA 3029
53313263900,2 GUSTAVE Avenue CRAIGIEBURN 3064
53313263966,11 BELDI Street ALFREDTON 3350
53313264022,7 ASHBOURNE Street HERNE HILL 3218
53313264071,6 SASHA Crescent TRUGANINA 3029
53313264097,49 SASHA Crescent TRUGANINA 3029
53313264245,45 SASHA Crescent TRUGANINA 3029
53313264492,75 ROYAL Road BRAYBROOK 3019
53313264526,104 ROYAL Road BRAYBROOK 3019
53313221362,19 ADLINGTON Avenue GREENVALE 3059
53313221387,15 JANET Street KEILOR EAST 3033
53313221504,4 LEE Road LUCAS 3350
53313221651,14 ANGHOR Drive FRASER RISE 3336
53313221676,40 BLACKWOOD Road LARA 3212
53313221791,4 WESTDAHL Street TRUGANINA 3029
53313221819,9 THEMEDA Avenue LARA 3212
53313221841,38 BLACKWOOD Road LARA 3212
53313221924,35 CAMPBELL Street WESTMEADOWS 3049
53313221940,35 CAMPBELL Street WESTMEADOWS 3049
53313222054,22 ADLINGTON Avenue GREENVALE 3059
53313222087,30 GREAVES Avenue DEANSIDE 3336
53313222178,50 FAWKNER Crescent ARMSTRONG CREEK 3217
53313222203,34 GREAVES Avenue DEANSIDE 3336
53313222243,17 CHISHOLM Street MARYBOROUGH 3465
53313222467,17 FIRETAIL Way LARA 3212
53313222573,25 CHAMBERLAIN Drive ARMSTRONG CREEK 3217
53313222730,33 WALTON Street MELTON SOUTH 3338
53313222870,46366 ARMSTRONG Street COBURG 3058
53313222906,36B GRACE Street ST ALBANS 3021
53313222920,46366 ARMSTRONG Street COBURG 3058
53313180958,22 HOWKINS Avenue WINTER VALLEY 3358
53313180973,110 FIELDS Street AINTREE 3336
53313181022,1 JONATHAN Street GREENVALE 3059
53313181048,52 CREEKSTONE Drive ALFREDTON 3350
53313181089,3 TOPAZ Street ALFREDTON 3350
53313181188,39 MARY Drive ALFREDTON 3350
53313226700,21 PARKFIELD Boulevard CHARLEMONT 3217
53313226809,16 CLEAR Drive TARNEIT 3029
53313226857,11 PARKFIELD Boulevard CHARLEMONT 3217
53313226872,11 ERASMUS Avenue CRAIGIEBURN 3064
53313227202,15 BOWENIA Avenue CRAIGIEBURN 3064
53313227234,19 BOWENIA Avenue CRAIGIEBURN 3064
53313227275,2 GUDDI Court GREENVALE 3059
53313227301,8 MASTER Way BANNOCKBURN 3331
53313227549,22 DOMA Drive TRUGANINA 3029
53313227616,81 NATURALISTE Way ARMSTRONG CREEK 3217
53313259641,16 CHERISH Drive TARNEIT 3029
53313259682,8 GENOA Way CURLEWIS 3222
53313259799,6 TAKEOFF Street DIGGERS REST 3427
53313259823,8 ARNOLD Circuit CHARLEMONT 3217
53313115161,25 RAINIER Drive TRUGANINA 3029
53313115375,56 GREVILLEA Drive MOUNT DUNEED 3217
53313115441,13 RED WATTLE Way GREENVALE 3059
53313115467,17 HALLCROFT Road GREENVALE 3059
53313115482,23 HALLCROFT Road GREENVALE 3059
53313115672,16 GRACE Avenue HAMILTON 3300
53313115789,39 GRAHAM Street BROADMEADOWS 3047
53313264550,38 COLLINSON Street KEILOR PARK 3042
53313264591,65 ROYAL Road BRAYBROOK 3019
53313264625,67 ROYAL Road BRAYBROOK 3019
53313264641,102 ROYAL Road BRAYBROOK 3019
53313264849,96 ROYAL Road BRAYBROOK 3019
53313264865,3 BELLBIRD Street KURUNJANG 3337
53313264922,71 ROYAL Road BRAYBROOK 3019
53313264956,57 ROYAL Road BRAYBROOK 3019
53313264971,28 NATAL Road TARNEIT 3029
53313265054,10 CHERISH Drive TARNEIT 3029
53313265087,22 SAMUEL Road WEIR VIEWS 3338
53313265153,19 BETTALAN Court SPRING GULLY 3550
53313265194,31 SCORPIO Road WEIR VIEWS 3338
53313265276,69 MAHONEYS Road RIDDELLS CREEK 3431
53313265425,10 CORANDIRK Street MAMBOURIN 3024
53313265459,13 LEE Road LUCAS 3350
53313265482,10 MAROON Way DIGGERS REST 3427
53313265730,7 BELDI Street ALFREDTON 3350
53313265756,16 LIME Crescent DIGGERS REST 3427
53313265888,4 COLLIE Walk SUNBURY 3429
53313222946,46366 ARMSTRONG Street COBURG 3058
53313223318,17 WESTDAHL Street TRUGANINA 3029
53313223381,21 HEATHCOTE Street MOUNT DUNEED 3217
53313223449,37 BLACKWOOD Road LARA 3212
53313223465,165 FLINDERS Avenue LARA 3212
53313223516,23 BUTLER Court BACCHUS MARSH 3340
53313223571,107 BRIGHTVALE Boulevard WYNDHAM VALE 3024
53313269047,3 MAPSTONE Court MELTON SOUTH 3338
53313269063,5 CALLISTEMON Circuit LARA 3212
53313269260,46 FAWKNER Crescent ARMSTRONG CREEK 3217
53313269311,8 NINEVEH Road CRAIGIEBURN 3064
53313269343,32 SCORPIO Road WEIR VIEWS 3338
53313269624,106 NATURALISTE Way ARMSTRONG CREEK 3217
53313227945,16 LIMESTONE Street CHARLEMONT 3217
53313228092,15 PARKFIELD Boulevard CHARLEMONT 3217
53313228218,42 HAZEL Grove PASCOE VALE 3044
53313228349,104 BRIGHTVALE Boulevard WYNDHAM VALE 3024
53313228365,115 HEMINGWAY Drive ROCKBANK 3335
53313228448,146 HIGHLANDER Drive CRAIGIEBURN 3064
53313228497,4 ADLINGTON Avenue GREENVALE 3059
53313228547,67 LUGANO Avenue ALFREDTON 3350
53313228654,21 WARRIGAL Drive AINTREE 3336
53313228992,9 WESTDAHL Street TRUGANINA 3029
53313229124,18 GUSTAVE Avenue CRAIGIEBURN 3064
53313116241,63 CORDHILL Circuit AINTREE 3336
53313116714,552 BALLAN Road WYNDHAM VALE 3024
53313116779,24 ASPIRING Drive HUNTLY 3551
53313116813,24 CROWTHER Drive LUCAS 3350
53313116944,83 BIRDWOOD Street MARIBYRNONG 3032
53313117025,41 SILVER LEAF Way WINTER VALLEY 3358
53313117132,5 NUTTALL Street MAMBOURIN 3024
53313117222,14 RED WATTLE Way GREENVALE 3059
53313117271,3 NOLAN Avenue BROOKLYN 3012
53313121052,16 DYER Way MADDINGLEY 3340
53313121085,2 GALACTIC Avenue STRATHFIELDSAYE 3551
53313121274,16 RIMMINGTON Way ROCKBANK 3335
53313121318,52 WESTBURY Boulevard MAIDEN GULLY 3551
53313121714,176 ELEVATION Boulevard CRAIGIEBURN 3064
53313121878,12A MARJORY Street FAWKNER 3060
53313121912,33 HARRINGTON Terrace ST LEONARDS 3223
53313121952,40 ALBERT Crescent ST ALBANS 3021
53313121977,8 CUTHBERT Street NIDDRIE 3042
53313121993,24 ADORI Street MARIBYRNONG 3032
53313122024,30 ADORI Street MARIBYRNONG 3032
53313122270,53 WIRELESS Drive AINTREE 3336
53313122306,31 CORDHILL Circuit AINTREE 3336
53313122362,50 MALING Road TRUGANINA 3029
53313122405,37 FRESHBROOK Avenue TRUGANINA 3029
53313269658,3A ANDERSON Street NEWPORT 3015
53313269699,10 RAINIER Drive TRUGANINA 3029
53313269808,69 DALLAS Drive DALLAS 3047
53313269988,1540 PASCOE VALE Road COOLAROO 3048
53313270021,8 WICKLOW Drive MELTON SOUTH 3338
53313270096,5 TANBAR Street FRASER RISE 3336
53313270120,5 MALTA Road CRAIGIEBURN 3064
53313270146,11 CONONDALE Avenue TRUGANINA 3029
53313270195,16 HONEY EATER Drive WINTER VALLEY 3358
53313270212,34 HEATHCOTE Street MOUNT DUNEED 3217
53313270293,1 MAROON Way DIGGERS REST 3427
53313270343,15 CONIFER Street ARMSTRONG CREEK 3217
53313270525,9 CONONDALE Avenue TRUGANINA 3029
53313270559,14 BOWENIA Avenue CRAIGIEBURN 3064
53313270582,26 SILVER LEAF Way WINTER VALLEY 3358
53313270624,7 COUNSEL Road FRASER RISE 3336
53313270658,9 GRETTA Street SMYTHES CREEK 3351
53313270699,8 LABICHEA Street CRAIGIEBURN 3064
53313270864,5 TANZANITE Circuit CRAIGIEBURN 3064
53313271037,7 LUXFORD Court STRATHDALE 3550
53313229396,17 BOONDILLA Court TORQUAY 3228
53313229495,11 GINGELLA Court BALLAN 3342
53313229553,6 SPECTOR Walk WERRIBEE 3030
53313274988,32 GLYNN Avenue ALTONA NORTH 3025
53313275112,13 CONONDALE Avenue TRUGANINA 3029
53313275193,37 GRAINGER Parade LUCAS 3350
53313275242,15 CLEAR Drive TARNEIT 3029
53313275268,35 DOMA Drive TRUGANINA 3029
53313275359,16 PALANA Walk GREENVALE 3059
53313275374,22 GILA Way TRUGANINA 3029
53313275458,10 CANARY Drive ARMSTRONG CREEK 3217
53313275481,18 PALANA Walk GREENVALE 3059
53313275598,13 ROSALA Avenue ALTONA NORTH 3025
53313275622,15 ROSALA Avenue ALTONA NORTH 3025
53313275648,17A ROSALA Avenue ALTONA NORTH 3025
53313275664,21 ROSALA Avenue ALTONA NORTH 3025
53313275697,16A MISTEN Avenue ALTONA NORTH 3025
53313275721,18 MISTEN Avenue ALTONA NORTH 3025
53313275755,20 MISTEN Avenue ALTONA NORTH 3025
53313275820,57A BLANDFORD Street WEST FOOTSCRAY 3012
53313275937,6 WASHINGTON Drive THORNHILL PARK 3335
53313275953,43 FIELDS Street AINTREE 3336
53313276027,8 MICICH Court ALFREDTON 3350
53313163381,33 CROWN Drive FRASER RISE 3336
53313163516,4 REJOICE Street TARNEIT 3029
53313163647,10 SUMAR Drive CRAIGIEBURN 3064
53313163706,25 HONOUR Avenue WINTER VALLEY 3358
53313163746,20 IGNEOUS Road CRAIGIEBURN 3064
53313163813,3 AVAWARD Street WYNDHAM VALE 3024
53313163985,28 SARATOGA Circuit DRYSDALE 3222
53313164002,30 SARATOGA Circuit DRYSDALE 3222
53313164026,32 SARATOGA Circuit DRYSDALE 3222
53313164050,36 SARATOGA Circuit DRYSDALE 3222
53313164119,14 DHALLA Street THORNHILL PARK 3335
53313164159,136 LICENSE Road DIGGERS REST 3427
53313122651,42 MOONAH Circuit LARA 3212
53313122676,10 CROWTHER Drive LUCAS 3350
53313122783,45 WIRELESS Drive AINTREE 3336
53313122801,108 PARER Road AIRPORT WEST 3042
53313123008,3 ALEXANDER Street AVONDALE HEIGHTS 3034
53313123022,3 ALEXANDER Street AVONDALE HEIGHTS 3034
53313123155,10 ANNE Court BROADMEADOWS 3047
53313123336,45 RAINIER Drive TRUGANINA 3029
53313123403,24 FRESHBROOK Avenue TRUGANINA 3029
53313123469,65 LUGANO Avenue ALFREDTON 3350
53313123831,17 LEITRIM Street ALFREDTON 3350
53313123880,4 WHITE GUM Way WINTER VALLEY 3358
53313271061,24 MURNONG Street LEOPOLD 3224
53313271094,9 CARFIN Circuit THORNHILL PARK 3335
53313271144,21 FUCHSIA Drive ROCKBANK 3335
53313271234,5 THORN Road FRASER RISE 3336
53313271301,34 FRESHBROOK Avenue TRUGANINA 3029
53313271333,14 DISTINCTIVE Drive ROCKBANK 3335
53313271367,57 STRATUS Street TARNEIT 3029
53313271390,1 NESTOR Place JACKASS FLAT 3556
53313271418,25 SPREE Street TARNEIT 3029
53313271466,34 GRAINGER Parade LUCAS 3350
53313271549,12 ORIENTEERING Drive GREENVALE 3059
53313271598,58 FLANNERY Circuit CHARLEMONT 3217
53313271671,5 TULLOONA Street FRASER RISE 3336
53313271820,18 GRAND VIEW Drive MCKENZIE HILL 3451
53313127049,3 RAKUMBA Court CLIFTON SPRINGS 3222
53313127098,28 ARGYLL Drive JUNORTOUN 3551
53313127378,19 MAKEDONIA Street TARNEIT 3029
53313276092,55 KENSINGTON Boulevard SMYTHES CREEK 3351
53313276168,15 SANDY Crescent INVERMAY PARK 3350
53313276266,8 CARFIN Circuit THORNHILL PARK 3335
53313276299,7 LAUTARET Road BROWN HILL 3350
53313276422,15 SUMAR Drive CRAIGIEBURN 3064
53313276596,22 GRIFFITH Road DEANSIDE 3336
53313276614,3 GLEESON Way DEANSIDE 3336
53313276687,59 WEDGE TAIL Drive WINTER VALLEY 3358
53313276705,3 LAUTARET Road BROWN HILL 3350
53313276745,20 GRAINGER Parade LUCAS 3350
53313276812,13 WEDGE TAIL Court LARA 3212
53313277024,3 BELLVIEW Drive ROCKBANK 3335
53313277073,38 GIBSONS Circuit BONNIE BROOK 3335
53313277131,12 SONATA Street WYNDHAM VALE 3024
53313277207,16 SCORPIO Road WEIR VIEWS 3338
53313277247,15 MONTEREY Street ARMSTRONG CREEK 3217
53313277270,3 GRETTA Street SMYTHES CREEK 3351
53313277296,17 FREESTONE Avenue MELTON SOUTH 3338
53313277314,23 CEDAR Road LARA 3212
53313277405,188 MCCURDY Road FYANSFORD 3218
53313277478,330 BALLARAT Road BRAYBROOK 3019
53313164330,23 BRIGHTON Rise MADDINGLEY 3340
53313164421,6 OAK Grove ROMSEY 3434
53313164488,2 SPOONBILL Drive ARMSTRONG CREEK 3217
53313164686,23 TELOPEA Road CRAIGIEBURN 3064
53313164777,13 BLACKWOOD Road LARA 3212
53313164811,16 DAGLISH Way WERRIBEE 3030
53313164910,41 NICHOLSON Crescent MEADOW HEIGHTS 3048
53313164934,10A GREENSTEAD Amble KURUNJANG 3337
53313164983,32 MOORE Way LUCAS 3350
53313165040,29 HEMLEY Circuit MAIDEN GULLY 3551
53313165445,68 ALCOCK Road TRUGANINA 3029
53313165611,18 THRIVE Crescent DIGGERS REST 3427
53313169420,23 ELLSON Street AINTREE 3336
53313169454,26 VIGNETTE Road DIGGERS REST 3427
53313169586,10 OSBERT Street SUNSHINE 3020
53313169628,9 DHALLA Street THORNHILL PARK 3335
53313169727,20 DIRECTIONS Drive GREENVALE 3059
53313170158,13 GOODENIA Avenue LARA 3212
53313170208,12 TELOPEA Road CRAIGIEBURN 3064
53313170297,74 LUGANO Avenue ALFREDTON 3350
53313170406,9 GOODENIA Avenue LARA 3212
53313170487,21 FIRST Avenue STRATHMORE 3041
53313127626,91 TOWNLEY Boulevard WERRIBEE 3030
53313127691,5 DAVY Street WOODEND 3442
53313127719,81 SHORTRIDGE Drive LUCAS 3350
53313127832,46 SUMMERS Street DEER PARK 3023
53313127866,3 REARDON Crescent ST LEONARDS 3223
53313128088,70 EXPLORATION Avenue WERRIBEE 3030
53313128311,6 WARRIGAL Drive AINTREE 3336
53313128343,37 KAMALA Drive TARNEIT 3029
53313128559,20 ROBERTSON Crescent LAVERTON 3028
53313277585,19 MAURICE Street HERNE HILL 3218
53313277603,7 REJOICE Street TARNEIT 3029
53313277676,32A TOVA Avenue BELL POST HILL 3215
53313277940,7 PARKFIELD Boulevard CHARLEMONT 3217
53313133047,87 TOWNLEY Boulevard WERRIBEE 3030
53313133567,11 COLDSTREAM Avenue WERRIBEE 3030
53313133709,18 RIMMINGTON Way ROCKBANK 3335
53313133772,14 THRIVE Crescent DIGGERS REST 3427
53313133871,29 WARRIGAL Drive AINTREE 3336
53313133963,39 HOLMAN Crescent BACCHUS MARSH 3340
53313134005,10 ERASMUS Avenue CRAIGIEBURN 3064
53313165726,31 ARGYLL Drive JUNORTOUN 3551
53313165742,39 SARATOGA Circuit DRYSDALE 3222
53313165801,3 SUMAR Drive CRAIGIEBURN 3064
53313165932,21 CALLISTEMON Circuit LARA 3212
53313166022,19 CARLOW Drive ALFREDTON 3350
53313166056,26 WALDOCK Way WARRNAMBOOL 3280
53313166115,9A TOWNLEY Boulevard WERRIBEE 3030
53313166139,11B TOWNLEY Boulevard WERRIBEE 3030
53313166155,13B TOWNLEY Boulevard WERRIBEE 3030
53313211587,15 SHEOAK Street EPSOM 3551
53313211694,17 PELICAN Drive WINTER VALLEY 3358
53313211728,7 SPREE Street TARNEIT 3029
53313211950,7 BUD Street LARA 3212
53313212056,17 SANDPIPER Avenue WINTER VALLEY 3358
53313212253,10 FAITH Road TARNEIT 3029
53313170685,149 CUMBERLAND Road PASCOE VALE 3044
53313170751,18 MEREDITH Street ST LEONARDS 3223
53313170802,4 MURCOTT Road MADDINGLEY 3340
53313170883,9 NABRO Street TRUGANINA 3029
53313170919,11 NUTTALL Street MAMBOURIN 3024
53313170959,29 WAVERTREE Crescent WERRIBEE 3030
53313170982,9 CORELLA Walk MAIDSTONE 3012
53313171080,41 HOLMAN Crescent BACCHUS MARSH 3340
53313171361,89 RESTFUL Way ROCKBANK 3335
53313171428,4 MCLACHLAN Street BACCHUS MARSH 3340
53313171477,15 LIMESTONE Street CHARLEMONT 3217
53313171602,11 SILVEREYE Street KURUNJANG 3337
53313171626,24 CLAUDIA Crescent KURUNJANG 3337
53313171683,23 BASTEN Avenue DEANSIDE 3336
53313171759,38 JOURNEY Drive FRASER RISE 3336
53313171800,75 ABBOTSWICK Circuit WILLIAMS LANDING 3027
53313171931,22 WRIGHT Street LAVERTON 3028
53313172029,29B THOMSON Street MAIDSTONE 3012
53313172061,8 TULLOONA Street FRASER RISE 3336
53313129061,133 SHORTRIDGE Drive LUCAS 3350
53313129185,20 ROBERTSON Crescent LAVERTON 3028
53313129210,89 EDOLS Street BALLAN 3342
53313129319,91 MARKET Road WERRIBEE 3030
53313129341,18 MULLINGAR Drive ALFREDTON 3350
53313129656,25 FRAGRANT Crescent DIGGERS REST 3427
53313129707,24 VEDA Street WERRIBEE 3030
53313129862,86 SHORTRIDGE Drive LUCAS 3350
53313129895,17 SHEOAK Street EPSOM 3551
53313129978,8 THEMEDA Avenue LARA 3212
53313175428,13 DYER Way MADDINGLEY 3340
53313134078,4 APPLE GUM Circuit BELLBRAE 3228
53313134104,5 APPLE GUM Circuit BELLBRAE 3228
53313134128,13 APPLE GUM Circuit BELLBRAE 3228
53313134144,17 APPLE GUM Circuit BELLBRAE 3228
53313134177,14 APPLE GUM Circuit BELLBRAE 3228
53313134466,20A LYONS Street MINERS REST 3352
53313134895,57 HARRINGTON Terrace ST LEONARDS 3223
53313135168,3 OAK Grove ROMSEY 3434
53313212411,4 DYER Way MADDINGLEY 3340
53313212451,79 BARBRA Drive CHARLEMONT 3217
53313212510,21 GOODENIA Avenue LARA 3212
53313212641,33 CLEAR Drive TARNEIT 3029
53313213079,21 PELICAN Drive WINTER VALLEY 3358
53313213145,48 ABBOTSWICK Circuit WILLIAMS LANDING 3027
53313213178,19 BRIGHTON Rise MADDINGLEY 3340
53313213227,6 WHITTAKER Avenue LAVERTON 3028
53313213368,19 PELICAN Drive WINTER VALLEY 3358
53313213383,21 HALLCROFT Road GREENVALE 3059
53313213573,43 VANBURN Road TRUGANINA 3029
53313213609,83 NATURALISTE Way ARMSTRONG CREEK 3217
53313213623,3 CLEAR Drive TARNEIT 3029
53313213680,223 SOVEREIGN Drive MOUNT DUNEED 3217
53313213748,21 MURNONG Street LEOPOLD 3224
53313172152,180 BELL Street COBURG 3058
53313172202,75 WILLIAM Street FAWKNER 3060
53313217541,18 RANCE Road DELACOMBE 3356
53313217624,108 BRIGHTVALE Boulevard WYNDHAM VALE 3024
53313217699,46 WESTBURY Boulevard MAIDEN GULLY 3551
53313217808,65 BROOM Road AINTREE 3336
53313217822,63 BROOM Road AINTREE 3336
53313217848,49 COLDSTREAM Avenue WERRIBEE 3030
53313217907,10 GILA Way TRUGANINA 3029
53313217970,2 GLENMORE Parkway ROCKBANK 3335
53313218029,12 NATURALISTE Way ARMSTRONG CREEK 3217
53313218234,43 MIDDLE Road MARIBYRNONG 3032
53313218250,43 MIDDLE Road MARIBYRNONG 3032
53313218275,40 RIHANNA Street GREENVALE 3059
53313218301,18 CORONADO Crescent TRUGANINA 3029
53313218333,14 MASAYA Avenue TRUGANINA 3029
53313218367,14 FEATHERWOOD Drive AINTREE 3336
53313218382,19 GLENROY Road GLENROY 3046
53313218400,19 GLENROY Road GLENROY 3046
53313218432,37 SPENCE Street KEILOR PARK 3042
53313218523,10 FLANNERY Circuit CHARLEMONT 3217
53313218549,16 LANA Drive JACKASS FLAT 3556
53313218572,42 NEWMARKET Road WERRIBEE 3030
53313218608,13 SMITH Way TORQUAY 3228
53313218630,8A TIMBARRA Drive WERRIBEE 3030
53313218656,9 SMITH Way TORQUAY 3228
53313218739,16 MACFARLANE Street TORQUAY 3228
53313218788,10 MACFARLANE Street TORQUAY 3228
53313175642,36 BARTEK Street TARNEIT 3029
53313175782,20 SCAEVOLA Road CRAIGIEBURN 3064
53313175965,14 SPECTOR Walk WERRIBEE 3030
53313176096,43 ATLANTIS Drive POINT COOK 3030
53313176114,53 ADELONG Way BACCHUS MARSH 3340
53313176146,55 ADELONG Way BACCHUS MARSH 3340
53313176244,16 COLDSTREAM Avenue WERRIBEE 3030
53313176260,35 STRATUS Street TARNEIT 3029
53313176483,10 SCHEFFLERA Street CRAIGIEBURN 3064
53313176501,41 TELOPEA Road CRAIGIEBURN 3064
53313176856,24 TATHRA Road WYNDHAM VALE 3024
53313176889,5 RED WATTLE Way GREENVALE 3059
53313176988,9 ATTADALE Avenue WERRIBEE 3030
53313177012,15 COLDSTREAM Avenue WERRIBEE 3030
53313135596,22 LORNA Crescent SUNSHINE WEST 3020
53313135695,24 EAGLEVIEW Place BANNOCKBURN 3331
53313135737,18 VEDA Street WERRIBEE 3030
53313135761,12 DISTINCTIVE Drive ROCKBANK 3335
53313135844,38 HILTON Street HADFIELD 3046
53313135893,2 WOODFORD Chase AINTREE 3336
53313136059,10 PATRICK Street GLENROY 3046
53313136082,3 HAIGH Place MOUNT PLEASANT 3350
53313181344,14A MCEWEN Drive SUNBURY 3429
53313181385,7 OAK Grove ROMSEY 3434
53313181583,238 SOVEREIGN Drive MOUNT DUNEED 3217
53313181690,15 MURNONG Street LEOPOLD 3224
53313181773,90 WATTLE Road MAIDSTONE 3012
53313181799,94 WATTLE Road MAIDSTONE 3012
53313181865,106 WATTLE Road MAIDSTONE 3012
53313181916,98 WATTLE Road MAIDSTONE 3012
53313213764,17 DOLES Road MAIDEN GULLY 3551
53313213839,7 CHAMBERLAIN Drive ARMSTRONG CREEK 3217
53313213954,9 MOONAH Circuit LARA 3212
53313213987,7 SASHA Crescent TRUGANINA 3029
53313214036,35 FRESHBROOK Avenue TRUGANINA 3029
53313214052,153 FLINDERS Avenue LARA 3212
53313214192,17 RIO Way TRUGANINA 3029
53313214225,16 VIGNETTE Road DIGGERS REST 3427
53313214259,18 KONARK Road BONNIE BROOK 3335
53313214282,11 CROWTHER Drive LUCAS 3350
53313214498,6 BLIGH Street CHARLEMONT 3217
53313259865,14 PRIMULA Street DIGGERS REST 3427
53313259956,2A CREEK Street SPOTSWOOD 3015
53313259997,12 WICKLOW Drive MELTON SOUTH 3338
53313260089,9 ANGHOR Drive FRASER RISE 3336
53313260237,9 TANZANITE Circuit CRAIGIEBURN 3064
53313260253,3 TANZANITE Circuit CRAIGIEBURN 3064
53313260286,15 TANZANITE Circuit CRAIGIEBURN 3064
53313260312,226 FRANCIS Street YARRAVILLE 3013
53313260526,4 DIRECTIONS Drive GREENVALE 3059
53313218806,100 RESTFUL Way ROCKBANK 3335
53313218820,55 BROOM Road AINTREE 3336
53313218953,6 BOTANY Circuit MOUNT DUNEED 3217
53313219011,6A TIMBARRA Drive WERRIBEE 3030
53313219043,50 NEWMARKET Road WERRIBEE 3030
53313219069,10B TIMBARRA Drive WERRIBEE 3030
53313219142,6B TIMBARRA Drive WERRIBEE 3030
53313219175,1 ALLIANCE Street WERRIBEE 3030
53313219191,11 ALLIANCE Street WERRIBEE 3030
53313219240,3 ALLIANCE Street WERRIBEE 3030
53313219266,46 DISTINCTION Avenue CRAIGIEBURN 3064
53313219317,46 MOORE Way LUCAS 3350
53313219416,41 GROWTH Drive WEIR VIEWS 3338
53313219687,20 MURPHY Street OAK PARK 3046
53313219836,124 RAILWAY Crescent DALLAS 3047
53313220075,12 MACFARLANE Street TORQUAY 3228
53313220101,19 TREVANNION Street GLENROY 3046
53313177085,2 WHITE GUM Way WINTER VALLEY 3358
53313177143,65 OWARRA Boulevard MOUNT DUNEED 3217
53313177219,2 TOPAZ Street ALFREDTON 3350
53313177259,15 ATTADALE Avenue WERRIBEE 3030
53313177300,59 CHASE Boulevard ALFREDTON 3350
53313177324,14 ERASMUS Avenue CRAIGIEBURN 3064
53313177457,25 SCAEVOLA Road CRAIGIEBURN 3064
53313177615,24 GIBSON Way MADDINGLEY 3340
53313177696,36 GILLESPIE Avenue WERRIBEE 3030
53313177762,2 CORELLA Walk MAIDSTONE 3012
53313177837,63 CARTER Road ARMSTRONG CREEK 3217
53313177853,67 CARTER Road ARMSTRONG CREEK 3217
53313177886,81 CARTER Road ARMSTRONG CREEK 3217
53313177912,87 CARTER Road ARMSTRONG CREEK 3217
53313177944,71 CARTER Road ARMSTRONG CREEK 3217
53313177960,75 CARTER Road ARMSTRONG CREEK 3217
53313178075,23 CROWN Drive FRASER RISE 3336
53313178141,23 VEDA Street WERRIBEE 3030
53313223746,4 COOLBINIA Avenue WERRIBEE 3030
53313223795,13 ELIZABETH Street CAMPBELLS CREEK 3451
53313223829,100 WIDFORD Street GLENROY 3046
53313223904,25 COOPER Avenue ALTONA NORTH 3025
53313182028,10 MURNONG Street LEOPOLD 3224
53313182103,12 NOONAN Street HUNTLY 3551
53313182192,14A MCEWEN Drive SUNBURY 3429
53313182219,14A MCEWEN Drive SUNBURY 3429
53313182274,11 LAUTARET Road BROWN HILL 3350
53313182472,28 WATERBIRD Circuit WEIR VIEWS 3338
53313182670,47 HONEYDEW Way ROCKBANK 3335
53313182746,2 BROBERG Street WYNDHAM VALE 3024
53313182795,7 ALDERNEY Street TARNEIT 3029
53313182878,61C THE ESPLANADE  MARIBYRNONG 3032
53313182977,68A SIXTH Avenue ALTONA NORTH 3025
53313183042,241 BUCKLEY Street ABERFELDIE 3040
53313183075,12 DANA Drive TRUGANINA 3029
53313183257,6 MACKINNON Grove GLENROY 3046
53313183280,46366 GOODENIA Avenue LARA 3212
53313260601,47 WESTBURY Boulevard MAIDEN GULLY 3551
53313260674,20 EREMAEA Road CRAIGIEBURN 3064
53313260766,19 PLANK Lane TARNEIT 3029
53313260809,6 SECLUDED Place KANGAROO FLAT 3555
53313260872,26 CONIFER Street ARMSTRONG CREEK 3217
53313260908,7 THORN Road FRASER RISE 3336
53313260971,26 DOMINICO Street ST LEONARDS 3223
53313261161,15 PLANK Lane TARNEIT 3029
53313261186,9 PLANK Lane TARNEIT 3029
53313261401,22B FISHER Street MAIDSTONE 3012
53313261490,46 CARFIN Circuit THORNHILL PARK 3335
53313261581,36 HEATHCOTE Street MOUNT DUNEED 3217
53313261680,15 FLANNERY Circuit CHARLEMONT 3217
53313261815,14 GALLAXUS Avenue WYNDHAM VALE 3024
53313261863,15 CROWTHER Drive LUCAS 3350
53313220439,32 BOLITHO Terrace MAIDEN GULLY 3551
53313265914,14 COLLIE Walk SUNBURY 3429
53313265987,32 GILLESPIE Avenue WERRIBEE 3030
53313266044,5 MCDONNELL Lane MAIDEN GULLY 3551
53313266111,13 STABLE Court MINERS REST 3352
53313266192,21 LEITRIM Street ALFREDTON 3350
53313266324,15 GRAND VIEW Drive MCKENZIE HILL 3451
53313266508,6 KONARK Road BONNIE BROOK 3335
53313266530,1 BANBURY Road BONNIE BROOK 3335
53313266706,2 BANBURY Road BONNIE BROOK 3335
53313266754,37 FLANNERY Circuit CHARLEMONT 3217
53313266805,24 CONIFER Street ARMSTRONG CREEK 3217
53313266952,56 FRASER Street AIRPORT WEST 3042
53313267019,10 LIME Crescent DIGGERS REST 3427
53313223952,32 SCHEFFLERA Street CRAIGIEBURN 3064
53313223985,8 SCAEVOLA Road CRAIGIEBURN 3064
53313224119,29 CHISHOLM Street MARYBOROUGH 3465
53313224182,15 GAPSTOW Chase POINT COOK 3030
53313224217,20 CHAMBERLAIN Drive ARMSTRONG CREEK 3217
53313224322,6 SCAEVOLA Road CRAIGIEBURN 3064
53313224371,118 BRIGHTVALE Boulevard WYNDHAM VALE 3024
53313224421,9 DOMINICO Street ST LEONARDS 3223
53313224926,71 LUGANO Avenue ALFREDTON 3350
53313225024,41 ODYSSEY Boulevard TARNEIT 3029
53313225058,16 JULES Street ST LEONARDS 3223
53313225346,40-42 CALLISTEMON Circuit LARA 3212
53313183554,5 CORONADO Crescent TRUGANINA 3029
53313183613,38 RAYMOND Street SUNSHINE WEST 3020
53313183686,6 CORONADO Crescent TRUGANINA 3029
53313183712,54 MOORE Way LUCAS 3350
53313183950,6 NABRO Street TRUGANINA 3029
53313183983,8 DIRECTIONS Drive GREENVALE 3059
53313184018,1 PAGE Street MARYBOROUGH 3465
53313184255,9 DEBUT Avenue TARNEIT 3029
53313229769,14 GILA Way TRUGANINA 3029
53313229784,6 KERMEEN Place CARDIGAN 3352
53313229868,85 EVELL Street GLENROY 3046
53313229883,4 SALTLEY Street SOUTH KINGSVILLE 3015
53313230019,5 MOULSDALE Way AINTREE 3336
53313230158,8 CHERISH Drive TARNEIT 3029
53313230199,6 FREYCINET Court WARRNAMBOOL 3280
53313230222,9 CLEAR Drive TARNEIT 3029
53313261987,88 SHORTRIDGE Drive LUCAS 3350
53313262026,9 BASTEN Avenue DEANSIDE 3336
53313262068,13 FAWKNER Crescent ARMSTRONG CREEK 3217
53313262174,2 COMMAND Road CRAIGIEBURN 3064
53313262265,38 ALTEZZE Drive TRUGANINA 3029
53313262397,66 EAGLEBAY Road ARMSTRONG CREEK 3217
53313262415,30 TREVISO Street FRASER RISE 3336
53313262447,16 TERRACOTTA Avenue TARNEIT 3029
53313262546,13 RUSTY Rise BROWN HILL 3350
53313262613,27 VANBURN Road TRUGANINA 3029
53313262645,9 TANBAR Street FRASER RISE 3336
53313262678,20 DOMA Drive TRUGANINA 3029
53313262744,52 FLANAGAN Street TARNEIT 3029
53313262777,5 BELLBIRD Street KURUNJANG 3337
53313118313,21 CROWTHER Drive LUCAS 3350
53313267181,53 KEEPING Terrace TARNEIT 3029
53313267289,1 CANOBIE Street FRASER RISE 3336
53313267420,12 ALEGRA Street BALLAN 3342
53313267594,64 GRAINGER Parade LUCAS 3350
53313267612,25 ELIZABETH Road CRESWICK 3363
53313267743,39 RICKY Parade ARMSTRONG CREEK 3217
53313267883,9 PRIMULA Street DIGGERS REST 3427
53313268057,8 HOMELAND Way ARMSTRONG CREEK 3217
53313268080,16 CALLISTEMON Circuit LARA 3212
53313268189,42 JACANA Way ARMSTRONG CREEK 3217
53313268246,67 LIGAR Street SUNBURY 3429
53313268295,19 NIKOLAOS Street SMYTHES CREEK 3351
53313268436,7 TULLOONA Street FRASER RISE 3336
53313268569,2 CORNELIUS Close MELTON SOUTH 3338
53313225437,21 MURPHY Street EAST BENDIGO 3550
53313225453,238-240 BOUNDARY Road PASCOE VALE 3044
53313225486,238-240 BOUNDARY Road PASCOE VALE 3044
53313225504,238-240 BOUNDARY Road PASCOE VALE 3044
53313225528,33 NEPEAN Street BROADMEADOWS 3047
53313225552,33 NEPEAN Street BROADMEADOWS 3047
53313225611,24 MACFARLANE Street TORQUAY 3228
53313225635,30 EUCRA Street HADFIELD 3046
53313225651,238-240 BOUNDARY Road PASCOE VALE 3044
53313225819,61 SYDNEY Way ALFREDTON 3350
53313225841,26 ADLINGTON Avenue GREENVALE 3059
53313225874,102 MILLBROOK Drive WYNDHAM VALE 3024
53313226016,8 MAROON Way DIGGERS REST 3427
53313226056,56 FLANNERY Circuit CHARLEMONT 3217
53313226089,10 DISTINCTIVE Drive ROCKBANK 3335
53313226377,28A GORDON Street NEWPORT 3015
53313226403,141 MAIN Road ST ALBANS 3021
53313226435,252 CUMBERLAND Road PASCOE VALE 3044
53313226476,21 SMITH Way TORQUAY 3228
53313226591,46240 GOODENIA Avenue LARA 3212
53313226641,2 RAGLAN Street AVONDALE HEIGHTS 3034
53313271986,16 CROWTHER Drive LUCAS 3350
53313272019,115 MARADONA Boulevard DEANSIDE 3336
53313230462,6 CONONDALE Avenue TRUGANINA 3029
53313230495,8 CONTROL Street GREENVALE 3059
53313230529,5 BLIGH Street CHARLEMONT 3217
53313230652,57 BRIGHT Street TORQUAY 3228
53313230693,59 BRIGHT Street TORQUAY 3228
53313230711,19 SMITH Way TORQUAY 3228
53313230735,29 SMITH Way TORQUAY 3228
53313230769,32 MACFARLANE Street TORQUAY 3228
53313230792,28 MACFARLANE Street TORQUAY 3228
53313230826,63 BRIGHT Street TORQUAY 3228
53313230868,4 SIMMENTAL Street DELACOMBE 3356
53313230891,25A COOPER Avenue ALTONA NORTH 3025
53313230919,735 DERRIMUT Road TARNEIT 3029
53313231108,3 SASHA Crescent TRUGANINA 3029
53313231246,11 TARRNOOK Drive STRATHFIELDSAYE 3551
53313231295,38 MOORE Way LUCAS 3350
53313231511,12 RIO Way TRUGANINA 3029
53313231642,18 EREMAEA Road CRAIGIEBURN 3064
53313231719,38 SASHA Crescent TRUGANINA 3029
53313231824,16 WARATAH Street WEST FOOTSCRAY 3012
53313231840,16 WARATAH Street WEST FOOTSCRAY 3012
53313231873,30 BAINBRIDGE Close CRAIGIEBURN 3064
53313118701,32 TELOPEA Road CRAIGIEBURN 3064
53313118957,3 RUTHVEN Way MAMBOURIN 3024
53313119204,79 RESTFUL Way ROCKBANK 3335
53313119252,1 SHEOAK Street EPSOM 3551
53313119450,10 SOMERDALE Avenue WYNDHAM VALE 3024
53313119559,23 MOONAH Circuit LARA 3212
53313119582,2 DEAN Street LUCAS 3350
53313119681,209 SOVEREIGN Drive MOUNT DUNEED 3217
53313119864,123 VINES Road HAMLYN HEIGHTS 3215
53313268634,22A MARY Street SPOTSWOOD 3015
53313268691,50 DANDELION Crescent ROCKBANK 3335
53313268733,16 RAINIER Drive TRUGANINA 3029
53313268790,39 TELOPEA Road CRAIGIEBURN 3064
53313268832,16 EREMAEA Road CRAIGIEBURN 3064
53313268965,11 LIME Crescent DIGGERS REST 3427
53313124145,11 BRANDON Mews GROVEDALE 3216
53313124186,11 BRANDON Mews GROVEDALE 3216
53313124342,3 PONY Drive GREENVALE 3059
53313272082,30 ROCHFORD Way MELTON SOUTH 3338
53313272230,51 KEEPING Terrace TARNEIT 3029
53313272289,2 REALM Walk TRUGANINA 3029
53313272355,7 SCORPIO Road WEIR VIEWS 3338
53313272370,84 COMPASS Drive GREENVALE 3059
53313272462,2 DESMOND Street LUCAS 3350
53313272495,10 DESMOND Street LUCAS 3350
53313272660,23 STEVENSON Street BROADMEADOWS 3047
53313272834,2 DAY Street SUNSHINE WEST 3020
53313272850,2 DAY Street SUNSHINE WEST 3020
53313272933,13 FREYCINET Court WARRNAMBOOL 3280
53313272959,161 FLINDERS Avenue LARA 3212
53313273017,14 STABLE Court MINERS REST 3352
53313273080,19 HAMPI Drive FRASER RISE 3336
53313273254,26 COOK Road MELTON SOUTH 3338
53313273337,23 RACING Way WINTER VALLEY 3358
53313273353,33 HALLCROFT Road GREENVALE 3059
53313273493,84 LUGANO Avenue ALFREDTON 3350
53313231949,38 MARXSEN Parade LUCAS 3350
53313232086,95 NATURALISTE Way ARMSTRONG CREEK 3217
53313232104,12 SILVER OAK Way MOUNT DUNEED 3217
53313232136,15 NERISSA Grove OAK PARK 3046
53313232160,15 NERISSA Grove OAK PARK 3046
53313232193,15 NERISSA Grove OAK PARK 3046
53313232226,15 NERISSA Grove OAK PARK 3046
53313232242,9 OLEARIA Court LARA 3212
53313232291,712A EUREKA Street BALLARAT EAST 3350
53313232374,108 THE TERRACE  OCEAN GROVE 3226
53313232390,7 KEITH Crescent BROADMEADOWS 3047
53313232499,30 MURNONG Street LEOPOLD 3224
53313232517,44 CALLISTEMON Circuit LARA 3212
53313232531,51 COLDSTREAM Avenue WERRIBEE 3030
53313232580,9 ALTO Crescent GREENVALE 3059
53313232630,77 ABBOTSWICK Circuit WILLIAMS LANDING 3027
53313232656,3 GAMBIA Street GREENVALE 3059
53313278048,5 PARKFIELD Boulevard CHARLEMONT 3217
53313278071,12 CARDAMON Street ARMSTRONG CREEK 3217
53313278107,50 WALTON Street MELTON SOUTH 3338
53313278121,10 GROVES Street KEILOR EAST 3033
53313278205,54 STRATUS Street TARNEIT 3029
53313278237,13 MONTEREY Street ARMSTRONG CREEK 3217
53313278304,3 MONTEREY Street ARMSTRONG CREEK 3217
53313278344,15 RESTFUL Way ROCKBANK 3335
53313278526,19 TRAFALGAR Street STRATHTULLOH 3338
53313278542,16 MASTER Way BANNOCKBURN 3331
53313278575,18 ASPIRING Drive HUNTLY 3551
53313119963,73 EXPLORATION Avenue WERRIBEE 3030
53313120105,11 LINACRE Crescent MELTON SOUTH 3338
53313120284,8 COOLBINIA Avenue WERRIBEE 3030
53313120566,8 PALARA Drive STRATHTULLOH 3338
53313120599,17 RUDHALL Street MADDINGLEY 3340
53313166633,24 RANCE Road DELACOMBE 3356
53313166667,27 WAVERTREE Crescent WERRIBEE 3030
53313166682,33 WAVERTREE Crescent WERRIBEE 3030
53313166700,19 WAVERTREE Crescent WERRIBEE 3030
53312622824,18 LADY NELSON Drive RIPPLESIDE 3215
53312622840,14 LADY NELSON Drive RIPPLESIDE 3215
53312622866,12 LADY NELSON Drive RIPPLESIDE 3215
53312622899,8 LADY NELSON Drive RIPPLESIDE 3215
53312622923,4 LADY NELSON Drive RIPPLESIDE 3215
53312622957,2 LADY NELSON Drive RIPPLESIDE 3215
53312622972,26 HARBOURSIDE Drive RIPPLESIDE 3215
53312622998,30 HARBOURSIDE Drive RIPPLESIDE 3215
53312616984,66 PARK Street PASCOE VALE 3044
53312624078,7 MARKER Avenue MOOLAP 3224
53312629813,116A ASBURY Street OCEAN GROVE 3226
53312630639,20 STELLING Drive LUCAS 3350
53312664784,41 TENBURY WELLS Avenue DRYSDALE 3222
53312664802,45 TENBURY WELLS Avenue DRYSDALE 3222
53312664826,30 TENBURY WELLS Avenue DRYSDALE 3222
53312665610,16 MARKER Avenue MOOLAP 3224
53313184742,85 WEDGE TAIL Drive WINTER VALLEY 3358
53313184768,2 GREAVES Avenue DEANSIDE 3336
53313184791,8 RENNISON Street BRAYBROOK 3019
53313184859,19A SHORTS Road COBURG NORTH 3058
53313184981,429 HACKETTS Road POINT COOK 3030
53313185107,29 SCHEFFLERA Street CRAIGIEBURN 3064
53313185205,12 PARROT Street WINTER VALLEY 3358
53313185261,19 SCAEVOLA Road CRAIGIEBURN 3064
53313185294,23 PONY Drive GREENVALE 3059
53313185427,16 OLEANDER Drive HOPPERS CROSSING 3029
53313185469,27 BLACKWOOD Road LARA 3212
53313185510,33 BLACKWOOD Road LARA 3212
53313185583,3 REJOICE Street TARNEIT 3029
53313185718,16 GALLAXUS Avenue WYNDHAM VALE 3024
53313185823,6 ARGENTA Parkway TARNEIT 3029
53313185849,16 ARGENTA Parkway TARNEIT 3029
53313185956,20 ORFORD Street MOONEE PONDS 3039
53313185971,20 ORFORD Street MOONEE PONDS 3039
53313186054,14 ARGENTA Parkway TARNEIT 3029
53312666055,99999 GRANTS Road MELBOURNE AIRPORT 3045
53312462949,8 PAGE Street TRUGANINA 3029
53312469670,11 AYLESBURY Terrace WERRIBEE 3030
53312470111,11 PAGE Street TRUGANINA 3029
53313186178,51 SHORTRIDGE Drive LUCAS 3350
53313186401,26 SOUTHDOWN Avenue TRUGANINA 3029
53313186433,22 REVERENCE Drive ROCKBANK 3335
53313186518,48 HILLVIEW Road GREENVALE 3059
53313186532,9 SILVEREYE Street KURUNJANG 3337
53313186730,43 BLACKWOOD Road LARA 3212
53313186764,8 STONE PINE Court CONNEWARRE 3227
53313186870,61 CALLISTEMON Circuit LARA 3212
53313187076,5 SUGARLOAF Road WINTER VALLEY 3358
53313187126,21 BOWENIA Avenue CRAIGIEBURN 3064
53313187142,8 MURNONG Street LEOPOLD 3224
53313187175,1 LYLE Lane AINTREE 3336
53313232862,68 EAGLEBAY Road ARMSTRONG CREEK 3217
53313232937,26 NARADA Road TRUGANINA 3029
53312509535,5 AYLESBURY Terrace WERRIBEE 3030
53312522025,10A ASCOT Street BALLARAT CENTRAL 3350
53313232994,3 STONEMORE Road CARDIGAN 3352
53313233134,13 BELDI Street ALFREDTON 3350
53313233183,8 LUCHE Way MAIDEN GULLY 3551
53313233266,26 FRESHBROOK Avenue TRUGANINA 3029
53313233317,48 ALTEZZE Drive TRUGANINA 3029
53313233398,3 VENTURE Close FRASER RISE 3336
53313233448,61 WALTON Street MELTON SOUTH 3338
53313233464,30 DIANCHI Drive WYNDHAM VALE 3024
53313233570,35 FRAGRANT Drive LARA 3212
53313233596,29 EVANS Way LUCAS 3350
53313233620,32 CHERISH Drive TARNEIT 3029
53313233713,42 VANBURN Road TRUGANINA 3029
53313233976,7 LIMESTONE Street CHARLEMONT 3217
53313234158,46 NATURALISTE Way ARMSTRONG CREEK 3217
53313234199,25 BELLBIRD Street KURUNJANG 3337
53313234297,42 NATURALISTE Way ARMSTRONG CREEK 3217
53313234355,16 BETTALAN Court SPRING GULLY 3550
53312516136,58 WINDERMERE Way CARDIGAN VILLAGE 3352
53313234420,17 CODRINGTON Road TRUGANINA 3029
53313234487,44 NATURALISTE Way ARMSTRONG CREEK 3217
53313234529,13 LABICHEA Street CRAIGIEBURN 3064
53313234553,21 BARTEK Street TARNEIT 3029
53313234636,7 TANBAR Street FRASER RISE 3336
53313234685,8 RATHMINES Road TRUGANINA 3029
53313234727,3 GAINSBOROUGH Road WILLIAMS LANDING 3027
53313234751,15 SASHA Crescent TRUGANINA 3029
53313234868,14 VEDA Street WERRIBEE 3030
53313234919,18 WHITE GUM Way WINTER VALLEY 3358
53313235122,6 ADAMS Way MADDINGLEY 3340
53313235353,13 CORONET Street EPSOM 3551
53313235527,13 SASHA Crescent TRUGANINA 3029
53313235584,3 STUDENT Court MAMBOURIN 3024
53313281028,39 CLAREMONT Avenue ROCKBANK 3335
53313281044,34 WIRELESS Drive AINTREE 3336
53312561842,19 MANIFOLD Street PORT FAIRY 3284
53312517125,45A POWELL Street OCEAN GROVE 3226
53312568548,37 GARFIELD Street ST ALBANS 3021
53312568754,59 HAMILTON Street NIDDRIE 3042
53313281332,16 SEABIRD Drive POINT COOK 3030
53313281516,24 GRAINGER Parade LUCAS 3350
53313281571,7 MASSEY Crescent CURLEWIS 3222
53313281597,8 CENTINELA Street TARNEIT 3029
53313281647,20 MASTER Way BANNOCKBURN 3331
53313281670,25 CANARY Drive ARMSTRONG CREEK 3217
53313281779,30 WIRELESS Drive AINTREE 3336
53313281837,21 WOOLART Street STRATHMORE 3041
53313281960,10 COOK Avenue TORQUAY 3228
53313282032,8 HOWKINS Avenue WINTER VALLEY 3358
53313282149,20 WICKLOW Drive MELTON SOUTH 3338
53313282239,28 WESTBURY Avenue ROCKBANK 3335
53313282362,6 ALMOND Avenue BROOKLYN 3012
53312563565,58 MOREILLON Boulevard BANNOCKBURN 3331
53312569902,8 ARTESIAN Walk WERRIBEE 3030
53312569950,10 ARTESIAN Walk WERRIBEE 3030
53313282676,5 RIO Way TRUGANINA 3029
53313282768,70 ALCOCK Road TRUGANINA 3029
53313282867,18 BONNIEBROOK Road AINTREE 3336
53313283022,21 BLUEWREN Street KURUNJANG 3337
53313283139,38 SCORPIO Road WEIR VIEWS 3338
53313283188,8 PALANA Walk GREENVALE 3059
53313283237,20 GILA Way TRUGANINA 3029
53313283261,20 CURTIN Drive DEANSIDE 3336
53313283294,10 TELOPEA Street MOUNT DUNEED 3217
53313283393,16 CHAMBERLAIN Drive ARMSTRONG CREEK 3217
53313283526,16 CONONDALE Avenue TRUGANINA 3029
53313283550,32 REARDON Crescent ST LEONARDS 3223
53313283908,3 ELMWOOD Street DEANSIDE 3336
53313283948,748 BARKLY Street WEST FOOTSCRAY 3012
53312571073,2 ARTESIAN Walk WERRIBEE 3030
53312618484,116 MOREILLON Boulevard BANNOCKBURN 3331
53313283971,748 BARKLY Street WEST FOOTSCRAY 3012
53313284006,18 VALIANT Street DEANSIDE 3336
53312627030,3 AYLESBURY Terrace WERRIBEE 3030
53312661329,54 MOREILLON Boulevard BANNOCKBURN 3331
53312661909,4 HERBERT Crescent SUNBURY 3429
53312661923,4 HERBERT Crescent SUNBURY 3429
53312662509,42 WARATAH Avenue TULLAMARINE 3043
53312620953,14 WINIFRED Street OAK PARK 3046
53312471605,11 DEVERELL Way WARRNAMBOOL 3280
53312662905,42 WARATAH Avenue TULLAMARINE 3043
53312663027,173 MAIN Road ST ALBANS 3021
53312460440,138 DUKE Street BRAYBROOK 3019
53312464854,11 KURUNG Court GISBORNE 3437
53312466264,25 BLOOMDALE Avenue DIGGERS REST 3427
53312467188,101 MOUNT PLEASANT Road BELMONT 3216
53312517463,17 AYLESBURY Terrace WERRIBEE 3030
53312524369,6 LIGHTFOOT Street CALIFORNIA GULLY 3556
53312524410,58 MURIEL Street NIDDRIE 3042
53312558671,3 BOEING Road STRATHMORE HEIGHTS 3041
53312513019,6 KURUNG Court GISBORNE 3437
53312564911,18 HUNTINGDALE Drive MOOLAP 3224
53312578372,278 MAIDEN GULLY Road MAIDEN GULLY 3551
53312608023,23 MCCRACKEN Street SUNSHINE 3020
53312608072,18 GILSON Place SUNSHINE 3020
53312608108,12 GILSON Place SUNSHINE 3020
53312608130,6 GILSON Place SUNSHINE 3020
53312608156,44 WILKINSON Road SUNSHINE 3020
53312608171,40 WILKINSON Road SUNSHINE 3020
53312608238,28 WILKINSON Road SUNSHINE 3020
53312608262,15 MCCRACKEN Street SUNSHINE 3020
53312608287,10 BOLES Avenue SUNSHINE 3020
53312608305,6 BOLES Avenue SUNSHINE 3020
53312572433,38 RIGGALL Street DALLAS 3047
53312579347,24 FAIRBRIDGE Road POINT COOK 3030
53312609600,38 NOLAN Street NIDDRIE 3042
53312491288,66 BIGGS Street ST ALBANS 3021
53312654926,404 MAIN Road ST ALBANS 3021
53312498168,8 AYLESBURY Terrace WERRIBEE 3030
53312499370,235A MOUNT PLEASANT Road HIGHTON 3216
53312587085,63 MAYNE Street SUNSHINE WEST 3020
53312540359,7 ADORE Court ELLIMINYT 3250
53312545836,222 STURT Street BALLARAT 3350
53312551034,198 WILLIAM Street ST ALBANS 3021
53312551231,330 BALLARAT Road BRAYBROOK 3019
53312551257,330 BALLARAT Road BRAYBROOK 3019
53312551272,330 BALLARAT Road BRAYBROOK 3019
53312551629,5 MONTGOMERY Street MAIDSTONE 3012
53312551645,5 MONTGOMERY Street MAIDSTONE 3012
53312636066,38 VINE Street MOONEE PONDS 3039
53312592077,27 EDENDERRY Street TRUGANINA 3029
53312592805,27 LYNCH Road FAWKNER 3060
53312546842,28 STELLING Drive LUCAS 3350
53312546868,61 RUTHERFORD Street AVOCA 3467
53312599741,4 QUERIPEL Place WHITE HILLS 3550
53312474829,46327 LITTLE BOUNDARY Road LAVERTON NORTH 3026
53312481636,21 BAKER Street OCEAN GROVE 3226
53312601137,47B COLLETT Street KENSINGTON 3031
53312601178,114 PEPPERMINT Place MOUNT PLEASANT 3350
53312482138,69 MAIDSTONE Street ALTONA 3018
53312644299,7 THE Mews SUNSHINE WEST 3020
53312651239,13 FISHER Court ALTONA 3018
53312651593,27A MARK Street KEILOR EAST 3033
53312529326,70 MOREILLON Boulevard BANNOCKBURN 3331
53312534748,22 THE Rise PORTARLINGTON 3223
53312652087,128 BOWES Avenue AIRPORT WEST 3042
53312652105,128 BOWES Avenue AIRPORT WEST 3042
53312535663,38 RICHARDSON Street PORTLAND 3305
53312495461,12 MOASCAR Street PASCOE VALE SOUTH 3044
53312582616,71B GILLIES Street ALFREDTON 3350
53312541011,61A GIBSON Street BROADMEADOWS 3047
53312583232,71A GILLIES Street ALFREDTON 3350
53312583448,23 TENBURY WELLS Avenue DRYSDALE 3222
53312583471,7 SARATOGA Circuit DRYSDALE 3222
53312583507,14 TENBURY WELLS Avenue DRYSDALE 3222
53312588876,1849 MOUNT MACEDON Road WOODEND 3442
53312638913,28 COUPLING Way GLENROY 3046
53312595030,52 NAPIER Street FOOTSCRAY 3011
53312639365,15 HOFFMANS Road ESSENDON 3040
53312641181,13 MARKER Avenue MOOLAP 3224
53312602119,33 TENBURY WELLS Avenue DRYSDALE 3222
53312602141,18 TENBURY WELLS Avenue DRYSDALE 3222
53312602174,11 SARATOGA Circuit DRYSDALE 3222
53312602190,15 SARATOGA Circuit DRYSDALE 3222
53312603032,436-442 MT ALEXANDER Road ASCOT VALE 3032
53312478755,61 IVANHOE Avenue ST ALBANS 3021
53312641743,11 MARKER Avenue MOOLAP 3224
53312641875,12 MOASCAR Street PASCOE VALE SOUTH 3044
53312646122,140 MORELL Street GLENROY 3046
53312647896,16 KYNOCH Street DEER PARK 3023
53312653714,24 TENBURY WELLS Avenue DRYSDALE 3222
53312480646,45 BECKET Street GLENROY 3046
53313539522,64 VIOLA Drive ROCKBANK 3335
53313539688,658 HOGANS Road TARNEIT 3029
53313539706,18 DALGLISH Street DEANSIDE 3336
53313539738,3 PAMPAS Street ROCKBANK 3335
53313539787,61 CONSERVATORY Drive DEANSIDE 3336
53313539985,6 SORBUS Street TARNEIT 3029
53313540111,22 JENG Loop TARNEIT 3029
53313540135,24 JENG Loop TARNEIT 3029
53313540151,28 JENG Loop TARNEIT 3029
53313540184,36 JENG Loop TARNEIT 3029
53313540241,9 ALEGRA Street BALLAN 3342
53313540332,14 VALBERG Street WINTER VALLEY 3358
53313540358,75 HAWKESTONE Street MELTON SOUTH 3338
53313540409,56 HALCYON Road DEANSIDE 3336
53313540423,7 FLOWER Way DIGGERS REST 3427
53313540457,17 BROLGA Boulevard WINTER VALLEY 3358
53313540516,91 GREENPOINT Drive ROCKBANK 3335
53313540530,15 YEARLING Promenade WERRIBEE 3030
53313540589,37 KRATERON Street FRASER RISE 3336
53313540615,61 KILKENNY Drive ALFREDTON 3350
53313540663,37 CAMPBELL Road HUNTLY 3551
53313540688,3 PHIPPS Road WERRIBEE 3030
53313540746,49 BOUQUET Circuit DIGGERS REST 3427
53313540779,22 NOSILLA Street SMYTHES CREEK 3351
53313540795,23 MASTERS Drive WINTER VALLEY 3358
53313540813,68 LENA Crescent TRUGANINA 3029
53313540861,4 AVION Crescent TRUGANINA 3029
53313540886,10 MARYANNE Way FRASER RISE 3336
53313540936,6 AGATHA Way WERRIBEE 3030
53313499296,26 JUNIPER Avenue LEOPOLD 3224
53313499320,22 GREVILLEA Drive MOUNT DUNEED 3217
53313499346,28 MINNAUNS Road LOVELY BANKS 3213
53313544647,88 WOODSWALLOW Entrance SUNSHINE NORTH 3020
53313544663,48 PANAIA Boulevard TRUGANINA 3029
53313544738,99 WEDGE TAIL Drive WINTER VALLEY 3358
53313544754,22 BENSON Drive WERRIBEE 3030
53313544813,7 CASSIDY Road WERRIBEE 3030
53313544861,15 DUPAIN Street TARNEIT 3029
53313544886,61 LORIKEET Circuit ROCKBANK 3335
53313544912,76 TANGLEWOOD Boulevard TRUGANINA 3029
53313544944,13 SHALE Road WERRIBEE 3030
53313544993,18 ESTLLEY Court CANADIAN 3350
53313545010,76 PRESENTATION Boulevard WINTER VALLEY 3358
53313545042,70 SHOWMAN Drive DIGGERS REST 3427
53313545075,6 GANSHA Street WEIR VIEWS 3338
53313545190,22 WICKLOW Drive MELTON SOUTH 3338
53313545217,413 BLACK FOREST Road WERRIBEE 3030
53313545265,1725 SYDNEY Road CAMPBELLFIELD 3061
53313545371,50 PANAIA Boulevard TRUGANINA 3029
53313545447,43 EUMARELLA Street TULLAMARINE 3043
53313545514,236 KOSSUTH Street SEBASTOPOL 3356
53313545686,47 HARRIER Circuit DEANSIDE 3336
53313545712,10 BRIDSON Street LUCAS 3350
53313545736,2 BRIDSON Street LUCAS 3350
53313545752,4 BRIDSON Street LUCAS 3350
53313545851,4 MOUNTAIN ASH Circuit WINTER VALLEY 3358
53313545926,7 PETUNIA Way FRASER RISE 3336
53313575602,3 MERAPI Grove TRUGANINA 3029
53313575626,5 CALIFORNIA Way BONNIE BROOK 3335
53313575741,57 METROON Drive WEIR VIEWS 3338
53313575767,19 VOLT Street WINTER VALLEY 3358
53313575782,83 OPAL Drive LEOPOLD 3224
53313575818,50 SCORIA Circuit CRAIGIEBURN 3064
53313575909,63 SHIPWRIGHT Parade WERRIBEE 3030
53313575980,42 DURELL Road TRUGANINA 3029
53313576039,85 ABBEYGATE Drive WERRIBEE 3030
53313576088,76 LENA Crescent TRUGANINA 3029
53313576106,9 BLOODSWORTH Road DEANSIDE 3336
53313576120,21 MILSOM Avenue FRASER RISE 3336
53313576154,7 RAPTOR Lane WINTER VALLEY 3358
53313576179,3 RAPTOR Lane WINTER VALLEY 3358
53313576252,33 SANKURU Road TRUGANINA 3029
53313576369,11 SHEOAK Court CAMPBELLS CREEK 3451
53313576392,20 TAMWORTH Drive ROCKBANK 3335
53313576426,7 CHERRY Avenue CAMPBELLS CREEK 3451
53313576442,14 DIATREME Street CRAIGIEBURN 3064
53313576475,6 BUICK Road SMYTHES CREEK 3351
53313576501,27 WINDOW Road TARNEIT 3029
53313576533,4 GELANTIPY Drive TRUGANINA 3029
53313576582,46 METROON Drive WEIR VIEWS 3338
53313576709,2 BOARDMAN Street TRUGANINA 3029
53313576808,41 YELLOWSTONE Drive TRUGANINA 3029
53313576848,25 LIDDERDALE Drive GISBORNE 3437
53313576889,6 AMPERSAND Boulevard TRUGANINA 3029
53313576947,22 LADHAMS Way MADDINGLEY 3340
53313534523,51 SHOREBREAK Way OCEAN GROVE 3226
53313534557,24 SICILY Avenue DEANSIDE 3336
53313534580,1 TUSCAN Place INDENTED HEAD 3223
53313534770,4 FAIRMONT Crescent FRASER RISE 3336
53313534846,8 OVERALL Street LUCAS 3350
53313534895,12 WARDELL Street TARNEIT 3029
53313534913,19 SICILY Avenue DEANSIDE 3336
53313534945,22 SICILY Avenue DEANSIDE 3336
53313534961,8 BRAR Street THORNHILL PARK 3335
53313534986,12 DURELL Road TRUGANINA 3029
53313535011,18 NYORA Grove MOUNT HELEN 3350
53313535175,10 SYKES Walk ST ALBANS 3021
53313535200,11 PALMASTON Drive GREENVALE 3059
53313535273,8 ERVINE Drive WYNDHAM VALE 3024
53313535309,11 CALLICOMA Street MICKLEHAM 3064
53313535331,8 SYKES Walk ST ALBANS 3021
53313535408,65 CONSERVATORY Drive DEANSIDE 3336
53313535422,223 BRIDGE Road COBBLEBANK 3338
53313535547,4 PHIPPS Road WERRIBEE 3030
53313581393,61 SARATOGA Circuit DRYSDALE 3222
53313581427,63 SARATOGA Circuit DRYSDALE 3222
53313581469,27 PADMA Boulevard FRASER RISE 3336
53313581492,14 BUTCHERBIRD Parade WINTER VALLEY 3358
53313581534,23 YARDLEY Road TARNEIT 3029
53313581633,16 ROBINSON Street ARMSTRONG CREEK 3217
53313581667,18 HOLZER Crescent BRAYBROOK 3019
53313581690,22 HOLZER Crescent BRAYBROOK 3019
53313581732,21 YARDLEY Road TARNEIT 3029
53313581766,25 LUNAR Drive GREENVALE 3059
53313540952,2 MAXELA Court DAYLESFORD 3460
53313540985,4 MAXELA Court DAYLESFORD 3460
53313541010,6 MAXELA Court DAYLESFORD 3460
53313541042,9 MAXELA Court DAYLESFORD 3460
53313541083,11 MAXELA Court DAYLESFORD 3460
53313541119,14 MAXELA Court DAYLESFORD 3460
53313541141,17 MAXELA Court DAYLESFORD 3460
53313541190,52 SHOWMAN Drive DIGGERS REST 3427
53313541249,7 TOLHURST Street TARNEIT 3029
53313541415,33 REGHON Drive SUNBURY 3429
53313541470,9 LEROY Street SUNBURY 3429
53313541520,29 CORDHILL Circuit AINTREE 3336
53313541587,8 SCATTER Road FRASER RISE 3336
53313541605,14 SORBUS Street TARNEIT 3029
53313587416,38 WATERFERN Street FRASER RISE 3336
53313587430,26 ORIENTATION Avenue TARNEIT 3029
53313587464,7 BRATAN Way TRUGANINA 3029
53313587489,14 BEARTOOTH Drive WINTER VALLEY 3358
53313587507,3 BANFF Mews DEANSIDE 3336
53313587539,27 VIVERO Road WYNDHAM VALE 3024
53313587555,71 PEAR Parade FRASER RISE 3336
53313587687,78 HIGHLINE Boulevard TRUGANINA 3029
53313587737,70 SHIPWRIGHT Parade WERRIBEE 3030
53313587761,17 HANSEL Drive WERRIBEE 3030
53313587828,39 IVORY Street COBBLEBANK 3338
53313587844,95 CHARLESTON Road DEANSIDE 3336
53313587885,231 CUTHBERTS Road LUCAS 3350
53313587911,6 ISAACS Street DEANSIDE 3336
53313587976,38 GAWAN Loop COBURG NORTH 3058
53313587992,22 ZEAL Road WINTER VALLEY 3358
53313588074,4 PLUME Terrace ROCKBANK 3335
53313588132,7 MILOS Court FRASER RISE 3336
53313588158,17 HAKEA Drive ELLIMINYT 3250
53313588173,12 CASABLANCA Street POINT LONSDALE 3225
53313588208,6 KIRSTEN Street WYNDHAM VALE 3024
53313545968,8 ANAND Way DEANSIDE 3336
53313545991,33 RACING Way WINTER VALLEY 3358
53313546099,9 CORONADO Crescent TRUGANINA 3029
53313546157,41 TESLA Road ROCKBANK 3335
53313546198,36 IONICA Loop TRUGANINA 3029
53313546221,1 SPRINGLEAF Way CHARLEMONT 3217
53313546255,1 ELPIS Road WEIR VIEWS 3338
53313546288,69 DAIRYMANS Way BONSHAW 3352
53313546306,58 HALCYON Road DEANSIDE 3336
53313546320,40 GAMUT Crescent BONNIE BROOK 3335
53313546354,88 PIENZA Road FRASER RISE 3336
53313546387,18 MAROON Street TARNEIT 3029
53313546437,24 POLLEN Street MOUNT DUNEED 3217
53313546453,12 BARNARDS Road BONNIE BROOK 3335
53313546478,2 STELLAR Road BONNIE BROOK 3335
53313546560,14 WHITECROSS Drive THORNHILL PARK 3335
53313546593,26 SHIPSTERN Street ARMSTRONG CREEK 3217
53313546643,47 LIMPET Circuit POINT LONSDALE 3225
53313546726,4 FREDDIE Street SUNBURY 3429
53313546859,2 PREVAIL Place MOUNT DUNEED 3217
53313546874,4 KNIGHT Street MADDINGLEY 3340
53313546900,90 WOODSWALLOW Entrance SUNSHINE NORTH 3020
53313546924,2 COTTER Way TRUGANINA 3029
53313546940,84 PIENZA Road FRASER RISE 3336
53313546999,53 WHITFORDS Drive ARMSTRONG CREEK 3217
53313547096,34 DOVE Avenue WINTER VALLEY 3358
53313547138,124 PASKAS Drive FRASER RISE 3336
53313547277,14 NAMATJIRA Boulevard HUNTLY 3551
53313547442,13 SILVER Drive DIGGERS REST 3427
53313576996,34 LENA Crescent TRUGANINA 3029
53313577012,99 INGLENOOK Circuit ARMSTRONG CREEK 3217
53313577044,6 WOROPE Street WYNDHAM VALE 3024
53313577103,13 CRANTOCK Way WERRIBEE 3030
53313577176,30 WALTERS Way ALFREDTON 3350
53313577192,64 SUMAR Drive MICKLEHAM 3064
53313577274,10 CROWLEY Street HUNTLY 3551
53313577358,9 HILDEBRANDT Street WARRNAMBOOL 3280
53313577409,44 ASHBURY Boulevard ARMSTRONG CREEK 3217
53313577423,73 GREYJOY Road CHARLEMONT 3217
53313577457,26 SPOTTED GUM Drive LARA 3212
53313577516,19 HOLST Street ARMSTRONG CREEK 3217
53313577530,6 PORTER Street WERRIBEE 3030
53313577556,49 VERNAL Circuit MOUNT DUNEED 3217
53313577589,11 TOLHURST Street TARNEIT 3029
53313577615,3 ZEPPELIN Way DIGGERS REST 3427
53313577663,11 KYLIE Close DEANSIDE 3336
53313577688,11 ERNE Mews WEIR VIEWS 3338
53313577714,11 ALLANWOOD Street OCEAN GROVE 3226
53313577738,6 HARSHAW Road THORNHILL PARK 3335
53313577754,5 RANELAGH Avenue STRATHTULLOH 3338
53313577787,18 BARNARDS Road BONNIE BROOK 3335
53313577805,3 AMBIENT Street MOUNT DUNEED 3217
53313577829,11 POTALA Avenue BONNIE BROOK 3335
53313577853,68 SUMAR Drive MICKLEHAM 3064
53313577886,13 YELLOWSTONE Drive TRUGANINA 3029
53313577912,14 WARWARICK Court LEOPOLD 3224
53313577936,4 HUTCHINSON Drive LUCAS 3350
53313577952,8 MAROON Street TARNEIT 3029
53313578010,128 MERINDAH Boulevard DEANSIDE 3336
53313578042,114 MERINDAH Boulevard DEANSIDE 3336
53313578068,30 FEGENT Road TARNEIT 3029
53313578174,8 DREAMER Circuit MOUNT DUNEED 3217
53313578190,5 CRANTOCK Way WERRIBEE 3030
53313578265,10 POPPY Drive GISBORNE 3437
53313623518,194 SARIC Street FRASER RISE 3336
53313581831,15 AWAROA Street OCEAN GROVE 3226
53313581930,7 TOMAGO Street CRAIGIEBURN 3064
53313581989,13 BRIDSON Street LUCAS 3350
53313582077,27 APPLE GUM Circuit BELLBRAE 3228
53313582103,24 APPLE GUM Circuit BELLBRAE 3228
53313582143,25 APPLE GUM Circuit BELLBRAE 3228
53313582201,6 JOFFRE Street BROADMEADOWS 3047
53313582259,42A BRIDGEFORD Crescent MELTON SOUTH 3338
53313582381,17 POTALA Avenue BONNIE BROOK 3335
53313582465,13 FREDRICK Street DARLEY 3340
53313582498,94 OPAL Drive LEOPOLD 3224
53313582548,17 ATHENA Road WEIR VIEWS 3338
53313582571,76 HOMESTEAD Drive LARA 3212
53313582655,70 VIOLA Drive ROCKBANK 3335
53313582696,73 INGLENOOK Circuit ARMSTRONG CREEK 3217
53313582720,11 MAGNIFICENT Grove MOUNT DUNEED 3217
53313582754,41 EDITH Street TARNEIT 3029
53313582787,39 EDITH Street TARNEIT 3029
53313582805,37 EDITH Street TARNEIT 3029
53313582829,31 EDITH Street TARNEIT 3029
53313582853,26 JAMAICAN Road SUNBURY 3429
53313582912,62 FAIRHALL Avenue WERRIBEE 3030
53313582936,5 CAPEK Street SUNBURY 3429
53313582952,1 CAPEK Street SUNBURY 3429
53313583010,47 EDITH Street TARNEIT 3029
53313583125,50 PENVER Terrace WERRIBEE 3030
53313583167,12 COMMUNAL Road WYNDHAM VALE 3024
53313583217,7 SORBUS Street TARNEIT 3029
53313588230,35 CUMBERLAND Boulevard WINTER VALLEY 3358
53313588264,32 HUTCHISON Road MAMBOURIN 3024
53313588289,78 PLYMOUTH Drive ROCKBANK 3335
53313588307,5 MILOS Court FRASER RISE 3336
53313588339,22 VERNAL Circuit MOUNT DUNEED 3217
53313588363,9 HAKEA Drive ELLIMINYT 3250
53313588396,10 HAKEA Drive ELLIMINYT 3250
53313588414,46 CALLICOMA Street MICKLEHAM 3064
53313588462,137 BRAMLEY Avenue CHARLEMONT 3217
53313588495,3 BUNNY Court FYANSFORD 3218
53313588529,10 ZAC Street TARNEIT 3029
53313588545,19 CONTROL Street GREENVALE 3059
53313588561,75 VERDALE Drive ALFREDTON 3350
53313588594,4 BRITTAIN Avenue WARRNAMBOOL 3280
53313588612,188 BONNIEBROOK Road BONNIE BROOK 3335
53313588636,21 NOYCE Way ROCKBANK 3335
53313588735,114A BARROW Street COBURG 3058
53313588769,31 MERVYN Drive GREENVALE 3059
53313588792,15 WINDANSEA Street ARMSTRONG CREEK 3217
53313588810,3 BRIGHTON Rise MADDINGLEY 3340
53313588834,66 BROCKWOOD Street DEANSIDE 3336
53313588891,15 PETRONAS Drive FRASER RISE 3336
53313588925,6 CROWLEY Street HUNTLY 3551
53313588990,25 TAMWORTH Drive ROCKBANK 3335
53313589057,21 BYROCK Street TRUGANINA 3029
53313589072,16 MILOS Court FRASER RISE 3336
53313589098,21 HUBBARD Street WYNDHAM VALE 3024
53313589130,5 AMBIENT Street MOUNT DUNEED 3217
53313589246,24 FRASER Street MOUNT PLEASANT 3350
53313589279,15 ERVINE Drive WYNDHAM VALE 3024
53313589305,15 COPPICE Street LARA 3212
53313589337,15 GOSFIELD Drive WERRIBEE 3030
53313589353,10 POLLEN Street MOUNT DUNEED 3217
53313589378,180 BONNIEBROOK Road BONNIE BROOK 3335
53313589404,178 BONNIEBROOK Road BONNIE BROOK 3335
53313589460,27 COCKERELL Street TARNEIT 3029
53313589503,6 BROBERG Street WYNDHAM VALE 3024
53313589610,18 GAMUT Crescent BONNIE BROOK 3335
53313623609,47 DUCHESS Drive ST LEONARDS 3223
53313623672,13 WANDERLUST Drive MOUNT DUNEED 3217
53313623716,52 LENA Crescent TRUGANINA 3029
53313623748,7 COTTONWOOD Road DIGGERS REST 3427
53313623771,18 METROON Drive WEIR VIEWS 3338
53313623797,14 LORD Street THORNHILL PARK 3335
53313623847,28 ALMA Street SEBASTOPOL 3356
53313623896,24 VALBERG Street WINTER VALLEY 3358
53313623938,12 TUITION Drive TARNEIT 3029
53313623995,5 GUERNSEY Court SEBASTOPOL 3356
53313624028,22 WALLANGARA Boulevard HARKNESS 3337
53313624060,30 TROOPER Avenue SUNBURY 3429
53313624093,6 WATTLESEED Drive FRASER RISE 3336
53313624127,79 WELCOME Parade WYNDHAM VALE 3024
53313624151,73 WELCOME Parade WYNDHAM VALE 3024
53313624176,75 WELCOME Parade WYNDHAM VALE 3024
53313624192,34 TROOPER Avenue SUNBURY 3429
53313624225,4 GASTON Crescent BONNIE BROOK 3335
53313624449,22 WHITECROSS Drive THORNHILL PARK 3335
53313624498,17 VOLANT Drive ARMSTRONG CREEK 3217
53313624522,6 NAMATJIRA Boulevard HUNTLY 3551
53313624564,9 WALLANGARA Boulevard HARKNESS 3337
53313624589,4 PALETTE Street MAMBOURIN 3024
53313624639,76 ORNAMENT Avenue TARNEIT 3029
53313624706,32 TROOPER Avenue SUNBURY 3429
53313624720,15 WILDLIFE Circuit FRASER RISE 3336
53313624746,31 TOLHURST Street TARNEIT 3029
53313624779,18 GERTRUDE Street ST ALBANS 3021
53313624805,18 GERTRUDE Street ST ALBANS 3021
53313624837,18 GERTRUDE Street ST ALBANS 3021
53313624904,13 BUICK Road SMYTHES CREEK 3351
53313624928,11 FLEURIEU Circuit ARMSTRONG CREEK 3217
53313624977,7 WALLANGARA Boulevard HARKNESS 3337
53313583231,26 ROBINSON Street ARMSTRONG CREEK 3217
53313583265,1 ALIANA Close TRUGANINA 3029
53313583348,14 ISAACS Street DEANSIDE 3336
53313583364,27 MCKELL Street DEANSIDE 3336
53313583496,227 STONEHILL Drive MADDINGLEY 3340
53313583520,20 GATES Road BURNSIDE 3023
53313583554,16 ARAGON Road TARNEIT 3029
53313583605,32 KRATERON Street FRASER RISE 3336
53313583629,30 DREAMER Circuit MOUNT DUNEED 3217
53313583653,39 ICONIC Drive TARNEIT 3029
53313583686,9 BRADFORD Street ROCKBANK 3335
53313583704,18 SEARS Avenue WARRNAMBOOL 3280
53313583835,9 AZAS Street TRUGANINA 3029
53313583869,7 MUSTANG Circuit BONNIE BROOK 3335
53313583892,275 DYSON Drive ALFREDTON 3350
53313583975,177 STATION Street EPSOM 3551
53313584024,10 MONTROSE Court GOLDEN SQUARE 3555
53313584073,12 UNISON Road STRATHTULLOH 3338
53313584131,6 SORELL Street ARMSTRONG CREEK 3217
53313584157,6 PEDLEY Way TRUGANINA 3029
53313584172,6 MARACAIBO Crescent MANOR LAKES 3024
53313584270,36 PALMDALE Crescent MAMBOURIN 3024
53313584306,67 BASTEN Avenue DEANSIDE 3336
53313584320,11 NEVIS Place TRUGANINA 3029
53313584346,575 GRAND Boulevard CRAIGIEBURN 3064
53313629570,19 HILDERBRAND Court SEBASTOPOL 3356
53313629620,3 CRATHES Street WYNDHAM VALE 3024
53313629654,17 JONATHAN Street GREENVALE 3059
53313629745,55 JOURNEY Drive FRASER RISE 3336
53313629761,3 CAPRISE Road FRASER RISE 3336
53313629786,6 CAPRISE Road FRASER RISE 3336
53313629828,6 CALLICOMA Street MICKLEHAM 3064
53313629844,4 FORESTMILL Chase WERRIBEE 3030
53313629860,34 BLOMELEY Drive LUCAS 3350
53313589634,58 MEWAT Circuit THORNHILL PARK 3335
53313589668,5 ANAND Way DEANSIDE 3336
53313589691,189 ABERLINE Road WARRNAMBOOL 3280
53313589719,5 COATES Lane MADDINGLEY 3340
53313589741,48 TADSTAN Drive TULLAMARINE 3043
53313589782,3 KIMBALL Street SMYTHES CREEK 3351
53313589818,60 DANDELION Crescent ROCKBANK 3335
53313589840,2 DUTCH Road SUNBURY 3429
53313589949,44 OAKWOOD Avenue JACKASS FLAT 3556
53313589980,51 HOLST Street ARMSTRONG CREEK 3217
53313590031,11 RANGER Street BONNIE BROOK 3335
53313590057,51 LYNWOOD Drive THORNHILL PARK 3335
53313590080,6 MEDOC Boulevard DEANSIDE 3336
53313590116,5 ABINGDON Boulevard LARA 3212
53313590148,18 APSLEY Street STRATHFIELDSAYE 3551
53313590164,29 SORBUS Street TARNEIT 3029
53313590189,24 LANA Drive JACKASS FLAT 3556
53313590214,72 FRENCH Road GREENVALE 3059
53313590287,19 DOVE Avenue WINTER VALLEY 3358
53313590305,40 APRICOT Circuit TARNEIT 3029
53313590329,89 HIGHLINE Boulevard TRUGANINA 3029
53313590353,4 ALDAN Way TRUGANINA 3029
53313590412,25 WHITECROSS Drive THORNHILL PARK 3335
53313635751,15 WALTER Street CHARLEMONT 3217
53313635792,10 WOODSTOCK Drive EYNESBURY 3338
53313635826,74 CORIDALE Boulevard LARA 3212
53313635850,68 CORIDALE Boulevard LARA 3212
53313635883,66 CORIDALE Boulevard LARA 3212
53313635901,62 CORIDALE Boulevard LARA 3212
53313635925,60 CORIDALE Boulevard LARA 3212
53313635974,52 NASCENT Drive TARNEIT 3029
53313635990,88 HIGHLINE Boulevard TRUGANINA 3029
53313636023,3 LOCO Way ROCKBANK 3335
53313636065,23 GLACIER Street CRAIGIEBURN 3064
53313636080,14 BRAMPTON Crescent BONNIE BROOK 3335
53313636116,15 COMPUTE Street GREENVALE 3059
53313636148,79 ORNAMENT Avenue TARNEIT 3029
53313636171,6 BRATAN Way TRUGANINA 3029
53313636197,19 LAMONDA Street TARNEIT 3029
53313636214,56 WHITECROSS Drive THORNHILL PARK 3335
53313636246,9 DERRIMUT Street ROCKBANK 3335
53313636279,68 PALMDALE Crescent MAMBOURIN 3024
53313636305,1 LEIST Street HUNTLY 3551
53313636329,44 CAMFIELD Crescent MAMBOURIN 3024
53313636378,105 HIGHLINE Boulevard TRUGANINA 3029
53313625010,7 SUMMERTIME Avenue CHARLEMONT 3217
53313625101,27 MEWAT Circuit THORNHILL PARK 3335
53313625141,111 CALLAWAY Street MAMBOURIN 3024
53313625174,12 BYROCK Street TRUGANINA 3029
53313625231,68 HOMESTEAD Drive LARA 3212
53313625308,31 VASSE Circuit MOUNT DUNEED 3217
53313625364,70 KENSINGTON Boulevard SMYTHES CREEK 3351
53313625389,23 HAKEA Drive ELLIMINYT 3250
53313625407,38 SUMAC Street BROOKFIELD 3338
53313625439,64 LEO Avenue TARNEIT 3029
53313625455,66 LEO Avenue TARNEIT 3029
53313625470,62 LEO Avenue TARNEIT 3029
53313625520,28 CORONADO Way TARNEIT 3029
53313625546,61 INGLENOOK Circuit ARMSTRONG CREEK 3217
53313625579,63 SUNLIGHT Circuit LARA 3212
53313625637,24 PERNONIE Street LUCAS 3350
53313625653,53 BEARTOOTH Drive WINTER VALLEY 3358
53313625704,107 SARIC Street FRASER RISE 3336
53313625760,11 BOSCASTLE Way WERRIBEE 3030
53313625803,7 GALILEO Place GREENVALE 3059
53313625835,16 JOHANNA Drive WINTER VALLEY 3358
53313625869,12 ISLINGTON Street SUNSHINE 3020
53313625892,79 SHIPWRIGHT Parade WERRIBEE 3030
53313625910,18 REVELSTOKE Way WINTER VALLEY 3358
53313625983,28 EDIFICE Drive TARNEIT 3029
53313626040,5 FLUKE Street HUNTLY 3551
53313626081,57-59 ESCARPMENT Drive FYANSFORD 3218
53313626172,13 LOUIE Street DEANSIDE 3336
53313626198,8 ISOLA Mews TARNEIT 3029
53313626215,83 HIGHLINE Boulevard TRUGANINA 3029
53313626270,23 SAMPFORD Street ARMSTRONG CREEK 3217
53313626346,6 MANRESH Mews FRASER RISE 3336
53313629969,140 WOLLAHRA Rise WYNDHAM VALE 3024
53313629992,10 ISLAMABAD Crescent MOUNT COTTRELL 3024
53313630027,4 EGRET Street WINTER VALLEY 3358
53313630043,56 PANKINA Road MAMBOURIN 3024
53313630069,33 PENDOWER Way WERRIBEE 3030
53313630092,1 PEASNELL Street LUCAS 3350
53313630126,33 MOSLEY Crescent TRUGANINA 3029
53313630168,14 SUNLIGHT Circuit LARA 3212
53313630200,16 STONE PINE Court CONNEWARRE 3227
53313630266,31 COCKERELL Street TARNEIT 3029
53313630317,14 DENNISON Street DEANSIDE 3336
53313630331,15 AVALON Walk ARMSTRONG CREEK 3217
53313630365,12 LINBURN Street THORNHILL PARK 3335
53313630416,88 ASHBURY Boulevard ARMSTRONG CREEK 3217
53313630448,42 WINDANSEA Street ARMSTRONG CREEK 3217
53313630464,4 ORTI Way CHARLEMONT 3217
53313630489,19 AVALON Walk ARMSTRONG CREEK 3217
53313630515,17 AVALON Walk ARMSTRONG CREEK 3217
53313630547,11 KINDRED Way TARNEIT 3029
53313630570,123 STONELEIGH Crescent HIGHTON 3216
53313630596,24 VERONA Crescent FRASER RISE 3336
53313630687,30 DALGLISH Street DEANSIDE 3336
53313630713,1 RAJA Place BONNIE BROOK 3335
53313630761,6 OCTAGONAL Street BONNIE BROOK 3335
53313630828,55-57 OPAL Drive LEOPOLD 3224
53313630852,14 BRATAN Way TRUGANINA 3029
53313630877,15 COOK Road MELTON SOUTH 3338
53313630893,169-173 FLINDERS Avenue LARA 3212
53313630927,14 BABINA Avenue MELTON SOUTH 3338
53313630951,30 TALLENT Street WARRNAMBOOL 3280
53313630976,32 TALLENT Street WARRNAMBOOL 3280
53313631001,32 BUSHLAND Way JACKASS FLAT 3556
53313631074,27 DOMINICO Street ST LEONARDS 3223
53313631166,84 SHOREBREAK Way OCEAN GROVE 3226
53313631181,39 SCOTTSDALE Street CHARLEMONT 3217
53313631307,65 PEARLROCK Drive MOUNT DUNEED 3217
53313631321,25 HAWKESTONE Street MELTON SOUTH 3338
53313636404,5 INGLENOOK Circuit ARMSTRONG CREEK 3217
53313636436,11 WILDERNESS Road FRASER RISE 3336
53313636477,18 APRICOT Circuit TARNEIT 3029
53313636592,74 ODYSSEY Boulevard TARNEIT 3029
53313636610,11 UTOPIA Way WEIR VIEWS 3338
53313636642,12 STRATHLACHLAN Drive HIGHTON 3216
53313636675,33 ARRAN Street GISBORNE 3437
53313636774,13 CROOKHAVEN Street POINT LONSDALE 3225
53313636800,36 PEGASUS Drive WEIR VIEWS 3338
53313636909,8 SPARROWHAWK Crescent DEANSIDE 3336
53313636965,28 INGLENOOK Circuit ARMSTRONG CREEK 3217
53313636980,9 GRAINGER Parade LUCAS 3350
53313637006,5 FUSION Drive WYNDHAM VALE 3024
53313637038,139 ATHERSTONE Boulevard STRATHTULLOH 3338
53313637062,16 FUSION Drive WYNDHAM VALE 3024
53313637087,95 REFLECTIONS Crescent LARA 3212
53313637129,15 GLENARD Avenue STRATHTULLOH 3338
53313637161,15 LANDMARK Road WEIR VIEWS 3338
53313637292,4 LINDSAY Court MELTON 3337
53313637326,10 LINDSAY Court MELTON 3337
53313637401,5 LAMONDA Street TARNEIT 3029
53313637425,67 BROCKWOOD Street DEANSIDE 3336
53313637459,10 LOMANDRA Drive GISBORNE 3437
53313637518,19 MANDEVILLA Street MAMBOURIN 3024
53313637581,101 OPAL Drive LEOPOLD 3224
53313637609,7 GHOST GUM Way JACKASS FLAT 3556
53313637623,16 KITE Street WINTER VALLEY 3358
53313637657,13 MARION Street DEANSIDE 3336
53313637672,5 FARGO Street THORNHILL PARK 3335
53313637722,23 AKRON Street MANOR LAKES 3024
53313626437,39 GATHERING Grove TARNEIT 3029
53313626453,9 BRAMPTON Crescent BONNIE BROOK 3335
53313626478,44 NORMANBY Boulevard DEANSIDE 3336
53313674972,4 TARNALA Road TARNEIT 3029
53313675007,37 CANYON Circuit BONNIE BROOK 3335
53313675039,25 RESPECT Way TARNEIT 3029
53313675055,34 CARDAMON Street ARMSTRONG CREEK 3217
53313675114,41 CANYON Circuit BONNIE BROOK 3335
53313675146,20 TAYLORS Circuit CHARLEMONT 3217
53313675195,72 BENDIGO Drive TARNEIT 3029
53313675212,27 BLOMELEY Drive LUCAS 3350
53313675244,15 TALOUMBI Crescent GREENVALE 3059
53313675285,2 NATASHA Close DARLEY 3340
53313675311,54 PARA Road TARNEIT 3029
53313675335,72 BRAMPTON Crescent BONNIE BROOK 3335
53313675384,8 SOMERSBY Promenade STRATHFIELDSAYE 3551
53313675442,16 MITIAMO Street EYNESBURY 3338
53313675468,8 DILWARRA Drive BONNIE BROOK 3335
53313675483,27 BUTCHERBIRD Parade WINTER VALLEY 3358
53313675519,7 BORAGE Road THORNHILL PARK 3335
53313675541,4 HICKLING Road TARNEIT 3029
53313675590,120 MONTEGO Boulevard SUNBURY 3429
53313675673,24 CORYMBIA Street MOUNT DUNEED 3217
53313675723,28 PARA Road TARNEIT 3029
53313675749,23 JERNIGAN Road TARNEIT 3029
53313675772,7 VALENCIA Street WEIR VIEWS 3338
53313675816,11 CONRICK Way KOROIT 3282
53313675864,5 PALETTE Street MAMBOURIN 3024
53313675897,40 MADISONS Avenue DIGGERS REST 3427
53313675939,10 TRONDHEIM Street ROCKBANK 3335
53313675963,19 MORITZ Drive WINTER VALLEY 3358
53313675996,3 HAYWARD Street LARA 3212
53313676013,88 INGLENOOK Circuit ARMSTRONG CREEK 3217
53313676037,9 LEMON Street ALFREDTON 3350
53313676061,3 HAFLINGER Avenue BONNIE BROOK 3335
53313676094,18 MITIAMO Street EYNESBURY 3338
53313676128,14 CAPRISE Road FRASER RISE 3336
53313676144,13 MITIAMO Street EYNESBURY 3338
53313676160,13 COTTON Circuit GISBORNE 3437
53313676193,85 PHOENIX Road ALTONA NORTH 3025
53313676226,19 CALLICOMA Street MICKLEHAM 3064
53313676250,12 HANHI Lane TARNEIT 3029
53313676283,7 HUMMOCK Rise WERRIBEE 3030
53313676301,7 SPRINGVIEW Place ROMSEY 3434
53313631347,11 ALISTER Grove TARNEIT 3029
53313631370,29 LOUISVILLE Drive THORNHILL PARK 3335
53313631505,22 GLOVER Street MAMBOURIN 3024
53313631529,15 SUMMERTIME Avenue CHARLEMONT 3217
53313631578,1 GRIBBLE Street LUCAS 3350
53313631594,65 GRAINGER Parade LUCAS 3350
53313631628,11 AVALON Walk ARMSTRONG CREEK 3217
53313631652,39 CYCLAMEN Avenue ALTONA NORTH 3025
53313631693,71 MORNINGTON Avenue TARNEIT 3029
53313631727,61 HARRIER Circuit DEANSIDE 3336
53313631743,14 RANGER Street BONNIE BROOK 3335
53313631769,5 OCTAGONAL Street BONNIE BROOK 3335
53313631826,137 ATHERSTONE Boulevard STRATHTULLOH 3338
53313631850,77 BASTEN Avenue DEANSIDE 3336
53313631875,6 JOBS Road ROCKBANK 3335
53313631891,16 GLENMORE Parkway ROCKBANK 3335
53313631933,7 DERRIMUT Street ROCKBANK 3335
53313631967,15 WOODLET Street WEIR VIEWS 3338
53313631990,28 ARGENTA Parkway TARNEIT 3029
53313632039,34 FLUME Street LARA 3212
53313632063,133 ATHERSTONE Boulevard STRATHTULLOH 3338
53313632088,23 KYEAMBA Circuit BACCHUS MARSH 3340
53313632106,4 RALLY Street TARNEIT 3029
53313632138,15 PEDLEY Way TRUGANINA 3029
53313632154,29 FLANAGAN Close ARMSTRONG CREEK 3217
53313632179,73 COUNTESS Drive ST LEONARDS 3223
53313632204,18 BENSON Drive WERRIBEE 3030
53313632303,7 BOSSINI Street TRUGANINA 3029
53313632369,13 PILLINGER Walk WERRIBEE 3030
53313632402,42 FRASER Street MOUNT PLEASANT 3350
53313632450,54 CRADLE Circuit MANOR LAKES 3024
53313632483,66 WHITECROSS Drive THORNHILL PARK 3335
53313632519,8 GENOVESA Drive TRUGANINA 3029
53313632618,1 PILLINGER Walk WERRIBEE 3030
53313632632,15 PILLINGER Walk WERRIBEE 3030
53313487202,20 PALMASTON Drive GREENVALE 3059
53313487234,105 BINGHAM Circuit THORNHILL PARK 3335
53313487268,10 GARDANNE Court SUNBURY 3429
53313487325,34 HOWKINS Avenue WINTER VALLEY 3358
53313637821,17 FLEURIEU Circuit ARMSTRONG CREEK 3217
53313637855,24 VASSE Circuit MOUNT DUNEED 3217
53313637920,10 HILLTOP Drive CHARLEMONT 3217
53313637946,21 RYEBANK Avenue WERRIBEE 3030
53313637962,70 LUGANO Avenue ALFREDTON 3350
53313637995,14 CRANTOCK Way WERRIBEE 3030
53313638052,9 FIRMONA Street TARNEIT 3029
53313638077,128 ATHERSTONE Boulevard STRATHTULLOH 3338
53313638093,21 MCKELL Street DEANSIDE 3336
53313638127,26 BRUSHBOX Walk ALTONA NORTH 3025
53313638143,22 BRUSHBOX Walk ALTONA NORTH 3025
53313638233,17 GANSHA Street WEIR VIEWS 3338
53313638324,38 BIRREGURRA Drive TARNEIT 3029
53313638340,12 PORTER Street WERRIBEE 3030
53313638399,78 GREYJOY Road CHARLEMONT 3217
53313638423,3 HEY Street WILLIAMS LANDING 3027
53313638457,32 FEGENT Road TARNEIT 3029
53313638556,51 PENVER Terrace WERRIBEE 3030
53313638589,10 ALBISTON Drive WARRNAMBOOL 3280
53313638607,38 MADISONS Avenue DIGGERS REST 3427
53313638670,24 AUDREY Street CHARLEMONT 3217
53313638696,37 MONTAGNA Circuit ARMSTRONG CREEK 3217
53313638714,30 CANADIAN Avenue WERRIBEE 3030
53313638746,17 DENNISON Street DEANSIDE 3336
53313493398,119 WILLOBY Drive ALFREDTON 3350
53313493497,197 WARATAH Road HUNTLY 3551
53313493515,151 BONNIEBROOK Road BONNIE BROOK 3335
53313493563,34 WALLANGARA Boulevard HARKNESS 3337
53313493596,32 WALLANGARA Boulevard HARKNESS 3337
53313493662,11 SHELTERBELT Avenue WEIR VIEWS 3338
53313493695,52 SPOONBILL Avenue WINTER VALLEY 3358
53313493737,3 THRUMS Road MAMBOURIN 3024
53313493761,76 SYDNEY Way ALFREDTON 3350
53313493786,14 DAKSHINA Court DELACOMBE 3356
53312608009,27 MCCRACKEN Street SUNSHINE 3020
53312656492,17 MARKER Avenue MOOLAP 3224
53312656510,18 MARKER Avenue MOOLAP 3224
53313676359,93 WATERFERN Street FRASER RISE 3336
53313676374,105 EDITH Street TARNEIT 3029
53313676400,31 MITIAMO Street EYNESBURY 3338
53313676424,9 MALONEY Street LUCAS 3350
53313676664,244 BALLARAT-CARNGHAM Road ALFREDTON 3350
53313676707,69 MARADONA Boulevard DEANSIDE 3336
53313676763,71 MARADONA Boulevard DEANSIDE 3336
53313676862,12 SELHURST Grove WYNDHAM VALE 3024
53313676887,6 WETLAND Drive WILLIAMSTOWN 3016
53313676937,3 PROSECCO Street TARNEIT 3029
53313676953,2 WETLAND Drive WILLIAMSTOWN 3016
53313677002,3 GAMESLEY Street STRATHTULLOH 3338
53313677034,8 WALTER Street CHARLEMONT 3217
53313677068,15 KELLEHER Way DENNINGTON 3280
53313677083,28 MANGOSTEEN Drive TRUGANINA 3029
53313677101,61 KYABRAM Street COOLAROO 3048
53313677133,10 SAGRADA Way FRASER RISE 3336
53313677167,124 LOLLIPOP Crescent SUNBURY 3429
53313677217,24 RATHMINES Road TRUGANINA 3029
53313677265,114 LOLLIPOP Crescent SUNBURY 3429
53313677348,13 VASSE Circuit MOUNT DUNEED 3217
53313677364,19 DAINTREE Street ARMSTRONG CREEK 3217
53313677397,107 WATERFERN Street FRASER RISE 3336
53313677421,55 UNICO Circuit MOUNT DUNEED 3217
53313677488,22 CAMFIELD Crescent MAMBOURIN 3024
53313677506,81 RESTFUL Way ROCKBANK 3335
53313677520,29 HUBBARD Street WYNDHAM VALE 3024
53313677554,24 HILDEBRANDT Street WARRNAMBOOL 3280
53313677587,51 CHERISH Street FRASER RISE 3336
53313677613,1 GRANDVIEW Crescent DARLEY 3340
53313677637,49 CHERISH Street FRASER RISE 3336
53313677653,7 GRANDVIEW Crescent DARLEY 3340
53313677686,24 EASTRIDGE Street GREENVALE 3059
53313677712,81 GREYJOY Road CHARLEMONT 3217
53313677744,18 ESSENCE Street DIGGERS REST 3427
53313487341,22 MILSOM Avenue FRASER RISE 3336
53313487374,27 ESCARPMENT Drive FYANSFORD 3218
53313487400,34 RUTHVEN Way MAMBOURIN 3024
53313487432,42 RUISLIP Avenue STRATHTULLOH 3338
53313487458,47 SAMUEL Road WEIR VIEWS 3338
53313487473,8 HILLTOP Drive CHARLEMONT 3217
53313487580,95 MERINDAH Boulevard DEANSIDE 3336
53313487608,23 WARANGAL Way DEANSIDE 3336
53313487671,7 PIANTA Street GREENVALE 3059
53313487707,23 BURBIDGE Street TRUGANINA 3029
53313487770,34 HALLINAN Street TARNEIT 3029
53313487806,345 MCGEORGE Road GISBORNE 3437
53313487905,15 HARTOG Grove DARLEY 3340
53313487937,30 INGLENOOK Circuit ARMSTRONG CREEK 3217
53313487986,11 HELDER Drive MAMBOURIN 3024
53313488110,14 WINDOW Road TARNEIT 3029
53313488183,20 KYEAMBA Circuit BACCHUS MARSH 3340
53313488200,58 LYNWOOD Drive THORNHILL PARK 3335
53313488232,16 NYORA Grove MOUNT HELEN 3350
53313488273,14 JOEY Crescent DEANSIDE 3336
53313488331,3 MOULSDALE Way AINTREE 3336
53313488365,19 MASTERS Drive WINTER VALLEY 3358
53313488430,62 PACIFIC Drive TORQUAY 3228
53313488464,22 MCLEOD Crescent LUCAS 3350
53313488497,12 SAMWELL Street CHARLEMONT 3217
53313488515,40 MCLEOD Crescent LUCAS 3350
53313488563,16 HUTTON Street DEANSIDE 3336
53313488596,9 DILWARRA Drive BONNIE BROOK 3335
53313488620,4 KEEPING Terrace TARNEIT 3029
53313488646,8 KEEPING Terrace TARNEIT 3029
53313488695,26 BABINA Avenue MELTON SOUTH 3338
53313493804,5 TAKEOFF Street DIGGERS REST 3427
53313493860,11 SHEARMAN Road DEANSIDE 3336
53313493893,8 WHATMAN Street LUCAS 3350
53313493935,5 WESTDAHL Street TRUGANINA 3029
53313493969,15 NYORA Grove MOUNT HELEN 3350
53313493992,7 CODRINGTON Road TRUGANINA 3029
53313494025,63 NORMAN Street WARRNAMBOOL 3280
53313494059,3 TRALEE Road ALFREDTON 3350
53313494074,67 CORIDALE Boulevard LARA 3212
53313494132,48 DENNISON Street DEANSIDE 3336
53313494230,9 WELHAM Close BONNIE BROOK 3335
53313494271,274 MOUNT PLEASANT Road HIGHTON 3216
53313494414,30 SHIPSTERN Street ARMSTRONG CREEK 3217
53313494479,18 PATHFIELD Street CORIO 3214
53313494495,9 MAKITI Crescent HARKNESS 3337
53313494586,23 HILLTOP Drive CURLEWIS 3222
53313494628,43 IONICA Loop TRUGANINA 3029
53313494652,18 DAFFODIL Crescent DIGGERS REST 3427
53313494735,24 KOOMBA Crescent GREENVALE 3059
53313494784,9 PALMDALE Crescent MAMBOURIN 3024
53313494826,4 ANNABEL Street DEANSIDE 3336
53313494850,12 SCORPIO Road WEIR VIEWS 3338
53313494875,8 ANNABEL Street DEANSIDE 3336
53313494891,9 MELIA Street STRATHFIELDSAYE 3551
53313494925,58 NORMAN Street WARRNAMBOOL 3280
53313494990,112 WANGOOM Road WARRNAMBOOL 3280
53313495017,5 PRIMULA Street DIGGERS REST 3427
53313495065,32 ATHENA Road WEIR VIEWS 3338
53312657509,120 BUCKLEY Street ESSENDON 3040
53313677785,2 HOOD Street TRUGANINA 3029
53313677811,95 RESTFUL Way ROCKBANK 3335
53313677843,35 BELCONNEN Avenue STRATHTULLOH 3338
53313677876,33 HAMISH Road DARLEY 3340
53313677910,30 SABLE Street GREENVALE 3059
53313677968,3 MULLINS Way SUNBURY 3429
53313529557,18 PROVINCIAL Circuit DEANSIDE 3336
53313529580,39 SEVENHILL Drive MOUNT DUNEED 3217
53313529616,23 CAMPBELL Road HUNTLY 3551
53313529648,5 MANSELL Drive DENNINGTON 3280
53313529664,13 KALAN Way WARRNAMBOOL 3280
53313529715,13 AMBIENT Street MOUNT DUNEED 3217
53313529747,39 HARKNESS Road MADDINGLEY 3340
53313529796,25 BIBURY Street LARA 3212
53313529814,58 JOEY Crescent DEANSIDE 3336
53313529846,4 SENSATION Way MOUNT DUNEED 3217
53313529879,8 SENSATION Way MOUNT DUNEED 3217
53313529905,59 BODNAT Street TRUGANINA 3029
53313530013,17 STACEY Parade MOUNT COTTRELL 3024
53313530061,7 BOSCASTLE Way WERRIBEE 3030
53313530086,12 TOUR Lane TARNEIT 3029
53313530144,29 INVICTA Drive SMYTHES CREEK 3351
53313530177,18 JAMAICAN Road SUNBURY 3429
53313530242,23 STILO Crescent TRUGANINA 3029
53313530301,19 WINTON Drive FRASER RISE 3336
53313530374,14 BLUEGRASS Way WINTER VALLEY 3358
53313530400,19 MATTHEWS Road LOVELY BANKS 3213
53313530432,9 CITRINUS Street MOUNT DUNEED 3217
53313530458,24 CARDAMON Street ARMSTRONG CREEK 3217
53313530473,38 RESTFUL Way ROCKBANK 3335
53313530509,99 PRESENTATION Boulevard WINTER VALLEY 3358
53313530580,11 WARDELL Street TARNEIT 3029
53313530608,97 CARROLL Lane GREENVALE 3059
53313489025,15 BABINA Avenue MELTON SOUTH 3338
53313489041,18 SORELL Street ARMSTRONG CREEK 3217
53313489067,51 AVONBURY Drive ARMSTRONG CREEK 3217
53313489090,107 CALLAWAY Street MAMBOURIN 3024
53313489158,19 GRIBBLE Street LUCAS 3350
53313489222,19 LAMONGAN Rise TRUGANINA 3029
53313489248,32 MCLEOD Crescent LUCAS 3350
53313489264,7 CASSATA Road MANOR LAKES 3024
53313489315,65 CROWTHER Drive LUCAS 3350
53313489339,66 VIOLA Drive ROCKBANK 3335
53313489420,6 KASHMIR Road CHARLEMONT 3217
53313489462,44 CURRUMBIN Street ARMSTRONG CREEK 3217
53313489495,5 CASSATA Road MANOR LAKES 3024
53313489594,287 MANOR LAKES Boulevard MANOR LAKES 3024
53313489628,177 CLARA Avenue TRUGANINA 3029
53313489652,7 KYLIE Close DEANSIDE 3336
53313489685,80 MONTEGO Boulevard SUNBURY 3429
53313489703,9 SHEARMAN Road DEANSIDE 3336
53313489751,17 AVION Crescent TRUGANINA 3029
53313489826,76 KENSINGTON Boulevard SMYTHES CREEK 3351
53313489868,31 WATTLEBIRD Court SUNSHINE NORTH 3020
53313489891,25 WATTLEBIRD Court SUNSHINE NORTH 3020
53313489925,19 WATTLEBIRD Court SUNSHINE NORTH 3020
53313489959,11 WATTLEBIRD Court SUNSHINE NORTH 3020
53313489974,7 WATTLEBIRD Court SUNSHINE NORTH 3020
53313489990,5 WATTLEBIRD Court SUNSHINE NORTH 3020
53313490166,9 FLEURIEU Circuit ARMSTRONG CREEK 3217
53313490199,21 TOUR Lane TARNEIT 3029
53313490216,31-33 QUEENSRIDGE Grove FYANSFORD 3218
53313495287,17 FALCON Court FOOTSCRAY 3011
53313495404,3 FALCON Court FOOTSCRAY 3011
53313495503,6 PRAISE Street FRASER RISE 3336
53313495543,31 MURNONG Street LEOPOLD 3224
53313495584,68 MODESTO Drive TARNEIT 3029
53313495626,5 GORKHA Way WERRIBEE 3030
53313495650,39 TOWER Street THORNHILL PARK 3335
53313495683,28 JAMAICAN Road SUNBURY 3429
53313495701,12 HALCYON Road DEANSIDE 3336
53313495782,12 SHADOW Street DEANSIDE 3336
53313495818,83 PIENZA Road FRASER RISE 3336
53313495858,14 BROAD Road FRASER RISE 3336
53313495909,2 SPRINTER Way WINTER VALLEY 3358
53313495923,16 GRIFFITH Road DEANSIDE 3336
53313495957,2 CAROB Street MICKLEHAM 3064
53313495972,23 PATTERDALE Street TARNEIT 3029
53313496096,15 GILA Way TRUGANINA 3029
53313496114,15 GUNAWAN Drive TARNEIT 3029
53313496138,13 SHEARMAN Road DEANSIDE 3336
53313496162,2 ENGLISH Road FRASER RISE 3336
53313496260,28 MAY Drive GISBORNE 3437
53313496311,10 STEADFIELD Circuit MELTON SOUTH 3338
53313493299,27 TOWER Street THORNHILL PARK 3335
53313496343,6 MAY Drive GISBORNE 3437
53313541653,10 BANUM Crescent ASCOT VALE 3032
53313541785,132 BRAMLEY Avenue CHARLEMONT 3217
53313541811,7 NAMATJIRA Boulevard HUNTLY 3551
53313541843,26 MINNAUNS Road LOVELY BANKS 3213
53313541869,63 FELLOWS Road POINT LONSDALE 3225
53313541884,4 HOWRAH Street CRAIGIEBURN 3064
53313541934,67 MERULA Drive MAMBOURIN 3024
53312501121,100 YOUNGHUSBAND Lane KENSINGTON 3031
53313530788,9 SINCLAIR Close WINCHELSEA 3241
53313530846,3 UNISON Road STRATHTULLOH 3338
53313531069,21 TRIBUTE Road CRAIGIEBURN 3064
53313531084,15 TRIBUTE Road CRAIGIEBURN 3064
53313531110,23 TRIBUTE Road CRAIGIEBURN 3064
53313531134,23 TRIBUTE Road CRAIGIEBURN 3064
53313531150,23 PEDLEY Way TRUGANINA 3029
53313531183,20 BLACKALL Street TRUGANINA 3029
53313531224,61 CROWTHER Drive LUCAS 3350
53313531258,62 WHITFORDS Drive ARMSTRONG CREEK 3217
53313531299,77 EDITH Street TARNEIT 3029
53313531331,10 LAYTON Lane BONNIE BROOK 3335
53313531416,44 PALMDALE Crescent MAMBOURIN 3024
53313531614,17 AWAROA Street OCEAN GROVE 3226
53313531638,15 EGRET Way DIGGERS REST 3427
53313531662,11 KNOWLES Street FYANSFORD 3218
53313531687,6 FINN Way TARNEIT 3029
53313531705,35 CANARY Drive ARMSTRONG CREEK 3217
53313531737,3 HARKNESS Boulevard ARMSTRONG CREEK 3217
53313531761,10 FLEURIEU Circuit ARMSTRONG CREEK 3217
53313531903,42 PALMASTON Drive GREENVALE 3059
53313531935,25 SHEEPYARD Way DIGGERS REST 3427
53313532031,33 VERDALE Drive ALFREDTON 3350
53313532080,1 ANAND Way DEANSIDE 3336
53313532156,3 PAVILION Street DEANSIDE 3336
53313535606,27 SORBUS Street TARNEIT 3029
53313535620,51 WOOLSPINNER Crescent WYNDHAM VALE 3024
53313535646,223 BRIDGE Road COBBLEBANK 3338
53313535786,45 BRYGEE Close SUNSHINE NORTH 3020
53313535812,12 WHITE GUM Way WINTER VALLEY 3358
53313535984,62 HALCYON Road DEANSIDE 3336
53313536019,33 HARRIER Circuit DEANSIDE 3336
53313536059,16 SOMERVILLE Road STRATHFIELDSAYE 3551
53313536158,18 ESHAL Crescent WYNDHAM VALE 3024
53313536173,20 PERNONIE Street LUCAS 3350
53313536222,738 NEALE Road DEANSIDE 3336
53313536438,17 WATTLEBIRD Drive KURUNJANG 3337
53313536462,24 LORIKEET Circuit ROCKBANK 3335
53313536505,64 FLANAGAN Street TARNEIT 3029
53313536537,40 FRAGRANT Drive LARA 3212
53313536578,73 FUCHSIA Drive ROCKBANK 3335
53313536628,24 BIBURY Street LARA 3212
53313536644,15 OVERALL Street LUCAS 3350
53313536769,11 STILO Crescent TRUGANINA 3029
53313536810,3 SEARS Avenue WARRNAMBOOL 3280
53313536842,40 MINNAUNS Road LOVELY BANKS 3213
53313536875,14 LIPIZZAN Crescent TAYLORS LAKES 3038
53313536891,9 DEVOTION Way TARNEIT 3029
53313536941,10 SOUTHLANDS Loop STRATHTULLOH 3338
53313537022,27 MINNAUNS Road LOVELY BANKS 3213
53313537048,9 FAIRMONT Crescent FRASER RISE 3336
53313541950,56 ASHBURY Boulevard ARMSTRONG CREEK 3217
53313542008,86 LOLLIPOP Crescent SUNBURY 3429
53313542089,20 MOUNTAIN ASH Circuit WINTER VALLEY 3358
53313542155,10 FOYNES Court BROWN HILL 3350
53313542188,12 MAINLAND Way WERRIBEE 3030
53313542213,6 MAINLAND Way WERRIBEE 3030
53313542245,9 ELM Drive FRASER RISE 3336
53313542261,123 BONNIEBROOK Road BONNIE BROOK 3335
53313542286,11 DEVONSHIRE Road THORNHILL PARK 3335
53313542312,21 AMARA Street TARNEIT 3029
53313542377,55 MERULA Drive MAMBOURIN 3024
53313542443,31 ROWANDS Street MOUNT DUNEED 3217
53313542469,11 CASELLI Street BALLARAT EAST 3350
53313542510,17 PORTER Street WERRIBEE 3030
53313542550,6 CORONADO Way TARNEIT 3029
53313542583,21 HANSEL Drive WERRIBEE 3030
53313542641,50 APRICOT Circuit TARNEIT 3029
53313542667,86 INGLENOOK Circuit ARMSTRONG CREEK 3217
53313542682,4 TRIUMPH Avenue TARNEIT 3029
53313542718,10 TRIUMPH Avenue TARNEIT 3029
53313542740,14 TRIUMPH Avenue TARNEIT 3029
53313542773,16 MEREDITH Street ST LEONARDS 3223
53313542799,41913 MASSEY Crescent CURLEWIS 3222
53313542817,3A BENZ Court KEILOR DOWNS 3038
53313542849,4 BALLANTYNE Street WARRNAMBOOL 3280
53313542872,62 CONONDALE Avenue TRUGANINA 3029
53313542908,10 FARMINGTON Road WYNDHAM VALE 3024
53313542922,2 STUBBERFIELD Road TARNEIT 3029
53313542948,30 SCATTER Road FRASER RISE 3336
53313542989,9 SAMWELL Street CHARLEMONT 3217
53313543020,16 SENISE Street FRASER RISE 3336
53313543113,24 VERDALE Drive ALFREDTON 3350
53313543145,302 HIGHLANDER Drive CRAIGIEBURN 3064
53313543203,5 PIPERS Street TARNEIT 3029
53313543227,56 TOWNLEY Boulevard WERRIBEE 3030
53313543243,15 GILLANDERS Street WARRNAMBOOL 3280
53313532171,86 CONSERVATORY Drive DEANSIDE 3336
53313532220,80 CONSERVATORY Drive DEANSIDE 3336
53313532305,23 TRIBUTE Road CRAIGIEBURN 3064
53313532353,52 DOVE Avenue ALTONA 3018
53313532378,44 HOMAGE Avenue FRASER RISE 3336
53313532436,13 MIDGARD Road WEIR VIEWS 3338
53313532503,2 JOONDALUP Street STRATHTULLOH 3338
53313578330,7 SELENE Way GREENVALE 3059
53313578389,7 REGAL Street HIGHTON 3216
53313578415,5 BRIDSON Street LUCAS 3350
53313578463,117 PLANE Avenue MAMBOURIN 3024
53313578587,34 ATHENA Road WEIR VIEWS 3338
53313578613,122 MERINDAH Boulevard DEANSIDE 3336
53313578637,130 MERINDAH Boulevard DEANSIDE 3336
53313578760,10 DIABLO Place SMYTHES CREEK 3351
53313578785,22 BLUEBILL Street ST LEONARDS 3223
53313578811,44 CALLICOMA Street MICKLEHAM 3064
53313578884,4 COMMUNAL Road WYNDHAM VALE 3024
53313578902,48 MAYOPARK Street DEANSIDE 3336
53313578950,5 CUSP Drive TARNEIT 3029
53313579032,43 TOWNLEY Boulevard WERRIBEE 3030
53313579058,11 FREDDIE Street SUNBURY 3429
53313579081,82 MONTEGO Boulevard SUNBURY 3429
53313579117,8 ALVASTON View BONNIE BROOK 3335
53313579221,126 KIRKPATRICK Boulevard TRUGANINA 3029
53313579320,14 HARRIS Street ROCKBANK 3335
53313579379,60 BLOSSOM Drive EPSOM 3551
53313579395,26 APPLE GUM Circuit BELLBRAE 3228
53313579429,76 EAGLEMONT Drive STRATHTULLOH 3338
53313537071,20 HILDEBRANDT Street WARRNAMBOOL 3280
53313537097,4 FLANNERY Circuit CHARLEMONT 3217
53313537115,60 HALCYON Road DEANSIDE 3336
53313537163,105 POLLY Parade TARNEIT 3029
53313537213,48 PALMDALE Crescent MAMBOURIN 3024
53313537278,8 ROMNEY Street DEANSIDE 3336
53313537344,23 CHLOE Street TARNEIT 3029
53313537403,15 BURBIDGE Street TRUGANINA 3029
53313537443,9 SERENITY Street ARMSTRONG CREEK 3217
53313537476,11 GRAY Court DEANSIDE 3336
53313537534,29 WARANGAL Way DEANSIDE 3336
53313537601,100 HIGHLINE Boulevard TRUGANINA 3029
53313537659,27 VALROSE Road CHARLEMONT 3217
53313537682,14 PETRONAS Drive FRASER RISE 3336
53313537700,75 LORIKEET Circuit ROCKBANK 3335
53313537781,6 PISCES Crescent TRUGANINA 3029
53313537831,14 ICONIC Drive TARNEIT 3029
53313537922,3 READMAN Road FRASER RISE 3336
53313537997,18 COMMUNAL Road WYNDHAM VALE 3024
53313538020,23 BUCHANAN Drive LUCAS 3350
53313538087,29 VALBERG Street WINTER VALLEY 3358
53313538105,29 MINNAUNS Road LOVELY BANKS 3213
53313538153,7 NECTAR Drive MOUNT DUNEED 3217
53313538243,10 COLACHI Road TRUGANINA 3029
53313538326,52 REARDON Crescent ST LEONARDS 3223
53313538350,21 CAMPBELL Road HUNTLY 3551
53313538375,6 AMALFI Street WINTER VALLEY 3358
53313538425,3 SINOPIA Street TARNEIT 3029
53313538482,38 FAWKNER Crescent ARMSTRONG CREEK 3217
53313543482,4 BOWERBIRD Grange WINTER VALLEY 3358
53313543500,26 ATHENA Road WEIR VIEWS 3338
53313543573,52 WHITFORDS Drive ARMSTRONG CREEK 3217
53313543623,38 ITALIANATE Avenue DEANSIDE 3336
53313543672,32 HALO Street TARNEIT 3029
53313543708,45 MAMIC Boulevard FRASER RISE 3336
53313543756,18 WARDELL Street TARNEIT 3029
53313543771,20 PIANTA Street GREENVALE 3059
53313543847,10 VIVID Street WINTER VALLEY 3358
53313543870,44 TOWER Street THORNHILL PARK 3335
53313543896,52 TOWER Street THORNHILL PARK 3335
53313543946,21 SONATA Street WYNDHAM VALE 3024
53313544077,18 RARITY Street ARMSTRONG CREEK 3217
53313544169,89 PIENZA Road FRASER RISE 3336
53313544267,23 LANGER Road DEANSIDE 3336
53313544290,102 NEWMARKET Road WERRIBEE 3030
53313544318,106 NEWMARKET Road WERRIBEE 3030
53313544332,110 NEWMARKET Road WERRIBEE 3030
53313544366,16 ALISTER Grove TARNEIT 3029
53313544423,162 FARM Road WERRIBEE 3030
53313544449,166 FARM Road WERRIBEE 3030
53313544465,28 THE CROSSWAY  AVONDALE HEIGHTS 3034
53313544508,172 FARM Road WERRIBEE 3030
53313544548,167 GEELONG Road WERRIBEE 3030
53313544597,78 WOODSWALLOW Entrance SUNSHINE NORTH 3020
53313544615,84 WOODSWALLOW Entrance SUNSHINE NORTH 3020
53313590436,33 BLOMELEY Drive LUCAS 3350
53313590452,8 KILTEELY Street GISBORNE 3437
53313590511,1 PREVAIL Place MOUNT DUNEED 3217
53313590584,24 UXBRIDGE Street WERRIBEE 3030
53313590610,4 STRICTA Circuit FRASER RISE 3336
53313579494,1 PLUME Terrace ROCKBANK 3335
53313579528,38 YELLOWSTONE Drive TRUGANINA 3029
53313579552,29 MARTLAND Street LUCAS 3350
53313579577,18 PINFOLD Street BONNIE BROOK 3335
53313579651,24 CORONADO Way TARNEIT 3029
53313579702,21 WANDERLUST Drive MOUNT DUNEED 3217
53313579734,5 APORTA Avenue TARNEIT 3029
53313579791,38 DEVOTION Way TARNEIT 3029
53313579825,1 BATHURST Street BROADMEADOWS 3047
53313579841,985 MORRIS Road TRUGANINA 3029
53313579890,8 PURPLE Road FRASER RISE 3336
53313580032,3 TERAI Street WYNDHAM VALE 3024
53313580066,19 NAMATJIRA Boulevard HUNTLY 3551
53313580099,13 HANSEL Drive WERRIBEE 3030
53313580117,1 SAPPORO Street WINTER VALLEY 3358
53313580131,8 TAHOE Avenue WINTER VALLEY 3358
53313580198,65 BRISBANE Street LARA 3212
53313580221,11 SEARS Avenue WARRNAMBOOL 3280
53313580247,20 JOHANNA Drive WINTER VALLEY 3358
53313580263,19 KASHMIR Road CHARLEMONT 3217
53313580296,24 RANELAGH Avenue STRATHTULLOH 3338
53313580320,6 CADILLAC Way SMYTHES CREEK 3351
53313580362,36 WINDANSEA Street ARMSTRONG CREEK 3217
53313580387,16 WINDANSEA Street ARMSTRONG CREEK 3217
53313580437,58 MAREMMANO Crescent TAYLORS LAKES 3038
53313580453,7 YUCAMANE Drive TRUGANINA 3029
53313580478,13 UNISON Road STRATHTULLOH 3338
53313580504,7 EDGEMEAD Street STRATHTULLOH 3338
53313580544,46 WEDGE TAIL Drive WINTER VALLEY 3358
53313580603,26 WADE Lane GOLDEN SQUARE 3555
53313580702,15 HONEYEATER Way MOUNT DUNEED 3217
53313580783,15 MESTON Street TRUGANINA 3029
53313580833,4 HILDERBRAND Court SEBASTOPOL 3356
53313580867,11 POLLEN Street MOUNT DUNEED 3217
53313538500,40 FAWKNER Crescent ARMSTRONG CREEK 3217
53313538558,23 BROAD Road FRASER RISE 3336
53313584405,84 CHARLESTON Road DEANSIDE 3336
53313584453,64 CONONDALE Avenue TRUGANINA 3029
53313584478,10 DARTER Way ARMSTRONG CREEK 3217
53313584536,15 AZAS Street TRUGANINA 3029
53313584635,7 FARRIER Boulevard FRASER RISE 3336
53313584669,6 SICILY Avenue DEANSIDE 3336
53313584692,18 COPAL Street MAMBOURIN 3024
53313584710,41 IVORY Street COBBLEBANK 3338
53313584734,15 SICILY Avenue DEANSIDE 3336
53313584768,4 BRODERICK Street WARRNAMBOOL 3280
53313584801,16 IONICA Loop TRUGANINA 3029
53313584833,6 BENMORE Street MAMBOURIN 3024
53313584874,30 UXBRIDGE Street WERRIBEE 3030
53313584900,31 ROBINSON Street ARMSTRONG CREEK 3217
53313584932,9 GANSHA Street WEIR VIEWS 3338
53313585048,11 MOSLEY Crescent TRUGANINA 3029
53313585071,17 LIGHTFOOT Way DEANSIDE 3336
53313585115,29 ANGUL Parade DEANSIDE 3336
53313585139,9 PROCTOR Street HUNTLY 3551
53313585155,4 INGLENOOK Circuit ARMSTRONG CREEK 3217
53313585188,19 YELLOWSTONE Drive TRUGANINA 3029
53313585213,26 FEGENT Road TARNEIT 3029
53313585245,79 PIENZA Road FRASER RISE 3336
53313585261,12 FUTURE Way CRAIGIEBURN 3064
53313585286,8 SUNLIGHT Circuit LARA 3212
53313585312,34 GAMUT Crescent BONNIE BROOK 3335
53313585352,10 GLORY Way ARMSTRONG CREEK 3217
53313585385,105 PASKAS Drive FRASER RISE 3336
53313585403,115 PASKAS Drive FRASER RISE 3336
53313585427,65 INGLENOOK Circuit ARMSTRONG CREEK 3217
53313585451,106 FUCHSIA Drive ROCKBANK 3335
53313585484,13 NETHERGATE Street THORNHILL PARK 3335
53313585510,11 NETHERGATE Street THORNHILL PARK 3335
53313585534,9 NETHERGATE Street THORNHILL PARK 3335
53313585550,3 NETHERGATE Street THORNHILL PARK 3335
53313585583,72 PIENZA Road FRASER RISE 3336
53313585619,23 NOYCE Way ROCKBANK 3335
53313585641,10 SHALE Road WERRIBEE 3030
53313585667,15 GUNNERSBURY Road WYNDHAM VALE 3024
53313590642,20 CORYMBIA Street MOUNT DUNEED 3217
53313590675,28 GAMUT Crescent BONNIE BROOK 3335
53313590741,3 LUSITANO Street TAYLORS LAKES 3038
53313590767,17 GIZA Street BONNIE BROOK 3335
53313590782,40 TESLA Road ROCKBANK 3335
53313590818,11 ODIN Walk MELTON SOUTH 3338
53313590832,1 ODIN Walk MELTON SOUTH 3338
53313590858,3 ODIN Walk MELTON SOUTH 3338
53313590881,9 NUGGETTY Lane EYNESBURY 3338
53313590923,46 LENA Crescent TRUGANINA 3029
53313590972,13 PALETTE Street MAMBOURIN 3024
53313590998,18 CASSOWARY Way WINTER VALLEY 3358
53313591055,113 CALLAWAY Street MAMBOURIN 3024
53313591106,82 ASHBURY Boulevard ARMSTRONG CREEK 3217
53313591120,22 DANUBE Road TRUGANINA 3029
53313591154,38 STUBBERFIELD Road TARNEIT 3029
53313591252,12 NOEL Way TARNEIT 3029
53313591303,40 WHITFORDS Drive ARMSTRONG CREEK 3217
53313591376,5 AVOCET Way ARMSTRONG CREEK 3217
53313591392,7 AVOCET Way ARMSTRONG CREEK 3217
53313591426,65 HOMESTEAD Drive LARA 3212
53313591450,64 OPAL Drive LEOPOLD 3224
53313591483,103 INGLENOOK Circuit ARMSTRONG CREEK 3217
53313591501,14 RYDER Street CHARLEMONT 3217
53313591559,20 BLOODSWORTH Road DEANSIDE 3336
53313591582,7 HOOD Street TRUGANINA 3029
53313591618,66 OPAL Drive LEOPOLD 3224
53313591632,29 TRUFFLE Circuit MOUNT DUNEED 3217
53313591658,31 CANARY Drive ARMSTRONG CREEK 3217
53313591757,16 HALO Street TARNEIT 3029
53313591808,8 PERSANO Way TAYLORS LAKES 3038
53313591830,10 PERSANO Way TAYLORS LAKES 3038
53313591889,14 PERSANO Way TAYLORS LAKES 3038
53313591939,20 TOSCANA Street TRUGANINA 3029
53313591988,23 CAMPBELL Street WARRNAMBOOL 3280
53312555843,33 COUPLING Way GLENROY 3046
53312555869,31 COUPLING Way GLENROY 3046
53313580966,5 PENVER Terrace WERRIBEE 3030
53313580981,23 BAIRD Avenue TORQUAY 3228
53313581008,16 ISHERWOOD Road DEANSIDE 3336
53313581056,21 LEROY Street SUNBURY 3429
53313581071,25 GYMEA Street MOUNT DUNEED 3217
53313581261,86 SHOREBREAK Way OCEAN GROVE 3226
53313581336,171 BEATTYS Road FRASER RISE 3336
53313581360,17 LIMESTONE Way OCEAN GROVE 3226
53313626504,33 MARXSEN Parade LUCAS 3350
53313626528,18 HALCYON Road DEANSIDE 3336
53313626593,5 WALLANGARA Boulevard HARKNESS 3337
53313626643,205 STONEHILL Drive MADDINGLEY 3340
53313626684,4 HANOVER Circuit MELTON SOUTH 3338
53313626734,7 GRETTA Street SMYTHES CREEK 3351
53313626783,29 BOWERBIRD Grange WINTER VALLEY 3358
53313626841,26 MEWAT Circuit THORNHILL PARK 3335
53313626867,4 MOONAMBEL Road EYNESBURY 3338
53313626882,12 MILOS Court FRASER RISE 3336
53313626918,26 LORIKEET Circuit ROCKBANK 3335
53313626940,10 ELAINE Street TARNEIT 3029
53313626999,24 JOHANNA Drive WINTER VALLEY 3358
53313627015,9 VIVID Street WINTER VALLEY 3358
53313627063,2 THYANVER Court BROWN HILL 3350
53313627088,46 GANSHA Street WEIR VIEWS 3338
53313627138,35 SUNLIGHT Circuit LARA 3212
53313627154,16 AMAK Grove TRUGANINA 3029
53313627204,149 ATHERSTONE Boulevard STRATHTULLOH 3338
53313627260,3 AVALON Walk ARMSTRONG CREEK 3217
53313585718,6 NOAH Court TRUGANINA 3029
53313585773,39 NORTHWATTLE Crescent CORIO 3214
53313585799,114 MONTEGO Boulevard SUNBURY 3429
53313585817,33 INVICTA Drive SMYTHES CREEK 3351
53313585865,15 DERRIMUT Street ROCKBANK 3335
53313585880,3 SHEFFIELD Place KYNETON 3444
53313585916,50 JAMAICAN Road SUNBURY 3429
53313585930,44 JAMAICAN Road SUNBURY 3429
53313585956,42 JAMAICAN Road SUNBURY 3429
53313585989,40 JAMAICAN Road SUNBURY 3429
53313586046,16 MOSLEY Crescent TRUGANINA 3029
53313586087,18 HARCOMBE Crescent TORQUAY 3228
53313586113,44 FRASER Street MOUNT PLEASANT 3350
53313586153,28 HALO Street TARNEIT 3029
53313586186,4 BRANGUS Court ASCOT 3551
53313586203,9 LEIST Street HUNTLY 3551
53313586227,24 LOUVRE Road BONNIE BROOK 3335
53313586251,25 CORMORANT Way TORQUAY 3228
53313586419,30 PANAIA Boulevard TRUGANINA 3029
53313586482,28 QUEST Drive FRASER RISE 3336
53313586532,5 ATACAZO Avenue TRUGANINA 3029
53313586566,17 FREDDIE Street SUNBURY 3429
53313586617,14 WATTLESEED Drive FRASER RISE 3336
53313586665,23 SHINRONE Drive GISBORNE 3437
53313586722,31 CINDER Drive TARNEIT 3029
53313586797,10 PAVILION Street DEANSIDE 3336
53313586821,84 DYSON Drive LUCAS 3350
53313586855,26 MAY Drive GISBORNE 3437
53313586870,50 PLATT Drive MADDINGLEY 3340
53313586896,9 COATES Lane MADDINGLEY 3340
53313586920,10 BUICK Road SMYTHES CREEK 3351
53313586946,97 INGLENOOK Circuit ARMSTRONG CREEK 3217
53313586962,88 HOMESTEAD Drive LARA 3212
53313587043,25 BROAD Road FRASER RISE 3336
53313587134,9 SANKURU Road TRUGANINA 3029
53313592084,2 SHANKAR Road TARNEIT 3029
53313592110,28 HAMISH Road DARLEY 3340
53313592218,18 BLENRIL Avenue TARNEIT 3029
53313592273,14 NOSILLA Street SMYTHES CREEK 3351
53313592309,38 DREAMER Circuit MOUNT DUNEED 3217
53313592349,3 GOWAR Road TARNEIT 3029
53313592398,23 ISAACS Street DEANSIDE 3336
53313592448,116 WILLOBY Drive ALFREDTON 3350
53313592464,24 MONTVIEW Court CORIO 3214
53313592489,7 CLAUDE Crescent NEW GISBORNE 3438
53313592515,18 HALO Street TARNEIT 3029
53313592547,37 GILDED Way CRAIGIEBURN 3064
53313592570,31 GILDED Way CRAIGIEBURN 3064
53313592596,27 GILDED Way CRAIGIEBURN 3064
53313592614,23 GILDED Way CRAIGIEBURN 3064
53313592646,17 GILDED Way CRAIGIEBURN 3064
53313592679,11 GILDED Way CRAIGIEBURN 3064
53313592713,5 GILDED Way CRAIGIEBURN 3064
53313592737,14 DORTON Glade DRYSDALE 3222
53313592753,16 DORTON Glade DRYSDALE 3222
53313592786,51 SARATOGA Circuit DRYSDALE 3222
53313592812,70 VANTAGE Boulevard CRAIGIEBURN 3064
53313592844,1 GLISTEN Way CRAIGIEBURN 3064
53313592860,7 GLISTEN Way CRAIGIEBURN 3064
53313592885,9 GLISTEN Way CRAIGIEBURN 3064
53313592911,15 GLISTEN Way CRAIGIEBURN 3064
53313592935,19 GLISTEN Way CRAIGIEBURN 3064
53313592951,23 GLISTEN Way CRAIGIEBURN 3064
53313592984,29 GLISTEN Way CRAIGIEBURN 3064
53313593001,33 GLISTEN Way CRAIGIEBURN 3064
53313593025,66 VANTAGE Boulevard CRAIGIEBURN 3064
53313593059,37 GLISTEN Way CRAIGIEBURN 3064
53313593118,67 ROBINSON Street ARMSTRONG CREEK 3217
53313593181,40 SHORTRIDGE Drive LUCAS 3350
53313593248,44 ORIENTATION Avenue TARNEIT 3029
53313593264,23 ORIENTATION Avenue TARNEIT 3029
53313593289,52 PLYMOUTH Drive ROCKBANK 3335
53313593370,47 VERNAL Circuit MOUNT DUNEED 3217
53313593396,12 PIANTA Street GREENVALE 3059
53313593420,29 RESPECT Way TARNEIT 3029
53313638829,12 MOMIL Road MOUNT COTTRELL 3024
53313672011,11 OPULENCE Avenue FRASER RISE 3336
53313672035,52 PENVER Terrace WERRIBEE 3030
53313672084,9 SELLS Road LUCAS 3350
53313672183,56 SURROUND Circuit BONNIE BROOK 3335
53313672232,24 AINTREE Street CRAIGIEBURN 3064
53313672258,50 SURROUND Circuit BONNIE BROOK 3335
53313672281,19 PARK Lane LANCEFIELD 3435
53313672317,15 NECTAR Drive MOUNT DUNEED 3217
53313672365,25 CALLANISH Street TRUGANINA 3029
53313672380,26 YEOMAN Street MELTON SOUTH 3338
53313672416,39 FRANCA Avenue FRASER RISE 3336
53313672448,12 ERVINE Drive WYNDHAM VALE 3024
53313627468,21 HUNTINGFIELD Street THORNHILL PARK 3335
53313627491,10 GADSBY Street HUNTLY 3551
53313627541,3 PELICAN Drive WINTER VALLEY 3358
53313627567,41 MUSTANG Circuit BONNIE BROOK 3335
53313627590,18 TULLOONA Street FRASER RISE 3336
53313627681,14 TATHRA Road WYNDHAM VALE 3024
53313627765,17 VOLT Street WINTER VALLEY 3358
53313627897,12 TOLHURST Street TARNEIT 3029
53313627921,15 BRISBANE Street LARA 3212
53313627963,6 JOURNEY Crescent MOUNT DUNEED 3217
53313627996,23 JUNIPER Avenue LEOPOLD 3224
53313628029,8 STEWART Court WARRNAMBOOL 3280
53313628078,20 VERONA Crescent FRASER RISE 3336
53313628128,23 WATERFERN Street FRASER RISE 3336
53313628144,37 GENERATION Crescent MAMBOURIN 3024
53313628160,3 WARREN Street THORNHILL PARK 3335
53313628193,8 GUERNSEY Court SEBASTOPOL 3356
53313628210,3 GREVILLEA Crescent ELLIMINYT 3250
53313628234,25 MINNAUNS Road LOVELY BANKS 3213
53313628268,8 COACHING Parade POINT COOK 3030
53313628291,61 BUCHANAN Boulevard ARMSTRONG CREEK 3217
53313628325,65 COUNTESS Drive ST LEONARDS 3223
53313628367,14 VERONA Crescent FRASER RISE 3336
53313628390,2 ORTI Way CHARLEMONT 3217
53313628458,11 ISOLA Mews TARNEIT 3029
53313628523,11 HEALY Drive TRUGANINA 3029
53313628557,152 ATHERSTONE Boulevard STRATHTULLOH 3338
53313628616,47 PANKINA Road MAMBOURIN 3024
53313628630,162 BONNIEBROOK Road BONNIE BROOK 3335
53313628664,89 CHARLESTON Road DEANSIDE 3336
53313628689,7 HAKEA Drive ELLIMINYT 3250
53313628715,8 GADSBY Street HUNTLY 3551
53313628755,40 WATERFERN Street FRASER RISE 3336
53313628796,148 BONNIEBROOK Road BONNIE BROOK 3335
53313587150,26 GANSHA Street WEIR VIEWS 3338
53313587175,285 MANOR LAKES Boulevard MANOR LAKES 3024
53313587200,16 HOWKINS Avenue WINTER VALLEY 3358
53313587232,9 BELLS Lane BROWN HILL 3350
53313587331,6 WOODSTOCK Drive EYNESBURY 3338
53313587398,31 MATTHEWS Road LOVELY BANKS 3213
53313632658,9 PILLINGER Walk WERRIBEE 3030
53313632723,12 HELWANI Walk TRUGANINA 3029
53313632749,20 VASSE Circuit MOUNT DUNEED 3217
53313632765,12 HALCYON Street POINT LONSDALE 3225
53313632856,40 SPARROWHAWK Crescent DEANSIDE 3336
53313632871,46 TOWER Street THORNHILL PARK 3335
53313632897,42 SPARROWHAWK Crescent DEANSIDE 3336
53313632921,13 AWAROA Street OCEAN GROVE 3226
53313632955,21 EVERGREEN Street ARMSTRONG CREEK 3217
53313632988,62 HUNTINGFIELD Street THORNHILL PARK 3335
53313633005,5 BLOMELEY Drive LUCAS 3350
53313633029,20 NOVA Walk MOUNT DUNEED 3217
53313633053,22 ISHERWOOD Road DEANSIDE 3336
53313633086,89 ROBINSON Street ARMSTRONG CREEK 3217
53313633112,14 NOVA Walk MOUNT DUNEED 3217
53313633136,16 NOVA Walk MOUNT DUNEED 3217
53313633152,6 NOVA Walk MOUNT DUNEED 3217
53313633185,4 NAMBA Drive TARNEIT 3029
53313633202,12 NOVA Walk MOUNT DUNEED 3217
53313633226,13 BUSTER Street SUNBURY 3429
53313633250,14 LEDGER Street TRUGANINA 3029
53313633275,5 HILLTOP Drive CURLEWIS 3222
53313633325,13 AUDREY Street CHARLEMONT 3217
53313633359,36 ISHERWOOD Road DEANSIDE 3336
53313633382,25 BASTEN Avenue DEANSIDE 3336
53313633424,44 CARISBROOK Crescent WINTER VALLEY 3358
53313633523,7 PICASSO Street WINTER VALLEY 3358
53313633565,31 CAVA Circuit SUNBURY 3429
53313633598,13 LOWELL Road TARNEIT 3029
53313633622,30 ISHERWOOD Road DEANSIDE 3336
53313633697,6 WINDANSEA Street ARMSTRONG CREEK 3217
53313633796,10 MULLINGAR Drive ALFREDTON 3350
53313638904,31 BISHOPGATE Boulevard BONNIE BROOK 3335
53313638928,5 QUINTA Crescent SUNBURY 3429
53313638952,1 CHIARA Walk FRASER RISE 3336
53313638985,4 WALCOTT Place ARMSTRONG CREEK 3217
53313639010,36 LOMBARDY Walk DEANSIDE 3336
53313639034,38 LOMBARDY Walk DEANSIDE 3336
53313639050,37 CALLAGHAN Street JACKASS FLAT 3556
53313639083,40 LOMBARDY Walk DEANSIDE 3336
53313639119,157 GEELONG Road WERRIBEE 3030
53313639141,40 FOAL Circuit FRASER RISE 3336
53313639182,1 BEXLEY Way STRATHFIELDSAYE 3551
53313639217,24 BLENRIL Avenue TARNEIT 3029
53313639231,234 KOSSUTH Street SEBASTOPOL 3356
53313639257,10 FLUME Street LARA 3212
53313639280,5 SONGLARK Street MELTON SOUTH 3338
53313639308,98 VERONA Crescent FRASER RISE 3336
53313639356,94 VERONA Crescent FRASER RISE 3336
53313639389,4 NAGAR Street THORNHILL PARK 3335
53313639421,12 BALLAD Street STRATHTULLOH 3338
53313639463,60 BEARTOOTH Drive WINTER VALLEY 3358
53313639520,32 BRAMFORD Crescent TRUGANINA 3029
53313639554,17 WINTON Drive FRASER RISE 3336
53313639637,17 SILA Road WERRIBEE 3030
53313639678,39 SALTAIRE Drive STRATHTULLOH 3338
53313639704,29 SORELL Street ARMSTRONG CREEK 3217
53313639728,24 LOMBARDY Walk DEANSIDE 3336
53313639744,26 LOMBARDY Walk DEANSIDE 3336
53313639777,1035 DOHERTYS Road TARNEIT 3029
53313639793,32 LOMBARDY Walk DEANSIDE 3336
53313639843,6 GREGSON Street HUNTLY 3551
53313639869,2 GAO Circuit DARLEY 3340
53313639942,21 LAMONDA Street TARNEIT 3029
53313639991,7 STEWART Court WARRNAMBOOL 3280
53313640010,4 GREVILLEA Drive MOUNT DUNEED 3217
53313640101,20 GODDARD Street LUCAS 3350
53313640125,61 REED Court DEANSIDE 3336
53313640141,22 COOL Street SUNBURY 3429
53313640174,50 JARLATH Drive MAMBOURIN 3024
53313640209,36 BENSON Drive WERRIBEE 3030
53313640231,12 CAVA Circuit SUNBURY 3429
53313640257,54 JAMAICAN Road SUNBURY 3429
53313672515,9 KIMBALL Street SMYTHES CREEK 3351
53313672563,60 SURROUND Circuit BONNIE BROOK 3335
53313672588,64 SURROUND Circuit BONNIE BROOK 3335
53313672614,32 GRIBBLE Street LUCAS 3350
53313672662,28 SORBUS Street TARNEIT 3029
53313672695,26 UNICO Circuit MOUNT DUNEED 3217
53313672729,3 RANGER Street BONNIE BROOK 3335
53313672753,10 WITHERS Street MOUNT DUNEED 3217
53313672778,13 TAKEOFF Street DIGGERS REST 3427
53313672794,10 TAKEOFF Street DIGGERS REST 3427
53313672852,24 IVORY Street COBBLEBANK 3338
53313672903,23 OMAR Street WYNDHAM VALE 3024
53313672951,47 LIBERATION Drive ARMSTRONG CREEK 3217
53313673019,76 CROWLANDS Circuit EYNESBURY 3338
53313673033,6 JUMPS Street WINTER VALLEY 3358
53313673059,16 COTTER Way TRUGANINA 3029
53313673082,93 CALLAWAY Street MAMBOURIN 3024
53313673181,58 GOLDFINCH Road WINTER VALLEY 3358
53313673230,50 PANKINA Road MAMBOURIN 3024
53313673297,24 AQUA Walk ALTONA NORTH 3025
53313673315,16 AQUA Walk ALTONA NORTH 3025
53313673339,8 AQUA Walk ALTONA NORTH 3025
53313673363,66 PHOENIX Road ALTONA NORTH 3025
53313673388,72 PHOENIX Road ALTONA NORTH 3025
53313673406,80 PHOENIX Road ALTONA NORTH 3025
53313673438,84 PHOENIX Road ALTONA NORTH 3025
53313673454,86 PHOENIX Road ALTONA NORTH 3025
53313673479,88 PHOENIX Road ALTONA NORTH 3025
53313673505,56 KYLE Road ALTONA NORTH 3025
53313673537,58 KYLE Road ALTONA NORTH 3025
53313673561,66 KYLE Road ALTONA NORTH 3025
53313673586,52 KYLE Road ALTONA NORTH 3025
53313673604,60 KYLE Road ALTONA NORTH 3025
53313673636,18 YILDIZ Street CHARLEMONT 3217
53313673652,22 YILDIZ Street CHARLEMONT 3217
53313673677,17 RARITY Street ARMSTRONG CREEK 3217
53313673743,14 MONTAGNA Circuit ARMSTRONG CREEK 3217
53313673776,26 HAFLINGER Avenue BONNIE BROOK 3335
53313673875,83 PHOENIX Road ALTONA NORTH 3025
53313628820,1 ANGOURIE Place ARMSTRONG CREEK 3217
53313628854,2 DAKSHINA Court DELACOMBE 3356
53313628887,16 ELECTRO Street WINTER VALLEY 3358
53313628905,196 BONNIEBROOK Road BONNIE BROOK 3335
53313628961,27 BANUM Crescent ASCOT VALE 3032
53313628994,28 BANUM Crescent ASCOT VALE 3032
53313629027,26 BANUM Crescent ASCOT VALE 3032
53313629051,38 FLUME Street LARA 3212
53313629076,485 OHALLORANS Road LARA 3212
53313629168,116 VOYAGER Boulevard TARNEIT 3029
53313629191,34 CONTROL Street GREENVALE 3059
53313629240,35 ASPIRING Drive HUNTLY 3551
53313629273,77 OPAL Drive LEOPOLD 3224
53313629317,1 AVALON Walk ARMSTRONG CREEK 3217
53313629365,12 ITALIANATE Avenue DEANSIDE 3336
53313629380,5 BEGA Street ARMSTRONG CREEK 3217
53313629416,536 WILTSHIRE Lane WINTER VALLEY 3358
53313629448,6 WILDERNESS Road FRASER RISE 3336
53313629515,10 CUSHION Way TARNEIT 3029
53313629547,3 TRICKETT Drive TRUGANINA 3029
53313484159,27-29 HONEYEATER Way MOUNT DUNEED 3217
53313484182,22 RIMMINGTON Way ROCKBANK 3335
53313484265,27 MOSLEY Crescent TRUGANINA 3029
53313484280,45 FRONTIER Circuit TARNEIT 3029
53313484407,33 BISHOPGATE Boulevard BONNIE BROOK 3335
53313484421,41 MUSHU Street DEANSIDE 3336
53313484455,39 MUSHU Street DEANSIDE 3336
53313484520,40 PALMASTON Drive GREENVALE 3059
53313484562,4 TRIBUTARY Way WEIR VIEWS 3338
53313484595,25 GASCOYNE Circuit LARA 3212
53313484678,192 MCCURDY Road FYANSFORD 3218
53313484728,22 ADANSONIA Circuit MICKLEHAM 3064
53313484803,41 CURRUMBIN Street ARMSTRONG CREEK 3217
53313633846,7 HARRIS Street ROCKBANK 3335
53313633913,26 MAROON Way DIGGERS REST 3427
53313633953,29 VASSE Circuit MOUNT DUNEED 3217
53313633978,94 MONCRIEFF Crescent WANDANA HEIGHTS 3216
53313633994,34 CAVA Circuit SUNBURY 3429
53313634051,23 SHEARMAN Road DEANSIDE 3336
53313634084,36 SARAN Crescent DEANSIDE 3336
53313634102,17 SEMOLINA Street MANOR LAKES 3024
53313634126,16 MESTON Street TRUGANINA 3029
53313634150,8 BAROLO Loop SUNBURY 3429
53313634224,20 PARA Road TARNEIT 3029
53313634240,125 SUNDANCE Boulevard WINTER VALLEY 3358
53313634349,29 BAROLO Loop SUNBURY 3429
53313634372,38 SANKURU Road TRUGANINA 3029
53313634398,88 VERONA Crescent FRASER RISE 3336
53313634416,8 HELWANI Walk TRUGANINA 3029
53313634456,12 ELECTRO Street WINTER VALLEY 3358
53313634497,18 BUTLER Street LUCAS 3350
53313634521,2269 MELTON Highway MELTON 3337
53313634547,3 TRADITION Walk TARNEIT 3029
53313634563,29 CASTLECRAG Way STRATHTULLOH 3338
53313634695,84 VERONA Crescent FRASER RISE 3336
53313634729,4 ELLIMATTA Road MAMBOURIN 3024
53313634753,5 SURROUND Circuit BONNIE BROOK 3335
53313634852,7 CAMPBELL Road HUNTLY 3551
53313634893,16 APSLEY Street STRATHFIELDSAYE 3551
53313634943,24 SPARROWHAWK Crescent DEANSIDE 3336
53313635059,162 SINCLAIRS Road DEANSIDE 3336
53313635074,15 CUSHION Way TARNEIT 3029
53313635158,48 PENVER Terrace WERRIBEE 3030
53313635181,31 SPARROWHAWK Crescent DEANSIDE 3336
53313635208,23 CATCHMENT Drive FRASER RISE 3336
53313635256,6 BRISBANE Street LARA 3212
53313635289,33 GRANDVIEW Crescent DARLEY 3340
53313640348,68 COUNTESS Drive ST LEONARDS 3223
53313640397,9 HARROGATE Lane DRYSDALE 3222
53313640506,11 BUTTERNUT Street HARKNESS 3337
53313640520,12 TRELLIS Grove ROCKBANK 3335
53313640546,9 BERNADETTE Road GREENVALE 3059
53313640579,7 MAY Drive GISBORNE 3437
53313640605,27 LANGER Road DEANSIDE 3336
53313640637,23 REJOICE Street TARNEIT 3029
53313640678,5 APRIL Street GREENVALE 3059
53313640704,91 OPAL Drive LEOPOLD 3224
53313640803,3 VARLEY Mews TARNEIT 3029
53313640851,23 GAO Circuit DARLEY 3340
53313640876,6 HEDGEROW Circuit CORIO 3214
53313640910,59 PASKAS Drive FRASER RISE 3336
53313640950,32 MONTVIEW Court CORIO 3214
53313641018,22 ZIDANE Avenue DEANSIDE 3336
53313641066,37 CAVA Circuit SUNBURY 3429
53313641081,292 HIGHLANDER Drive CRAIGIEBURN 3064
53313641131,22 WARANGAL Way DEANSIDE 3336
53313641165,87 GREYJOY Road CHARLEMONT 3217
53313641198,104 OPAL Drive LEOPOLD 3224
53313641263,35 LEAFY Street LARA 3212
53313641346,7 BESSIE Street MAMBOURIN 3024
53313641395,92 SHELTERBELT Avenue WEIR VIEWS 3338
53313641413,126 SUMAC Street BROOKFIELD 3338
53313641437,37 CLAY Crescent ROCKBANK 3335
53313641486,17 ENRICA Drive MELTON SOUTH 3338
53313641504,78 LOLLIPOP Crescent SUNBURY 3429
53313641593,56 COUNTESS Drive ST LEONARDS 3223
53313641669,4 MARACAIBO Crescent MANOR LAKES 3024
53313641692,8 LAMONGAN Rise TRUGANINA 3029
53313641750,96 VOYAGER Boulevard TARNEIT 3029
53313673901,71 PHOENIX Road ALTONA NORTH 3025
53313673933,69 PHOENIX Road ALTONA NORTH 3025
53313673967,5 LAKEVIEW Avenue WILLIAMSTOWN 3016
53313673982,11 LAKEVIEW Avenue WILLIAMSTOWN 3016
53313674009,20 MONAVALE Drive MOUNT DUNEED 3217
53313674031,8 WALCHO Street TRUGANINA 3029
53313674065,14 WALCHO Street TRUGANINA 3029
53313674098,23 HALLINAN Street TARNEIT 3029
53313674164,25 FLANAGAN Close ARMSTRONG CREEK 3217
53313674238,113 MURRAY Street PASCOE VALE SOUTH 3044
53313674279,42 LOLLIPOP Crescent SUNBURY 3429
53313674305,16 MALONEY Street LUCAS 3350
53313674337,18 CATTLECROSSING Way SUNBURY 3429
53313674361,190 BONNIEBROOK Road BONNIE BROOK 3335
53313674436,1 KEMPSEY Walk ARMSTRONG CREEK 3217
53313674493,21 WICKLOW Drive MELTON SOUTH 3338
53313674511,72 HIGHLINE Boulevard TRUGANINA 3029
53313674535,18 MALONEY Street LUCAS 3350
53313674569,71 INGLENOOK Circuit ARMSTRONG CREEK 3217
53313674592,20 LEMON Street ALFREDTON 3350
53313674626,24 BARNARDS Road BONNIE BROOK 3335
53313674642,8 NINA Way TARNEIT 3029
53313674725,5 PHIPPS Road WERRIBEE 3030
53313674741,7 GLASSWORT Street DEANSIDE 3336
53313674774,34 CANARY Drive ARMSTRONG CREEK 3217
53313674873,12 ARROWSMITH Lane HUNTLY 3551
53313674923,15 CENTINELA Street TARNEIT 3029
53313674949,9 LONGLEAF Street FYANSFORD 3218
53313526546,202 CLARA Avenue TRUGANINA 3029
53313526562,24 CALLANISH Street TRUGANINA 3029
53313526587,20 SOMERVILLE Road STRATHFIELDSAYE 3551
53313526645,11 AMBIENT Street MOUNT DUNEED 3217
53313526678,27 ANNA Road FRASER RISE 3336
53313526694,39 CONTROL Street GREENVALE 3059
53313485032,14 TOUR Lane TARNEIT 3029
53313485058,18 ICONIC Drive TARNEIT 3029
53313485109,21-23 GASCOYNE Circuit LARA 3212
53313485165,24 LIGHTFOOT Way DEANSIDE 3336
53313485180,6 EVERGREEN Street ARMSTRONG CREEK 3217
53313485263,30 CINDER Drive TARNEIT 3029
53313485362,96 HIGHLINE Boulevard TRUGANINA 3029
53313485395,111 BATTEN Road ARMSTRONG CREEK 3217
53313485429,24 BEST Drive DEANSIDE 3336
53313485445,46 STELLAR Road BONNIE BROOK 3335
53313485461,25 SCATTER Road FRASER RISE 3336
53313485512,25 VERONA Crescent FRASER RISE 3336
53313485536,70 LYNWOOD Drive THORNHILL PARK 3335
53313485669,1020A NORMAN Street WENDOUREE 3355
53313485710,20 BLUEGRASS Way WINTER VALLEY 3358
53313485734,306 BOUNDARY Road MOUNT DUNEED 3217
53313485768,6 HEMSWORTH Road WEIR VIEWS 3338
53313485825,1 BIRDPORT Way ARMSTRONG CREEK 3217
53313485841,46 DAFFODIL Crescent DIGGERS REST 3427
53313485867,30 GASTON Crescent BONNIE BROOK 3335
53313485900,5 MORAN Way WINCHELSEA 3241
53313485966,12 BROAD Road FRASER RISE 3336
53313486030,6 ANNABEL Street DEANSIDE 3336
53313486056,62 VIOLA Drive ROCKBANK 3335
53313486071,53 JOEY Crescent DEANSIDE 3336
53313486107,8 SOUTHLANDS Loop STRATHTULLOH 3338
53313486121,25 COMPUTE Street GREENVALE 3059
53313486147,29 MASTERS Drive WINTER VALLEY 3358
53313486170,41 TERRACOTTA Avenue TARNEIT 3029
53313486253,4 BRATAN Way TRUGANINA 3029
53313486336,17 SKYPAC Street WEIR VIEWS 3338
53313486360,47 JACANA Way ARMSTRONG CREEK 3217
53313635315,41 ROBINSON Street ARMSTRONG CREEK 3217
53313635339,66 PIENZA Road FRASER RISE 3336
53313635388,32 PISCES Crescent TRUGANINA 3029
53313635505,14 QUINTA Crescent SUNBURY 3429
53313635529,55 ORNAMENT Avenue TARNEIT 3029
53313635553,39 ROBINSON Street ARMSTRONG CREEK 3217
53313635612,16 HAYWARD Street LARA 3212
53313635652,8 DIABLO Place SMYTHES CREEK 3351
53313490264,6 BOARDMAN Street TRUGANINA 3029
53313490321,72 VIOLA Drive ROCKBANK 3335
53313490347,9 MARION Street DEANSIDE 3336
53313490363,11 FRANK Avenue TRUGANINA 3029
53313490396,27 ALISO Street TRUGANINA 3029
53313490462,57 HOLST Street ARMSTRONG CREEK 3217
53313490505,8 RESPECT Way TARNEIT 3029
53313490537,14 OAKWOOD Avenue JACKASS FLAT 3556
53313490636,32 ENRICA Drive MELTON SOUTH 3338
53313490660,11 MAKITI Crescent HARKNESS 3337
53313490693,123 POLLY Parade TARNEIT 3029
53313490769,11 SEASCAPE Drive OCEAN GROVE 3226
53313490826,22 CALIFORNIA Way BONNIE BROOK 3335
53313490875,23 BOWERBIRD Grange WINTER VALLEY 3358
53313490919,9 KIWARRA Court STRATHFIELDSAYE 3551
53313490941,12 GRIBBLE Street LUCAS 3350
53313491017,19 DILWARRA Drive BONNIE BROOK 3335
53313491057,8 OWEN Way DEANSIDE 3336
53313491116,11 BRATAN Way TRUGANINA 3029
53313491189,13 BARMAH Grange GREENVALE 3059
53313491214,1 KAY Close TORQUAY 3228
53313496483,993 MORRIS Road TRUGANINA 3029
53313496519,8 ABINGDON Boulevard LARA 3212
53313496533,20 PERCEVAL Place MAMBOURIN 3024
53313496559,13 GOSFIELD Drive WERRIBEE 3030
53313496618,22 GILLIFLOWER Street TARNEIT 3029
53313496640,26 STONES Street CHARLEMONT 3217
53313496666,32 RUTHVEN Way MAMBOURIN 3024
53313496816,38 HARKNESS Road MADDINGLEY 3340
53313496871,73 SUMAR Drive MICKLEHAM 3064
53313496907,13 WALBRIDGE Street DIGGERS REST 3427
53313496947,70 CONONDALE Avenue TRUGANINA 3029
53313497052,181A BURGOYNE Street HUNTLY 3551
53313497093,1 BERESFORD Street TRUGANINA 3029
53313497127,53 CROWN Drive FRASER RISE 3336
53313497225,13 WINTON Drive FRASER RISE 3336
53313497259,14 WALTER Street CHARLEMONT 3217
53313497282,11 WINTON Drive FRASER RISE 3336
53313497318,19 JULES Street ST LEONARDS 3223
53313497332,39 DENNISON Street DEANSIDE 3336
53313497417,29 RIMMINGTON Way ROCKBANK 3335
53313497465,12 SPRINTER Way WINTER VALLEY 3358
53313497480,2 CANOLA Court LOVELY BANKS 3213
53313497556,22 OVERALL Street LUCAS 3350
53313497589,376 MCGEORGE Road GISBORNE 3437
53313497607,125 POLLY Parade TARNEIT 3029
53313497621,24 SPOTTED GUM Drive LARA 3212
53313497655,46 CANYON Circuit BONNIE BROOK 3335
53313497738,6 VALENTINA Place TRUGANINA 3029
53313497754,19 ESKDALE Street WERRIBEE 3030
53313526942,14 CHERRY Avenue CAMPBELLS CREEK 3451
53313527080,27 VERONA Crescent FRASER RISE 3336
53313527108,6 VERNAL Circuit MOUNT DUNEED 3217
53313527214,362 MCGEORGE Road GISBORNE 3437
53313527404,23 BALLET Crescent SUNBURY 3429
53313527436,11 MONTVIEW Court CORIO 3214
53313527535,7 ZAC Street TARNEIT 3029
53313527668,8 MOOMBIL Road TRUGANINA 3029
53313527774,31 MARTLAND Street LUCAS 3350
53313527790,38 CORNFLOWER Way MOUNT DUNEED 3217
53313527840,24 BROAD Road FRASER RISE 3336
53313527917,6 MILNE Street SUNBURY 3429
53313527965,14 HOLZER Crescent BRAYBROOK 3019
53313528063,33 MAYOPARK Street DEANSIDE 3336
53313528096,27 LUIS Street BALLAN 3342
53313528138,90 GREVILLEA Drive MOUNT DUNEED 3217
53313528187,7 LEIST Street HUNTLY 3551
53313528204,24 WARDELL Street TARNEIT 3029
53313528293,34 STILO Crescent TRUGANINA 3029
53313486403,11 MORITZ Drive WINTER VALLEY 3358
53313486435,66 CONONDALE Avenue TRUGANINA 3029
53313486492,5 BIRDPORT Way ARMSTRONG CREEK 3217
53313486732,35 LANGER Road DEANSIDE 3336
53313486766,13 POLMONT Avenue THORNHILL PARK 3335
53313486781,20 WINGED FOOT Drive SUNSHINE NORTH 3020
53313486916,54 WASHINGTON Drive THORNHILL PARK 3335
53313486930,58 WASHINGTON Drive THORNHILL PARK 3335
53313486964,62 WASHINGTON Drive THORNHILL PARK 3335
53313486997,66 WASHINGTON Drive THORNHILL PARK 3335
53313487029,36 WASHINGTON Drive THORNHILL PARK 3335
53313487045,40 WASHINGTON Drive THORNHILL PARK 3335
53313487061,44 WASHINGTON Drive THORNHILL PARK 3335
53313487094,50 WASHINGTON Drive THORNHILL PARK 3335
53313487112,178 HIGHLANDER Drive CRAIGIEBURN 3064
53313487136,31 BRATAN Way TRUGANINA 3029
53313487160,3 CALLICOMA Street MICKLEHAM 3064
53313487185,19 STUBBERFIELD Road TARNEIT 3029
53313532569,85 EAGLEMONT Drive STRATHTULLOH 3338
53313532592,33 WALLANGARA Boulevard HARKNESS 3337
53313532610,104 HOLST Street ARMSTRONG CREEK 3217
53313532634,1 SANDY Walk FRASER RISE 3336
53313532668,5 SANDY Walk FRASER RISE 3336
53313532683,19 SANDY Walk FRASER RISE 3336
53313532701,7 SANDY Walk FRASER RISE 3336
53313532733,4 LEGION Avenue TARNEIT 3029
53313532759,5 PETUNIA Way FRASER RISE 3336
53313532800,54 BLOSSOM Drive EPSOM 3551
53313532832,31 MAROON Way DIGGERS REST 3427
53313532866,4 CAMELON Avenue THORNHILL PARK 3335
53313532909,3 AMALFI Street WINTER VALLEY 3358
53313532931,4 VALENTINA Place TRUGANINA 3029
53313532965,26 WHITECROSS Drive THORNHILL PARK 3335
53313532998,6 CAHILL Street ST ALBANS 3021
53313533015,79 LOLLIPOP Crescent SUNBURY 3429
53313533039,4 PATRIOT Crescent SMYTHES CREEK 3351
53313533063,17 JOHANNA Drive WINTER VALLEY 3358
53313491279,35 SUNNY Street SUNBURY 3429
53313491353,6 SAMWELL Street CHARLEMONT 3217
53313491386,45 FUCHSIA Drive ROCKBANK 3335
53313491452,4 TYALLA Street WYNDHAM VALE 3024
53313491493,67 SAMPHIRE Drive CONNEWARRE 3227
53313491719,59 HARRIER Circuit DEANSIDE 3336
53313491818,13 MORAY Street FAWKNER 3060
53313491873,15 MANSELL Drive DENNINGTON 3280
53313491917,19 BRUSHTAIL Court SUNSHINE NORTH 3020
53313491949,13 BRUSHTAIL Court SUNSHINE NORTH 3020
53313491972,7 BRUSHTAIL Court SUNSHINE NORTH 3020
53313492029,8 CITRON Street TARNEIT 3029
53313492112,1 MORAN Way WINCHELSEA 3241
53313492160,16 LEROY Street SUNBURY 3429
53313492210,11 WINDOW Road TARNEIT 3029
53313492242,9 WARBLER Court WINTER VALLEY 3358
53313492275,5 GYMEA Street MOUNT DUNEED 3217
53313492319,46 BURSARIA Street JACKASS FLAT 3556
53313492424,28 CALLICOMA Street MICKLEHAM 3064
53313492531,22 ALISO Street TRUGANINA 3029
53313492557,20 GYMEA Street MOUNT DUNEED 3217
53313492572,29 POPPETHEAD Road JACKASS FLAT 3556
53313492608,22 TOSCANA Street TRUGANINA 3029
53313492622,55 CROWN Drive FRASER RISE 3336
53313492715,1 ELM Drive FRASER RISE 3336
53313497845,32 WASHINGTON Drive THORNHILL PARK 3335
53313497861,28 WASHINGTON Drive THORNHILL PARK 3335
53313497886,24 WASHINGTON Drive THORNHILL PARK 3335
53313497912,18 WASHINGTON Drive THORNHILL PARK 3335
53313497944,80 WASHINGTON Drive THORNHILL PARK 3335
53313497977,51 HARRIER Circuit DEANSIDE 3336
53313497993,70 WASHINGTON Drive THORNHILL PARK 3335
53313498010,74 WASHINGTON Drive THORNHILL PARK 3335
53313498119,52 NAVIGATION Road TARNEIT 3029
53313498133,17 NORTHWATTLE Crescent CORIO 3214
53313498265,61 AMBROSIA Drive ARMSTRONG CREEK 3217
53313498316,14 BOWERBIRD Grange WINTER VALLEY 3358
53313498415,21 STEAMBOAT Avenue WINTER VALLEY 3358
53313498470,51 PATRIOT Crescent SMYTHES CREEK 3351
53313498506,8 ELM Drive FRASER RISE 3336
53313498520,13 GRAND VIEW Drive MCKENZIE HILL 3451
53313498546,37 GAMBLE Way ST LEONARDS 3223
53313498579,37 PROGRESS Drive FRASER RISE 3336
53313498694,28 WINDOW Road TARNEIT 3029
53313528335,13 HELENIC Drive GREENVALE 3059
53313528384,14 NEWPORT Crescent INDENTED HEAD 3223
53313528402,14 MEREDITH Street ST LEONARDS 3223
53313528434,1 MANRESH Mews FRASER RISE 3336
53313528501,27 KAREN Road TARNEIT 3029
53313528567,119 BALLARAT-CARNGHAM Road WINTER VALLEY 3358
53313528582,26 PEGASUS Drive WEIR VIEWS 3338
53313528673,8 HILDEBRANDT Street WARRNAMBOOL 3280
53313528709,48 MUSTANG Circuit BONNIE BROOK 3335
53313528749,27 DEVOTION Way TARNEIT 3029
53313528772,15 DURELL Road TRUGANINA 3029
53313528830,15 NOVA Street WEIR VIEWS 3338
53313528871,8 SKYPAC Street WEIR VIEWS 3338
53313528907,3 ESHAL Crescent WYNDHAM VALE 3024
53313528947,8 LOMANDRA Drive STRATHFIELDSAYE 3551
53313528970,7 BUCHANAN Drive HUNTLY 3551
53313529013,21 SAGRADA Way FRASER RISE 3336
53313529185,19 MAROON Street TARNEIT 3029
53313529242,9 BURRIDGE Street DEANSIDE 3336
53313529268,23 GENERATION Crescent MAMBOURIN 3024
53313529341,2 BRADFORD Street ROCKBANK 3335
53313529374,6 LIGHTFOOT Way DEANSIDE 3336
53313529390,38 SILVER WATTLE Road MOUNT DUNEED 3217
53313529418,10 DEVOTION Way TARNEIT 3029
53313529481,27 INGLEWOOD Drive WERRIBEE 3030
53313529517,55 HOLST Street ARMSTRONG CREEK 3217
53313575412,6 PURPLE Road FRASER RISE 3336
53313533096,6 MAROON Street TARNEIT 3029
53313533154,22 DIANCHI Drive WYNDHAM VALE 3024
53313533228,56 HOLSTEIN Crescent TARNEIT 3029
53313533252,1 BOTANICAL Drive MOUNT DUNEED 3217
53313533303,10 STELLAR Road BONNIE BROOK 3335
53313533327,4 AMALFI Street WINTER VALLEY 3358
53313533351,45 ABBOTSWICK Circuit WILLIAMS LANDING 3027
53313533384,4 THIRLMERE Place TRUGANINA 3029
53313533410,58 PALMDALE Crescent MAMBOURIN 3024
53313533434,13 TOPOGRAPHICAL Crescent GREENVALE 3059
53313533450,44 SHEARWATER Drive ARMSTRONG CREEK 3217
53313533483,14 WARANGAL Way DEANSIDE 3336
53313533519,13 HUTTON Street DEANSIDE 3336
53313533541,17 HALO Street TARNEIT 3029
53313533640,18 GENOVESA Drive TRUGANINA 3029
53313533717,31 HARRINGTON Terrace ST LEONARDS 3223
53313533749,19 VERONA Crescent FRASER RISE 3336
53313533780,41 ABBOTSWICK Circuit WILLIAMS LANDING 3027
53313533816,10 BIPLANE Way DIGGERS REST 3427
53313533856,15 PURPLE Road FRASER RISE 3336
53313533889,4 LITTLEWOOD Drive FYANSFORD 3218
53313533915,8 AMBIENT Street MOUNT DUNEED 3217
53313533947,20 BURRIDGE Street DEANSIDE 3336
53313533988,16 BURRIDGE Street DEANSIDE 3336
53313534045,2 TASKER Street WYNDHAM VALE 3024
53313534144,8 HILLTOP Drive CURLEWIS 3222
53313534177,26 ICONIC Drive TARNEIT 3029
53313534202,68 PIENZA Road FRASER RISE 3336
53313534242,26 RATHMINES Road TRUGANINA 3029
53313534341,8 HALLINAN Street TARNEIT 3029
53313534481,35 ABBOTSWICK Circuit WILLIAMS LANDING 3027
53313492747,10 CAPRISE Road FRASER RISE 3336
53313492820,4 MANRESH Mews FRASER RISE 3336
53313492846,7 RIO Walk WERRIBEE 3030
53313492913,33 DERRIMUT Street ROCKBANK 3335
53313492961,37 ZIPPY Circuit TARNEIT 3029
53313493011,11 EVERGREEN Street ARMSTRONG CREEK 3217
53313493043,12 LIPIZZAN Crescent TAYLORS LAKES 3038
53313493084,208 BALLARAT-CARNGHAM Road ALFREDTON 3350
53313493126,13 HEMSWORTH Road WEIR VIEWS 3338
53313493150,47 AVONBURY Drive ARMSTRONG CREEK 3217
53313493266,8 BROWNLEE Boulevard WINTER VALLEY 3358
53313538649,9 LONGAN Street TRUGANINA 3029
53313538716,71 HALLINAN Street TARNEIT 3029
53313538764,100 TAYLORS Lane STRATHFIELDSAYE 3551
53313538789,4 GARNET Street TARNEIT 3029
53313538807,6 GARNET Street TARNEIT 3029
53313538839,12 GARNET Street TARNEIT 3029
53313538863,22 GARNET Street TARNEIT 3029
53313538962,4 GRAYMORE Street TARNEIT 3029
53313539028,21 SLOCUM Road TARNEIT 3029
53313539151,66 SHEARWATER Drive ARMSTRONG CREEK 3217
53313539176,8 GOWAR Road TARNEIT 3029
53313539192,21 CALIFORNIA Way BONNIE BROOK 3335
53313539225,57 HALLINAN Street TARNEIT 3029
53313539241,2 READMAN Road FRASER RISE 3336
53313539290,7 LUCHE Way MAIDEN GULLY 3551
53313539318,14 VAIGAI Lane DEANSIDE 3336
53313539332,47 FLEURIEU Circuit ARMSTRONG CREEK 3217
53313539366,6 CHAMBERLAIN Drive ARMSTRONG CREEK 3217
53313539399,18 VAIGAI Lane DEANSIDE 3336
53313539423,5 DERRIMUT Street ROCKBANK 3335
53313539465,3 FLOWER Way DIGGERS REST 3427
53313562609,29 UNIVERSAL Road TARNEIT 3029
53313562665,4 PROCTOR Street HUNTLY 3551
53313562698,1 CALLANISH Street TRUGANINA 3029
53313562730,57 PENVER Terrace WERRIBEE 3030
53313562764,30 FLEURIEU Circuit ARMSTRONG CREEK 3217
53313562789,5 BLENRIL Avenue TARNEIT 3029
53313562839,13 COBRAM Drive EYNESBURY 3338
53313562855,28 COCKERELL Street TARNEIT 3029
53313562870,83 EDITH Street TARNEIT 3029
53313608393,21 TOLHURST Street TARNEIT 3029
53313608451,30 SHINRONE Drive GISBORNE 3437
53313608492,8 SPACES Street SUNBURY 3429
53313608534,4 KARDAK Street TARNEIT 3029
53313608550,5 CINDIA Crescent TARNEIT 3029
53313608575,20 YELLOWSTONE Drive TRUGANINA 3029
53313608625,18 GELANTIPY Drive TRUGANINA 3029
53313608674,9 JOHANNA Drive WINTER VALLEY 3358
53313608700,38 WOODBURY Street WILLIAMS LANDING 3027
53313608732,5 FLUME Street LARA 3212
53313608773,11 GELANTIPY Drive TRUGANINA 3029
53313608809,75 HOMESTEAD Drive LARA 3212
53313608831,22 SHEARMAN Road DEANSIDE 3336
53313608865,40 WHITECROSS Drive THORNHILL PARK 3335
53313608880,30 WOOLYBUSH Drive TARNEIT 3029
53313608908,94 HALCYON Road DEANSIDE 3336
53313608930,37 ICONIC Drive TARNEIT 3029
53313608964,42 CANTERBURY Circuit MELTON SOUTH 3338
53313609087,28 OROURKE Street LUCAS 3350
53313609105,15 HOLSTEIN Crescent TARNEIT 3029
53313609276,9 BUICK Road SMYTHES CREEK 3351
53313609292,20 BROAD Road FRASER RISE 3336
53313609310,20 PENVER Terrace WERRIBEE 3030
53313609401,111 PASKAS Drive FRASER RISE 3336
53313609425,36 MONTAGNA Circuit ARMSTRONG CREEK 3217
53313609441,17 HONEY EATER Drive WINTER VALLEY 3358
53313609474,17 TARNAGULLA Street EYNESBURY 3338
53313567697,13 WILSON Place GISBORNE 3437
53313567715,51 DAFFODIL Crescent DIGGERS REST 3427
53313567814,1 CRATHES Street WYNDHAM VALE 3024
53313567854,6 MILOS Court FRASER RISE 3336
53313567895,68 WATTLEBIRD Court SUNSHINE NORTH 3020
53313567986,60 SUMAR Drive MICKLEHAM 3064
53313568003,21 FIRMONA Street TARNEIT 3029
53313568150,77 BRAMPTON Crescent BONNIE BROOK 3335
53313568372,35 TANGEMERE Avenue TULLAMARINE 3043
53313568515,8 ARCHIE Drive BONNIE BROOK 3335
53313568555,62 TOWNLEY Boulevard WERRIBEE 3030
53313568570,47 SUNLIGHT Circuit LARA 3212
53313568596,8 GYMEA Street MOUNT DUNEED 3217
53313568620,8 PRAISE Street FRASER RISE 3336
53313568687,37 IVERSON Circuit DEANSIDE 3336
53313568705,59 VERDALE Drive ALFREDTON 3350
53313568753,9 GENERATION Crescent MAMBOURIN 3024
53313568812,18 COULEE Street CRAIGIEBURN 3064
53313568836,8 VERONA Street WINTER VALLEY 3358
53313568885,8 RALLY Street TARNEIT 3029
53313568969,37A VICTORY Avenue ALFREDTON 3350
53313568984,29 DILWARRA Drive BONNIE BROOK 3335
53313569033,22 ALMA Street SEBASTOPOL 3356
53313569090,24 EVERGREEN Street ARMSTRONG CREEK 3217
53313646740,98 OPAL Drive LEOPOLD 3224
53313646817,9 SHADDOCK Street TARNEIT 3029
53313646831,6 WORN Road CHARLEMONT 3217
53313646857,65 TANNINBRAE Drive SUNBURY 3429
53313646880,43 CRADLE Circuit MANOR LAKES 3024
53313646908,39 BILLY Road DEANSIDE 3336
53313646922,10 SAMPFORD Street ARMSTRONG CREEK 3217
53313646956,11 LINBURN Street THORNHILL PARK 3335
53313646971,7 GUERNSEY Court SEBASTOPOL 3356
53313646997,10 CATCHMENT Drive FRASER RISE 3336
53313647061,5 REPARTEE Street TARNEIT 3029
53313647136,56 BUCHANAN Boulevard ARMSTRONG CREEK 3217
53313647160,10 JOHANNA Drive WINTER VALLEY 3358
53313647193,6 LOLLIPOP Crescent SUNBURY 3429
53313647226,9 MITIAMO Street EYNESBURY 3338
53313647242,20 BASIN Street FRASER RISE 3336
53313647374,5 MCKILLOP Place GEELONG 3220
53313647390,1 HEY Street WILLIAMS LANDING 3027
53313647440,5 PROSECCO Street TARNEIT 3029
53313647466,34 ALTO Grange WINTER VALLEY 3358
53313647517,26 AUDREY Street CHARLEMONT 3217
53313647565,18 BARMAH Grange GREENVALE 3059
53313647598,50 SHORTRIDGE Drive LUCAS 3350
53313647622,541 GREEN HILL Road EYNESBURY 3338
53313647656,11 CHAPPELL Avenue CLIFTON SPRINGS 3222
53313647671,119 RENAISSANCE Drive STRATHTULLOH 3338
53313647697,48 PATRIOT Crescent SMYTHES CREEK 3351
53313647721,18 VALENCIA Street WEIR VIEWS 3338
53313647755,13 BLOMELEY Drive LUCAS 3350
53313647788,51 DUCHESS Drive ST LEONARDS 3223
53313647806,55 BROWNHILL Ridge WANDANA HEIGHTS 3216
53313502408,31 MAREMMANO Crescent TAYLORS LAKES 3038
53313502448,27 MAREMMANO Crescent TAYLORS LAKES 3038
53313502464,25 MAREMMANO Crescent TAYLORS LAKES 3038
53313502489,23 MAREMMANO Crescent TAYLORS LAKES 3038
53313502515,6 RUTHVEN Way MAMBOURIN 3024
53313502570,29B SPOONBILL Avenue WINTER VALLEY 3358
53313502596,12 ESHAL Crescent WYNDHAM VALE 3024
53313604731,7 ITALIANATE Avenue DEANSIDE 3336
53313604816,19 LUBEC Street LARA 3212
53313604848,4 ANGOURIE Place ARMSTRONG CREEK 3217
53313604864,22 FARRIER Road WYNDHAM VALE 3024
53313604889,34 APPLE GUM Circuit BELLBRAE 3228
53313604915,30 WATTLEBIRD Court SUNSHINE NORTH 3020
53313605128,19 BLOODSWORTH Road DEANSIDE 3336
53313605144,7 DALMORE Street DEANSIDE 3336
53313605177,10 SORELL Street ARMSTRONG CREEK 3217
53313605234,32 HANOVER Circuit MELTON SOUTH 3338
53313605250,55 HALLINAN Street TARNEIT 3029
53313605341,46 GUTHRIE Drive MELTON SOUTH 3338
53313605390,10 XENOLITH Drive CRAIGIEBURN 3064
53313650802,17 HUBBLE Drive GREENVALE 3059
53313650875,28 BUTLER Street LUCAS 3350
53313650891,492 PASCOE VALE Road STRATHMORE 3041
53313650919,492 PASCOE VALE Road STRATHMORE 3041
53313650941,492 PASCOE VALE Road STRATHMORE 3041
53313650974,5 WHITECROSS Drive THORNHILL PARK 3335
53313651009,492 PASCOE VALE Road STRATHMORE 3041
53313651023,7 GAO Circuit DARLEY 3340
53313651049,11 YELLOWSTONE Drive TRUGANINA 3029
53313651072,14 GRANADA Drive TARNEIT 3029
53313651130,152 WHITES Road MOUNT DUNEED 3217
53313651156,3 SLINKY Street DEANSIDE 3336
53313651171,34 HOLSTEIN Crescent TARNEIT 3029
53313651220,12 HICKLING Road TARNEIT 3029
53313651246,17 HUBBARD Street WYNDHAM VALE 3024
53313651295,13 TAHOE Avenue WINTER VALLEY 3358
53313651313,2B RICHARD Court CRESWICK 3363
53313651345,19 COCKERELL Street TARNEIT 3029
53313651378,39 MICROPORA Drive WYNDHAM VALE 3024
53313651404,18 HILLTOP Drive CHARLEMONT 3217
53313651428,5 RAINDROP Circuit FRASER RISE 3336
53313651444,60 SILVER Drive DIGGERS REST 3427
53313651477,12 HEDGEROW Circuit CORIO 3214
53313609558,48 STELLAR Road BONNIE BROOK 3335
53313609623,53 WATERFERN Street FRASER RISE 3336
53313609649,18 ISHERWOOD Road DEANSIDE 3336
53313609672,19 BUICK Road SMYTHES CREEK 3351
53313609698,11 ROWANDS Street MOUNT DUNEED 3217
53313609716,55 WHITFORDS Drive ARMSTRONG CREEK 3217
53313609748,7 MOLLY Lane BONNIE BROOK 3335
53313609771,21 CORNFLOWER Way MOUNT DUNEED 3217
53313609807,20 AMBIENT Street MOUNT DUNEED 3217
53313609847,11 CELESTIAL Way GREENVALE 3059
53313609870,13 MESTON Street TRUGANINA 3029
53313609938,11 DENNISON Street DEANSIDE 3336
53313609954,14 TARNAGULLA Street EYNESBURY 3338
53313609979,24 LANGER Road DEANSIDE 3336
53313610014,13 LAUTARET Road BROWN HILL 3350
53313610129,4 WOROPE Street WYNDHAM VALE 3024
53313610178,1 SOUTHLANDS Loop STRATHTULLOH 3338
53313610203,40 MONTAGNA Circuit ARMSTRONG CREEK 3217
53313610235,3 PORTILLO Drive WINTER VALLEY 3358
53313610251,33-35 VASSE Circuit MOUNT DUNEED 3217
53313610276,4 WHISTLING Circuit MANOR LAKES 3024
53313610334,8 GLOVER Street MAMBOURIN 3024
53313610368,80 INGLENOOK Circuit ARMSTRONG CREEK 3217
53313610383,12 HOTCHKISS Way SMYTHES CREEK 3351
53313610401,30 GAMUT Crescent BONNIE BROOK 3335
53313610467,60 MERULA Drive MAMBOURIN 3024
53313610490,39 CELTIC Road TARNEIT 3029
53313610518,26 MARACAIBO Crescent MANOR LAKES 3024
53313610566,3 STELLAR Road BONNIE BROOK 3335
53313610599,15 VEL Street DEANSIDE 3336
53313610623,26 CROP Drive FRASER RISE 3336
53313610665,7 HUTTON Street DEANSIDE 3336
53313610698,30 SAMPFORD Street ARMSTRONG CREEK 3217
53313610716,45 CARDAMON Street ARMSTRONG CREEK 3217
53313610730,22 BILLY Road DEANSIDE 3336
53313610764,62 EAGLEBAY Road ARMSTRONG CREEK 3217
53313610807,40 IONICA Loop TRUGANINA 3029
53313610863,31 GATHERING Grove TARNEIT 3029
53313614558,31 IVERSON Circuit DEANSIDE 3336
53313614573,38 CARISBROOK Crescent WINTER VALLEY 3358
53313614672,19 STALLION Place SEBASTOPOL 3356
53313614708,68 SHOWMAN Drive DIGGERS REST 3427
53313614764,8 FLORINA Road FRASER RISE 3336
53313614839,5 CRATHES Street WYNDHAM VALE 3024
53313614896,27 MONTVIEW Court CORIO 3214
53313614946,48 SHOREBREAK Way OCEAN GROVE 3226
53313614987,6 OROURKE Street LUCAS 3350
53313615012,106 SUNDANCE Boulevard WINTER VALLEY 3358
53313615111,6 WENSLEYDALE Drive ROCKBANK 3335
53313615135,15 CLOCKWISE Street GREENVALE 3059
53313615151,20 CALDERWOOD Walk STRATHTULLOH 3338
53313615184,65 HALLINAN Street TARNEIT 3029
53313615201,16 CALDERWOOD Walk STRATHTULLOH 3338
53313615225,6 CALDERWOOD Walk STRATHTULLOH 3338
53313615259,2 CALDERWOOD Walk STRATHTULLOH 3338
53313615282,16 SILVEREYE Street KURUNJANG 3337
53313615318,7 MICROPORA Drive WYNDHAM VALE 3024
53313615332,22 FEGENT Road TARNEIT 3029
53313615358,64 GUTHRIE Drive MELTON SOUTH 3338
53313615381,42 DANTE Crescent BONSHAW 3352
53313615417,11 LUBEC Street LARA 3212
53313615449,18 DALMORE Street DEANSIDE 3336
53313615465,5 POPPY Drive GISBORNE 3437
53313615480,3 WOROPE Street WYNDHAM VALE 3024
53313615516,5 CITRINUS Street MOUNT DUNEED 3217
53313615571,28 FLUME Street LARA 3212
53313615597,22 HOLST Street ARMSTRONG CREEK 3217
53313615615,15 SHELTERBELT Avenue WEIR VIEWS 3338
53313615647,7 CUSHION Way TARNEIT 3029
53313615663,20 BLOMELEY Drive LUCAS 3350
53313615696,26 ALTO Grange WINTER VALLEY 3358
53313615878,22 PEGASUS Drive WEIR VIEWS 3338
53313615894,17 ELECTRO Street WINTER VALLEY 3358
53313502679,8 SMITHS Road MAIDEN GULLY 3551
53313502705,37 THRUMS Road MAMBOURIN 3024
53313502804,103 GREVILLEA Drive MOUNT DUNEED 3217
53313502877,19 GAPSTOW Chase POINT COOK 3030
53313502903,7 FRIENDSHIP Place FRASER RISE 3336
53313502927,5 FRIENDSHIP Place FRASER RISE 3336
53313502943,31 CALLICOMA Street MICKLEHAM 3064
53313503019,5 HABITAT Way ARMSTRONG CREEK 3217
53313503124,5 ADORE Court ELLIMINYT 3250
53313503173,3 BURBIDGE Street TRUGANINA 3029
53313503208,17 ASTRONOMY Street GREENVALE 3059
53313503230,57 DANDELION Crescent ROCKBANK 3335
53313503256,17 DURELL Road TRUGANINA 3029
53313503271,57 MERULA Drive MAMBOURIN 3024
53313503307,17 SHINRONE Drive GISBORNE 3437
53313503339,3 BIRDPORT Way ARMSTRONG CREEK 3217
53313503363,9 MANSELL Drive DENNINGTON 3280
53313503388,24 THRUMS Road MAMBOURIN 3024
53313503406,51 KARACHI Avenue MOUNT COTTRELL 3024
53313503438,29 NOEL Street LANCEFIELD 3435
53313503479,21 MOSLEY Crescent TRUGANINA 3029
53313503505,46 INGLENOOK Circuit ARMSTRONG CREEK 3217
53313503529,5 THRUMS Road MAMBOURIN 3024
53313503545,7 HEMLEY Circuit MAIDEN GULLY 3551
53313503604,98 HOLST Street ARMSTRONG CREEK 3217
53313503636,34 WINGED FOOT Drive SUNSHINE NORTH 3020
53313503677,11 LAW Court WYNDHAM VALE 3024
53313503703,58 GOWAR Road TARNEIT 3029
53313503769,41 BRYGEE Close SUNSHINE NORTH 3020
53313503784,39 BRYGEE Close SUNSHINE NORTH 3020
53313503802,33 BRYGEE Close SUNSHINE NORTH 3020
53313503868,6 MARION Street DEANSIDE 3336
53313503891,9 LOCH Entrance SUNSHINE NORTH 3020
53313503919,24 CROP Drive FRASER RISE 3336
53313503967,41 HARKNESS Road MADDINGLEY 3340
53313503982,6 TIMBERTON Way TRUGANINA 3029
53313504009,8 TIMBERTON Way TRUGANINA 3029
53313504031,11 TIMBERTON Way TRUGANINA 3029
53313651535,3 MAREMMANO Crescent TAYLORS LAKES 3038
53313651551,37 BILLY Road DEANSIDE 3336
53313651602,48 FERONIA Avenue TARNEIT 3029
53313651634,60 PENVER Terrace WERRIBEE 3030
53313651668,93 REFLECTIONS Crescent LARA 3212
53313651701,12 INNSBRUCK Road WINTER VALLEY 3358
53313651767,4 APORTA Avenue TARNEIT 3029
53313651782,16 GRASSY Street WINTER VALLEY 3358
53313651818,20 CONRICK Way KOROIT 3282
53313651832,16 HELWANI Walk TRUGANINA 3029
53313651866,9 PORTER Street WERRIBEE 3030
53313651899,7 FLAG Boulevard TARNEIT 3029
53313651923,7 REFLECTIONS Crescent LARA 3212
53313651972,10 YIRRANGAN Road SUNBURY 3429
53313651998,9 CROWLANDS Circuit EYNESBURY 3338
53313652029,5 TINSMITH Drive KYNETON 3444
53313652053,29 STONEMASON Boulevard KYNETON 3444
53313652086,6 VANDELAY Avenue CHARLEMONT 3217
53313652104,10 BRAMPTON Crescent BONNIE BROOK 3335
53313652128,22 ABARTH Grove BURNSIDE 3023
53313652152,97 SHELTERBELT Avenue WEIR VIEWS 3338
53313652185,7 HAYWARD Street LARA 3212
53313652210,101 SHELTERBELT Avenue WEIR VIEWS 3338
53313652234,38 KYLE Road ALTONA NORTH 3025
53313652283,45 PHOENIX Road ALTONA NORTH 3025
53313652325,33 PHOENIX Road ALTONA NORTH 3025
53313652359,10 GLEESON Way DEANSIDE 3336
53313652374,46 KYLE Road ALTONA NORTH 3025
53313652390,8 AZAS Street TRUGANINA 3029
53313652424,7 HARNESS Way WINTER VALLEY 3358
53313652481,20 GENERATION Crescent MAMBOURIN 3024
53313652509,55 PHOENIX Road ALTONA NORTH 3025
53313652523,61 PHOENIX Road ALTONA NORTH 3025
53313652557,57 PHOENIX Road ALTONA NORTH 3025
53313652580,64 PHOENIX Road ALTONA NORTH 3025
53313652616,50 PHOENIX Road ALTONA NORTH 3025
53313652715,45 FORREST GREEN Drive ARMSTRONG CREEK 3217
53313652747,22 GRASSY Street WINTER VALLEY 3358
53313652763,14 ZEAL Road WINTER VALLEY 3358
53313652788,15 SWANTON Avenue MADDINGLEY 3340
53313652814,80 BROCKWOOD Street DEANSIDE 3336
53313652838,5 COUSINS Street COLAC 3250
53313652854,24 ROOSEVELT Drive ROCKBANK 3335
53313652905,16 DAINTREE Street ARMSTRONG CREEK 3217
53313610946,6 WANDERLUST Drive MOUNT DUNEED 3217
53313611004,17 CHARIOT Walk SUNBURY 3429
53313611036,15 CHARIOT Walk SUNBURY 3429
53313611052,9 CHARIOT Walk SUNBURY 3429
53313611111,39 OPAL Drive LEOPOLD 3224
53313611176,22 VASSE Circuit MOUNT DUNEED 3217
53313611282,24 ATLANTIC Drive INDENTED HEAD 3223
53313611318,15 ELAINE Street TARNEIT 3029
53313611358,71 SHOWMAN Drive DIGGERS REST 3427
53313656889,83 BROCKWOOD Street DEANSIDE 3336
53313656915,33 FARRIER Boulevard FRASER RISE 3336
53313656947,26 KYLE Road ALTONA NORTH 3025
53313656970,57 BUCHANAN Boulevard ARMSTRONG CREEK 3217
53313657012,13 GATHERING Grove TARNEIT 3029
53313657044,97 CROWLANDS Circuit EYNESBURY 3338
53313657077,4 GALERAS Street TRUGANINA 3029
53313657103,22 KING GEORGE Street ST LEONARDS 3223
53313657143,9 OASIS Drive MOUNT DUNEED 3217
53313657192,19 RANELAGH Avenue STRATHTULLOH 3338
53313657219,29 MONTVIEW Court CORIO 3214
53313657318,14 OROURKE Street LUCAS 3350
53313657381,9 KINGSLEY Promenade HUNTLY 3551
53313657423,27 PALMASTON Drive GREENVALE 3059
53313657457,2 SAPPORO Street WINTER VALLEY 3358
53313657480,245A ALLINGHAM Street KANGAROO FLAT 3555
53313657516,55 ASPIRING Drive HUNTLY 3551
53313657597,1 ELSA Way NEW GISBORNE 3438
53313657663,12 ALMA Street SEBASTOPOL 3356
53313657688,7 COPAL Street MAMBOURIN 3024
53313657706,2 PORTER Street WERRIBEE 3030
53313657779,7 MISO Road WYNDHAM VALE 3024
53313616026,14 KITE Street WINTER VALLEY 3358
53313616083,7 KIMBALL Street SMYTHES CREEK 3351
53313616133,102 FUCHSIA Drive ROCKBANK 3335
53313616159,71 BASTEN Avenue DEANSIDE 3336
53313616182,31 NOVA Street WEIR VIEWS 3338
53313616231,26 SAMPFORD Street ARMSTRONG CREEK 3217
53313616265,104 FUCHSIA Drive ROCKBANK 3335
53313616298,9 HARKNESS Boulevard ARMSTRONG CREEK 3217
53313616348,78 COUNTESS Drive ST LEONARDS 3223
53313616371,11 MEDOC Boulevard DEANSIDE 3336
53313616407,23 CHAMBERLAIN Drive ARMSTRONG CREEK 3217
53313616421,4 BANCHORY Drive JUNORTOUN 3551
53313616470,5 MEDOC Boulevard DEANSIDE 3336
53313616506,13 MEDOC Boulevard DEANSIDE 3336
53313616538,16 BEARTOOTH Drive WINTER VALLEY 3358
53313616554,42 STUBBERFIELD Road TARNEIT 3029
53313616637,20 PEDLEY Way TRUGANINA 3029
53313616661,4B MCCORMACKS Road MADDINGLEY 3340
53313616736,15 VALANCE Street TARNEIT 3029
53313616777,2 MILLIRI Way ROCKBANK 3335
53313616803,8 MILLIRI Way ROCKBANK 3335
53313616827,12 MILLIRI Way ROCKBANK 3335
53313616902,80 PLYMOUTH Drive ROCKBANK 3335
53313616950,3 FREDDIE Street SUNBURY 3429
53313616975,43 LISTOWEL Grove ROCKBANK 3335
53313617009,8 MUSGROVE Street WARRNAMBOOL 3280
53313617031,48 MEWAT Circuit THORNHILL PARK 3335
53313617065,81 BRAMPTON Crescent BONNIE BROOK 3335
53313617080,72 CARFIN Circuit THORNHILL PARK 3335
53313617206,6 GELANTIPY Drive TRUGANINA 3029
53313617220,15 HUFFNELL Road DEANSIDE 3336
53313617246,93 MORNINGTON Avenue TARNEIT 3029
53313617279,6 CORALPOINT Drive OCEAN GROVE 3226
53313617295,53 SUNLIGHT Circuit LARA 3212
53313617361,33 BRAY Street DEANSIDE 3336
53313617386,123 RENAISSANCE Drive STRATHTULLOH 3338
53313504057,5 TIMBERTON Way TRUGANINA 3029
53313504072,18 CONTROL Street GREENVALE 3059
53313504108,3 GALWAY Drive ALFREDTON 3350
53313504130,9 GRIBBLE Street LUCAS 3350
53313504164,108 OAKDEAN Boulevard OCEAN GROVE 3226
53313504189,21 WINDOW Road TARNEIT 3029
53313504206,64 CLAUDIA Crescent KURUNJANG 3337
53313504238,22 CROSBY Street TRUGANINA 3029
53313504262,1 HABITAT Way ARMSTRONG CREEK 3217
53313504305,5 POPPY Grove TORQUAY 3228
53313504345,31 ARRAN Street GISBORNE 3437
53313504436,107 GREVILLEA Drive MOUNT DUNEED 3217
53313504503,39 FRONTIER Circuit TARNEIT 3029
53313504527,16 ELM Drive FRASER RISE 3336
53313504551,13 BLACKALL Street TRUGANINA 3029
53313504610,60 HERMOSA Drive TARNEIT 3029
53313504668,137 BATTEN Road ARMSTRONG CREEK 3217
53313504691,72 SHOWMAN Drive DIGGERS REST 3427
53313504725,7 SHINRONE Drive GISBORNE 3437
53313504767,24 KILTEELY Street GISBORNE 3437
53313504790,28 WINGED FOOT Drive SUNSHINE NORTH 3020
53313504824,17 PIANTA Street GREENVALE 3059
53313504858,7 CURRUMBIN Street ARMSTRONG CREEK 3217
53313504873,20 BLACKWOOD Road LARA 3212
53313504899,46 CORIDALE Boulevard LARA 3212
53313504931,10 VERONA Street WINTER VALLEY 3358
53313504965,10 IONICA Loop TRUGANINA 3029
53313504998,3 JOY Street CLIFTON SPRINGS 3222
53313505015,50 RALEIGH Circuit ARMSTRONG CREEK 3217
53313505063,10 GUNAWAN Drive TARNEIT 3029
53313505154,36 SIMMENTAL Street BONSHAW 3352
53313505204,59 HALLINAN Street TARNEIT 3029
53313505277,41 CALLAGHAN Street JACKASS FLAT 3556
53313505303,8 LOVETT Court MARYBOROUGH 3465
53313505327,5 LOVETT Court MARYBOROUGH 3465
53313505376,15 VON GUERARD Boulevard WARRNAMBOOL 3280
53313550927,15 ODIN Walk MELTON SOUTH 3338
53313550984,17 ODIN Walk MELTON SOUTH 3338
53313551025,5 HILDEBRANDT Street WARRNAMBOOL 3280
53313652929,18 PROSPECT Walk ALTONA NORTH 3025
53313653051,20 PEASNELL Street LUCAS 3350
53313653084,38 GUSTAVE Avenue MICKLEHAM 3064
53313653110,24 WATERFERN Street FRASER RISE 3336
53313653175,7 PROSPECT Walk ALTONA NORTH 3025
53313653191,8 PROSPECT Walk ALTONA NORTH 3025
53313653258,18 CALLICOMA Street MICKLEHAM 3064
53313653281,56 PHOENIX Road ALTONA NORTH 3025
53313653309,2 PROSPECT Walk ALTONA NORTH 3025
53313653331,6 EVERGREEN Street ALTONA NORTH 3025
53313653380,51 METROON Drive WEIR VIEWS 3338
53313653430,8 HOLST Street ARMSTRONG CREEK 3217
53313653471,40 WOOLYBUSH Drive TARNEIT 3029
53313653539,32 CAVA Circuit SUNBURY 3429
53313653563,59 PHOENIX Road ALTONA NORTH 3025
53313653588,52 PHOENIX Road ALTONA NORTH 3025
53313653729,73 PEARLROCK Drive MOUNT DUNEED 3217
53313653745,16 GENERATION Crescent MAMBOURIN 3024
53313653778,93 SHELTERBELT Avenue WEIR VIEWS 3338
53313508504,8 PATHFIELD Street CORIO 3214
53313508635,19 CHLOE Street TARNEIT 3029
53313508684,155 GEELONG Road WERRIBEE 3030
53313508734,4 MARCH Way SUNBURY 3429
53313508768,5 DURELL Road TRUGANINA 3029
53313508791,46240 MOONAH Circuit LARA 3212
53313508932,178 BUCKLEY Street FOOTSCRAY 3011
53313657829,22 GLENARD Avenue STRATHTULLOH 3338
53313657845,5 BRADFORD Street ROCKBANK 3335
53313657904,26 SUMAC Street BROOKFIELD 3338
53313657952,20 CONTROL Street GREENVALE 3059
53313658034,245A ALLINGHAM Street KANGAROO FLAT 3555
53313658068,133 BRAMLEY Avenue CHARLEMONT 3217
53313658083,1 BYROCK Street TRUGANINA 3029
53313658101,12 BEATTIE Court COLAC 3250
53313658167,36 BAKANOVI Drive TRUGANINA 3029
53313658217,15 KINDRED Way TARNEIT 3029
53313658280,37 FRANCA Avenue FRASER RISE 3336
53313658371,12 WEBB Street MAMBOURIN 3024
53313658415,18 YOUYANGS Street TRUGANINA 3029
53313658470,9 ARYA Road CHARLEMONT 3217
53313658496,10 SELHURST Grove WYNDHAM VALE 3024
53313658694,5 DOBRE Walk TRUGANINA 3029
53313658728,15 DOBRE Walk TRUGANINA 3029
53313658752,17 DOBRE Walk TRUGANINA 3029
53313658827,12 HEARDS Way WANDANA HEIGHTS 3216
53313658843,5 MAGNOLIA Court EPSOM 3551
53313658869,8 HEALY Drive TRUGANINA 3029
53313658892,93 COUNTESS Drive ST LEONARDS 3223
53313658910,76 LORIKEET Circuit ROCKBANK 3335
53313658934,11 CROWLANDS Circuit EYNESBURY 3338
53313658968,15 MONTAGNA Circuit ARMSTRONG CREEK 3217
53313658991,6 ORR Street STRATHMORE 3041
53313659024,35 ROBINSON Street ARMSTRONG CREEK 3217
53313659040,8 CANAL Street FRASER RISE 3336
53313659123,51 FOWLER Street COBURG 3058
53313659157,17 JARVIS Street HUNTLY 3551
53313659172,42 LOGAN Street EYNESBURY 3338
53313659221,27 NORTHWATTLE Crescent CORIO 3214
53313617460,1 SUMMERTIME Avenue CHARLEMONT 3217
53313617503,46 MEWAT Circuit THORNHILL PARK 3335
53313662944,48 DAFFODIL Crescent DIGGERS REST 3427
53313663002,14 EVERGREEN Street ALTONA NORTH 3025
53313663042,17 HALLINAN Street TARNEIT 3029
53313663075,546 WILTSHIRE Lane WINTER VALLEY 3358
53313663133,45 DAFFODIL Crescent DIGGERS REST 3427
53313663159,103 REFLECTIONS Crescent LARA 3212
53313663174,30 RATHMINES Road TRUGANINA 3029
53313663209,47 ASPIRING Drive HUNTLY 3551
53313663272,25 HANOVER Circuit MELTON SOUTH 3338
53313663298,15 AGATHA Way WERRIBEE 3030
53313663316,15 YARDLEY Road TARNEIT 3029
53313663348,69 HIGHLINE Boulevard TRUGANINA 3029
53313663407,7 OASIS Drive MOUNT DUNEED 3217
53313663421,3 GREENPOINT Drive ROCKBANK 3335
53313663579,28 KRATERON Street FRASER RISE 3336
53313663605,48 COMMUNAL Road WYNDHAM VALE 3024
53313663661,20 COACHING Parade POINT COOK 3030
53313663686,9A RUSTY Rise BROWN HILL 3350
53313663712,78 BUCHANAN Boulevard ARMSTRONG CREEK 3217
53313663760,44 BEARTOOTH Drive WINTER VALLEY 3358
53313663811,174 BONNIEBROOK Road BONNIE BROOK 3335
53313663835,6 BERTRAND Drive DENNINGTON 3280
53313663884,16 JERNIGAN Road TARNEIT 3029
53313664099,8 SMITHS Road MAIDEN GULLY 3551
53313664117,105 AMBROSIA Drive ARMSTRONG CREEK 3217
53313664149,25 ESK Street LARA 3212
53313664207,10 FERNSIDE Drive DIGGERS REST 3427
53313664221,21 LEAFY Street LARA 3212
53313664247,13 ATHENA Road WEIR VIEWS 3338
53313551090,48 CHALCOT Circuit FRASER RISE 3336
53313551166,138 KIRKPATRICK Boulevard TRUGANINA 3029
53313551199,12 LORD Street THORNHILL PARK 3335
53313551222,195 BONNIEBROOK Road BONNIE BROOK 3335
53313551271,1 HEDGELEY Avenue DEANSIDE 3336
53313551297,11 BRADFORD Street ROCKBANK 3335
53313551347,39 APPLE GUM Circuit BELLBRAE 3228
53313551396,16 MELIA Street STRATHFIELDSAYE 3551
53313551505,3 SHEOAK Court CAMPBELLS CREEK 3451
53313551553,24 AMPERSAND Boulevard TRUGANINA 3029
53313551578,10A DUNCAN Court JUNORTOUN 3551
53313551604,58 BLOSSOM Drive EPSOM 3551
53313551636,10 ERVINE Drive WYNDHAM VALE 3024
53313551660,30 APPLE GUM Circuit BELLBRAE 3228
53313551685,56 PLYMOUTH Drive ROCKBANK 3335
53313551703,7 GIBBS Street DEANSIDE 3336
53313551769,37 SILVER WATTLE Road MOUNT DUNEED 3217
53313551792,22 APPLE GUM Circuit BELLBRAE 3228
53313551834,57 WHITFORDS Drive ARMSTRONG CREEK 3217
53313551868,61 SHOWMAN Drive DIGGERS REST 3427
53313551883,4 WINDERS Lane POINT LONSDALE 3225
53313551901,67 SHOWMAN Drive DIGGERS REST 3427
53313551933,3 NEVIS Place TRUGANINA 3029
53313551959,58 COMMUNAL Road WYNDHAM VALE 3024
53313551974,3 DURELL Road TRUGANINA 3029
53313552007,15 KARAKUL Street MAMBOURIN 3024
53313552088,93 HEMINGWAY Drive ROCKBANK 3335
53313552106,6 TURIN Avenue DEANSIDE 3336
53313552138,74 SUMAR Drive MICKLEHAM 3064
53313552162,5 LUDLOW Lane BONNIE BROOK 3335
53313552195,78 SYDNEY Way ALFREDTON 3350
53313552236,19 RIMMINGTON Way ROCKBANK 3335
53313552335,7 SCOTTSDALE Street CHARLEMONT 3217
53313552402,8 CADILLAC Way SMYTHES CREEK 3351
53313508958,180 BUCKLEY Street FOOTSCRAY 3011
53313508973,194 BUCKLEY Street FOOTSCRAY 3011
53313509008,192 BUCKLEY Street FOOTSCRAY 3011
53313509147,9 DUNDALK Way ROCKBANK 3335
53313509170,17 HOLLIOAKE Drive LUCAS 3350
53313509304,2 WASHINGTON Drive THORNHILL PARK 3335
53313509336,221 CUTHBERTS Road LUCAS 3350
53313509352,4 FAULKS Street BONNIE BROOK 3335
53313509377,16 ARYA Road CHARLEMONT 3217
53313509403,22 VALBERG Street WINTER VALLEY 3358
53313509427,11 ESKDALE Street WERRIBEE 3030
53313509476,206 CLARA Avenue TRUGANINA 3029
53313509492,7 HALO Street TARNEIT 3029
53313509510,29 ARRAN Street GISBORNE 3437
53313509583,60 BALLET Crescent SUNBURY 3429
53313509619,6 WINDOW Road TARNEIT 3029
53313509740,28 TAURUS Avenue TRUGANINA 3029
53313509766,13 MILSOM Avenue FRASER RISE 3336
53313509817,79 CALLAGHAN Street EPSOM 3551
53313509898,32 ALTEZZE Drive TRUGANINA 3029
53313509916,41 PROGRESS Drive FRASER RISE 3336
53313509964,18 MERAPI Grove TRUGANINA 3029
53313510016,7 BOWERBIRD Grange WINTER VALLEY 3358
53313510030,24 IVERSON Circuit DEANSIDE 3336
53313510163,4 NATURA Circuit DEANSIDE 3336
53313510188,7 WARREN Street THORNHILL PARK 3335
53313510213,1 CITRINUS Street MOUNT DUNEED 3217
53313510312,8 WHITECROSS Drive THORNHILL PARK 3335
53313510352,33 VERONA Crescent FRASER RISE 3336
53313510385,11 YEOMAN Street MELTON SOUTH 3338
53313659255,7 TERAI Street WYNDHAM VALE 3024
53313659288,27 WOOLSPINNER Crescent WYNDHAM VALE 3024
53313659306,38 MAREMMANO Crescent TAYLORS LAKES 3038
53313659405,23 MITIAMO Street EYNESBURY 3338
53313659512,53 BAYVIEW Walk THORNHILL PARK 3335
53313659544,14 ART DECO Drive DEANSIDE 3336
53313659577,41 BAYVIEW Walk THORNHILL PARK 3335
53313659593,39 BAYVIEW Walk THORNHILL PARK 3335
53313659611,18 DAWSON Street THORNHILL PARK 3335
53313659643,6 EXMOOR Street BONNIE BROOK 3335
53313659676,41 SPOONBILL Avenue WINTER VALLEY 3358
53313659702,7 LEGION Avenue TARNEIT 3029
53313659726,11 LEGION Avenue TARNEIT 3029
53313659742,13 LEGION Avenue TARNEIT 3029
53313659775,12 FORREST GREEN Drive ARMSTRONG CREEK 3217
53313659801,11 CLEF Street STRATHTULLOH 3338
53313514476,10 AMARA Street TARNEIT 3029
53313514502,5 PURPLE Road FRASER RISE 3336
53313514633,18 GIZA Street BONNIE BROOK 3335
53313514667,8 COPPICE Street LARA 3212
53313514718,5 FARRIER Boulevard FRASER RISE 3336
53313514732,19 QUEST Drive FRASER RISE 3336
53313514766,4 WILTSHIRE Rise WINCHELSEA 3241
53313514809,18 ANNA Road FRASER RISE 3336
53313514831,11 BASTEN Avenue DEANSIDE 3336
53313514872,361 MCGEORGE Road GISBORNE 3437
53313514964,11 GRASSY Street WINTER VALLEY 3358
53313515137,14 STUBBERFIELD Road TARNEIT 3029
53313515203,20 HEATHCOTE Street MOUNT DUNEED 3217
53313547475,17 CALIFORNIA Way BONNIE BROOK 3335
53313547491,72 LENA Crescent TRUGANINA 3029
53313547519,32 ERVINE Drive WYNDHAM VALE 3024
53313547567,15 WEXFORD Way ROCKBANK 3335
53313547582,13 THRUMS Road MAMBOURIN 3024
53313547640,68 BELVEDERE Drive TRUGANINA 3029
53313547673,29 PAVILION Street DEANSIDE 3336
53313547717,10 MORNINGTON Crescent ROCKBANK 3335
53313593462,28 QUEENSRIDGE Grove FYANSFORD 3218
53313593505,6 WEBB Street MAMBOURIN 3024
53313593537,35 CHLOE Street TARNEIT 3029
53313593578,24 ORIENTATION Avenue TARNEIT 3029
53313593604,21 COOK Road MELTON SOUTH 3338
53313593727,47 HIGHLINE Boulevard TRUGANINA 3029
53313593784,23 GODDARD Street LUCAS 3350
53313593810,23 ANGUL Parade DEANSIDE 3336
53313593834,6 MORAVA Street TARNEIT 3029
53313593850,16 STELLAR Road BONNIE BROOK 3335
53313593883,12 MOSLEY Crescent TRUGANINA 3029
53313593941,127 BONNIEBROOK Road BONNIE BROOK 3335
53313593967,39 DERRIMUT Street ROCKBANK 3335
53313593982,6 RARITY Street ARMSTRONG CREEK 3217
53313594017,27 CALLICOMA Street MICKLEHAM 3064
53313594057,7 SHALE Road WERRIBEE 3030
53313594080,2 DIEGO Place CHARLEMONT 3217
53313594108,7 COFFEY Street TARNEIT 3029
53313594189,41 WILDLIFE Circuit FRASER RISE 3336
53313594214,21 BROAD Road FRASER RISE 3336
53313594238,42 MIA Street ALFREDTON 3350
53313594254,36 DREAMER Circuit MOUNT DUNEED 3217
53313594287,69 TOWER Street THORNHILL PARK 3335
53313594313,4 COOL Street SUNBURY 3429
53313594361,35 CURTIN Drive DEANSIDE 3336
53313594428,42 PROGRESS Drive FRASER RISE 3336
53313594452,7 CAROB Street MICKLEHAM 3064
53313552519,11 ATHENA Road WEIR VIEWS 3338
53313552541,11 CASELLI Street BALLARAT EAST 3350
53313552582,9 POPPY Grove TORQUAY 3228
53313552618,5 ESTLLEY Court CANADIAN 3350
53313552632,86 CARFIN Circuit THORNHILL PARK 3335
53313552658,26A KING WILLIAM Street BROADMEADOWS 3047
53313552749,12 TOWERTREE Street TRUGANINA 3029
53313552780,75 SHIPWRIGHT Parade WERRIBEE 3030
53313552816,28 KING WILLIAM Street BROADMEADOWS 3047
53313552947,37 INGLENOOK Circuit ARMSTRONG CREEK 3217
53313552988,31 FRANK Avenue TRUGANINA 3029
53313553053,9 MADELEINE Road BROWN HILL 3350
53313553086,32 SAMUEL Road WEIR VIEWS 3338
53313553112,8 GAMUT Crescent BONNIE BROOK 3335
53313553160,3 LEROY Street SUNBURY 3429
53313553275,24 HEMSWORTH Road WEIR VIEWS 3338
53313553291,40 METROON Drive WEIR VIEWS 3338
53313553341,54 BELVEDERE Drive TRUGANINA 3029
53313553374,58 BELVEDERE Drive TRUGANINA 3029
53313553400,30 METROON Drive WEIR VIEWS 3338
53313553424,103 HEMINGWAY Drive ROCKBANK 3335
53313553440,57 NAVIGATION Road TARNEIT 3029
53313553473,11 BOUQUET Circuit DIGGERS REST 3427
53313553499,14 GLADMAN Road MADDINGLEY 3340
53313553517,10 GLADMAN Road MADDINGLEY 3340
53313553549,20 GLADMAN Road MADDINGLEY 3340
53313553580,10 COMMUNAL Road WYNDHAM VALE 3024
53313553616,47 PROGRESS Drive FRASER RISE 3336
53313553747,30 TAMWORTH Drive ROCKBANK 3335
53313553820,17 COLDSTREAM Avenue WERRIBEE 3030
53313510526,20 TAURUS Avenue TRUGANINA 3029
53313510619,4 SHANGHAI Walk TRUGANINA 3029
53313510641,10 SHANGHAI Walk TRUGANINA 3029
53313510674,16 SHANGHAI Walk TRUGANINA 3029
53313510700,75 SILVER Drive DIGGERS REST 3427
53313510773,7 QUEENSRIDGE Grove FYANSFORD 3218
53313510809,18 CANYON Circuit BONNIE BROOK 3335
53313510831,22 SOUTHLANDS Loop STRATHTULLOH 3338
53313510857,4 VAIGAI Lane DEANSIDE 3336
53313510872,21 NOVA Street WEIR VIEWS 3338
53313510908,32 TESLA Road ROCKBANK 3335
53313510964,4 WOOLMAN Street LARA 3212
53313510989,19 EVERGREEN Street ARMSTRONG CREEK 3217
53313511038,12 TAMWORTH Drive ROCKBANK 3335
53313511054,4 PRAISE Street FRASER RISE 3336
53313511203,28 STUBBERFIELD Road TARNEIT 3029
53313511276,11 BLUEGRASS Way WINTER VALLEY 3358
53313511302,38 MAYOPARK Street DEANSIDE 3336
53313511334,25 POTALA Avenue BONNIE BROOK 3335
53313511383,11 BROWN Street BONNIE BROOK 3335
53313556818,7 BOROUGH Close TRUGANINA 3029
53313556832,3 BOROUGH Close TRUGANINA 3029
53313556866,3 ISAACS Street DEANSIDE 3336
53313556899,4 WINDOW Road TARNEIT 3029
53313556923,6 PYRAMID Street BONNIE BROOK 3335
53313556949,35 KRATERON Street FRASER RISE 3336
53313556965,8 ESTRELLA Street BONSHAW 3352
53313557020,17 MCKELL Street DEANSIDE 3336
53313557054,72 CURTIN Drive DEANSIDE 3336
53313557095,16 DOMINIQUE Street TRUGANINA 3029
53313557129,37 BENSON Drive WERRIBEE 3030
53313557153,8 HILDERBRAND Court SEBASTOPOL 3356
53313557194,25 FEGENT Road TARNEIT 3029
53313557211,28 NAMATJIRA Boulevard HUNTLY 3551
53313557243,38 BOLITHO Terrace MAIDEN GULLY 3551
53313515269,66 FIELD Street OCEAN GROVE 3226
53313515342,10 KILTEELY Street GISBORNE 3437
53313515368,13 MOUNTAIN ASH Circuit WINTER VALLEY 3358
53313515383,21 THRUMS Road MAMBOURIN 3024
53313515433,15 BOUQUET Circuit DIGGERS REST 3427
53313515518,28 FEGENT Road TARNEIT 3029
53313515540,15 PARKES Avenue CHARLEMONT 3217
53313515566,23 JACOBENA Road MELTON SOUTH 3338
53313515649,8 WARDELL Street TARNEIT 3029
53313515672,10 FRANK Avenue TRUGANINA 3029
53313515698,31 ICONIC Drive TARNEIT 3029
53313515748,20 PHIPPS Road WERRIBEE 3030
53313515847,11 MOOMBIL Road TRUGANINA 3029
53313515914,2B AUSTIN Street WERRIBEE 3030
53313516012,24 MUSTANG Circuit BONNIE BROOK 3335
53313516044,5 GRIBBLE Street LUCAS 3350
53313516077,15 AMBIENT Street MOUNT DUNEED 3217
53313516127,14 WHATMAN Street LUCAS 3350
53313516201,2 GAMUT Crescent BONNIE BROOK 3335
53313516233,138 POLLY Parade TARNEIT 3029
53313516274,32 WINDANSEA Street ARMSTRONG CREEK 3217
53313516300,22 LIDDERDALE Drive GISBORNE 3437
53313516332,14 PATHFIELD Street CORIO 3214
53313516522,51 HAWKESTONE Street MELTON SOUTH 3338
53313516607,13 VOLT Street WINTER VALLEY 3358
53313516639,13 WARANGAL Way DEANSIDE 3336
53313594592,52 CAULONIA Drive TRUGANINA 3029
53313594626,56 CAULONIA Drive TRUGANINA 3029
53313594668,124 KIRKPATRICK Boulevard TRUGANINA 3029
53313594691,6 FREDDIE Street SUNBURY 3429
53313594725,12 DUTCH Road SUNBURY 3429
53313594759,16 DUTCH Road SUNBURY 3429
53313594774,20 DUTCH Road SUNBURY 3429
53313594790,9 SPARROW Way WINTER VALLEY 3358
53313594858,17 COLACHI Road TRUGANINA 3029
53313594909,15 BRAMPTON Crescent BONNIE BROOK 3335
53313594923,4 HUNTINGTON Avenue BONNIE BROOK 3335
53313594957,89 LOLLIPOP Crescent SUNBURY 3429
53313594980,33 WOOLSPINNER Crescent WYNDHAM VALE 3024
53313595021,67 EAGLEMONT Drive STRATHTULLOH 3338
53313595063,27 ISHERWOOD Road DEANSIDE 3336
53313595096,28 MAYOPARK Street DEANSIDE 3336
53313595114,10 GIBBS Street DEANSIDE 3336
53313595138,5 ADLINGTON Avenue GREENVALE 3059
53313595162,9 POPPY Drive GISBORNE 3437
53313595187,18 SORBUS Street TARNEIT 3029
53313595236,8 OCTAGONAL Street BONNIE BROOK 3335
53313595293,54 DUCHESS Drive ST LEONARDS 3223
53313595369,21 HOLSTEIN Crescent TARNEIT 3029
53313595392,7 FLUME Street LARA 3212
53313595426,4A MCCORMACKS Road MADDINGLEY 3340
53313595491,23 LAUNCESTON Street OCEAN GROVE 3226
53313595525,8 TAMWORTH Drive ROCKBANK 3335
53313595559,11 CASSATA Road MANOR LAKES 3024
53313595574,116 ODYSSEY Boulevard TARNEIT 3029
53313595590,53 SWAN Boulevard WINTER VALLEY 3358
53313595624,25 SANKURU Road TRUGANINA 3029
53313595640,175 ABERLINE Road WARRNAMBOOL 3280
53313595699,35 ICONIC Drive TARNEIT 3029
53313595717,47 TRICKETT Drive TRUGANINA 3029
53313595731,42 UNISON Road STRATHTULLOH 3338
53313595822,36 UNIVERSAL Road TARNEIT 3029
53313595848,6 ORNATA Grove BURNSIDE 3023
53313595921,37 CHARTERS Way HUNTLY 3551
53313599427,13 ABARTH Grove BURNSIDE 3023
53313599443,16 WALBRIDGE Street DIGGERS REST 3427
53313599469,22 KITE Street WINTER VALLEY 3358
53313599492,21 CASSOWARY Way WINTER VALLEY 3358
53313599601,44 PROGRESS Drive FRASER RISE 3336
53313599633,5 HOLSTEIN Crescent TARNEIT 3029
53313599667,79 BRAMPTON Crescent BONNIE BROOK 3335
53313599690,13 WHATMAN Street LUCAS 3350
53313599718,9 LAMONDA Street TARNEIT 3029
53313599766,38 CALLAGHAN Street JACKASS FLAT 3556
53313599857,41 TRAVANCORE Street TARNEIT 3029
53313599908,20 CLAUDIA Crescent KURUNJANG 3337
53313599989,8 CITRINUS Street MOUNT DUNEED 3217
53313600007,12 MEDOC Boulevard DEANSIDE 3336
53313600204,14 BERRI Street BACCHUS MARSH 3340
53313600260,14 HALCYON Road DEANSIDE 3336
53313600285,5 HEDGEROW Circuit CORIO 3214
53313600303,21 RYDER Street CHARLEMONT 3217
53313600343,7 BERRI Street BACCHUS MARSH 3340
53313600402,2 BUTCHERBIRD Parade WINTER VALLEY 3358
53313600426,17 THRUMS Road MAMBOURIN 3024
53313600442,14 ALBISTON Drive WARRNAMBOOL 3280
53313600475,5 DUPAIN Street TARNEIT 3029
53313600541,5 WOROPE Street WYNDHAM VALE 3024
53313600574,22 BISHOPGATE Boulevard BONNIE BROOK 3335
53313600590,6 ARCHIE Drive BONNIE BROOK 3335
53313600624,39 CONONDALE Avenue TRUGANINA 3029
53313600699,18 ALMA Street SEBASTOPOL 3356
53313600717,10 COTTONWOOD Road DIGGERS REST 3427
53313600731,18 PAWLING Street ROCKBANK 3335
53313600765,13 RESERVOIR Road FRASER RISE 3336
53313600848,24 BENSON Drive WERRIBEE 3030
53313600897,20 GALERAS Street TRUGANINA 3029
53313557276,17 MILOS Court FRASER RISE 3336
53313557310,41 KRATERON Street FRASER RISE 3336
53313557342,34 KRATERON Street FRASER RISE 3336
53313557368,15 PECHORA Street TRUGANINA 3029
53313557391,12 STEADFIELD Circuit MELTON SOUTH 3338
53313557459,1 GIBBS Street DEANSIDE 3336
53313557490,19 WARDELL Street TARNEIT 3029
53313557518,99 HIGHLINE Boulevard TRUGANINA 3029
53313557599,22 WINDOW Road TARNEIT 3029
53313557665,12 FOLD Circuit BONNIE BROOK 3335
53313557698,12 PURPLE Road FRASER RISE 3336
53313557771,15 STILO Crescent TRUGANINA 3029
53313557797,57 SHOWMAN Drive DIGGERS REST 3427
53313557821,14 DANUBE Road TRUGANINA 3029
53313557847,13 JOHANNA Drive WINTER VALLEY 3358
53313557863,17 ESHAL Crescent WYNDHAM VALE 3024
53313557896,37 FOLD Circuit BONNIE BROOK 3335
53313557914,8 HALLCROFT Road GREENVALE 3059
53313557938,48 WOODBURY Street WILLIAMS LANDING 3027
53313557962,1 WALBRIDGE Street DIGGERS REST 3427
53313558052,8 CROWLEY Street HUNTLY 3551
53313558111,122 PASKAS Drive FRASER RISE 3336
53313558143,66 SUNLIGHT Circuit LARA 3212
53313558176,70 HOMESTEAD Drive LARA 3212
53313558274,26 LUNAR Drive GREENVALE 3059
53313558300,16 NEWPORT Crescent INDENTED HEAD 3223
53313558340,35 BRISBANE Street LARA 3212
53313558373,33 BRISBANE Street LARA 3212
53313558399,37 BRISBANE Street LARA 3212
53313558417,10 ZINNIA Way DIGGERS REST 3427
53313558516,7 SERENITY Street ARMSTRONG CREEK 3217
53313558571,22 TOLHURST Street TARNEIT 3029
53313558597,27 POLLEN Street MOUNT DUNEED 3217
53313558615,43 JACANA Way ARMSTRONG CREEK 3217
53313558647,11 WILLIAM Street NEWPORT 3015
53313516670,17 FRIENDSHIP Place FRASER RISE 3336
53313516706,19 FRIENDSHIP Place FRASER RISE 3336
53313516762,25 BRISBANE Street LARA 3212
53313516787,4 CORVO Drive TRUGANINA 3029
53313516805,17 FERONIA Avenue TARNEIT 3029
53313516861,1 CALIFORNIA Way BONNIE BROOK 3335
53313516912,4 MONDO Street ROCKBANK 3335
53313516985,19 PARKES Avenue CHARLEMONT 3217
53313517001,53 JOURNEY Drive FRASER RISE 3336
53313517059,3 WILBY Walk CHARLEMONT 3217
53313517074,1 WILBY Walk CHARLEMONT 3217
53313517166,7 OPUS Street STRATHTULLOH 3338
53313517208,49 VERDALE Drive ALFREDTON 3350
53313517248,13 DIATREME Street CRAIGIEBURN 3064
53313517271,20 AMARA Street TARNEIT 3029
53313517321,30 YOUYANGS Street TRUGANINA 3029
53313517355,15 BALLET Crescent SUNBURY 3429
53313562906,9 BLUEBILL Street ST LEONARDS 3223
53313562938,56 WHITFORDS Drive ARMSTRONG CREEK 3217
53313563004,142 BRAMLEY Avenue CHARLEMONT 3217
53313563060,12 GYMEA Street MOUNT DUNEED 3217
53313563093,25 WARDELL Street TARNEIT 3029
53313563111,8 HOTCHKISS Way SMYTHES CREEK 3351
53313563135,7 COMPUTE Street GREENVALE 3059
53313563169,75 ILUKA Drive WERRIBEE 3030
53313563225,50 RATHMINES Road TRUGANINA 3029
53313563267,17 COCKERELL Street TARNEIT 3029
53313563290,17 ADANSONIA Circuit MICKLEHAM 3064
53313563318,21 MACLAREN Drive MELTON SOUTH 3338
53313563381,157 LIGHTSVIEW Boulevard ROCKBANK 3335
53313563530,11 OCTAVIA Place STRATHTULLOH 3338
53313595955,31 ORIENTATION Avenue TARNEIT 3029
53313595970,109 JUSCELINA Drive CRAIGIEBURN 3064
53313596029,3 CODRINGTON Road TRUGANINA 3029
53313596053,4 ICONIC Drive TARNEIT 3029
53313596086,152 SINCLAIRS Road DEANSIDE 3336
53313596104,132 ATHERSTONE Boulevard STRATHTULLOH 3338
53313596128,16 HANSEL Drive WERRIBEE 3030
53313596193,48 SHELTERBELT Avenue WEIR VIEWS 3338
53313596226,24 COPPICE Street LARA 3212
53313596268,20 CANAL Street FRASER RISE 3336
53313596291,154 SINCLAIRS Road DEANSIDE 3336
53313596325,17 BELCONNEN Avenue STRATHTULLOH 3338
53313596359,16 SUNLIGHT Circuit LARA 3212
53313596374,3 PILOT Way CURLEWIS 3222
53313641791,19 ENRICA Drive MELTON SOUTH 3338
53313641882,8 CUSP Drive TARNEIT 3029
53313641900,23 GRIBBLE Street LUCAS 3350
53313641958,38 SHELTERBELT Avenue WEIR VIEWS 3338
53313642046,19 MIDFORD Avenue WERRIBEE 3030
53313642062,18 GRASSY Street WINTER VALLEY 3358
53313642095,4 STEWART Court WARRNAMBOOL 3280
53313642129,15 FREDDIE Street SUNBURY 3429
53313642178,29 FUCHSIA Drive ROCKBANK 3335
53313642227,14 ELECTRO Street WINTER VALLEY 3358
53313642251,47 CORMORANT Grange WINTER VALLEY 3358
53313642284,9 CASSOWARY Way WINTER VALLEY 3358
53313642326,2 KINGSLEY Promenade HUNTLY 3551
53313642383,85 WHITECROSS Drive THORNHILL PARK 3335
53313642419,20 AJAX Way BONNIE BROOK 3335
53313642433,31 ROAMING Drive FRASER RISE 3336
53313642459,37 STELLAR Road BONNIE BROOK 3335
53313642482,41 STELLAR Road BONNIE BROOK 3335
53313642500,11 MIDFORD Avenue WERRIBEE 3030
53313642599,12 CATTLECROSSING Way SUNBURY 3429
53313642623,64 WALLANGARA Boulevard HARKNESS 3337
53313642680,80 ASHBURY Boulevard ARMSTRONG CREEK 3217
53313600955,3 BIOTIC Close WEIR VIEWS 3338
53313601037,11 CASSIDY Road WERRIBEE 3030
53313601053,48 INGLENOOK Circuit ARMSTRONG CREEK 3217
53313601104,25 ENDURANCE Way POINT COOK 3030
53313601234,11 CINDER Drive TARNEIT 3029
53313601250,87 KENNEDY Parade ROXBURGH PARK 3064
53313601275,30 WALLANGARA Boulevard HARKNESS 3337
53313601301,27 CORMORANT Grange WINTER VALLEY 3358
53313601382,26 MAYOPARK Street DEANSIDE 3336
53313601400,28 CORYMBIA Street MOUNT DUNEED 3217
53313601432,14 DURELL Road TRUGANINA 3029
53313601466,58 CROWLANDS Circuit EYNESBURY 3338
53313601565,22 SYNNOT Street WERRIBEE 3030
53313601580,18 COOL Street SUNBURY 3429
53313601630,8 ANGHOR Drive FRASER RISE 3336
53313601656,28 SHELTERBELT Avenue WEIR VIEWS 3338
53313601707,24 CATCHMENT Drive FRASER RISE 3336
53313601739,29 POLLEN Street MOUNT DUNEED 3217
53313601838,32 WINDOW Road TARNEIT 3029
53313601862,43 WHITFORDS Drive ARMSTRONG CREEK 3217
53313601937,33 SUNLIGHT Circuit LARA 3212
53313601961,10 HOLST Street ARMSTRONG CREEK 3217
53313601994,10 FROLIC Street TARNEIT 3029
53313602041,48 SCORIA Circuit CRAIGIEBURN 3064
53313602067,29 CARDAMON Street ARMSTRONG CREEK 3217
53313602090,10 VERNAL Circuit MOUNT DUNEED 3217
53313602118,22 XENOLITH Drive CRAIGIEBURN 3064
53313602181,64 GOWAR Road TARNEIT 3029
53313602230,17 ROBINSON Street ARMSTRONG CREEK 3217
53313602264,46 CARDAMON Street ARMSTRONG CREEK 3217
53313602297,24 BIRDWOOD Drive ST LEONARDS 3223
53313602315,44 CARDAMON Street ARMSTRONG CREEK 3217
53313558746,16 AMBIENT Street MOUNT DUNEED 3217
53313558779,182 BONNIEBROOK Road BONNIE BROOK 3335
53313558805,7 JEVONS Street MAMBOURIN 3024
53313558837,22 STRICTA Circuit FRASER RISE 3336
53313558853,39 BRISBANE Street LARA 3212
53313558904,21 CORMORANT Grange WINTER VALLEY 3358
53313558944,8 BEGA Street ARMSTRONG CREEK 3217
53313559042,81-83 ROBINSON Street ARMSTRONG CREEK 3217
53313559174,21 SOUTHLANDS Loop STRATHTULLOH 3338
53313559209,22 CORYMBIA Street MOUNT DUNEED 3217
53313559231,17 STACCATO Terrace STRATHTULLOH 3338
53313559257,16 STACCATO Terrace STRATHTULLOH 3338
53313559330,15 FAULKS Street BONNIE BROOK 3335
53313559364,23 BENSON Drive WERRIBEE 3030
53313559389,42 CURRUMBIN Street ARMSTRONG CREEK 3217
53313559447,113 PASKAS Drive FRASER RISE 3336
53313559520,23 ROBINSON Street ARMSTRONG CREEK 3217
53313559562,87 EAGLEMONT Drive STRATHTULLOH 3338
53313559629,9 POTALA Avenue BONNIE BROOK 3335
53313559728,58 TOWER Street THORNHILL PARK 3335
53313559785,29 LOUVRE Road BONNIE BROOK 3335
53313559803,29 GENOVESA Drive TRUGANINA 3029
53313559827,30 DANUBE Road TRUGANINA 3029
53313605418,17 DEVOTION Way TARNEIT 3029
53313605549,11 COFFEY Street TARNEIT 3029
53313605572,13 ZEAL Road WINTER VALLEY 3358
53313605630,41 VILLETTE Avenue TARNEIT 3029
53313563670,39 ISPARTA Mews ROXBURGH PARK 3064
53313563696,43 ISPARTA Mews ROXBURGH PARK 3064
53313563746,2 BELLE Walk ROXBURGH PARK 3064
53313563779,5 BELLE Walk ROXBURGH PARK 3064
53313563805,8 BELLE Walk ROXBURGH PARK 3064
53313563829,10 BELLE Walk ROXBURGH PARK 3064
53313563845,14 BELLE Walk ROXBURGH PARK 3064
53313563878,2 WISELY Place ROXBURGH PARK 3064
53313563894,6 WISELY Place ROXBURGH PARK 3064
53313563912,10 PERIDOT Way ALFREDTON 3350
53313563952,2 FIEDLER Street HUNTLY 3551
53313563977,75 AMBROSIA Drive ARMSTRONG CREEK 3217
53313563993,44 KRATERON Street FRASER RISE 3336
53313564050,9 PELICAN Drive WINTER VALLEY 3358
53313564083,82 CARFIN Circuit THORNHILL PARK 3335
53313564101,13 STARKE Street DEANSIDE 3336
53313564159,8 MARLEY Street TARNEIT 3029
53313564182,50 FLEURIEU Circuit ARMSTRONG CREEK 3217
53313564217,67 BODNAT Street TRUGANINA 3029
53313564280,69 GREYJOY Road CHARLEMONT 3217
53313564397,45 SALTAIRE Drive STRATHTULLOH 3338
53313564421,27 CHLOE Street TARNEIT 3029
53313564463,36 HUNTINGFIELD Street THORNHILL PARK 3335
53313564506,26 ALMA Street SEBASTOPOL 3356
53313564546,14 BRUSHBOX Walk ALTONA NORTH 3025
53313564579,16 BRUSHBOX Walk ALTONA NORTH 3025
53313564605,55 PENVER Terrace WERRIBEE 3030
53313564678,38 REVERENCE Drive ROCKBANK 3335
53313564704,1 WREN Way WINTER VALLEY 3358
53313564736,61 BRAY Street DEANSIDE 3336
53313564760,13 HUFFNELL Road DEANSIDE 3336
53313564785,20 LUBEC Street LARA 3212
53313564843,12 BRUSHBOX Walk ALTONA NORTH 3025
53313564876,3 JOONDALUP Street STRATHTULLOH 3338
53313564910,12 GAMUT Crescent BONNIE BROOK 3335
53313564934,7 CAPRISE Road FRASER RISE 3336
53313564950,10 GAMUT Crescent BONNIE BROOK 3335
53313564991,35 CORNFLOWER Way MOUNT DUNEED 3217
53313565018,3 COATES Lane MADDINGLEY 3340
53313565123,103 HIGHLINE Boulevard TRUGANINA 3029
53313642708,46 OPAL Drive LEOPOLD 3224
53313642722,27 AMPHITHEATRE Street EYNESBURY 3338
53313642764,9 LEAFY Street LARA 3212
53313642797,99 CROWLANDS Circuit EYNESBURY 3338
53313642821,74 POLLY Parade TARNEIT 3029
53313642847,40 SCOTTSDALE Street CHARLEMONT 3217
53313642863,13 KELLEHER Way DENNINGTON 3280
53313642896,86 CENTURION Avenue TARNEIT 3029
53313642954,24 BRUSHBOX Walk ALTONA NORTH 3025
53313642979,64 COUNTESS Drive ST LEONARDS 3223
53313643028,14 MONFERRATO Avenue TARNEIT 3029
53313643044,3 GITA Crescent WERRIBEE 3030
53313643060,6 LANDMARK Road WEIR VIEWS 3338
53313643103,12 XENOLITH Drive CRAIGIEBURN 3064
53313643127,8 WARBLER Court WINTER VALLEY 3358
53313643233,23 SILVER LEAF Way WINTER VALLEY 3358
53313643259,24 STRICTA Circuit FRASER RISE 3336
53313643300,12 BLOMELEY Drive LUCAS 3350
53313643366,16 CHARLESTON Road DEANSIDE 3336
53313643381,6 CHARLESTON Road DEANSIDE 3336
53313643409,4 CHARLESTON Road DEANSIDE 3336
53313643431,15 RARITY Street ARMSTRONG CREEK 3217
53313643530,3 BERRI Street BACCHUS MARSH 3340
53313643589,5 LIBRA Road WEIR VIEWS 3338
53313643670,20 TUITION Drive TARNEIT 3029
53313643706,20 CROWLANDS Circuit EYNESBURY 3338
53313643738,3 LIBRA Road WEIR VIEWS 3338
53313643845,9 GUMNUT Walk ROCKBANK 3335
53313643944,95 LOLLIPOP Crescent SUNBURY 3429
53313644002,15 OCTAGONAL Street BONNIE BROOK 3335
53313644034,104 MERINDAH Boulevard DEANSIDE 3336
53313644050,98 MERINDAH Boulevard DEANSIDE 3336
53313644075,9 MATT Walk SUNBURY 3429
53313644101,16 GODDARD Street LUCAS 3350
53313602339,19 TRAFFORD Drive TRUGANINA 3029
53313602363,26 CANARY Drive ARMSTRONG CREEK 3217
53313602396,5 JULES Street ST LEONARDS 3223
53313647820,48 PALARA Drive STRATHTULLOH 3338
53313647854,40 CAVA Circuit SUNBURY 3429
53313647887,8 VALROSE Road CHARLEMONT 3217
53313647937,14 FAULKS Street BONNIE BROOK 3335
53313648035,10 MOOMBIL Road TRUGANINA 3029
53313648069,9 AFTON Way MANOR LAKES 3024
53313648084,5 RANGER Street BONNIE BROOK 3335
53313648102,50 FORREST GREEN Drive ARMSTRONG CREEK 3217
53313648134,4 LORIKEET Circuit ROCKBANK 3335
53313648168,9 MOOMBIL Road TRUGANINA 3029
53313648232,79 BROCKWOOD Street DEANSIDE 3336
53313648266,10 HELWANI Walk TRUGANINA 3029
53313648299,10 BARBARA Court MARYBOROUGH 3465
53313648323,10 BARBARA Court MARYBOROUGH 3465
53313648365,4 BUTCHERBIRD Parade WINTER VALLEY 3358
53313648547,4 KIRSTEN Street WYNDHAM VALE 3024
53313648614,10 APORTA Avenue TARNEIT 3029
53313648662,49 EVERGREEN Boulevard JACKASS FLAT 3556
53313648745,102 MERINDAH Boulevard DEANSIDE 3336
53313648761,18 POLLEN Road TARNEIT 3029
53313648794,31 WINTON Drive FRASER RISE 3336
53313648852,45 WARANGAL Way DEANSIDE 3336
53313648877,17 HUFFNELL Road DEANSIDE 3336
53313648935,4 WENSLEYDALE Drive ROCKBANK 3335
53313648969,52 FLUME Street LARA 3212
53313648992,38 ALTO Grange WINTER VALLEY 3358
53313649033,13 LANCEWOOD Street CARDIGAN 3352
53313649067,14 OAKRIDGE Drive HUNTLY 3551
53313649090,14 PURITAN Street ROCKBANK 3335
53313605707,2 WATTLEBIRD Court SUNSHINE NORTH 3020
53313605739,14 WATTLEBIRD Court SUNSHINE NORTH 3020
53313605763,32 WATTLEBIRD Court SUNSHINE NORTH 3020
53313605788,44 WATTLEBIRD Court SUNSHINE NORTH 3020
53313605806,20 WATTLEBIRD Court SUNSHINE NORTH 3020
53313605838,38 WATTLEBIRD Court SUNSHINE NORTH 3020
53313605854,24 WATTLEBIRD Court SUNSHINE NORTH 3020
53313605879,34 WATTLEBIRD Court SUNSHINE NORTH 3020
53313605913,10 QUEST Drive FRASER RISE 3336
53313605937,37 PECHORA Street TRUGANINA 3029
53313605953,6 CANAL Street FRASER RISE 3336
53313605986,16 PLYMOUTH Way SMYTHES CREEK 3351
53313606084,44 GUSTAVE Avenue MICKLEHAM 3064
53313606142,6 NATASHA Close DARLEY 3340
53313606218,13 GLENARD Avenue STRATHTULLOH 3338
53313606240,8 GLENARD Avenue STRATHTULLOH 3338
53313606273,31 SANCTUM Drive WEIR VIEWS 3338
53313606317,4 RADHIKA Street WERRIBEE 3030
53313606331,23 COLACHI Road TRUGANINA 3029
53313606357,22-24 WINDANSEA Street ARMSTRONG CREEK 3217
53313606380,13 SUNLIGHT Circuit LARA 3212
53313606408,6 HECTOR Street FRASER RISE 3336
53313606422,24 SEMOLINA Street MANOR LAKES 3024
53313606620,15 AUBURN Crescent BACCHUS MARSH 3340
53313606654,19 PALMASTON Drive GREENVALE 3059
53313606713,12 ISOLA Mews TARNEIT 3029
53313606737,33 HAWKESTONE Street MELTON SOUTH 3338
53313606786,24 RESERVOIR Road FRASER RISE 3336
53313606860,42 KENNARD Grove CHARLEMONT 3217
53313606885,52 KENNARD Grove CHARLEMONT 3217
53313606911,7 CASABLANCA Street POINT LONSDALE 3225
53313606935,17 MEWAT Circuit THORNHILL PARK 3335
53313606951,90 EAGLEMONT Drive STRATHTULLOH 3338
53313606984,18 SCATTER Road FRASER RISE 3336
53313607024,22 RESERVOIR Road FRASER RISE 3336
53313607058,10 MICHELSON Drive MADDINGLEY 3340
53313565180,15 HILDERBRAND Court SEBASTOPOL 3356
53313565263,12 GREVILLEA Drive MOUNT DUNEED 3217
53313565288,24 FARRIER Road WYNDHAM VALE 3024
53313565314,9 COPAL Street MAMBOURIN 3024
53313565346,44 SHOREBREAK Way OCEAN GROVE 3226
53313565379,8 SENISE Street FRASER RISE 3336
53313565405,9 SALTERS Street THORNHILL PARK 3335
53313565429,10 THORN Road FRASER RISE 3336
53313565453,11 ROSEWOOD Drive OCEAN GROVE 3226
53313565560,27 CARISBROOK Crescent WINTER VALLEY 3358
53313565643,98 ANGLESEA Street WINTER VALLEY 3358
53313565676,11 CROWLEY Street HUNTLY 3551
53313565692,1 CLYDE Court JUNORTOUN 3551
53313565710,196B CONDON Street KENNINGTON 3550
53313565825,14 BLAIR Street BROADMEADOWS 3047
53313565841,14 BLAIR Street BROADMEADOWS 3047
53313565924,13 ARCHIE Drive BONNIE BROOK 3335
53313565958,32 MEWAT Circuit THORNHILL PARK 3335
53313566056,14 CLAPHAM Crescent WYNDHAM VALE 3024
53313566089,12 ALTO Grange WINTER VALLEY 3358
53313611480,36 KENNARD Grove CHARLEMONT 3217
53313611516,62 EAGLE Road ARMSTRONG CREEK 3217
53313611548,7 ATHENA Road WEIR VIEWS 3338
53313611647,69 BASTEN Avenue DEANSIDE 3336
53313611720,10 BOHEMIAN Road SUNBURY 3429
53313611746,14 BOHEMIAN Road SUNBURY 3429
53313611795,50 SUNLIGHT Circuit LARA 3212
53313611845,50 WOODBURY Street WILLIAMS LANDING 3027
53313611886,11 MOUNTAIN ASH Circuit WINTER VALLEY 3358
53313644125,10 FUSION Drive WYNDHAM VALE 3024
53313644141,98 POLLY Parade TARNEIT 3029
53313644174,56 SHOREBREAK Way OCEAN GROVE 3226
53313644223,10 RYDER Street CHARLEMONT 3217
53313644265,42 NORTHWATTLE Crescent CORIO 3214
53313644322,43 FRITELLI Circuit WYNDHAM VALE 3024
53313644364,9 REGAL Street HIGHTON 3216
53313644397,96 MERINDAH Boulevard DEANSIDE 3336
53313644439,33 MONTAGNA Circuit ARMSTRONG CREEK 3217
53313644488,19 MONTAGNA Circuit ARMSTRONG CREEK 3217
53313644506,5 CROWLEY Street HUNTLY 3551
53313644538,688 BATMAN Road INDENTED HEAD 3223
53313644595,42 NAMATJIRA Boulevard HUNTLY 3551
53313644613,20 COFFEY Street TARNEIT 3029
53313644637,29 AMALFI Street WINTER VALLEY 3358
53313644686,25 MONAVALE Drive MOUNT DUNEED 3217
53313644736,67 SILVER Drive DIGGERS REST 3427
53313499395,16 MANSELL Drive DENNINGTON 3280
53313499478,14 GOLDFINCH Road WINTER VALLEY 3358
53313499552,31 MUSHU Street DEANSIDE 3336
53313499585,24 KENNARD Grove CHARLEMONT 3217
53313499603,78 EAGLE Road ARMSTRONG CREEK 3217
53313499627,55 PENEDREL Drive MOUNT DUNEED 3217
53313499651,5 AMARA Street TARNEIT 3029
53313499676,56 JOURNEY Drive FRASER RISE 3336
53313499692,13 WARDELL Street TARNEIT 3029
53313499726,24 BURBIDGE Street TRUGANINA 3029
53313499742,5 CASSIDY Road WERRIBEE 3030
53313499768,7 VASTU Street WERRIBEE 3030
53313499833,35 CONTROL Street GREENVALE 3059
53313499882,29 SONATA Street WYNDHAM VALE 3024
53313499900,3 RESTFUL Way ROCKBANK 3335
53313500009,8 BRUSHTAIL Court SUNSHINE NORTH 3020
53313500072,6 WINTON Drive FRASER RISE 3336
53313500108,32 RIMMINGTON Way ROCKBANK 3335
53313500130,43 RUTHVEN Way MAMBOURIN 3024
53313500156,86 KENSINGTON Boulevard SMYTHES CREEK 3351
53313649166,4 HELWANI Walk TRUGANINA 3029
53313649216,31 ANGUL Parade DEANSIDE 3336
53313649248,15 PORTRAIT Street MAMBOURIN 3024
53313649271,16 CANMORE Street WERRIBEE 3030
53313649315,5 GLOVER Street MAMBOURIN 3024
53313649370,7 WILTSHIRE Rise WINCHELSEA 3241
53313649479,27 CORMORANT Way TORQUAY 3228
53313649505,41 HADFIELD Road HARKNESS 3337
53313649578,19 RYEBANK Avenue WERRIBEE 3030
53313649604,13 WHITECROSS Drive THORNHILL PARK 3335
53313649644,39 WILDLIFE Circuit FRASER RISE 3336
53313649677,60 BUSHRANGER Drive SUNBURY 3429
53313649693,15 KILIMANJARO Street CRAIGIEBURN 3064
53313649743,23 WHITECROSS Drive THORNHILL PARK 3335
53313649826,27 ELMWOOD Street DEANSIDE 3336
53313649842,7 KARMEN Court LANCEFIELD 3435
53313649875,3 KARMEN Court LANCEFIELD 3435
53313649901,22 TRUFFLE Circuit MOUNT DUNEED 3217
53313649974,10 JARVIS Street HUNTLY 3551
53313650100,16 PARA Road TARNEIT 3029
53313650132,3 WHITECROSS Drive THORNHILL PARK 3335
53313650158,2269 MELTON Highway MELTON 3337
53313650173,492 PASCOE VALE Road STRATHMORE 3041
53313650208,492 PASCOE VALE Road STRATHMORE 3041
53313650222,492 PASCOE VALE Road STRATHMORE 3041
53313650248,492 PASCOE VALE Road STRATHMORE 3041
53313650307,8 COTTONWOOD Road DIGGERS REST 3427
53313650355,1 PULP Close FRASER RISE 3336
53313650370,46 HEYFIELD Drive TRUGANINA 3029
53313650406,46 RAAM Circuit ARMSTRONG CREEK 3217
53313650462,1 BRASSWOOD Close WERRIBEE 3030
53313650487,13 DERRIMUT Street ROCKBANK 3335
53313650505,3 METEOR Way GREENVALE 3059
53313650537,8 ASPERULA Street TARNEIT 3029
53313607099,10 LIGHTFOOT Way DEANSIDE 3336
53313607198,16 ZEAL Road WINTER VALLEY 3358
53313607255,8 THIRLMERE Place TRUGANINA 3029
53313607320,14 MEWAT Circuit THORNHILL PARK 3335
53313607387,101 EDITH Street TARNEIT 3029
53313607486,4 YUCAMANE Drive TRUGANINA 3029
53313607536,2 WOOLMAN Street LARA 3212
53313607603,53 BUCHANAN Boulevard ARMSTRONG CREEK 3217
53313607635,38 ROWANDS Street MOUNT DUNEED 3217
53313607684,4 KARACHI Avenue MOUNT COTTRELL 3024
53313607702,10 CLOVERTREE Street TARNEIT 3029
53313607734,19 UNISON Road STRATHTULLOH 3338
53313607819,4 SEFTON Street MAMBOURIN 3024
53313607833,15 HANOVER Circuit MELTON SOUTH 3338
53313607867,2 HENLIX Court MOUNT CLEAR 3350
53313607890,5 WINDOW Road TARNEIT 3029
53313607924,25 GRAY Court DEANSIDE 3336
53313607940,31 GRAY Court DEANSIDE 3336
53313607966,19 HANOVER Circuit MELTON SOUTH 3338
53313608016,41 HARRIER Circuit DEANSIDE 3336
53313608064,16 SHEOAK Court CAMPBELLS CREEK 3451
53313608139,1 HENLIX Court MOUNT CLEAR 3350
53313608163,7 HAVEN Parade ALTONA NORTH 3025
53313608196,141 ATHERSTONE Boulevard STRATHTULLOH 3338
53313608213,6 PINFOLD Street BONNIE BROOK 3335
53313608261,10 MAROON Street TARNEIT 3029
53313608294,20 SINOPIA Street TARNEIT 3029
53313608328,25 ISAACS Street DEANSIDE 3336
53313653804,10 PROSPECT Walk ALTONA NORTH 3025
53313653836,83 LUGANO Avenue ALFREDTON 3350
53313653852,29 RIVERSDALE Boulevard WEIR VIEWS 3338
53313653877,7 SHADDOCK Street TARNEIT 3029
53313653903,39 CRADLE Circuit MANOR LAKES 3024
53313611993,5 CHARIOT Walk SUNBURY 3429
53313612040,1 CHARIOT Walk SUNBURY 3429
53313612172,18 ALTO Grange WINTER VALLEY 3358
53313612207,25 ANGUL Parade DEANSIDE 3336
53313612247,15 HIMALAYAS Street TRUGANINA 3029
53313612346,19 FAULKS Street BONNIE BROOK 3335
53313612362,9 ZEAL Road WINTER VALLEY 3358
53313612387,19 AZAS Street TRUGANINA 3029
53313612437,17 AZAS Street TRUGANINA 3029
53313612453,11 VOLT Street WINTER VALLEY 3358
53313612486,33 BOTANICAL Drive MOUNT DUNEED 3217
53313612512,31 BOTANICAL Drive MOUNT DUNEED 3217
53313612544,38 GUTHRIE Drive MELTON SOUTH 3338
53313612560,23 FARRIER Road WYNDHAM VALE 3024
53313612585,39 MONTVIEW Court CORIO 3214
53313612611,9 FINN Way TARNEIT 3029
53313612643,58 NASCENT Drive TARNEIT 3029
53313612676,19 ISAACS Street DEANSIDE 3336
53313612742,37 DERRIMUT Street ROCKBANK 3335
53313612775,8 YOUYANGS Street TRUGANINA 3029
53313612890,9 PLUME Terrace ROCKBANK 3335
53313612918,12 HARRIS Street ROCKBANK 3335
53313612940,8 GANSHA Street WEIR VIEWS 3338
53313613016,55 SUNLIGHT Circuit LARA 3212
53313613048,16 PURITY Way ARMSTRONG CREEK 3217
53313613139,25 ZEAL Road WINTER VALLEY 3358
53313613188,45 GALLANT Road ST LEONARDS 3223
53313613213,14 BROLGA Boulevard WINTER VALLEY 3358
53313613261,26 GLENARD Avenue STRATHTULLOH 3338
53313613312,131 CALLAWAY Street MAMBOURIN 3024
53313613344,23 CINDER Drive TARNEIT 3029
53313500206,6 DARTER Way ARMSTRONG CREEK 3217
53313500329,16 WATERBIRD Circuit WEIR VIEWS 3338
53313500353,7 WINDOW Road TARNEIT 3029
53313500386,63 HOLST Street ARMSTRONG CREEK 3217
53313500412,73 TANGLEWOOD Boulevard TRUGANINA 3029
53313500436,18 PALMASTON Drive GREENVALE 3059
53313500485,8 APRICOT Circuit TARNEIT 3029
53313500511,12 VERONA Street WINTER VALLEY 3358
53313500543,12 DEVOTION Way TARNEIT 3029
53313500584,158 ALTEZZE Drive TRUGANINA 3029
53313500610,97 OAKDEAN Boulevard OCEAN GROVE 3226
53313500642,78 SUMAR Drive MICKLEHAM 3064
53313500691,5 COMPANION Street TRUGANINA 3029
53313500719,31 STEAMBOAT Avenue WINTER VALLEY 3358
53313500782,5 FRANK Avenue TRUGANINA 3029
53313500818,9 WOOLEEN Court HUNTLY 3551
53313500881,56 STRATUS Street TARNEIT 3029
53313501096,17 STREAM Street MOUNT DUNEED 3217
53313501114,63 HARRIER Circuit DEANSIDE 3336
53313501146,15 WINDOW Road TARNEIT 3029
53313501179,20 DEVONSHIRE Road THORNHILL PARK 3335
53313501204,40 HOLST Street ARMSTRONG CREEK 3217
53313501244,17 ANGUL Parade DEANSIDE 3336
53313501293,17 PHOENIX Road ALTONA NORTH 3025
53313501343,13 ISHERWOOD Road DEANSIDE 3336
53313501369,4 LUCHE Way MAIDEN GULLY 3551
53313501410,25 KASAI Walk TRUGANINA 3029
53313501442,29 KASAI Walk TRUGANINA 3029
53313501475,6 AMBITION Street ROCKBANK 3335
53313501491,19 KASAI Walk TRUGANINA 3029
53313501519,15 ROWANDS Street MOUNT DUNEED 3217
53313501559,86 DYSON Drive LUCAS 3350
53313501582,43 KASAI Walk TRUGANINA 3029
53313650561,6 CINDER Drive TARNEIT 3029
53313650594,6 AJAX Way BONNIE BROOK 3335
53313650612,7 VASSE Circuit MOUNT DUNEED 3217
53313650636,6 SHANKAR Road TARNEIT 3029
53313650660,12 GELANTIPY Drive TRUGANINA 3029
53313650703,6 BANCHORY Drive JUNORTOUN 3551
53313650735,9 ESCARPMENT Drive FYANSFORD 3218
53313650751,28 BOHEMIAN Road SUNBURY 3429
53313650776,34 BOHEMIAN Road SUNBURY 3429
53313505402,13 SUNFLOWER Walk BONNIE BROOK 3335
53313505450,1 SUNFLOWER Walk BONNIE BROOK 3335
53313505475,11 SUNFLOWER Walk BONNIE BROOK 3335
53313505501,24 SHELLARD Street ALTONA NORTH 3025
53313505600,200 CLARA Avenue TRUGANINA 3029
53313505632,3 SUNFLOWER Walk BONNIE BROOK 3335
53313505673,30 GOSFIELD Drive WERRIBEE 3030
53313505709,10 ALISTER Grove TARNEIT 3029
53313505723,20 BISHOPGATE Boulevard BONNIE BROOK 3335
53313505749,36 BISHOPGATE Boulevard BONNIE BROOK 3335
53313505772,87 MONCRIEFF Crescent WANDANA HEIGHTS 3216
53313505808,7 BINGHAM Street TARNEIT 3029
53313505830,17 FARRIER Road WYNDHAM VALE 3024
53313505856,19 WATTLESEED Drive FRASER RISE 3336
53313505907,61 RALEIGH Circuit ARMSTRONG CREEK 3217
53313505939,22 PECHORA Street TRUGANINA 3029
53313505963,7 AMALFI Street WINTER VALLEY 3358
53313506005,95 PRESENTATION Boulevard WINTER VALLEY 3358
53313506112,102 COUNTESS Drive ST LEONARDS 3223
53313506185,21 DILWARRA Drive BONNIE BROOK 3335
53313506202,43 KARACHI Avenue MOUNT COTTRELL 3024
53313506250,31 CHARTERS Way HUNTLY 3551
53313506301,18 WELLINGTON Crescent TORQUAY 3228
53313506367,8 VERDALE Drive ALFREDTON 3350
53313506382,85 PLANE Avenue MAMBOURIN 3024
53313506466,29 CAMPBELL Road HUNTLY 3551
53313506499,13 ALISTER Grove TARNEIT 3029
53313506517,9 SAGRADA Way FRASER RISE 3336
53313653927,23 ALISO Street TRUGANINA 3029
53313653943,5 WEXFORD Way ROCKBANK 3335
53313654041,18 BALLAD Street STRATHTULLOH 3338
53313654074,12 CROKER Street NEWPORT 3015
53313654100,40 GAWAN Loop COBURG NORTH 3058
53313654124,15 AMALFI Street WINTER VALLEY 3358
53313654222,24 AARON Road TARNEIT 3029
53313654321,16 MOSSMAN Street LARA 3212
53313654355,12 DARLING Street EAST GEELONG 3219
53313654388,29 UNISON Road STRATHTULLOH 3338
53313654406,1 CINDIA Crescent TARNEIT 3029
53313654420,29 TALOUMBI Crescent GREENVALE 3059
53313654537,29 SUMAC Street BROOKFIELD 3338
53313654604,44 TALOUMBI Crescent GREENVALE 3059
53313654703,18 STEWART Court WARRNAMBOOL 3280
53313654735,2A RICHARD Court CRESWICK 3363
53313654776,11 HEDGEROW Circuit CORIO 3214
53313654802,14 MARTLAND Street LUCAS 3350
53313654826,21 COTTER Way TRUGANINA 3029
53313654842,20 SUNLIGHT Circuit LARA 3212
53313654883,6 MONTAGNA Circuit ARMSTRONG CREEK 3217
53313654919,32 MCGEACHIN Street LUCAS 3350
53313655017,47 WARANGAL Way DEANSIDE 3336
53313655031,8 KINCADE Street LUCAS 3350
53313655065,21 PROSPECT Walk ALTONA NORTH 3025
53313655116,3 CLAYTON Street LARA 3212
53313655130,4 ABARTH Grove BURNSIDE 3023
53313655164,7 MARACAIBO Crescent MANOR LAKES 3024
53313655197,6 PERCHERON Street BONNIE BROOK 3335
53313655220,38 NATURALISTE Way ARMSTRONG CREEK 3217
53313655246,13 WILDLIFE Circuit FRASER RISE 3336
53313655262,14 DARLING Street EAST GEELONG 3219
53313655329,49 KING GEORGE Street ST LEONARDS 3223
53313655353,20 WALLANGARA Boulevard HARKNESS 3337
53313655378,6 ARDHA Road TARNEIT 3029
53313613492,84 HOMESTEAD Drive LARA 3212
53313613510,13 BUNCE Court FYANSFORD 3218
53313613542,69 TOPIARY Street TRUGANINA 3029
53313613568,11 SKALKOZ Street WILLIAMS LANDING 3027
53313613619,5 BESSIE Street MAMBOURIN 3024
53313613682,52 COUNTESS Drive ST LEONARDS 3223
53313613724,7 HAMPSHIRE Avenue ROCKBANK 3335
53313613758,27 STRICTA Circuit FRASER RISE 3336
53313613831,31 APPALOOSA Avenue TAYLORS LAKES 3038
53313613880,28 MOUNTAIN ASH Circuit WINTER VALLEY 3358
53313613916,9 MICROPORA Drive WYNDHAM VALE 3024
53313613948,108 MILLBROOK Drive WYNDHAM VALE 3024
53313613989,4 BARINGHUP Street EYNESBURY 3338
53313614014,11 ALUTU Road TRUGANINA 3029
53313614054,40 BEARTOOTH Drive WINTER VALLEY 3358
53313614105,194 ALTEZZE Drive TRUGANINA 3029
53313614153,64 HOMESTEAD Drive LARA 3212
53313614186,43 LIBERATION Drive ARMSTRONG CREEK 3217
53313614211,7 GAMUT Crescent BONNIE BROOK 3335
53313614235,76 ROTHSCHILD Road GISBORNE 3437
53313614251,25 VOLT Street WINTER VALLEY 3358
53313614284,14 SPREE Street TARNEIT 3029
53313614326,34 NORMANBY Boulevard DEANSIDE 3336
53313614391,26 GASTON Crescent BONNIE BROOK 3335
53313614425,9 BRITTAIN Avenue WARRNAMBOOL 3280
53313614459,26 CALLICOMA Street MICKLEHAM 3064
53313614482,62 VASSE Circuit MOUNT DUNEED 3217
53313659874,10 IMAGINE Drive STRATHFIELDSAYE 3551
53313659900,33 LOUISVILLE Drive THORNHILL PARK 3335
53313659924,33 LOUISVILLE Drive THORNHILL PARK 3335
53313659940,35 LOUISVILLE Drive THORNHILL PARK 3335
53313659973,13 MEREDITH Street ST LEONARDS 3223
53313659999,14 SAMPFORD Street ARMSTRONG CREEK 3217
53313660040,12 HAMMOND Street LUCAS 3350
53313660073,13 INGLENOOK Circuit ARMSTRONG CREEK 3217
53313660123,45 BAYVIEW Walk THORNHILL PARK 3335
53313660198,3 GIBBS Street DEANSIDE 3336
53313501618,56 CONSERVATORY Drive DEANSIDE 3336
53313501632,2 UXBRIDGE Street WERRIBEE 3030
53313501889,5 NAMATJIRA Boulevard HUNTLY 3551
53313501915,8 LOCH Street THORNHILL PARK 3335
53313501939,4 DUNKERRIN Avenue GISBORNE 3437
53313502027,122 HEDDERWICK Street ESSENDON 3040
53313502043,126 HEDDERWICK Street ESSENDON 3040
53313502102,16 EVERGREEN Street ARMSTRONG CREEK 3217
53313502183,8 CLEAR Drive TARNEIT 3029
53313502200,14 READMAN Road FRASER RISE 3336
53313502232,16 CALLANISH Street TRUGANINA 3029
53313502299,3 MICICH Court ALFREDTON 3350
53313547816,101 PALMDALE Crescent MAMBOURIN 3024
53313547963,18 DILWARRA Drive BONNIE BROOK 3335
53313547988,3 MAROON Way DIGGERS REST 3427
53313548104,1 BIOTIC Close WEIR VIEWS 3338
53313548210,2 KIMZY Circuit WERRIBEE 3030
53313548234,8 KIMZY Circuit WERRIBEE 3030
53313548250,12 KIMZY Circuit WERRIBEE 3030
53313548283,18 KIMZY Circuit WERRIBEE 3030
53313548319,22 KIMZY Circuit WERRIBEE 3030
53313548341,34 KIMZY Circuit WERRIBEE 3030
53313548367,36 KIMZY Circuit WERRIBEE 3030
53313548418,69 LAFLIN Avenue TARNEIT 3029
53313548458,24 POTALA Avenue BONNIE BROOK 3335
53313506565,13 KASHMIR Road CHARLEMONT 3217
53313506598,47 MUSHU Street DEANSIDE 3336
53313506622,16 WINTON Drive FRASER RISE 3336
53313506648,16 STUBBERFIELD Road TARNEIT 3029
53313506664,4 STUBBERFIELD Road TARNEIT 3029
53313506697,11 PETUNIA Way FRASER RISE 3336
53313506796,5 EWDEN Drive BONNIE BROOK 3335
53313506879,18 CROSBY Street TRUGANINA 3029
53313506905,92 HOLST Street ARMSTRONG CREEK 3217
53313506929,13 ALTO Crescent GREENVALE 3059
53313506945,10 LOMBARDY Walk DEANSIDE 3336
53313506978,8 LOMBARDY Walk DEANSIDE 3336
53313507002,20 LOMBARDY Walk DEANSIDE 3336
53313507050,16 LOMBARDY Walk DEANSIDE 3336
53313507075,10 ARYA Road CHARLEMONT 3217
53313507101,46 WALLANGARA Boulevard HARKNESS 3337
53313507209,4 DILWARRA Drive BONNIE BROOK 3335
53313507231,16 APSLEY Street STRATHFIELDSAYE 3551
53313507257,22 AMBIENT Street MOUNT DUNEED 3217
53313507308,19 YEARLING Promenade WERRIBEE 3030
53313507322,3 SAMWELL Street CHARLEMONT 3217
53313507455,4 MISTEN Avenue ALTONA NORTH 3025
53313507470,6 MISTEN Avenue ALTONA NORTH 3025
53313507506,8A MISTEN Avenue ALTONA NORTH 3025
53313507538,12 MISTEN Avenue ALTONA NORTH 3025
53313507562,14A MISTEN Avenue ALTONA NORTH 3025
53313507587,3 ROSALA Avenue ALTONA NORTH 3025
53313507605,5 ROSALA Avenue ALTONA NORTH 3025
53313507637,7A ROSALA Avenue ALTONA NORTH 3025
53313507712,43 SARATOGA Circuit DRYSDALE 3222
53313655394,13 OROURKE Street LUCAS 3350
53313655436,49 FERONIA Avenue TARNEIT 3029
53313655511,72 INGLENOOK Circuit ARMSTRONG CREEK 3217
53313655535,8 TARNALA Road TARNEIT 3029
53313655576,5 HARROGATE Lane DRYSDALE 3222
53313655610,15 BRAMFORD Crescent TRUGANINA 3029
53313655642,3 HARROGATE Lane DRYSDALE 3222
53313655668,361 PATULLOS Road LARA 3212
53313655683,4 HALLINAN Street TARNEIT 3029
53313655719,9 BENMORE Street MAMBOURIN 3024
53313655774,11 GORDON Avenue ALTONA MEADOWS 3028
53313655790,77 CASTLECRAG Way STRATHTULLOH 3338
53313655818,32 PENVER Terrace WERRIBEE 3030
53313655840,69 OPAL Drive LEOPOLD 3224
53313655873,78 MCKINLEY Drive TRUGANINA 3029
53313655909,7 OCTAGONAL Street BONNIE BROOK 3335
53313655949,80 CASTLECRAG Way STRATHTULLOH 3338
53313656007,8 KINDRED Way TARNEIT 3029
53313656070,15 FLORINA Road FRASER RISE 3336
53313656120,18 POTALA Avenue BONNIE BROOK 3335
53313656146,39 FLANAGAN Close ARMSTRONG CREEK 3217
53313656179,24 WILDERNESS Road FRASER RISE 3336
53313656244,61 ERSKINE Road WINTER VALLEY 3358
53313656303,78 PIENZA Road FRASER RISE 3336
53313656327,13 SHIPSTERN Street ARMSTRONG CREEK 3217
53313656343,6 GODDARD Street LUCAS 3350
53313656376,16 STRICTA Circuit FRASER RISE 3336
53313656434,10 FEGENT Road TARNEIT 3029
53313656450,66 SURROUND Circuit BONNIE BROOK 3335
53313656475,4 HEDGEROW Circuit CORIO 3214
53313656501,22 SUNLIGHT Circuit LARA 3212
53313656533,3 MONETA Way WEIR VIEWS 3338
53313656567,1 CROWLANDS Circuit EYNESBURY 3338
53313656582,78 MONTEGO Boulevard SUNBURY 3429
53313656632,3 SAVILLE Street BURNSIDE 3023
53313656658,9 PAVILION Street DEANSIDE 3336
53313656673,3 ANAND Way DEANSIDE 3336
53313656709,87 WHITECROSS Drive THORNHILL PARK 3335
53313656723,20 AARON Road TARNEIT 3029
53313660239,7 BUTCHERBIRD Parade WINTER VALLEY 3358
53313660320,33 FLEURIEU Circuit ARMSTRONG CREEK 3217
53313660354,6 DAWSON Street THORNHILL PARK 3335
53313660387,8 DAWSON Street THORNHILL PARK 3335
53313660413,16 DAWSON Street THORNHILL PARK 3335
53313660437,147 ATHERSTONE Boulevard STRATHTULLOH 3338
53313660453,3 KIRKWOOD Street GISBORNE 3437
53313660512,1 DOBRE Walk TRUGANINA 3029
53313660536,18 TATHRA Road WYNDHAM VALE 3024
53313660585,88 POLLY Parade TARNEIT 3029
53313660603,52 PIENZA Road FRASER RISE 3336
53313660635,6 DAINTREE Street ARMSTRONG CREEK 3217
53313660669,55 RESTFUL Way ROCKBANK 3335
53313660692,25 BLOMELEY Drive LUCAS 3350
53313660710,25 VIVERO Road WYNDHAM VALE 3024
53313660734,20 WINDANSEA Street ARMSTRONG CREEK 3217
53313660791,13 KINDRED Way TARNEIT 3029
53313660825,12 VOLT Street WINTER VALLEY 3358
53313660867,20 SPARROWHAWK Crescent DEANSIDE 3336
53313660890,5 PHELPS Street TARNEIT 3029
53313660924,12 ZEAL Road WINTER VALLEY 3358
53313660958,9 BAKANOVI Drive TRUGANINA 3029
53313660999,18 JERNIGAN Road TARNEIT 3029
53313661022,17 ORNAMENT Avenue TARNEIT 3029
53313661097,1 BURGENSTEIN Drive CHARLEMONT 3217
53313661115,15 ORNAMENT Avenue TARNEIT 3029
53313661147,33 SALTBUSH Street JACKASS FLAT 3556
53313661188,68 CURTIN Drive DEANSIDE 3336
53313661213,23 KOOLAH Drive LARA 3212
53313661245,10 LUBEC Street LARA 3212
53313661286,57 JAMES PATRICK Way LANCEFIELD 3435
53313661312,32 DUNKERRIN Avenue GISBORNE 3437
53313661377,128 KIRKPATRICK Boulevard TRUGANINA 3029
53313661393,97 LOLLIPOP Crescent SUNBURY 3429
53313661451,18 XENOLITH Drive CRAIGIEBURN 3064
53313661510,16 LIDAR Walk TARNEIT 3029
53313661550,8 LIDAR Walk TARNEIT 3029
53313661583,57 LORIKEET Circuit ROCKBANK 3335
53313661619,94 SUNDANCE Boulevard WINTER VALLEY 3358
53313661682,8 GAO Circuit DARLEY 3340
53313548509,5 GIZA Street BONNIE BROOK 3335
53313548557,33 LIBERATION Drive ARMSTRONG CREEK 3217
53313548572,27 STEWART Court WARRNAMBOOL 3280
53313548598,7 LIGHTFOOT Way DEANSIDE 3336
53313548648,24 QUEST Drive FRASER RISE 3336
53313548697,30 HALCYON Road DEANSIDE 3336
53313548721,76 VIOLA Drive ROCKBANK 3335
53313548806,17 SUNNY Street SUNBURY 3429
53313548895,2 WHITNEY Close MOUNT HELEN 3350
53313548913,46 HALCYON Road DEANSIDE 3336
53313548937,4 GOWAR Road TARNEIT 3029
53313548961,42 HALCYON Road DEANSIDE 3336
53313548994,29 MEWAT Circuit THORNHILL PARK 3335
53313549069,1 MAGNIFICENT Grove MOUNT DUNEED 3217
53313549092,177 GEELONG Road WERRIBEE 3030
53313549110,37 BLANDFORD Street COBDEN 3266
53313549183,18 JOHANNA Drive WINTER VALLEY 3358
53313549281,3 SHINRONE Drive GISBORNE 3437
53313549317,19 FREEDOM Drive MOUNT DUNEED 3217
53313549331,2 BUNYIP Street GISBORNE 3437
53313549464,24 DILWARRA Drive BONNIE BROOK 3335
53313549539,14 NOEL Way TARNEIT 3029
53313549563,8 POTALA Avenue BONNIE BROOK 3335
53313549614,5 NECTAR Drive MOUNT DUNEED 3217
53313549638,7 PALMDALE Crescent MAMBOURIN 3024
53313549713,4 DORTON Glade DRYSDALE 3222
53313549745,10 DORTON Glade DRYSDALE 3222
53313549761,15 DORTON Glade DRYSDALE 3222
53313549812,6 KIMZY Circuit WERRIBEE 3030
53313549844,19 KIMZY Circuit WERRIBEE 3030
53313549877,13 KIMZY Circuit WERRIBEE 3030
53313549893,7 KIMZY Circuit WERRIBEE 3030
53313549911,5 KIMZY Circuit WERRIBEE 3030
53313549943,48 KIMZY Circuit WERRIBEE 3030
53313507983,16 STORK Street WINTER VALLEY 3358
53313508000,67 ERSKINE Road WINTER VALLEY 3358
53313508066,80-90 OXLEY Street PORTARLINGTON 3223
53313508099,13 BRAMFORD Crescent TRUGANINA 3029
53313508117,23 DILWARRA Drive BONNIE BROOK 3335
53313508131,5 GUNAWAN Drive TARNEIT 3029
53313508239,184 BUCKLEY Street FOOTSCRAY 3011
53313508288,31 WICKLOW Drive MELTON SOUTH 3338
53313508338,136 BONNIEBROOK Road BONNIE BROOK 3335
53313508379,12 STILO Crescent TRUGANINA 3029
53313553846,73 EAGLEMONT Drive STRATHTULLOH 3338
53313553905,81 PLANE Avenue MAMBOURIN 3024
53313553937,38 MIA Street ALFREDTON 3350
53313554027,13 APPALOOSA Avenue TAYLORS LAKES 3038
53313554043,5 KIRKWOOD Street GISBORNE 3437
53313554076,61 HAWKESTONE Street MELTON SOUTH 3338
53313554092,56 BELVEDERE Drive TRUGANINA 3029
53313554110,12 CROWTHER Drive LUCAS 3350
53313554142,5 COCKERELL Street TARNEIT 3029
53313554175,30 WINDANSEA Street ARMSTRONG CREEK 3217
53313554200,21 LOUVRE Road BONNIE BROOK 3335
53313554273,25 DOVE Avenue WINTER VALLEY 3358
53313554309,15 WILBY Walk CHARLEMONT 3217
53313554331,32 VERONA Crescent FRASER RISE 3336
53313554357,42 VERONA Crescent FRASER RISE 3336
53313554372,36 VERONA Crescent FRASER RISE 3336
53313554464,10 HALCYON Street POINT LONSDALE 3225
53313554555,14 SHALE Road WERRIBEE 3030
53313554687,80 COMPASS Drive GREENVALE 3059
53313554745,7 OGAWA Walk TARNEIT 3029
53313554761,8 ENRICA Drive MELTON SOUTH 3338
53313554812,12 WOOLMAN Street LARA 3212
53313511490,8 SEASCAPE Drive OCEAN GROVE 3226
53313511518,57 ROBINSON Street ARMSTRONG CREEK 3217
53313511566,3 BLUEGRASS Way WINTER VALLEY 3358
53313511609,12 GANSHA Street WEIR VIEWS 3338
53313511631,3 BLOODSWORTH Road DEANSIDE 3336
53313511672,4 LILYPAD Way ROCKBANK 3335
53313511730,16 DHALLA Street THORNHILL PARK 3335
53313511789,70 SILVER Drive DIGGERS REST 3427
53313511807,121 BATTEN Road ARMSTRONG CREEK 3217
53313511839,61 ASPIRING Drive HUNTLY 3551
53313511863,23 EVERGREEN Street ARMSTRONG CREEK 3217
53313511896,21 CURRUMBIN Street ARMSTRONG CREEK 3217
53313511962,140 POLLY Parade TARNEIT 3029
53313512026,20 SCOTTSDALE Street CHARLEMONT 3217
53313512068,8 BERESFORD Street TRUGANINA 3029
53313512091,29 FINDON Court POINT COOK 3030
53313512119,3 SICILY Avenue DEANSIDE 3336
53313512364,14 CINDER Drive TARNEIT 3029
53313512397,6 LITTLEWOOD Drive FYANSFORD 3218
53313512421,11 CITRINUS Street MOUNT DUNEED 3217
53313512447,12 FINN Way TARNEIT 3029
53313512520,12 SHIPSTERN Street ARMSTRONG CREEK 3217
53313512579,5 WELHAM Close BONNIE BROOK 3335
53313512605,83 LORIKEET Circuit ROCKBANK 3335
53313512637,24 SHIPSTERN Street ARMSTRONG CREEK 3217
53313512653,50 DENNISON Street DEANSIDE 3336
53313512678,52 DENNISON Street DEANSIDE 3336
53313512744,4 LIMESTONE Way OCEAN GROVE 3226
53313512803,2 BROWN Street BONNIE BROOK 3335
53313661700,6 SKALKOZ Street WILLIAMS LANDING 3027
53313661865,44 MADISONS Avenue DIGGERS REST 3427
53313661898,7 AMUKTA Road TRUGANINA 3029
53313661922,31 IVORY Street COBBLEBANK 3338
53313661948,112 REFLECTIONS Crescent LARA 3212
53313661964,4 FRANCA Avenue FRASER RISE 3336
53313661997,11 MAROON Street TARNEIT 3029
53313662052,23 BLOMELEY Drive LUCAS 3350
53313662077,6 FUSION Drive WYNDHAM VALE 3024
53313662093,23 CORRIEDALE Avenue TRUGANINA 3029
53313662143,2 SKALKOZ Street WILLIAMS LANDING 3027
53313662169,40 FORREST GREEN Drive ARMSTRONG CREEK 3217
53313662192,15 COBRAM Drive EYNESBURY 3338
53313662225,9 BLESS Drive TARNEIT 3029
53313662274,50 NASCENT Drive TARNEIT 3029
53313662332,11 STEWART Court WARRNAMBOOL 3280
53313662358,34 NORTHWATTLE Crescent CORIO 3214
53313662373,18 MONAVALE Drive MOUNT DUNEED 3217
53313662409,3 DENNISON Street DEANSIDE 3336
53313662449,48 GUTHRIE Drive MELTON SOUTH 3338
53313662472,107 ABBEYGATE Drive WERRIBEE 3030
53313662516,14 RAAM Circuit ARMSTRONG CREEK 3217
53313662548,44 DAFFODIL Crescent DIGGERS REST 3427
53313662696,74 BROCKWOOD Street DEANSIDE 3336
53313662762,5 WEBB Street MAMBOURIN 3024
53313662787,9 WILMINGTON Street DEANSIDE 3336
53313662813,26 OROURKE Street LUCAS 3350
53313662845,12 SKALKOZ Street WILLIAMS LANDING 3027
53313662878,8 SKALKOZ Street WILLIAMS LANDING 3027
53313662894,28 SARAN Crescent DEANSIDE 3336
53313662912,16 SARAN Crescent DEANSIDE 3336
53313517462,12 AMARA Street TARNEIT 3029
53313517487,55 GREYJOY Road CHARLEMONT 3217
53313549976,44 KIMZY Circuit WERRIBEE 3030
53313550003,3 HERTALI Street TRUGANINA 3029
53313550027,25 BABINA Avenue MELTON SOUTH 3338
53313550043,14 KARAKUL Street MAMBOURIN 3024
53313550110,12 SHEOAK Court CAMPBELLS CREEK 3451
53313550183,118 VERONA Crescent FRASER RISE 3336
53313550232,120 VERONA Crescent FRASER RISE 3336
53313550258,19 HEDGELEY Avenue DEANSIDE 3336
53313550281,17 HEDGELEY Avenue DEANSIDE 3336
53313550309,4 SECLUDED Place KANGAROO FLAT 3555
53313550323,25 EVANS Way LUCAS 3350
53313550380,7 HEDGELEY Avenue DEANSIDE 3336
53313550416,61 NASCENT Drive TARNEIT 3029
53313550489,5 HEDGELEY Avenue DEANSIDE 3336
53313550515,32 HALCYON Road DEANSIDE 3336
53313550588,86 COMPASS Drive GREENVALE 3059
53313550614,23 ODIN Walk MELTON SOUTH 3338
53313550646,20 ATHENA Road WEIR VIEWS 3338
53313550695,6 LEIST Street HUNTLY 3551
53313550745,56 SURROUND Drive MAMBOURIN 3024
53313550778,6 STACCATO Terrace STRATHTULLOH 3338
53313596424,81 PIENZA Road FRASER RISE 3336
53313596509,7 CASSOWARY Way WINTER VALLEY 3358
53313596557,44 SHEOAK Street EPSOM 3551
53313596580,10 ROMNEY Street DEANSIDE 3336
53313596689,18 ARBOUR Grove BELMONT 3216
53313596707,18 ARBOUR Grove BELMONT 3216
53313596721,18 ARBOUR Grove BELMONT 3216
53313596755,20 ARBOUR Grove BELMONT 3216
53313596820,8 FERNSIDE Drive DIGGERS REST 3427
53313596887,10 ZEAL Road WINTER VALLEY 3358
53313596929,14 GIBBS Street DEANSIDE 3336
53313596953,7 LILYBLOOM Way FRASER RISE 3336
53313554844,15 TOUR Lane TARNEIT 3029
53313554877,2C GLADMAN Road MADDINGLEY 3340
53313554893,17 CAROB Street MICKLEHAM 3064
53313554911,15 NAMATJIRA Boulevard HUNTLY 3551
53313554943,40 KRATERON Street FRASER RISE 3336
53313554976,3 SLEET Avenue WYNDHAM VALE 3024
53313555025,40 VERONA Crescent FRASER RISE 3336
53313555216,17 OGAWA Walk TARNEIT 3029
53313555248,11 OGAWA Walk TARNEIT 3029
53313555271,1 OGAWA Walk TARNEIT 3029
53313555297,2 MORNINGTON Crescent ROCKBANK 3335
53313555315,5 OGAWA Walk TARNEIT 3029
53313555347,114 POLLY Parade TARNEIT 3029
53313555414,45 ADANSONIA Circuit MICKLEHAM 3064
53313555438,14 CHAPPELL Avenue CLIFTON SPRINGS 3222
53313555454,16 COACHING Parade POINT COOK 3030
53313555487,140 BRAMLEY Avenue CHARLEMONT 3217
53313555513,13 BRADFORD Street ROCKBANK 3335
53313555545,30 CROWLANDS Circuit EYNESBURY 3338
53313555561,12 APRICOT Circuit TARNEIT 3029
53313555586,50 EAGLE Road ARMSTRONG CREEK 3217
53313555612,7 RED WATTLE Way GREENVALE 3059
53313555652,44 ROCHFORD Way MELTON SOUTH 3338
53313555735,52 EAGLE Road ARMSTRONG CREEK 3217
53313555792,65A GILLINGHAM Crescent CRAIGIEBURN 3064
53313555826,106 WATTLEBIRD Court SUNSHINE NORTH 3020
53313555868,100 WATTLEBIRD Court SUNSHINE NORTH 3020
53313555891,94 WATTLEBIRD Court SUNSHINE NORTH 3020
53313555925,88 WATTLEBIRD Court SUNSHINE NORTH 3020
53313555959,84 WATTLEBIRD Court SUNSHINE NORTH 3020
53313556023,37 LIMPET Circuit POINT LONSDALE 3225
53313556080,11 NOVA Street WEIR VIEWS 3338
53313556238,4 LOLLIPOP Crescent SUNBURY 3429
53313512835,21 BOUQUET Circuit DIGGERS REST 3427
53313512851,26 MARTLAND Street LUCAS 3350
53313512876,2 GREVILLEA Drive MOUNT DUNEED 3217
53313512902,16 QUEST Drive FRASER RISE 3336
53313512968,21 HAWKESTONE Street MELTON SOUTH 3338
53313512983,12 GRIFFITH Road DEANSIDE 3336
53313513099,43 WALTERS Way ALFREDTON 3350
53313513131,31 LANGER Road DEANSIDE 3336
53313513180,46 SARATOGA Circuit DRYSDALE 3222
53313513207,48 SARATOGA Circuit DRYSDALE 3222
53313513255,18 QUEST Drive FRASER RISE 3336
53313513270,55A NORMAN Street WARRNAMBOOL 3280
53313513306,11 ALEGRA Street BALLAN 3342
53313513437,330 BROOKFIELD Boulevard CRAIGIEBURN 3064
53313513494,4 CADENZA Walk TARNEIT 3029
53313513512,2 CADENZA Walk TARNEIT 3029
53313513536,14 CADENZA Walk TARNEIT 3029
53313513560,20 CADENZA Walk TARNEIT 3029
53313513593,63 SPOONBILL Avenue WINTER VALLEY 3358
53313513627,9 WALTER Street CHARLEMONT 3217
53313513669,27 GRIBBLE Street LUCAS 3350
53313513692,6 PAMPAS Street ROCKBANK 3335
53313513710,17 GALACTIC Avenue STRATHFIELDSAYE 3551
53313513768,6 MOUNTAIN Avenue MANOR LAKES 3024
53313513801,43 TOWER Street THORNHILL PARK 3335
53313513833,135 SHORTRIDGE Drive LUCAS 3350
53313513890,50 HOLSTEIN Crescent TARNEIT 3029
53313513999,23 COLDSTREAM Avenue WERRIBEE 3030
53313514048,25 COLDSTREAM Avenue WERRIBEE 3030
53313514064,31 COLDSTREAM Avenue WERRIBEE 3030
53313514097,33 COLDSTREAM Avenue WERRIBEE 3030
53313514121,15 STUBBERFIELD Road TARNEIT 3029
53313514170,22 AVION Crescent TRUGANINA 3029
53313514196,5 BOWERBIRD Grange WINTER VALLEY 3358
53313517735,30 HALO Street TARNEIT 3029
53313517784,6 MASAYA Avenue TRUGANINA 3029
53313517842,40 LAURIE Street NEWPORT 3015
53313517891,18 MIDGARD Road WEIR VIEWS 3338
53313517919,97 GREENPOINT Drive ROCKBANK 3335
53313517941,14 SORELL Street ARMSTRONG CREEK 3217
53313517974,28 INGALLS Road MAMBOURIN 3024
53313518009,21 MERAPI Grove TRUGANINA 3029
53313518072,26 ZIDANE Avenue DEANSIDE 3336
53313518098,9 HABITAT Way ARMSTRONG CREEK 3217
53313518116,10 FINN Way TARNEIT 3029
53313518189,11 LAMONGAN Rise TRUGANINA 3029
53313518246,59 TOBIN Crescent EPSOM 3551
53313518295,1 LIBERATION Circuit WERRIBEE 3030
53313518313,139 NEWMARKET Road WERRIBEE 3030
53313518345,8 GORKHA Way WERRIBEE 3030
53313518404,3 AVOCET Way ARMSTRONG CREEK 3217
53313518569,34 TRUSCOTT Avenue ROXBURGH PARK 3064
53313518701,30 CONTROL Street GREENVALE 3059
53313518741,2 LEMON Street ALFREDTON 3350
53313518774,5 BUKOVO Street TARNEIT 3029
53313518858,25 BURBIDGE Street TRUGANINA 3029
53313518909,35 WALTON Street MELTON SOUTH 3338
53313518931,28 PECHORA Street TRUGANINA 3029
53313518965,80 WEXFORD Street ALFREDTON 3350
53313518980,34 WINDOW Road TARNEIT 3029
53313519007,5 SILVER SMITH Drive KYNETON 3444
53313519039,4 BULLION Lane JACKASS FLAT 3556
53313519096,73 SHELTERBELT Avenue WEIR VIEWS 3338
53313596986,24 ACKERMAN Street ARMSTRONG CREEK 3217
53313597010,8 FALLON Street AINTREE 3336
53313597050,9 VOLT Street WINTER VALLEY 3358
53313597119,1 LILYBLOOM Way FRASER RISE 3336
53313597141,87 DUNDAS Street WHITE HILLS 3550
53313597167,3 GRASSY Street WINTER VALLEY 3358
53313597182,10 ELM Drive FRASER RISE 3336
53313597217,7 GRASSY Street WINTER VALLEY 3358
53313597231,24 GENOVESA Drive TRUGANINA 3029
53313597257,17 HIMALAYAS Street TRUGANINA 3029
53313597280,13 ESSENCE Street DIGGERS REST 3427
53313597308,33 STUBBERFIELD Road TARNEIT 3029
53313597322,34 WATERFERN Street FRASER RISE 3336
53313597421,20 POLLEN Street MOUNT DUNEED 3217
53313597554,79 ERSKINE Road WINTER VALLEY 3358
53313597579,19 NORTHWATTLE Crescent CORIO 3214
53313597595,16 AMARA Street TARNEIT 3029
53313597629,141 POLLY Parade TARNEIT 3029
53313597653,16 ATHENA Road WEIR VIEWS 3338
53313597704,5 CROWLANDS Circuit EYNESBURY 3338
53313597728,9 CAMPBELL Road HUNTLY 3551
53313597752,52 GUTHRIE Drive MELTON SOUTH 3338
53313597777,21 POLMONT Avenue THORNHILL PARK 3335
53313597827,34 AINTREE Street CRAIGIEBURN 3064
53313597843,39 DREAMER Circuit MOUNT DUNEED 3217
53313597892,33 DREAMER Circuit MOUNT DUNEED 3217
53313597926,23 MARY Drive ALFREDTON 3350
53313597950,18 HARSHAW Road THORNHILL PARK 3335
53313597975,25 HARVEYS Lane JACKASS FLAT 3556
53313597991,3 DUNDALK Way ROCKBANK 3335
53313598058,4 BARITONE Road STRATHTULLOH 3338
53313598109,5 IONICA Loop TRUGANINA 3029
53313598123,51 PEAR Parade FRASER RISE 3336
53313598157,43 WATERFERN Street FRASER RISE 3336
53313598180,8 DOLLARBIRD Drive DEANSIDE 3336
53313598215,10 SUNNY Street SUNBURY 3429
53313598239,3 LOWELL Road TARNEIT 3029
53313598255,96 CENTURION Avenue TARNEIT 3029
53313598306,20 CAMFIELD Crescent MAMBOURIN 3024
53313598320,6 GLORY Way ARMSTRONG CREEK 3217
53313556254,27 NOYCE Way ROCKBANK 3335
53313556279,107 EDITH Street TARNEIT 3029
53313556378,13 HAKEA Drive ELLIMINYT 3250
53313556394,12 BLAIRGOWRIE Place MELTON WEST 3337
53313556412,12 BROLGA Boulevard WINTER VALLEY 3358
53313556452,76 WATTLEBIRD Court SUNSHINE NORTH 3020
53313556485,62 WATTLEBIRD Court SUNSHINE NORTH 3020
53313556511,56 WATTLEBIRD Court SUNSHINE NORTH 3020
53313556535,10 SHINRONE Drive GISBORNE 3437
53313556790,107 PALMDALE Crescent MAMBOURIN 3024
53313602628,5 GELANTIPY Drive TRUGANINA 3029
53313602644,40 INGLENOOK Circuit ARMSTRONG CREEK 3217
53313602660,95 INGLENOOK Circuit ARMSTRONG CREEK 3217
53313602711,13 CASSIDY Road WERRIBEE 3030
53313602834,12 ALBISTON Drive WARRNAMBOOL 3280
53313602875,11 CROWN Drive FRASER RISE 3336
53313602901,46 MONTAGNA Circuit ARMSTRONG CREEK 3217
53313603009,11 LUNAR Drive GREENVALE 3059
53313603116,15 SANKURU Road TRUGANINA 3029
53313603164,18 CONSTANCE Way NEW GISBORNE 3438
53313603206,75 HIGHLINE Boulevard TRUGANINA 3029
53313603238,8 QUEST Drive FRASER RISE 3336
53313603279,52 JARLATH Drive MAMBOURIN 3024
53313603305,13 CONSTANCE Way NEW GISBORNE 3438
53313514229,4 YOUYANGS Street TRUGANINA 3029
53313514245,23 LORIKEET Circuit ROCKBANK 3335
53313514261,140 BONNIEBROOK Road BONNIE BROOK 3335
53313559851,40 LENA Crescent TRUGANINA 3029
53313559975,3 JOBS Road ROCKBANK 3335
53313560068,7 ESSENCE Street DIGGERS REST 3427
53313560091,5 ESHAL Crescent WYNDHAM VALE 3024
53313560174,3 PILKINGTON Street WARRNAMBOOL 3280
53313560298,9 BANUM Crescent ASCOT VALE 3032
53313560316,13 BANUM Crescent ASCOT VALE 3032
53313560348,15 BANUM Crescent ASCOT VALE 3032
53313560421,8 YEARLING Promenade WERRIBEE 3030
53313560447,47 CHLOE Street TARNEIT 3029
53313560538,53 TRICKETT Drive TRUGANINA 3029
53313560579,50 AVONBURY Drive ARMSTRONG CREEK 3217
53313560605,22 BLUEGRASS Way WINTER VALLEY 3358
53313560629,5 DOVE Avenue WINTER VALLEY 3358
53313560752,9 POLMONT Avenue THORNHILL PARK 3335
53313560811,1 NUGGETTY Lane EYNESBURY 3338
53313560835,37 VILLETTE Avenue TARNEIT 3029
53313560968,48 SHEOAK Street EPSOM 3551
53313560983,3 LEIST Street HUNTLY 3551
53313561018,32 COCKERELL Street TARNEIT 3029
53313561040,34 COCKERELL Street TARNEIT 3029
53313561149,22 LANGER Road DEANSIDE 3336
53313519114,52 CLAUDIA Crescent KURUNJANG 3337
53313519162,56 CLAUDIA Crescent KURUNJANG 3337
53313519187,5 LIBERATION Circuit WERRIBEE 3030
53313519204,27 PHOENIX Road ALTONA NORTH 3025
53313519252,4 LEMON Street ALFREDTON 3350
53313519277,4 METEOR Way GREENVALE 3059
53313519303,7 MAROON Street TARNEIT 3029
53313519335,4 COTTER Way TRUGANINA 3029
53313519369,7 FLUKE Street HUNTLY 3551
53313519402,6 PORTER Drive EAGLEHAWK 3556
53313519468,50 CLAUDIA Crescent KURUNJANG 3337
53313519491,10 ARAGON Road TARNEIT 3029
53313519533,41 ICONIC Drive TARNEIT 3029
53313519567,57 JOEY Crescent DEANSIDE 3336
53313519590,7 LOUIE Street DEANSIDE 3336
53313519624,29 MUSHU Street DEANSIDE 3336
53313519640,38 VIOLA Drive ROCKBANK 3335
53313519666,3 HEMSWORTH Road WEIR VIEWS 3338
53313519699,14 GALACTIC Avenue STRATHFIELDSAYE 3551
53313519731,14 SINCLAIR Close WINCHELSEA 3241
53313519780,54 TROOPER Avenue SUNBURY 3429
53313519939,60 NORMAN Street WARRNAMBOOL 3280
53313520020,20 QUIRK Road LUCAS 3350
53313520046,8 FARGO Street THORNHILL PARK 3335
53313520062,5 FINN Way TARNEIT 3029
53313520095,6 SAPLING Boulevard TARNEIT 3029
53313520129,119 HEMINGWAY Drive ROCKBANK 3335
53313520194,6 BELFAST Road ALFREDTON 3350
53313520227,101 HIGHLINE Boulevard TRUGANINA 3029
53313520251,51 CONSERVATORY Drive DEANSIDE 3336
53313520276,28 STELLAR Road BONNIE BROOK 3335
53313520342,16 STEVO Way FRASER RISE 3336
53313520375,44 DENNISON Street DEANSIDE 3336
53313566121,13 MAY Drive GISBORNE 3437
53313566170,88 VALIANT Road SMYTHES CREEK 3351
53313598453,16 NEVIS Place TRUGANINA 3029
53313598486,7 MONTAGNA Circuit ARMSTRONG CREEK 3217
53313598504,7 WOROPE Street WYNDHAM VALE 3024
53313598528,42 SHEOAK Street EPSOM 3551
53313598552,53 TREEVE Parkway WERRIBEE 3030
53313598585,4 CITRINUS Street MOUNT DUNEED 3217
53313598635,51 TREEVE Parkway WERRIBEE 3030
53313598651,41 GRAINGER Parade LUCAS 3350
53313598684,76 PLYMOUTH Drive ROCKBANK 3335
53313598710,9 APRIL Street GREENVALE 3059
53313598742,2 OCTAVIA Place STRATHTULLOH 3338
53313598768,55 NASCENT Drive TARNEIT 3029
53313598859,8 SICILY Avenue DEANSIDE 3336
53313598882,302 BOUNDARY Road MOUNT DUNEED 3217
53313598900,49 TREEVE Parkway WERRIBEE 3030
53313598924,8 WALBRIDGE Street DIGGERS REST 3427
53313598981,12 HANOVER Circuit MELTON SOUTH 3338
53313599056,51 ROBINSON Street ARMSTRONG CREEK 3217
53313599089,7 BENIN Way TRUGANINA 3029
53313599115,2 MEDOC Boulevard DEANSIDE 3336
53313599147,52 WALTERS Way ALFREDTON 3350
53313599196,7 PEPPERCORN Court AVONDALE HEIGHTS 3034
53313599229,4 SPACES Street SUNBURY 3429
53313599253,8 RARITY Street ARMSTRONG CREEK 3217
53313599286,12 WEBBER Street TARNEIT 3029
53313599304,14 ISLINGTON Street SUNSHINE 3020
53313644803,15 FRANCA Avenue FRASER RISE 3336
53313644835,3 CANAL Street FRASER RISE 3336
53313644884,6 HOFFSTED Way SUNBURY 3429
53313644902,12 KIRSTEN Street WYNDHAM VALE 3024
53313644934,11 BUSTER Street SUNBURY 3429
53313644975,40 STEAMBOAT Avenue WINTER VALLEY 3358
53313645024,6 ST LEONARDS Road WINCHELSEA 3241
53313645040,6 CASABLANCA Street POINT LONSDALE 3225
53313645066,14 RESERVOIR Road FRASER RISE 3336
53313645131,64 PARA Road TARNEIT 3029
53313645198,18 GYMEA Street MOUNT DUNEED 3217
53313645215,10 COPAL Street MAMBOURIN 3024
53313603361,41 ORIENTATION Avenue TARNEIT 3029
53313603460,4 COPAL Street MAMBOURIN 3024
53313603493,24 GOLDFINCH Road WINTER VALLEY 3358
53313603576,9 CAROB Street MICKLEHAM 3064
53313603602,30 MAREMMANO Crescent TAYLORS LAKES 3038
53313603634,982 MORRIS Road TRUGANINA 3029
53313603650,978 MORRIS Road TRUGANINA 3029
53313603675,38 NORTHWATTLE Crescent CORIO 3214
53313603701,16 WARATAH Way ELLIMINYT 3250
53313603725,11 COUNCILLOR Drive WEIR VIEWS 3338
53313603790,12 SUPPER Street SUNBURY 3429
53313603818,17 ISOLA Mews TARNEIT 3029
53313603873,18 DEVOTION Way TARNEIT 3029
53313603923,3 CAMPIGLI Street TARNEIT 3029
53313603949,1 HAVEN Parade ALTONA NORTH 3025
53313603972,21 HAVEN Parade ALTONA NORTH 3025
53313604007,9 HAVEN Parade ALTONA NORTH 3025
53313604039,15 HAVEN Parade ALTONA NORTH 3025
53313604055,2 ASTREA Place GREENVALE 3059
53313604070,12 CANMORE Street WERRIBEE 3030
53313604106,18 GLOVER Street MAMBOURIN 3024
53313604138,48 MAREMMANO Crescent TAYLORS LAKES 3038
53313604252,23 FAIRHALL Avenue WERRIBEE 3030
53313604303,28 GRIBBLE Street LUCAS 3350
53313604327,3 KYLIE Close DEANSIDE 3336
53313604343,13 BRAY Street DEANSIDE 3336
53313604402,1 ORNAMENT Avenue TARNEIT 3029
53313604434,2 DERRIMUT Street ROCKBANK 3335
53313604450,68 HUNTINGFIELD Street THORNHILL PARK 3335
53313604475,3 LEMON Street ALFREDTON 3350
53313604533,79 MORNINGTON Avenue TARNEIT 3029
53313604567,5 ROLLS Road SMYTHES CREEK 3351
53313604582,38 APPLE GUM Circuit BELLBRAE 3228
53313604666,16 PATRIOT Crescent SMYTHES CREEK 3351
53313604699,8 SUMMERTIME Avenue CHARLEMONT 3217
53313561180,30 LANGER Road DEANSIDE 3336
53313561215,32 CARDAMON Street ARMSTRONG CREEK 3217
53313561239,105 PALMDALE Crescent MAMBOURIN 3024
53313561255,4 BRAR Street THORNHILL PARK 3335
53313561346,53 FUCHSIA Drive ROCKBANK 3335
53313561362,43 TERRACOTTA Avenue TARNEIT 3029
53313561413,31 VERONA Crescent FRASER RISE 3336
53313561453,1 ZEAL Road WINTER VALLEY 3358
53313561486,11 STUBBERFIELD Road TARNEIT 3029
53313561528,49 STRATUS Street TARNEIT 3029
53313561552,10 NAMATJIRA Boulevard HUNTLY 3551
53313561611,53 ABERDEEN Drive JUNORTOUN 3551
53313561651,15 TAMWORTH Drive ROCKBANK 3335
53313561684,32 TAMWORTH Drive ROCKBANK 3335
53313561702,19 COPPICE Street LARA 3212
53313561726,9 SHANKAR Road TARNEIT 3029
53313561750,17 WOOLSPINNER Crescent WYNDHAM VALE 3024
53313561775,9 AVOCET Way ARMSTRONG CREEK 3217
53313561791,2 AVOCET Way ARMSTRONG CREEK 3217
53313561825,26 DALGLISH Street DEANSIDE 3336
53313561859,15 MORNINGTON Crescent ROCKBANK 3335
53313561924,4 GUERNSEY Court SEBASTOPOL 3356
53313561981,136 BRAMLEY Avenue CHARLEMONT 3217
53313562014,8 CORYMBIA Street MOUNT DUNEED 3217
53313562054,28 FLEURIEU Circuit ARMSTRONG CREEK 3217
53313562079,20 KARDAK Street TARNEIT 3029
53313562105,28 DANUBE Road TRUGANINA 3029
53313562137,8 OCTAVIA Place STRATHTULLOH 3338
53313562161,53 EDITH Street TARNEIT 3029
53313562186,271 MANOR LAKES Boulevard MANOR LAKES 3024
53313562203,33 LIMPET Circuit POINT LONSDALE 3225
53313562235,5 FREDDIE Street SUNBURY 3429
53313562251,18 LEROY Street SUNBURY 3429
53313562276,22 ATLANTIC Drive INDENTED HEAD 3223
53313562375,6 CASSIDY Road WERRIBEE 3030
53313562401,14 DEVONSHIRE Road THORNHILL PARK 3335
53313562459,1 CONRICK Way KOROIT 3282
53313562474,15 SHALE Road WERRIBEE 3030
53313562532,37 STUBBERFIELD Road TARNEIT 3029
53313562566,27 ESHAL Crescent WYNDHAM VALE 3024
53313562581,4 GADSBY Street HUNTLY 3551
53313566261,20 GLASSWING Street TARNEIT 3029
53313566328,36 SHEOAK Street EPSOM 3551
53313566377,84 GORDON Street NEWPORT 3015
53313566427,5 KIWARRA Court STRATHFIELDSAYE 3551
53313566451,30 HANOVER Circuit MELTON SOUTH 3338
53313566484,21 WOOL Street TARNEIT 3029
53313566502,25 WOOL Street TARNEIT 3029
53313566526,3 WOOL Street TARNEIT 3029
53313566583,17 WOOL Street TARNEIT 3029
53313566619,27 WOOL Street TARNEIT 3029
53313566633,33 WOOL Street TARNEIT 3029
53313566659,39 BENSON Drive WERRIBEE 3030
53313566700,6 JENG Loop TARNEIT 3029
53313566724,2 JENG Loop TARNEIT 3029
53313566823,25 FIRMONA Street TARNEIT 3029
53313566956,13 GRIBBLE Street LUCAS 3350
53313567037,19 FERONIA Avenue TARNEIT 3029
53313567086,9 YOUYANGS Street TRUGANINA 3029
53313567112,7 YOUYANGS Street TRUGANINA 3029
53313567185,45 VERDALE Drive ALFREDTON 3350
53313567250,279 QUEEN Street ALTONA 3018
53313567283,20 WOODBURY Street WILLIAMS LANDING 3027
53313567301,14 CANDY Road GREENVALE 3059
53313567325,82 KENSINGTON Boulevard SMYTHES CREEK 3351
53313567531,5 WILTSHIRE Rise WINCHELSEA 3241
53313567565,3 COOL Street SUNBURY 3429
53313567580,45 JACANA Way ARMSTRONG CREEK 3217
53313567608,51 CROWLANDS Circuit EYNESBURY 3338
53313567630,27 GANSHA Street WEIR VIEWS 3338
53313567664,7 INGLENOOK Circuit ARMSTRONG CREEK 3217
53313645247,7 VIOLETTA Boulevard DIGGERS REST 3427
53313645263,18 HEALY Drive TRUGANINA 3029
53313645314,103 GREYJOY Road CHARLEMONT 3217
53313645338,6 ALBISTON Drive WARRNAMBOOL 3280
53313645387,9 FILLMORE Drive CRAIGIEBURN 3064
53313645445,103 WILLIAMS LANDING Boulevard WILLIAMS LANDING 3027
53313645461,97 WILLIAMS LANDING Boulevard WILLIAMS LANDING 3027
53313645486,93 WILLIAMS LANDING Boulevard WILLIAMS LANDING 3027
53313645577,14 AJAX Way BONNIE BROOK 3335
53313645593,71 ORNAMENT Avenue TARNEIT 3029
53313645643,6 CANTER Road TARNEIT 3029
53313645676,20 GLENMORE Parkway ROCKBANK 3335
53313645726,19 MAYOPARK Street DEANSIDE 3336
53313645742,13 DALMORE Street DEANSIDE 3336
53313645783,106 MERINDAH Boulevard DEANSIDE 3336
53313645825,85 SUNDANCE Boulevard WINTER VALLEY 3358
53313645900,39 HAWKESTONE Street MELTON SOUTH 3338
53313645932,13 TRADITION Walk TARNEIT 3029
53313645966,11 AARON Road TARNEIT 3029
53313645999,19 ARAGON Road TARNEIT 3029
53313646016,37 LISTOWEL Grove ROCKBANK 3335
53313646030,27 PAVILION Street DEANSIDE 3336
53313646064,23 HUFFNELL Road DEANSIDE 3336
53313646155,61 BASTEN Avenue DEANSIDE 3336
53313646170,11 GAMESLEY Street STRATHTULLOH 3338
53313646205,8 COLDSTREAM Avenue WERRIBEE 3030
53313646261,13 QUINTA Crescent SUNBURY 3429
53313646286,35 BUSHRANGER Drive SUNBURY 3429
53313646336,44 LADHAMS Way MADDINGLEY 3340
53313646352,17 RHEOLA Street EYNESBURY 3338
53313646427,1 RAYLEIGH Avenue QUEENSCLIFF 3225
53313646443,31 BOUQUET Circuit DIGGERS REST 3427
53313646476,6 WITHERS Street MOUNT DUNEED 3217
53313646510,90 HALCYON Road DEANSIDE 3336
53313646568,38 BEARTOOTH Drive WINTER VALLEY 3358
53313646583,18 ICARUS Street TARNEIT 3029
53313646619,21 MARACAIBO Crescent MANOR LAKES 3024
53313646641,91 LOLLIPOP Crescent SUNBURY 3429
53312733430,51 TENBURY WELLS Avenue DRYSDALE 3222
53312733497,59 TENBURY WELLS Avenue DRYSDALE 3222
53312733521,27 SARATOGA Circuit DRYSDALE 3222
53313620878,102 VOYAGER Boulevard TARNEIT 3029
53313620904,4 SPARROW Way WINTER VALLEY 3358
53313620936,46 BOTANICAL Drive LARA 3212
53313620960,46 BOTANICAL Drive LARA 3212
53313620993,8 WILMINGTON Street DEANSIDE 3336
53313621010,22 GASTON Crescent BONNIE BROOK 3335
53313621034,85 KINGDOM Boulevard WEIR VIEWS 3338
53313621068,16 ICARUS Street TARNEIT 3029
53313621159,11 CASTLECRAG Way STRATHTULLOH 3338
53313621265,80 LENA Crescent TRUGANINA 3029
53313621280,46 BOTANICAL Drive LARA 3212
53313621308,46 BOTANICAL Drive LARA 3212
53313621371,17 BOTANICAL Drive MOUNT DUNEED 3217
53313621421,13 BELCONNEN Avenue STRATHTULLOH 3338
53313621463,34 TAYLORS Circuit CHARLEMONT 3217
53313621496,94 OAKDEAN Boulevard OCEAN GROVE 3226
53313621595,2 WILLOWBANK Court EPSOM 3551
53313621645,18 HOLSTEIN Crescent TARNEIT 3029
53313621661,21 DOLLARBIRD Drive DEANSIDE 3336
53313621694,12 YEOMAN Street MELTON SOUTH 3338
53313621728,10 AZALEA Way ROCKBANK 3335
53313621744,10 MCGEACHIN Street LUCAS 3350
53313621777,24 AQUIVER Terrace MINERS REST 3352
53313621803,55 SHOWMAN Drive DIGGERS REST 3427
53313621876,4 SAPPORO Street WINTER VALLEY 3358
53313621892,36 CALLAGHAN Street JACKASS FLAT 3556
53313621942,3 MESTON Street TRUGANINA 3029
53313621975,7 SAPPORO Street WINTER VALLEY 3358
53313622008,15 BUTTERNUT Street HARKNESS 3337
53313622071,13 HONEYEATER Way ROCKBANK 3335
53313622139,54 SUNLIGHT Circuit LARA 3212
53313622155,35 BOUQUET Circuit DIGGERS REST 3427
53313622170,33 BOUQUET Circuit DIGGERS REST 3427
53313622205,24 SILVER SMITH Drive KYNETON 3444
53313622229,17 SURROUND Circuit BONNIE BROOK 3335
53313622245,3 BOTANICAL Drive MOUNT DUNEED 3217
53313622294,5 BALLISTER Street WYNDHAM VALE 3024
53312776240,73 WESTGATE Street PASCOE VALE SOUTH 3044
53312776273,73 WESTGATE Street PASCOE VALE SOUTH 3044
53312776299,6 VIEW Street PASCOE VALE 3044
53312776317,6 VIEW Street PASCOE VALE 3044
53312776349,6 VIEW Street PASCOE VALE 3044
53312782750,14 MARIE Street OAK PARK 3046
53312782775,60B COLLINSON Street KEILOR PARK 3042
53312734769,98 BEACON POINT Road CLIFTON SPRINGS 3222
53312734792,98 BEACON POINT Road CLIFTON SPRINGS 3222
53312734826,4 DONALD Street HADFIELD 3046
53313622312,42 LANGDON Drive WYNDHAM VALE 3024
53313622344,7 GUMNUT Walk ROCKBANK 3335
53313622403,22 SPARROWHAWK Crescent DEANSIDE 3336
53313622427,10 SPARROWHAWK Crescent DEANSIDE 3336
53313622443,94 CROWN Street SEBASTOPOL 3356
53313622502,6 PURITAN Street ROCKBANK 3335
53313622534,13 ELECTRO Street WINTER VALLEY 3358
53313622550,92 VOYAGER Boulevard TARNEIT 3029
53313622575,5 CAROB Street MICKLEHAM 3064
53313622633,26 CORMORANT Grange WINTER VALLEY 3358
53313622667,14 AARON Road TARNEIT 3029
53313622700,37 MAREMMANO Crescent TAYLORS LAKES 3038
53313622773,29 GODDARD Street LUCAS 3350
53313622809,24 PAVILION Street DEANSIDE 3336
53313622823,6 OWEN Way DEANSIDE 3336
53313622872,14 HAKEA Drive ELLIMINYT 3250
53313622930,1 EARHART Street DIGGERS REST 3427
53313622971,2 DOLWOOD Street MOUNT DUNEED 3217
53313623006,18 HAKEA Drive ELLIMINYT 3250
53313623038,251 MANOR LAKES Boulevard MANOR LAKES 3024
53313623062,21 NEWPORT Crescent INDENTED HEAD 3223
53313623087,30 TRUFFLE Circuit MOUNT DUNEED 3217
53313623105,15 VASSE Circuit MOUNT DUNEED 3217
53313623137,35 CANYON Circuit BONNIE BROOK 3335
53313623161,1 SCHUBERT Place MOUNT DUNEED 3217
53313623194,46 FORREST GREEN Drive ARMSTRONG CREEK 3217
53313623211,116 POLLY Parade TARNEIT 3029
53313623269,19 STORY Street FRASER RISE 3336
53313623284,21 YELLOWSTONE Drive TRUGANINA 3029
53313623334,1 COMPUTE Street GREENVALE 3059
53313623375,18 DERRIMUT Street ROCKBANK 3335
53313623401,5 BELCONNEN Avenue STRATHTULLOH 3338
53313669057,47 VASSE Circuit MOUNT DUNEED 3217
53313669098,17 DERRIMUT Street ROCKBANK 3335
53313669116,58 YELLOWSTONE Drive TRUGANINA 3029
53313669130,26 SILVER Drive DIGGERS REST 3427
53313669220,14 SAFRANO Street TARNEIT 3029
53313669246,62 MATTINA Circuit GREENVALE 3059
53312776654,17 SARATOGA Circuit DRYSDALE 3222
53312776679,21 SARATOGA Circuit DRYSDALE 3222
53312777131,39 JAMES Street FAWKNER 3060
53312777207,96C RAILWAY Street ALTONA 3018
53312784310,4 BAILEY Court CAMPBELLFIELD 3061
53312784467,465 BLACKSHAWS Road ALTONA NORTH 3025
53312784631,5A MOTHERWELL Avenue GREENVALE 3059
53312785358,234-236 HOPPERS Lane WERRIBEE 3030
53313664288,55 CLAY Crescent ROCKBANK 3335
53313664306,15 KINGSLEY Promenade HUNTLY 3551
53313664320,24 YILDIZ Street CHARLEMONT 3217
53313664354,3 PURITY Way ARMSTRONG CREEK 3217
53313664453,13 GIZA Street BONNIE BROOK 3335
53313664611,37 APRICOT Circuit TARNEIT 3029
53313664635,2 STALLION Place SEBASTOPOL 3356
53313664651,4 STALLION Place SEBASTOPOL 3356
53313664710,25 COTTER Way TRUGANINA 3029
53313664783,45 MONTAGNA Circuit ARMSTRONG CREEK 3217
53313664819,17 EYCKENS Road LUCAS 3350
53313664859,53 TOBIN Crescent EPSOM 3551
53313664882,15 HARSHAW Road THORNHILL PARK 3335
53313664900,24 YEOMAN Street MELTON SOUTH 3338
53313664924,18 SHEARMAN Road DEANSIDE 3336
53313664958,31 DILWARRA Drive BONNIE BROOK 3335
53313664981,55 LADHAMS Way MADDINGLEY 3340
53313665022,27 TRUFFLE Circuit MOUNT DUNEED 3217
53313665048,8 JOBS Road ROCKBANK 3335
53313665097,17 CARBERY Way LUCAS 3350
53313665155,75 INGLENOOK Circuit ARMSTRONG CREEK 3217
53313665170,41 FLANAGAN Close ARMSTRONG CREEK 3217
53313665229,11 HESTER Street HUNTLY 3551
53313665336,5 EXMOOR Street BONNIE BROOK 3335
53313665360,76 CASTLECRAG Way STRATHTULLOH 3338
53313665385,21 LOUISVILLE Drive THORNHILL PARK 3335
53313665403,130 ADELONG Way BACCHUS MARSH 3340
53313665469,35 INVICTA Drive SMYTHES CREEK 3351
53313665510,10 CASSATA Road MANOR LAKES 3024
53313665583,11 HUMMOCK Rise WERRIBEE 3030
53313665601,18 AINSWORTH Street LUCAS 3350
53313665625,11 SALTGRASS Avenue TARNEIT 3029
53313665659,103 ELPIS Road WEIR VIEWS 3338
53313665682,81 MORNINGTON Avenue TARNEIT 3029
53313669262,31 BAINBRIDGE Road MANOR LAKES 3024
53313669295,4 WALLOWA Road CARDIGAN 3352
53313669329,7 MURRAY Street GLENROY 3046
53313669345,37 GENOVESA Drive TRUGANINA 3029
53313669412,47 EVERGREEN Boulevard JACKASS FLAT 3556
53313669477,12 GLYNN Avenue ALTONA NORTH 3025
53313669503,4 GLYNN Avenue ALTONA NORTH 3025
53313669527,11 DEAKIN Avenue ALTONA NORTH 3025
53313669543,8 GLYNN Avenue ALTONA NORTH 3025
53313669576,23 SUPPLE Street WERRIBEE 3030
53313669634,7 MATTINA Circuit GREENVALE 3059
53313669675,30 PROBER Crescent TRUGANINA 3029
53313669800,32 HOLST Street ARMSTRONG CREEK 3217
53313669832,46 FLUME Street LARA 3212
53313669858,18 NECTAR Drive MOUNT DUNEED 3217
53313669873,62 PALMDALE Crescent MAMBOURIN 3024
53313669909,32 CONSTANT Avenue WERRIBEE 3030
53313669923,153 LIGHTSVIEW Boulevard ROCKBANK 3335
53313669949,100 OPAL Drive LEOPOLD 3224
53313669972,196 ALTEZZE Drive TRUGANINA 3029
53313670009,5 HICKLING Road TARNEIT 3029
53313670057,77 PIENZA Road FRASER RISE 3336
53313670072,17 KEMPSEY Walk ARMSTRONG CREEK 3217
53313670130,16 GLYNN Avenue ALTONA NORTH 3025
53313670164,5 DEAKIN Avenue ALTONA NORTH 3025
53313670189,1 DEAKIN Avenue ALTONA NORTH 3025
53313670206,266 KEILOR Road ESSENDON 3040
53313670238,15 KEMPSEY Walk ARMSTRONG CREEK 3217
53313670262,7 MURRAY Street GLENROY 3046
53313670295,142 WERRIBEE Street WERRIBEE 3030
53313670337,44 VASSE Circuit MOUNT DUNEED 3217
53313670361,21 JERNIGAN Road TARNEIT 3029
53313670527,6 RETREAT Way WEIR VIEWS 3338
53313670551,27 EYCKENS Road LUCAS 3350
53313670584,23 MALUA Road BONNIE BROOK 3335
53313670602,51 SCORIA Circuit CRAIGIEBURN 3064
53313670626,15 CAMFIELD Crescent MAMBOURIN 3024
53313670650,308 HIGHLANDER Drive CRAIGIEBURN 3064
53312778674,12B GRASSDART Street TARNEIT 3029
53312829108,46 SELWYN Street ALBION 3020
53312829394,35 ARMSTRONG Street SUNSHINE WEST 3020
53312829477,34 MIDDLE Road MARIBYRNONG 3032
53312829503,34 MIDDLE Road MARIBYRNONG 3032
53312835369,4 TRUMAN Street SOUTH KINGSVILLE 3015
53312836359,11 CALIGARI Way ALFREDTON 3350
53313665718,126 ODYSSEY Boulevard TARNEIT 3029
53313665732,4 HARRIS Street ROCKBANK 3335
53313665781,57 TOBIN Crescent EPSOM 3551
53313665817,13 RYDER Street CHARLEMONT 3217
53313665849,3 BIRD Avenue BACCHUS MARSH 3340
53313665922,31 TRICKETT Drive TRUGANINA 3029
53313665948,10 GODDARD Street LUCAS 3350
53313520459,42 PASLEY Street SUNBURY 3429
53313520474,42 PASLEY Street SUNBURY 3429
53313520532,6 SILVEREYE Street TORQUAY 3228
53313520566,40 DURWARD Avenue MADDINGLEY 3340
53313520581,10 CAHILL Street ST ALBANS 3021
53313520609,8 GRATZ Street ST ALBANS 3021
53313520631,12A GRATZ Street ST ALBANS 3021
53313520665,21 HOLLIOAKE Drive LUCAS 3350
53313520698,20 SOUTHLANDS Loop STRATHTULLOH 3338
53313520730,10 MELIA Street STRATHFIELDSAYE 3551
53313520764,15 WOOLSPINNER Crescent WYNDHAM VALE 3024
53313520789,24 GREVILLEA Drive MOUNT DUNEED 3217
53313520807,10 SICILY Avenue DEANSIDE 3336
53313520839,5 KELSON Street WARRNAMBOOL 3280
53313520855,15 GOWAR Road TARNEIT 3029
53313520870,47 MULLINGAR Drive ALFREDTON 3350
53313520938,28 LENA Crescent TRUGANINA 3029
53313520962,111 PALMDALE Crescent MAMBOURIN 3024
53313520987,9 HILLTOP Drive CURLEWIS 3222
53313521004,24 VIOLA Drive ROCKBANK 3335
53313521036,17 NYORA Grove MOUNT HELEN 3350
53313521111,26 SIMMENTAL Street BONSHAW 3352
53313521135,2 CELESTA Road LARA 3212
53313521192,4 GRATZ Street ST ALBANS 3021
53313521274,5 BELFAST Road ALFREDTON 3350
53313521300,7 WARANGAL Way DEANSIDE 3336
53313521324,3 NOPAL Boulevard FRASER RISE 3336
53313521399,12 RICHARD Court CRESWICK 3363
53313521417,25 HUEGILL Drive BURNSIDE 3023
53313670683,41 CARDAMON Street ARMSTRONG CREEK 3217
53313670733,11 FUSION Drive WYNDHAM VALE 3024
53313670790,7 TARA Crescent WYNDHAM VALE 3024
53313670824,18 CODRINGTON Street CHARLEMONT 3217
53313670858,7 OVERALL Street LUCAS 3350
53313670909,36 BARRETT Street LANCEFIELD 3435
53313670931,21 PARK Lane LANCEFIELD 3435
53313670957,25 HEMSWORTH Road WEIR VIEWS 3338
53313670972,5 GRASSY Street WINTER VALLEY 3358
53313671007,40 BIRREGURRA Drive TARNEIT 3029
53313671021,50 OPAL Drive LEOPOLD 3224
53313671096,24 SUNDEW Terrace CAMPBELLS CREEK 3451
53313671154,13 CANAL Street FRASER RISE 3336
53313671179,11 WITHERS Street MOUNT DUNEED 3217
53313671252,7 HEYSEN Way HUNTLY 3551
53313671285,11 STORK Street WINTER VALLEY 3358
53313671303,9 ELECTRO Street WINTER VALLEY 3358
53313671327,21 PUCKLE Street MOONEE PONDS 3039
53313671434,6 FARMINGDALE Street MANOR LAKES 3024
53313671450,14 MENTELLE Street MOUNT DUNEED 3217
53313671574,6A THE PARADE  FYANSFORD 3218
53313671590,32 FRASER Street MOUNT PLEASANT 3350
53313671624,6 CHANDLER Street SMYTHES CREEK 3351
53313671681,30 MOOLORT Crescent EYNESBURY 3338
53313671709,77 SHIPWRIGHT Parade WERRIBEE 3030
53313671723,9 SELBY Way BONNIE BROOK 3335
53313671757,65 GENERATION Crescent MAMBOURIN 3024
53313671780,24 HOLSTEIN Crescent TARNEIT 3029
53313671816,8 PILKINGTON Street WARRNAMBOOL 3280
53313671830,3 KING GEORGE Street ST LEONARDS 3223
53313671856,10 ROBINSON Street ARMSTRONG CREEK 3217
53313671889,4 LYDNEY Street WYNDHAM VALE 3024
53313671915,36 LAYLA Crescent TARNEIT 3029
53313671947,19 FUSION Drive WYNDHAM VALE 3024
53313671963,18 SCANLON Street LUCAS 3350
53312829610,10 PINNACLE POINT Road BACCHUS MARSH 3340
53312830197,94 THIRD Avenue ALTONA NORTH 3025
53312830262,20 BARROW Street COBURG 3058
53312830337,13 FOWLER Street COBURG 3058
53312830881,85 BELLEVIEW Drive SUNBURY 3429
53312836622,4 ALLEN Street LAVERTON 3028
53312836763,10 WHITLAM Green POINT COOK 3030
53312837322,49 ALBERT Drive MELTON SOUTH 3338
53312837554,33 ZETA Crescent POINT COOK 3030
53312837579,35 ZETA Crescent POINT COOK 3030
53312837605,37 ZETA Crescent POINT COOK 3030
53312837629,41 ZETA Crescent POINT COOK 3030
53313521615,9 TOLHURST Street TARNEIT 3029
53313521714,10 BROWN Street BONNIE BROOK 3335
53313521746,11 GANSHA Street WEIR VIEWS 3338
53313521779,18 QUIRK Road LUCAS 3350
53313521813,25 MUSTANG Circuit BONNIE BROOK 3335
53313521912,32 RIHANNA Street GREENVALE 3059
53313521936,51 TERRACOTTA Avenue TARNEIT 3029
53313521952,32 TERRACOTTA Avenue TARNEIT 3029
53313522018,281 MANOR LAKES Boulevard MANOR LAKES 3024
53313522040,14 SCATTER Road FRASER RISE 3336
53313522066,30 MADIGAN Road LANCEFIELD 3435
53313522117,31 MUSTANG Circuit BONNIE BROOK 3335
53313522149,14 BRAY Street DEANSIDE 3336
53313522198,42 VIOLA Drive ROCKBANK 3335
53313522215,30 GUSTAVE Avenue MICKLEHAM 3064
53313522270,37 GAMUT Crescent BONNIE BROOK 3335
53313522314,27 EIFFEL Avenue BONNIE BROOK 3335
53313522338,25 LUIS Street BALLAN 3342
53313522429,9 PIPERS Street TARNEIT 3029
53313522536,14 FLEURIEU Circuit ARMSTRONG CREEK 3217
53313522635,112 PASKAS Drive FRASER RISE 3336
53313522734,15 SYKES Walk ST ALBANS 3021
53313522750,11 SYKES Walk ST ALBANS 3021
53313522801,31 KURUNG Drive WYNDHAM VALE 3024
53313522833,43 CHERISH Street FRASER RISE 3336
53313522958,93 EDITH Street TARNEIT 3029
53313522973,21 PETUNIA Way FRASER RISE 3336
53313523030,4 ATHENA Road WEIR VIEWS 3338
53312877799,15 AITKEN Street WILLIAMSTOWN 3016
53312877823,24 WINDSOR Terrace WILLIAMSTOWN 3016
53312877872,18 WINDSOR Terrace WILLIAMSTOWN 3016
53312878046,3 ROSEMARY Lane NEWPORT 3015
53312878062,7 ROSEMARY Lane NEWPORT 3015
53312878186,88 HOTHAM Road NIDDRIE 3042
53312878203,34 NORTH Street AIRPORT WEST 3042
53312878235,10 SKIPTON Close KEILOR DOWNS 3038
53312878657,7 SEYMOUR Lane WILLIAMSTOWN 3016
53312879324,62 SCOTT Street WHITE HILLS 3550
53312831830,1 NELSE Way WERRIBEE 3030
53312666410,6 CARRICK Lane STRATHMORE 3041
53312666491,8 CARRICK Lane STRATHMORE 3041
53312666988,12 TECOMA Court HUNTLY 3551
53312838288,18 THE Glen DRYSDALE 3222
53312838635,24 STANHOPE Street BROADMEADOWS 3047
53312838710,66A TARELLA Drive KEILOR DOWNS 3038
53312838775,41 SNELL Grove OAK PARK 3046
53313523163,5 SYKES Walk ST ALBANS 3021
53313523188,18 CLEF Street STRATHTULLOH 3338
53313523205,1 RIO Walk WERRIBEE 3030
53313523237,39 MARTLAND Street LUCAS 3350
53313523261,4 PEGASUS Drive WEIR VIEWS 3338
53313523312,15 STACCATO Terrace STRATHTULLOH 3338
53313523393,47 VILLETTE Avenue TARNEIT 3029
53313523443,23 GANSHA Street WEIR VIEWS 3338
53313569199,10 KANGAROO Way ARMSTRONG CREEK 3217
53313569222,191 SHORTRIDGE Drive LUCAS 3350
53313569248,39 VERDALE Drive ALFREDTON 3350
53313569264,35 LIDDERDALE Drive GISBORNE 3437
53313569321,5A ORBOST Drive MINERS REST 3352
53313569420,13 HILL Street PORT FAIRY 3284
53313569446,13 SEARS Avenue WARRNAMBOOL 3280
53313569462,11 CELTIC Road TARNEIT 3029
53313569513,35 ROWANDS Street MOUNT DUNEED 3217
53313569561,10 ANDERSON Street GEELONG WEST 3218
53313569604,9 MACLAREN Drive MELTON SOUTH 3338
53313569636,35 DREAMER Circuit MOUNT DUNEED 3217
53313569703,9 SUPPER Street SUNBURY 3429
53313569769,67 SHIPWRIGHT Parade WERRIBEE 3030
53313569834,6 SPACES Street SUNBURY 3429
53313569868,15 BLOODSWORTH Road DEANSIDE 3336
53313569891,39 BUCHANAN Boulevard ARMSTRONG CREEK 3217
53313569919,9 GYMEA Street MOUNT DUNEED 3217
53313569967,13 WEXFORD Way ROCKBANK 3335
53313570033,32 NAMATJIRA Boulevard HUNTLY 3551
53313570059,34 CONONDALE Avenue TRUGANINA 3029
53313570074,3 ALUTU Road TRUGANINA 3029
53313570166,84-86 HOLST Street ARMSTRONG CREEK 3217
53312879853,7 ROSE GUM Circuit BELLBRAE 3228
53312879878,11 ROSE GUM Circuit BELLBRAE 3228
53312879894,29 ROSE GUM Circuit BELLBRAE 3228
53312879944,6 PLYMOUTH Avenue PASCOE VALE 3044
53312879977,6 PLYMOUTH Avenue PASCOE VALE 3044
53312880449,31A ORMOND Road MOONEE PONDS 3039
53312881364,10 HYAMS Way TRUGANINA 3029
53312668026,7 CLAYDON Grove TRUGANINA 3029
53313570181,31 DELIA Avenue SUNBURY 3429
53313570208,4 CONTROL Street GREENVALE 3059
53313570370,3 ASGARD Street TRUGANINA 3029
53313570414,3 COTTONWOOD Road DIGGERS REST 3427
53313570479,27 MIDFORD Avenue WERRIBEE 3030
53313570505,7 ERVINE Drive WYNDHAM VALE 3024
53313570529,30 BUSHRANGER Drive SUNBURY 3429
53313570553,4 BINGLEY Street CRAIGIEBURN 3064
53313570586,5 EUGENIE Drive NEW GISBORNE 3438
53313570604,39 VULCAN Drive CRAIGIEBURN 3064
53313570628,28 LIDDERDALE Drive GISBORNE 3437
53313570652,78 TANGLEWOOD Boulevard TRUGANINA 3029
53313570677,6 GALIBIER Road BROWN HILL 3350
53313570703,42 DENNISON Street DEANSIDE 3336
53313570735,18 CASSIDY Road WERRIBEE 3030
53313570769,15 DANDELION Crescent ROCKBANK 3335
53313570792,1 WILMINGTON Street DEANSIDE 3336
53313570810,119 SUNDANCE Boulevard WINTER VALLEY 3358
53313570834,11 HARKNESS Boulevard ARMSTRONG CREEK 3217
53313570868,14 MONTVIEW Court CORIO 3214
53313570901,25 NAMATJIRA Boulevard HUNTLY 3551
53313571009,12 ST WARDEN Court KEILOR DOWNS 3038
53313571049,4 SINCLAIR Close WINCHELSEA 3241
53313571098,33 UNIVERSAL Road TARNEIT 3029
53313571148,15 TOLHURST Street TARNEIT 3029
53313571164,53 BLOSSOM Drive EPSOM 3551
53313571220,3 BANKSIA Court CAMPBELLS CREEK 3451
53313571246,6 CHLOE Street TARNEIT 3029
53313571262,19 SPEARWOOD Road CARDIGAN 3352
53313571337,30 WARDELL Street TARNEIT 3029
53313571361,20 COMMUNAL Road WYNDHAM VALE 3024
53313571404,73 PIENZA Road FRASER RISE 3336
53313571436,75 KINGDOM Boulevard WEIR VIEWS 3338
53313571535,36 HALO Street TARNEIT 3029
53313571592,16 HOLST Street ARMSTRONG CREEK 3217
53313571642,1 ASGARD Street TRUGANINA 3029
53313571668,72 BROCKWOOD Street DEANSIDE 3336
53312714670,5 METAR Place MOUNT DUNEED 3217
53312715407,27 COUPLING Way GLENROY 3046
53312715678,54 SIGNAL Circuit AINTREE 3336
53312715777,424 BALLARAT Road SUNSHINE 3020
53312669149,9 MURDOCH Court ALTONA NORTH 3025
53312669413,200 LAURISTON-RESERVOIR Road KYNETON 3444
53312728935,2 FRAMPTON Street LUCAS 3350
53312728951,6 FRAMPTON Street LUCAS 3350
53312729059,34 BLIBURG Street JACANA 3047
53313571790,10 HARRIS Street ROCKBANK 3335
53313571909,7 SALTERS Street THORNHILL PARK 3335
53313571923,5 BIBURY Street LARA 3212
53313571949,13 PORTER Street WERRIBEE 3030
53313571972,2 GALILEO Place GREENVALE 3059
53313572078,18 BROAD Road FRASER RISE 3336
53313572104,87 EDITH Street TARNEIT 3029
53313572136,23 COOK Road MELTON SOUTH 3338
53313572185,6 ARAGON Road TARNEIT 3029
53313572234,19 ADRIANUS Street ALFREDTON 3350
53313617733,11 RYDER Street CHARLEMONT 3217
53313617767,13 DELANCEY Street TARNEIT 3029
53313617782,12 SEFTON Street MAMBOURIN 3024
53313617832,12 MOUNTAIN ASH Circuit WINTER VALLEY 3358
53313617873,35 YELLOWSTONE Drive TRUGANINA 3029
53313617909,14 STEWART Court WARRNAMBOOL 3280
53313617949,30 VERDALE Drive ALFREDTON 3350
53313618007,6 WINDERS Lane POINT LONSDALE 3225
53313618106,35 SEVENHILL Drive MOUNT DUNEED 3217
53313618162,179 ABERLINE Road WARRNAMBOOL 3280
53313618187,63 KITCHENER Street BROADMEADOWS 3047
53313618260,9 PERIDOT Way ALFREDTON 3350
53313618293,34 SPOONBILL Avenue WINTER VALLEY 3358
53313618311,32 SPOONBILL Avenue WINTER VALLEY 3358
53313618335,4 XENOLITH Drive CRAIGIEBURN 3064
53313618369,31 BUSHRANGER Drive SUNBURY 3429
53313618384,7 FIRMONA Street TARNEIT 3029
53312717915,14 MARONG Court BROADMEADOWS 3047
53312717939,14 MARONG Court BROADMEADOWS 3047
53312730067,18A MACDOUGALL Road GOLDEN SQUARE 3555
53312730711,28 MARKER Avenue MOOLAP 3224
53312730743,21 MARKER Avenue MOOLAP 3224
53313618434,33 ANGUL Parade DEANSIDE 3336
53313618483,21 GANSHA Street WEIR VIEWS 3338
53313618519,20 CHARLESTON Road DEANSIDE 3336
53313618618,18 BLOMELEY Drive LUCAS 3350
53313618673,11 HALCYON Street POINT LONSDALE 3225
53313618709,63 BUCHANAN Boulevard ARMSTRONG CREEK 3217
53313618723,8 WINTON Drive FRASER RISE 3336
53313618772,32 FRIESIAN Avenue TAYLORS LAKES 3038
53313618830,29 DURELL Road TRUGANINA 3029
53313618907,9 KARMEN Court LANCEFIELD 3435
53313618921,34 OPULENT Boulevard TARNEIT 3029
53313618947,43 ICONIC Drive TARNEIT 3029
53313618970,100 COUNTESS Drive ST LEONARDS 3223
53313619013,13 HONEYEATER Way MOUNT DUNEED 3217
53313619045,9 ROMNEY Street DEANSIDE 3336
53313619078,89 OPAL Drive LEOPOLD 3224
53313619104,4 BRUSHBOX Walk ALTONA NORTH 3025
53313619128,18 SPARROWHAWK Crescent DEANSIDE 3336
53313619202,33 DANTE Crescent BONSHAW 3352
53313619242,34 CHARLBURY Street THORNHILL PARK 3335
53313619268,31 STEWART Court WARRNAMBOOL 3280
53313619283,63 INGLENOOK Circuit ARMSTRONG CREEK 3217
53313619319,16 WESTPHALIA Walk BONNIE BROOK 3335
53313619374,8 WESTPHALIA Walk BONNIE BROOK 3335
53313619390,2 SPREE Place LARA 3212
53313619440,25 PAVILION Street DEANSIDE 3336
53313619481,27 OASIS Drive MOUNT DUNEED 3217
53313619517,6 GRANDVIEW Crescent DARLEY 3340
53313619580,51 WHITFORDS Drive ARMSTRONG CREEK 3217
53313619616,44 PINTAIL Drive MELTON SOUTH 3338
53313619648,8 MERAPI Grove TRUGANINA 3029
53313619697,77 HOMESTEAD Drive LARA 3212
53313619763,39 LOUVRE Road BONNIE BROOK 3335
53313619796,4 SHEEPYARD Way DIGGERS REST 3427
53313619814,116 PASKAS Drive FRASER RISE 3336
53312779251,59A SECOND Avenue ALTONA NORTH 3025
53312786231,4 MOAMA Crescent PASCOE VALE SOUTH 3044
53313619838,1 METEOR Way GREENVALE 3059
53313619862,46 BOTANICAL Drive LARA 3212
53313619895,46 BOTANICAL Drive LARA 3212
53313619929,24 OPAL Drive LEOPOLD 3224
53313619945,20 SIMMENTAL Street BONSHAW 3352
53313619961,36 SILVER Drive DIGGERS REST 3427
53313619994,8 POPPY Grove TORQUAY 3228
53313620012,202 BONNIEBROOK Road BONNIE BROOK 3335
53313620036,33 QUEST Drive FRASER RISE 3336
53313620085,5 PALMDALE Crescent MAMBOURIN 3024
53313620103,300 HIGHLANDER Drive CRAIGIEBURN 3064
53313620135,11 THIRLMERE Place TRUGANINA 3029
53313620169,22 MONTVIEW Court CORIO 3214
53313620192,31 ASTRONOMY Street GREENVALE 3059
53313620219,86 HOMESTEAD Drive LARA 3212
53313620233,36 LADHAMS Way MADDINGLEY 3340
53313620267,91 DAIRYMANS Way BONSHAW 3352
53313620290,17 BABINA Avenue MELTON SOUTH 3338
53313620324,36 MARTLAND Street LUCAS 3350
53313620340,13 FRIENDSHIP Place FRASER RISE 3336
53313620366,18 SUNLIGHT Circuit LARA 3212
53313620399,17 SPARROWHAWK Crescent DEANSIDE 3336
53313620457,6 TAHOE Avenue WINTER VALLEY 3358
53313620472,39 METROON Drive WEIR VIEWS 3338
53313665964,6 WETHERBY Road WYNDHAM VALE 3024
53313666014,37 MICROPORA Drive WYNDHAM VALE 3024
53313666038,43 MICROPORA Drive WYNDHAM VALE 3024
53313666062,184 SARIC Street FRASER RISE 3336
53313666095,37 RAPTOR Lane WINTER VALLEY 3358
53313666129,40 CARISBROOK Crescent WINTER VALLEY 3358
53313666145,3 MORITZ Drive WINTER VALLEY 3358
53313666161,4 KINCADE Street LUCAS 3350
53313666194,15 VOLT Street WINTER VALLEY 3358
53313666227,16 NYMAN Circuit TARNEIT 3029
53313666251,26 CHARBEL Street GREENVALE 3059
53313666276,16 POLKINGHORNE View LUCAS 3350
53313666292,25 PERNONIE Street LUCAS 3350
53313666326,24 JERNIGAN Road TARNEIT 3029
53313666350,4 BROLGA Boulevard WINTER VALLEY 3358
53313666383,4 BUSHLAND Way JACKASS FLAT 3556
53313666490,37 LOUVRE Road BONNIE BROOK 3335
53313666540,29 RAPTOR Lane WINTER VALLEY 3358
53313666566,27 RAPTOR Lane WINTER VALLEY 3358
53313666581,23 RAPTOR Lane WINTER VALLEY 3358
53313666623,6 STEWART Court WARRNAMBOOL 3280
53313666665,5 RETREAT Way WEIR VIEWS 3338
53313666716,27 FAIRMONT Crescent FRASER RISE 3336
53313666748,33 MITIAMO Street EYNESBURY 3338
53312773444,6 HARDWICK Street COBURG 3058
53312779375,12 KNIGHT Court MEADOW HEIGHTS 3048
53312780292,17 HENDERSON Road TULLAMARINE 3043
53312780310,17 HENDERSON Road TULLAMARINE 3043
53312787031,13 ALMOND Avenue BROOKLYN 3012
53312787116,4 MOAMA Crescent PASCOE VALE SOUTH 3044
53312787313,137 NORTH Street HADFIELD 3046
53312787527,56 MORUYA Drive GROVEDALE 3216
53312787602,8 FRAMPTON Street LUCAS 3350
53313666815,3 GLENARD Avenue STRATHTULLOH 3338
53313666906,25 SHACKELL Street WEIR VIEWS 3338
53313666920,5 HAMMERMILL Drive SUNBURY 3429
53313666946,14 LOLLIPOP Crescent SUNBURY 3429
53313666979,13 DREAMER Circuit MOUNT DUNEED 3217
53313667003,2 HAYWARD Street LARA 3212
53313667035,2 BALBOA Way DEANSIDE 3336
53313667051,11 MACLAREN Drive MELTON SOUTH 3338
53313667076,89 HEMINGWAY Drive ROCKBANK 3335
53313667126,4 MATTINA Circuit GREENVALE 3059
53313667142,38 PALMDALE Crescent MAMBOURIN 3024
53313667175,67 METROON Drive WEIR VIEWS 3338
53313667191,4 PURI Street WERRIBEE 3030
53313667218,7 MALONEY Street LUCAS 3350
53313667240,93 SUNDANCE Boulevard WINTER VALLEY 3358
53313667273,17 CRADLE Circuit MANOR LAKES 3024
53313667309,15 LEROY Street SUNBURY 3429
53313667323,28 LIMPET Circuit POINT LONSDALE 3225
53313667372,70 CARFIN Circuit THORNHILL PARK 3335
53313667416,2 MURPHY Street KOROIT 3282
53313667489,8 PALETTE Street MAMBOURIN 3024
53313667515,2 KINCADE Street LUCAS 3350
53313667547,12 KIMBALL Street SMYTHES CREEK 3351
53313667570,67 REED Court DEANSIDE 3336
53313667596,168 WHITES Road MOUNT DUNEED 3217
53313667646,2 RUDHALL Street MADDINGLEY 3340
53313667662,43 STONNEYBURN Road THORNHILL PARK 3335
53313667687,98 FUCHSIA Drive ROCKBANK 3335
53313667713,52 HUNTINGFIELD Street THORNHILL PARK 3335
53313667737,36 UNICO Circuit MOUNT DUNEED 3217
53313667786,15 STEWART Court WARRNAMBOOL 3280
53313667812,8 CELESTA Road LARA 3212
53313667860,16 BLOODSWORTH Road DEANSIDE 3336
53313667885,70 PLYMOUTH Drive ROCKBANK 3335
53313667911,18 CORIDALE Boulevard LARA 3212
53313668025,20 BARMAH Grange GREENVALE 3059
53313668059,2 WILD BRANCH Place CORIO 3214
53313668082,42 CAVA Circuit SUNBURY 3429
53313668158,10 DAINTREE Street ARMSTRONG CREEK 3217
53313668181,58 PETUNIA Avenue TARNEIT 3029
53313668208,72 PETUNIA Avenue TARNEIT 3029
53312825476,24 MERRIJIG Drive TORQUAY 3228
53312825492,22 MERRIJIG Drive TORQUAY 3228
53312825526,1 MCLEAN Street TORQUAY 3228
53312825542,30 MERRIJIG Drive TORQUAY 3228
53312825568,38 MERRIJIG Drive TORQUAY 3228
53312825880,1 COBBS Close AINTREE 3336
53312825916,23 MARLO Street HAMLYN HEIGHTS 3215
53312781423,7 KEVLAR Close CANADIAN 3350
53312781449,8 KEVLAR Close CANADIAN 3350
53312781465,10 KEVLAR Close CANADIAN 3350
53312781498,13 KEVLAR Close CANADIAN 3350
53312781522,16 KEVLAR Close CANADIAN 3350
53312781556,19 KEVLAR Close CANADIAN 3350
53312781663,22 SARATOGA Circuit DRYSDALE 3222
53312781696,16 SARATOGA Circuit DRYSDALE 3222
53312838801,11 ANSELM Grove GLENROY 3046
53312838825,11 ANSELM Grove GLENROY 3046
53312838841,20 RENNISON Street BRAYBROOK 3019
53312839352,12 GRANVILLE Street GLENROY 3046
53313668222,15 AZALEA Way ROCKBANK 3335
53313668264,195 SHORTRIDGE Drive LUCAS 3350
53313668289,330 BROOKFIELD Boulevard CRAIGIEBURN 3064
53313668370,9 MURPHY Street KOROIT 3282
53313668406,1 MARION Street DEANSIDE 3336
53313668420,8 BUTLER Street LUCAS 3350
53313668537,5 HUFFNELL Road DEANSIDE 3336
53313668553,18 HUFFNELL Road DEANSIDE 3336
53313668636,61 GREYJOY Road CHARLEMONT 3217
53313668711,30 GRAPPA Circuit WYNDHAM VALE 3024
53313668769,35 AVONBURY Drive ARMSTRONG CREEK 3217
53313668810,6 APPALOOSA Avenue TAYLORS LAKES 3038
53313668834,53 NORMAN Street WARRNAMBOOL 3280
53313668850,15 LEMON Street ALFREDTON 3350
53313668883,12 COPAL Street MAMBOURIN 3024
53313668925,15 SABLE Street GREENVALE 3059
53313668959,68 FERONIA Avenue TARNEIT 3029
53313668990,21 CAMPBELL Street WARRNAMBOOL 3280
53313669023,14 ARCHIE Drive BONNIE BROOK 3335
53313523469,16 GALLEY Way ARMSTRONG CREEK 3217
53313523510,9 GREVILLEA Drive MOUNT DUNEED 3217
53313523534,18 HILLTOP Drive CURLEWIS 3222
53313523568,40 SILVER WATTLE Road MOUNT DUNEED 3217
53313523583,42 CORONADO Way TARNEIT 3029
53313523667,8 LORIKEET Circuit ROCKBANK 3335
53313523718,88 ELPIS Road WEIR VIEWS 3338
53313523732,11 AMALFI Street WINTER VALLEY 3358
53313523831,13 PAWLING Street ROCKBANK 3335
53313523857,9 CORMORANT Way TORQUAY 3228
53313523872,33 KRATERON Street FRASER RISE 3336
53313523908,82 SHELTERBELT Avenue WEIR VIEWS 3338
53313523930,19 HILLTOP Drive CURLEWIS 3222
53313523964,16 PRAISE Street FRASER RISE 3336
53313524038,12 ELM Drive FRASER RISE 3336
53313524079,57 HEATHWOOD Way OCEAN GROVE 3226
53312828321,17 JUSTIN Avenue GLENROY 3046
53312832662,2 TAYA Lane POINT COOK 3030
53312832687,20 ZETA Crescent POINT COOK 3030
53312832737,26 ZETA Crescent POINT COOK 3030
53312833693,47 EUMARELLA Street TULLAMARINE 3043
53312833735,79 REGATTA Drive CRAIGIEBURN 3064
53312840344,1 SHEARWATER Drive ARMSTRONG CREEK 3217
53313524105,16 POPPY Grove TORQUAY 3228
53313524129,11 LYRIC Drive MAMBOURIN 3024
53313524251,10 AMARA Way KANGAROO FLAT 3555
53313524334,3 LYRIC Drive MAMBOURIN 3024
53313524368,9 LYRIC Drive MAMBOURIN 3024
53313524383,31 MOOMBIL Road TRUGANINA 3029
53313524401,6 SCORPIO Road WEIR VIEWS 3338
53313524518,10 HALO Street TARNEIT 3029
53313524532,10 AVOCET Way ARMSTRONG CREEK 3217
53313524566,104 MONTEGO Boulevard SUNBURY 3429
53313524609,3 SELLS Road LUCAS 3350
53313524631,15 INGLENOOK Circuit ARMSTRONG CREEK 3217
53313524708,67 GREYJOY Road CHARLEMONT 3217
53313524730,56 PATRIOT Crescent SMYTHES CREEK 3351
53313524789,3 RIO Walk WERRIBEE 3030
53313524839,44 KEEPING Terrace TARNEIT 3029
53313524938,13 QUEENSRIDGE Grove FYANSFORD 3218
53313524995,15 FOLD Circuit BONNIE BROOK 3335
53313525028,22 PERNONIE Street LUCAS 3350
53313525044,6 LIMESTONE Way OCEAN GROVE 3226
53313525103,25 ROWANDS Street MOUNT DUNEED 3217
53313525127,115 CALLAWAY Street MAMBOURIN 3024
53313525267,19 BALLAD Street STRATHTULLOH 3338
53313525300,19 DALGLISH Street DEANSIDE 3336
53313525381,7 GENERATION Crescent MAMBOURIN 3024
53313525449,24 HOPKINS Road WARRNAMBOOL 3280
53313525516,19 POLLEN Street MOUNT DUNEED 3217
53313525556,64 GREYJOY Road CHARLEMONT 3217
53312881595,108 MAIN Road RIDDELLS CREEK 3431
53312881968,6 GOLF VIEW Street ST LEONARDS 3223
53312882245,13 WILLS Street WESTMEADOWS 3049
53312882261,13 WILLS Street WESTMEADOWS 3049
53312882294,336-380 MCIVOR Highway JUNORTOUN 3551
53312882328,336-380 MCIVOR Highway JUNORTOUN 3551
53312882352,336-380 MCIVOR Highway JUNORTOUN 3551
53312833751,73 REGATTA Drive CRAIGIEBURN 3064
53312833792,71 REGATTA Drive CRAIGIEBURN 3064
53312833810,77 REGATTA Drive CRAIGIEBURN 3064
53312833834,6 ARBUCKLE Road WERRIBEE 3030
53312834009,13 DUNN Street BROADMEADOWS 3047
53312834023,13 DUNN Street BROADMEADOWS 3047
53312834049,10 MAYLANDS Street ALBION 3020
53312834148,78 HAWKER Street AIRPORT WEST 3042
53312834295,14 VICTORY Avenue ALFREDTON 3350
53312834957,1 GULLY Road ELLIMINYT 3250
53312841276,6 GRACE Street ST ALBANS 3021
53312841302,13 CALIGARI Way ALFREDTON 3350
53312841326,1B TYSON Street FAWKNER 3060
53313525615,25 NORTHWATTLE Crescent CORIO 3214
53313525639,139 BRAMLEY Avenue CHARLEMONT 3217
53313525655,6 WILTSHIRE Rise WINCHELSEA 3241
53313525688,21 EUCALYPTUS Street JACKASS FLAT 3556
53313525706,47 TERRACOTTA Avenue TARNEIT 3029
53313525720,16 JANTAR Way FRASER RISE 3336
53313525754,14 GYMEA Street MOUNT DUNEED 3217
53313525779,12 CHAMBERLAIN Drive ARMSTRONG CREEK 3217
53313525795,99 EDITH Street TARNEIT 3029
53313525829,12 JANTAR Way FRASER RISE 3336
53313525886,13 ELAINE Street TARNEIT 3029
53313525904,6 WARREN Street THORNHILL PARK 3335
53313525928,20 QUEST Drive FRASER RISE 3336
53313525985,26 CHLOE Street TARNEIT 3029
53313526050,3 DORTON Glade DRYSDALE 3222
53313526083,9 DORTON Glade DRYSDALE 3222
53313526119,8 BORAGE Road THORNHILL PARK 3335
53313526141,29 BUSHRANGER Drive SUNBURY 3429
53313526182,13 HILLTOP Drive CURLEWIS 3222
53313526217,58 PENVER Terrace WERRIBEE 3030
53313526257,37 VERONA Crescent FRASER RISE 3336
53313526280,2 COLDSTREAM Avenue WERRIBEE 3030
53313526322,85 PIENZA Road FRASER RISE 3336
53313526356,2 CALLICOMA Street MICKLEHAM 3064
53313526389,3 GASTON Crescent BONNIE BROOK 3335
53313526415,12 GIBBS Street DEANSIDE 3336
53313526439,6 FAULKS Street BONNIE BROOK 3335
53313526455,36 PROGRESS Drive FRASER RISE 3336
53313572250,17 HAMPI Drive FRASER RISE 3336
53313572325,21 IVORY Street COBBLEBANK 3338
53313572509,25 MIDFORD Avenue WERRIBEE 3030
53313572565,48 STUBBERFIELD Road TARNEIT 3029
53313572608,124 FUCHSIA Drive ROCKBANK 3335
53313572622,118 FUCHSIA Drive ROCKBANK 3335
53313572648,122 FUCHSIA Drive ROCKBANK 3335
53313572671,13 RAPTOR Lane WINTER VALLEY 3358
53313572707,20 JENG Loop TARNEIT 3029
53313572770,18 JENG Loop TARNEIT 3029
53312882916,114 GAMON Street YARRAVILLE 3013
53312883425,181 MAIN Road ST ALBANS 3021
53312671139,17-21 CONRAN Drive OCEAN GROVE 3226
53312677614,9 MOORE Court SEAHOLME 3018
53312677778,119 OCEAN THROUGHWAY  OCEAN GROVE 3226
53313572806,10 JENG Loop TARNEIT 3029
53313572846,27 CANADIAN Avenue WERRIBEE 3030
53313572879,21 VERDALE Drive ALFREDTON 3350
53313572895,15 GRIBBLE Street LUCAS 3350
53313572945,120 FUCHSIA Drive ROCKBANK 3335
53313572978,3 TODD Street LUCAS 3350
53313573043,81 SHIPWRIGHT Parade WERRIBEE 3030
53313573134,32 CINDER Drive TARNEIT 3029
53313573150,21 ASTRONOMY Street GREENVALE 3059
53313573200,34 STRICTA Circuit FRASER RISE 3336
53313573232,3 RANELAGH Avenue STRATHTULLOH 3338
53313573266,23 ASTRONOMY Street GREENVALE 3059
53313573281,44 HANOVER Circuit MELTON SOUTH 3338
53313573309,146 ATHERSTONE Boulevard STRATHTULLOH 3338
53313573331,3 EASTRIDGE Street GREENVALE 3059
53313573380,9 WILLOWBANK Road GISBORNE 3437
53313573497,65 EAGLEMONT Drive STRATHTULLOH 3338
53313573521,3 PROCTOR Street HUNTLY 3551
53313573555,15 HAKEA Drive ELLIMINYT 3250
53313573620,13 MAYOPARK Street DEANSIDE 3336
53313573705,22 GARDANNE Court SUNBURY 3429
53313573729,2 WHEAT Street DIGGERS REST 3427
53313573786,39 HEMSWORTH Road WEIR VIEWS 3338
53313573812,13 GUERNSEY Court SEBASTOPOL 3356
53313573911,28 WINDANSEA Street ARMSTRONG CREEK 3217
53313573992,18 AINTREE Street CRAIGIEBURN 3064
53313574019,3 WILMINGTON Street DEANSIDE 3336
53312672135,22 HYDE Street DEER PARK 3023
53312672465,151 OHEA Street COBURG 3058
53312678974,43 ROSLYN Road BELMONT 3216
53312679313,107 SOUTH Street HADFIELD 3046
53313574264,43 MUSTANG Circuit BONNIE BROOK 3335
53313574315,5 GRIFFITH Road DEANSIDE 3336
53313574370,34 ITALIANATE Avenue DEANSIDE 3336
53313574396,67 TOPIARY Street TRUGANINA 3029
53313574414,22 PROVINCIAL Circuit DEANSIDE 3336
53313574513,4 ALMA Street SEBASTOPOL 3356
53313574586,44 MIA Street ALFREDTON 3350
53313574612,8 SANDPIPER Avenue WINTER VALLEY 3358
53313574644,7 CONSTANCE Way NEW GISBORNE 3438
53313574685,65 LORIKEET Circuit ROCKBANK 3335
53313574751,25 CAMPBELL Street WARRNAMBOOL 3280
53313574784,4 BLENRIL Avenue TARNEIT 3029
53313574802,58 CLAUDIA Crescent KURUNJANG 3337
53313574919,34 SHEOAK Street EPSOM 3551
53313574933,17 TARRNOOK Drive STRATHFIELDSAYE 3551
53313574959,1 VIVID Street WINTER VALLEY 3358
53313574982,8 CAULONIA Drive TRUGANINA 3029
53313575023,24 SKYPAC Street WEIR VIEWS 3338
53313575072,27 HEMSWORTH Road WEIR VIEWS 3338
53313575156,83 SHIPWRIGHT Parade WERRIBEE 3030
53313575189,129 CALLAWAY Street MAMBOURIN 3024
53313575220,40 WOOLSPINNER Crescent WYNDHAM VALE 3024
53313575254,16 FARMINGTON Road WYNDHAM VALE 3024
53313620696,38 SHEOAK Street EPSOM 3551
53313620720,53 MONTAGNA Circuit ARMSTRONG CREEK 3217
53313620762,40 SHELTERBELT Avenue WEIR VIEWS 3338
53313620795,3 APRIL Street GREENVALE 3059
53313620829,10 AARON Road TARNEIT 3029
53312720554,58A LINCOLN Drive KEILOR EAST 3033
53312726542,22 LYTTON Street GLENROY 3046
53312808647,10 FAWKNER Road PASCOE VALE 3044
53312808861,60 ELSTONE Avenue AIRPORT WEST 3042
53312808960,42 MEREDITH Street BROADMEADOWS 3047
53312808985,42 MEREDITH Street BROADMEADOWS 3047
53312815058,11 CLEMATIS Avenue ALTONA NORTH 3025
53312815603,65 FOURTH Avenue ALTONA NORTH 3025
53312848683,14 STELLA Street GLENROY 3046
53312848701,3 CROPLEY Crescent LAVERTON 3028
53312848800,121 PIONEER Drive AINTREE 3336
53312848840,27 PRINCES Street BALLARAT EAST 3350
53312848931,20 NAVARRE Court MEADOW HEIGHTS 3048
53312683941,16 CORRIGAN Avenue BROOKLYN 3012
53312684031,9 GUIDANCE Way TARNEIT 3029
53312852826,4 CLOVELLY Avenue GLENROY 3046
53312853017,46 TRUMAN Street SOUTH KINGSVILLE 3015
53312853527,2 WIN-MALEE Street HADFIELD 3046
53312853774,33 THE BROADWAY  ALTONA NORTH 3025
53312809884,78 LEONARD Avenue GLENROY 3046
53312809983,11 FRAMPTON Street LUCAS 3350
53312811131,4 RIVERSIDE Avenue KEILOR 3036
53312859815,32 TASSELL Street TORQUAY 3228
53312859847,5 MCLEAN Street TORQUAY 3228
53312815768,8 KAUMPLE Street PASCOE VALE 3044
53312817128,4A COLCLOUGH Court STRATHMORE 3041
53312817226,154 SPENCER Street ESSENDON 3040
53312817275,154 SPENCER Street ESSENDON 3040
53312853824,60 LINCOLN Avenue COBURG NORTH 3058
53312854039,33 THE BROADWAY  ALTONA NORTH 3025
53312854244,26 LINACRE Crescent MELTON SOUTH 3338
53312860137,6 PINNACLE POINT Road BACCHUS MARSH 3340
53312860186,4 PINNACLE POINT Road BACCHUS MARSH 3340
53312860821,10 TASSELL Street TORQUAY 3228
53312860847,46 MERRIJIG Drive TORQUAY 3228
53312860979,1002 HOWITT Street WENDOUREE 3355
53312861085,76 WILLIAM Street FAWKNER 3060
53312861192,42 CARLTON Street BRAYBROOK 3019
53312861290,16B VINE Street BRAYBROOK 3019
53312817770,2 KENNEDY Street GLENROY 3046
53312818069,65A FOURTH Avenue ALTONA NORTH 3025
53312818281,2 KENNEDY Street GLENROY 3046
53312867436,34 MARNOO Street BRAYBROOK 3019
53312739486,24 WURRUK Street FAWKNER 3060
53312862552,67 MOREILLON Boulevard BANNOCKBURN 3331
53312867642,2 ARBROATH Court GREENVALE 3059
53312868047,46145 COHUNA Street BROADMEADOWS 3047
53312741056,20A LINNET Street ALTONA 3018
53312693131,23 COUPLING Way GLENROY 3046
53312697594,8 IVY Lane AINTREE 3336
53312697959,5 BRONTON Close KURUNJANG 3337
53312789895,11 LAPIS Walk CRAIGIEBURN 3064
53312789929,5 LAPIS Walk CRAIGIEBURN 3064
53312790432,87A RAILWAY Place WILLIAMSTOWN 3016
53312791323,19 MULGA Street ALTONA 3018
53312797048,14 ROSE GUM Circuit BELLBRAE 3228
53312797064,8 ROSE GUM Circuit BELLBRAE 3228
53312797089,2 ROSE GUM Circuit BELLBRAE 3228
53312693676,14 PLENTY Walk MOUNT DUNEED 3217
53312693726,8 PLENTY Walk MOUNT DUNEED 3217
53312791471,297 BALLARAT Road BRAYBROOK 3019
53312791903,6 WALKER Street MOONEE PONDS 3039
53312791927,6 WALKER Street MOONEE PONDS 3039
53312793285,36 ELSTONE Avenue AIRPORT WEST 3042
53312793303,36 ELSTONE Avenue AIRPORT WEST 3042
53312798113,3 POMELO Street TARNEIT 3029
53312798211,61 MANNY PAUL Circuit BURNSIDE HEIGHTS 3023
53312798789,2 WAGNER Way AINTREE 3336
53312748414,2 BASALT Walk BRAYBROOK 3019
53312748446,5 BASALT Walk BRAYBROOK 3019
53312748479,8 BASALT Walk BRAYBROOK 3019
53312748586,10 BASALT Walk BRAYBROOK 3019
53312748604,12 BASALT Walk BRAYBROOK 3019
53312754197,4A ALBERT Street OAK PARK 3046
53312754220,4 ALBERT Street OAK PARK 3046
53312754254,11 GREVILLIA Road OAK PARK 3046
53312754790,31 ROBINSON Street JACANA 3047
53312754824,31 ROBINSON Street JACANA 3047
53312754840,51 AQUATIC Drive WERRIBEE SOUTH 3030
53312754866,39 AQUATIC Drive WERRIBEE SOUTH 3030
53312755070,22 ST CLOUD Court HIGHTON 3216
53312755120,36 TREMAIN Drive LUCAS 3350
53312842827,185 LADY NELSON Way TAYLORS LAKES 3038
53312842910,21 HODGSON Street OCEAN GROVE 3226
53312843040,5 PINNACLE POINT Road BACCHUS MARSH 3340
53312799787,9 SHEEPWASH Road BARWON HEADS 3227
53312799845,3 WEDDING Court BROADMEADOWS 3047
53312749675,1 PENOLA Street TORQUAY 3228
53312805090,6 SUNSET Court HOPPERS CROSSING 3029
53312805124,15 DRINA Street STRATHMORE 3041
53312805158,15 DRINA Street STRATHMORE 3041
53312755731,43 EAGLEMONT Way WERRIBEE 3030
53312756367,97 FENTON Street ASCOT VALE 3032
53312843924,76 MASTERS Way MOOLAP 3224
53312843973,82 MASTERS Way MOOLAP 3224
53312844022,22 RAILWAY Street ALTONA 3018
53312844089,64 LEONARD Avenue GLENROY 3046
53312844115,64 LEONARD Avenue GLENROY 3046
53312844948,16 OSWIN Street MADDINGLEY 3340
53312849519,26 TREMAIN Drive LUCAS 3350
53312849533,39 VICTORIA Street ALTONA MEADOWS 3028
53312850765,31 RUISLIP Avenue STRATHTULLOH 3338
53312850915,10 SAINT Road CRAIGIEBURN 3064
53312805586,77 PRICE Street ESSENDON 3040
53312806866,12 BUDDS Street COBURG 3058
53312806899,14A BUDDS Street COBURG 3058
53312680965,5 ISAACS Street LAVERTON 3028
53312851796,135 CUTHBERT Street BROADMEADOWS 3047
53312851814,12 JOSEPH Street BROADMEADOWS 3047
53312851929,13 NORMANDE Court ASCOT 3551
53312807137,30A GUNGARLAN Drive KEILOR EAST 3033
53312807797,7B STOOKE Street YARRAVILLE 3013
53312856142,4 BIRCH Avenue TULLAMARINE 3043
53312856349,22 NOLAN Avenue BROOKLYN 3012
53312813135,75 MARSHALL Road AIRPORT WEST 3042
53312813431,146-148 BELLERINE Street GEELONG 3220
53312813472,22 MARGARET MUIR Way MOONEE PONDS 3039
53312687223,24 MARKER Avenue MOOLAP 3224
53312688874,350 MORELAND Road BRUNSWICK WEST 3055
53312688924,25 COUPLING Way GLENROY 3046
53312857338,27B ALBERT FACEY Street MAIDSTONE 3012
53312857585,30 BOSTON Street FAWKNER 3060
53312857627,30 BOSTON Street FAWKNER 3060
53312857742,6 TREVANNION Street GLENROY 3046
53312858443,135 UNION Road ASCOT VALE 3032
53312858469,135 UNION Road ASCOT VALE 3032
53312858484,135 UNION Road ASCOT VALE 3032
53312863403,28 ARBUCKLE Road WERRIBEE 3030
53312864227,48 CLYDESDALE Drive BONSHAW 3352
53312736021,5 HAKEA Road HUNTLY 3551
53312736559,114 ROKEWOOD Crescent MEADOW HEIGHTS 3048
53312689956,617 TARNEIT Road HOPPERS CROSSING 3029
53312689971,617 TARNEIT Road HOPPERS CROSSING 3029
53312690022,617 TARNEIT Road HOPPERS CROSSING 3029
53312858674,8 TASSELL Street TORQUAY 3228
53312858700,14 TASSELL Street TORQUAY 3228
53312858732,12 TASSELL Street TORQUAY 3228
53312858758,42 MERRIJIG Drive TORQUAY 3228
53312858773,7 OSWIN Street MADDINGLEY 3340
53312859062,809 AITKEN Boulevard CRAIGIEBURN 3064
53312859137,798 AITKEN Boulevard CRAIGIEBURN 3064
53312859789,38 TASSELL Street TORQUAY 3228
53312694213,6 PLENTY Walk MOUNT DUNEED 3217
53312864474,38 BALMORAL Street ALTONA MEADOWS 3028
53312864566,41 CLYDESDALE Drive BONSHAW 3352
53312865324,9 STEPHENSON Street WINCHELSEA 3241
53312865597,14 CALIGARI Way ALFREDTON 3350
53312866050,16 CALIGARI Way ALFREDTON 3350
53312738159,37 RODNEY Avenue COBURG NORTH 3058
53312738190,34-38 MANZEENE Avenue LARA 3212
53312743265,47 WOODMAN Drive MCKENZIE HILL 3451
53312695269,58 SIGNAL Circuit AINTREE 3336
53312695334,56 SIGNAL Circuit AINTREE 3336
53312866217,78A HANSEN Street ALTONA NORTH 3025
53312866595,8 HYAMS Way TRUGANINA 3029
53312794094,55 COLE Street WILLIAMSTOWN 3016
53312794193,3 GUIDANCE Way TARNEIT 3029
53312794291,4 WOOD GUM Court BELLBRAE 3228
53312794424,41 CAMERON Street AIRPORT WEST 3042
53312744890,38 MOREILLON Boulevard BANNOCKBURN 3331
53312750345,4 COROWA Court GROVEDALE 3216
53312750361,4B COROWA Court GROVEDALE 3216
53312702650,46 HERTFORD Road SUNSHINE 3020
53312702683,46 HERTFORD Road SUNSHINE 3020
53312702719,46 HERTFORD Road SUNSHINE 3020
53312702733,46 HERTFORD Road SUNSHINE 3020
53312702759,46 HERTFORD Road SUNSHINE 3020
53312702800,46 HERTFORD Road SUNSHINE 3020
53312702824,46 HERTFORD Road SUNSHINE 3020
53312794523,13 LAPIS Walk CRAIGIEBURN 3064
53312794549,5 WOOD GUM Court BELLBRAE 3228
53312794572,128 THE PARADE  OCEAN GROVE 3226
53312794788,16 ROSE GUM Circuit BELLBRAE 3228
53312800927,31 ROSE GUM Circuit BELLBRAE 3228
53312801025,10A STANGER Street YARRAVILLE 3013
53312751681,36 JETTY Road WERRIBEE SOUTH 3030
53312751717,44 JETTY Road WERRIBEE SOUTH 3030
53312751749,50 JETTY Road WERRIBEE SOUTH 3030
53312751765,54 JETTY Road WERRIBEE SOUTH 3030
53312751780,58 JETTY Road WERRIBEE SOUTH 3030
53312752027,2 ALBERT Street OAK PARK 3046
53312703376,8 KURUNG Court GISBORNE 3437
53312757265,14 DECALAGE Street MOUNT DUNEED 3217
53312757827,41 GREENE Street SOUTH KINGSVILLE 3015
53312757843,22 GUIDANCE Way TARNEIT 3029
53312796315,1 LAPIS Walk CRAIGIEBURN 3064
53312796339,25 LAPIS Walk CRAIGIEBURN 3064
53312796363,7 LAPIS Walk CRAIGIEBURN 3064
53312796388,9 LAPIS Walk CRAIGIEBURN 3064
53312845896,69 MASTERS Way MOOLAP 3224
53312845920,15 FRAMPTON Street LUCAS 3350
53312846358,8 ERBA Road WYNDHAM VALE 3024
53312846373,10 ERBA Road WYNDHAM VALE 3024
53312803325,260 EAGLEHAWK Road CALIFORNIA GULLY 3556
53312803341,30 TREMAIN Drive LUCAS 3350
53312803806,20 LEONARD Avenue GLENROY 3046
53312803820,20 LEONARD Avenue GLENROY 3046
53312803854,28 GRANDVIEW Road NIDDRIE 3042
53312752555,43 AQUATIC Drive WERRIBEE SOUTH 3030
53312752570,49 AQUATIC Drive WERRIBEE SOUTH 3030
53312752596,55 AQUATIC Drive WERRIBEE SOUTH 3030
53312808052,10 FAWKNER Road PASCOE VALE 3044
53312808085,10 FAWKNER Road PASCOE VALE 3044
53312758918,79 GLEN Street GLENROY 3046
53312847901,11 BIRCHWOOD Street FAWKNER 3060
53312847967,3A TERRELL Court ROXBURGH PARK 3064
53312848065,68A KERFERD Street ESSENDON NORTH 3041
53313825717,5 CLIPSTONE Crescent FRASER RISE 3336
53313825757,5 SAMWELL Street CHARLEMONT 3217
53313825772,8 BOOTH Road MADDINGLEY 3340
53313825798,15 ARENAL Drive TRUGANINA 3029
53313825822,27 RECHENBERG Boulevard CHARLEMONT 3217
53313825856,2 EURYBIA Place ARMSTRONG CREEK 3217
53313825907,5 REUNION Parade TARNEIT 3029
53313825921,1 COTTESMORE Street FRASER RISE 3336
53313825955,30 EBBSFLEET Crescent STRATHTULLOH 3338
53313825988,10 GEARY Place WINTER VALLEY 3358
53313826013,23 FRANK Avenue TRUGANINA 3029
53313826086,62 INNOVATION Avenue ROCKBANK 3335
53313826112,23 ALYSSA Street GREENVALE 3059
53313826144,90 MEDALLION Boulevard TARNEIT 3029
53313826160,64 INNOVATION Avenue ROCKBANK 3335
53313826185,37 MANGOSTEEN Drive TRUGANINA 3029
53313826210,16 BOBBIN Street FRASER RISE 3336
53313826234,11 SLINKY Street DEANSIDE 3336
53313826250,16 COLIBAN Road WERRIBEE 3030
53313826283,4 NEVADO Avenue WINTER VALLEY 3358
53313826325,13 TEKAPO Street TRUGANINA 3029
53313826359,8 TUFT Street TARNEIT 3029
53313826382,10 JOUST Way FRASER RISE 3336
53313826418,2 RADIAL Street TRUGANINA 3029
53313826458,81 WATERFERN Street FRASER RISE 3336
53313826616,13 BATLOW Street ARMSTRONG CREEK 3217
53313826648,2 PRIMARY Road TARNEIT 3029
53313826671,73 DUKES Lane STRATHFIELDSAYE 3551
53313826697,6 OLDENBURG Drive BONNIE BROOK 3335
53313826715,12 CHORILAENA Way MICKLEHAM 3064
53313826747,60 INNOVATION Avenue ROCKBANK 3335
53313826763,51 PALARA Drive STRATHTULLOH 3338
53313826820,138 SHELTERBELT Avenue WEIR VIEWS 3338
53313681046,22 SURROUND Circuit BONNIE BROOK 3335
53313681062,13 SUGARLOAF Road WINTER VALLEY 3358
53313681095,12 CRICHTON Road THORNHILL PARK 3335
53313681153,17 LOWELL Road TARNEIT 3029
53313681178,21 TARNALA Road TARNEIT 3029
53313681243,7 GIBSON Court COLAC 3250
53313681269,18 CANTER Road TARNEIT 3029
53313830667,68 ELMHURST Avenue AINTREE 3336
53313830690,30 ARENAL Drive TRUGANINA 3029
53313830718,26 VENICE Drive WINTER VALLEY 3358
53313830732,9 KENSAL Walk WYNDHAM VALE 3024
53313830766,126 POLLY Parade TARNEIT 3029
53313830823,59 ARARAT Street TRUGANINA 3029
53313830849,12 MACLAREN Drive MELTON SOUTH 3338
53313830865,85 CLEMENTINE Boulevard TARNEIT 3029
53313830898,354 MCGEORGE Road GISBORNE 3437
53313830922,4 CATTLECROSSING Way SUNBURY 3429
53313830956,4 ALKINGTON Way WERRIBEE 3030
53313830971,125 SPARROVALE Road CHARLEMONT 3217
53313830997,47 APORTA Avenue TARNEIT 3029
53313831020,61 COBRAM Drive EYNESBURY 3338
53313831046,19 AJAX Way BONNIE BROOK 3335
53313831062,99 SARIC Street FRASER RISE 3336
53313831095,53 TANNINBRAE Drive SUNBURY 3429
53313831137,142 MCKINLEY Drive TRUGANINA 3029
53313831194,21 EBBSFLEET Crescent STRATHTULLOH 3338
53313831350,65 INNOVATION Avenue ROCKBANK 3335
53313831609,6 VALDES Avenue WINTER VALLEY 3358
53313831631,16 RAMBLER Boulevard TARNEIT 3029
53313831672,8 DERWENT Street LARA 3212
53313831708,50 WOODLAND Street LARA 3212
53313831730,5 FARLEIGH Drive TARNEIT 3029
53313831789,142 MEDALLION Boulevard TARNEIT 3029
53313831839,3 GOLDSBOROUGH Street BONSHAW 3352
53313831954,5 SAFRANO Street TARNEIT 3029
53313831995,4 SICKLEFERN Drive STRATHTULLOH 3338
53313832075,10 JACOBENA Road MELTON SOUTH 3338
53312823506,43 CLYDESDALE Drive BONSHAW 3352
53312824198,34 ALBERT Road SYDENHAM 3037
53312824320,2 MAGNOLIA Drive ROMSEY 3434
53312824461,10 NORMANDE Court ASCOT 3551
53312824536,6B NAGLE Drive BELMONT 3216
53312824611,35 OMAR Street MAIDSTONE 3012
53313820741,4 OYSTER Lane POINT LONSDALE 3225
53313820767,8 OYSTER Lane POINT LONSDALE 3225
53313820782,12 OYSTER Lane POINT LONSDALE 3225
53313820818,9 SILIQUA Street TARNEIT 3029
53313869169,8 CARRIAGE Drive FRASER RISE 3336
53313869225,35 APORTA Avenue TARNEIT 3029
53313869241,84 ODYSSEY Boulevard TARNEIT 3029
53313869267,22 CENTRALPARK Walk STRATHTULLOH 3338
53313869290,100 MAMIC Boulevard FRASER RISE 3336
53313869332,26 BRONZEWING Way LARA 3212
53313869366,15 SIANG Road DEANSIDE 3336
53313869399,19 AQUA Walk ALTONA NORTH 3025
53313869423,17 AQUA Walk ALTONA NORTH 3025
53313869449,13 AQUA Walk ALTONA NORTH 3025
53313869522,17 ALLANSFORD Crescent ARMSTRONG CREEK 3217
53313869607,22 SELHURST Grove WYNDHAM VALE 3024
53313869746,45 RESPECT Way TARNEIT 3029
53313869779,45 PENVER Terrace WERRIBEE 3030
53313869795,37 BEARTOOTH Drive WINTER VALLEY 3358
53313869813,15 MARBLES Crescent BALLARAT EAST 3350
53313869845,54 SLINKY Street DEANSIDE 3336
53313869861,55 PATRIOT Crescent SMYTHES CREEK 3351
53313869886,62 PETUNIA Avenue TARNEIT 3029
53313869912,13 CHERRY Street ARMSTRONG CREEK 3217
53313869944,23 BROLGA Boulevard WINTER VALLEY 3358
53313869977,6 EDGEWATER Boulevard WEIR VIEWS 3338
53313869993,11 KEATS Circuit ARMSTRONG CREEK 3217
53313870012,5 HARLEY Court GISBORNE 3437
53313870077,5 AVENIDA Road GREENVALE 3059
53313870111,6 STARTHISTLE Approach ROCKBANK 3335
53313870135,1 RIHANNA Street GREENVALE 3059
53313870151,11 RANGIPO Street TRUGANINA 3029
53313870241,12 LA PEROUSE Way WARRNAMBOOL 3280
53313870290,3 CLIPSTONE Crescent FRASER RISE 3336
53313870324,32 SNIPE Drive STRATHTULLOH 3338
53313870340,7 GENOVESI Street CHARLEMONT 3217
53313870399,16 KOOLAH Drive LARA 3212
53313870417,69 BUSHRANGER Drive SUNBURY 3429
53313870431,35 YEARLING Promenade WERRIBEE 3030
53313870465,78 WALTON Street MELTON SOUTH 3338
53313870498,25 ARISTIDES Crescent THORNHILL PARK 3335
53313681302,12 FRIESIAN Street BONNIE BROOK 3335
53313681326,14 CAMPBELL Street WARRNAMBOOL 3280
53313681401,34 NAMATJIRA Boulevard HUNTLY 3551
53313681433,3 YEOMAN Street MELTON SOUTH 3338
53313681459,25 ELECTRO Street WINTER VALLEY 3358
53313681474,3 CROWLEY Street HUNTLY 3551
53313681500,5 GENOVESA Drive TRUGANINA 3029
53313681573,72 HOLST Street ARMSTRONG CREEK 3217
53313681599,76 HOLST Street ARMSTRONG CREEK 3217
53313681617,83 MILL RACE Road HIGHTON 3216
53313681649,17 RAAM Circuit ARMSTRONG CREEK 3217
53313681708,40 LITORIA Drive DEANSIDE 3336
53313681722,16 KARDAK Street TARNEIT 3029
53313681748,5 PEBBLE Street GREENVALE 3059
53313681771,20 WARDELL Street TARNEIT 3029
53313681815,15 FRIESIAN Avenue TAYLORS LAKES 3038
53313681855,6 YOUYANGS Street TRUGANINA 3029
53313681870,32 BALLET Crescent SUNBURY 3429
53313681896,122 ODYSSEY Boulevard TARNEIT 3029
53313681987,43 KRATERON Street FRASER RISE 3336
53313682002,45 WHITECROSS Drive THORNHILL PARK 3335
53313682026,26A MOLLERS Lane LEOPOLD 3224
53313682068,27 MAROON Way DIGGERS REST 3427
53313682125,5 SPARROW Way WINTER VALLEY 3358
53313682141,3 ENGLISH Road FRASER RISE 3336
53313682257,120 ODYSSEY Boulevard TARNEIT 3029
53313682272,36 SEVENHILL Drive MOUNT DUNEED 3217
53313682298,26 IMAGINE Drive STRATHFIELDSAYE 3551
53313682397,44 PENVER Terrace WERRIBEE 3030
53313682415,9 GRAMERCY Place STRATHTULLOH 3338
53313682439,77 LENA Crescent TRUGANINA 3029
53313682520,65 KRATERON Street FRASER RISE 3336
53313682546,24 BUCKINGHAM Boulevard STRATHTULLOH 3338
53313682562,16 FAULKS Street BONNIE BROOK 3335
53313682595,54 PINTAIL Drive MELTON SOUTH 3338
53313682629,14 VERDANT Street LARA 3212
53313682653,4 CRICHTON Road THORNHILL PARK 3335
53313682678,32 TAYLORS Circuit CHARLEMONT 3217
53313682694,9 BYROCK Street TRUGANINA 3029
53313832091,8 ALISTER Grove TARNEIT 3029
53313832125,11 MUSGROVE Street WARRNAMBOOL 3280
53313832141,26 MUSGROVE Street WARRNAMBOOL 3280
53313832167,7 BAKANOVI Drive TRUGANINA 3029
53313832190,22 SHADDOCK Street TARNEIT 3029
53313832217,79 EAGLEMONT Drive STRATHTULLOH 3338
53313832231,16 WHITECROSS Drive THORNHILL PARK 3335
53313832265,16 ANSONS Walk WERRIBEE 3030
53313832298,6 ANSONS Walk WERRIBEE 3030
53313832348,12 WONDROUS Boulevard TARNEIT 3029
53313832364,22 BAKANOVI Drive TRUGANINA 3029
53313832397,27 TANNUM Circuit TRUGANINA 3029
53313832421,43 TANNUM Circuit TRUGANINA 3029
53313832455,90 SHELTERBELT Avenue WEIR VIEWS 3338
53313832470,11 AEOLUS Street ARMSTRONG CREEK 3217
53313832496,25 WENACHEE Street TARNEIT 3029
53313832520,19 SONIA Crescent GREENVALE 3059
53313832554,24 STONEMASON Boulevard KYNETON 3444
53313832605,23 ARENAL Drive TRUGANINA 3029
53313832629,30 OPAL Drive LEOPOLD 3224
53313832653,110 UPLANDS Crescent WEIR VIEWS 3338
53313832760,34 WITTON Boulevard WARRNAMBOOL 3280
53313832811,6 KERALA Street ROCKBANK 3335
53313832843,33 SHILLINGS Road MAMBOURIN 3024
53313687041,26 DEXTER Street DEANSIDE 3336
53313687074,14 RALLY Street TARNEIT 3029
53313687132,6 KOBE Street DEANSIDE 3336
53313687158,15 GERLZONDA Avenue DEANSIDE 3336
53313687173,21 GERLZONDA Avenue DEANSIDE 3336
53313687208,14 PINFOLD Street BONNIE BROOK 3335
53313687222,27 GERLZONDA Avenue DEANSIDE 3336
53313687248,4 ELAINE Street TARNEIT 3029
53313687271,18 MULLINS Way SUNBURY 3429
53313687297,12 HORSESHOE Parade FRASER RISE 3336
53313687321,3 LINDBERG Street MANOR LAKES 3024
53313687355,173 CAROLINE SPRINGS Boulevard CAROLINE SPRINGS 3023
53313687388,12 VALIANT Crescent CRAIGIEBURN 3064
53313687438,3 MAIDMENT Street LUCAS 3350
53313687545,29 BLENRIL Avenue TARNEIT 3029
53313687561,23 GELANTIPY Drive TRUGANINA 3029
53313687586,12 UNICO Circuit MOUNT DUNEED 3217
53313687612,31 TRAVANCORE Street TARNEIT 3029
53313687644,21 KOBE Street DEANSIDE 3336
53313687677,16 VERDANT Street LARA 3212
53313687693,9 BUSTER Street SUNBURY 3429
53312825071,11B HAYDEN Crescent ALBION 3020
53312874094,60 VALIANT Road SMYTHES CREEK 3351
53312874301,32 LINACRE Crescent MELTON SOUTH 3338
53312874664,5A BARRELL Street EAGLEHAWK 3556
53312874689,3 BRUNEL Street SOUTH KINGSVILLE 3015
53312874707,3B BRUNEL Street SOUTH KINGSVILLE 3015
53313870522,12 HATTERSLEY Chase WERRIBEE 3030
53313870639,6 BOOTH Road MADDINGLEY 3340
53313870663,38 TROOPER Drive AINTREE 3336
53313870688,26 SELHURST Grove WYNDHAM VALE 3024
53313870706,18 SELHURST Grove WYNDHAM VALE 3024
53313870762,3 LUCK Street SEBASTOPOL 3356
53313870795,126 KOSSUTH Street SEBASTOPOL 3356
53313870813,6 PIGEON Street CHARLEMONT 3217
53313870837,16 BRUSHTON Street MANOR LAKES 3024
53313870861,34 VOLANT Drive ARMSTRONG CREEK 3217
53313870886,27 ARARAT Street TRUGANINA 3029
53313870904,4 USHER Way MADDINGLEY 3340
53313870936,70 DUTCH Road SUNBURY 3429
53313870977,19 HOROMIDIS Street CHARLEMONT 3217
53313871002,20 CENTRALPARK Walk STRATHTULLOH 3338
53313871075,8 MAKYBE Street BONNIE BROOK 3335
53313871119,18 MARENTELLI Avenue ARMSTRONG CREEK 3217
53313871141,14 OPULENCE Avenue FRASER RISE 3336
53313871217,31 JESSUP Street HUNTLY 3551
53313871231,8 KENNING Road TARNEIT 3029
53313871257,57 PINTAIL Drive MELTON SOUTH 3338
53313871316,27 STEADFIELD Circuit MELTON SOUTH 3338
53313871371,45 SULLIVAN Street LUCAS 3350
53313871397,72 SURROUND Circuit BONNIE BROOK 3335
53313871447,4 COTTESMORE Street FRASER RISE 3336
53313871463,22 CRICHTON Road THORNHILL PARK 3335
53313871514,10 CELOSIA Way TARNEIT 3029
53313871538,7 MULGRAVE Street LARA 3212
53313871562,117 GREYJOY Road CHARLEMONT 3217
53313871595,21 SABLE Street GREENVALE 3059
53313871645,19 TEKAPO Street TRUGANINA 3029
53313871661,48 HEYFIELD Drive TRUGANINA 3029
53313871694,17 MASH Road TARNEIT 3029
53313871777,36 GRAPPENHALL Avenue STRATHTULLOH 3338
53313871851,52 GANSHA Street WEIR VIEWS 3338
53313871884,12 CHARBEL Street GREENVALE 3059
53313871926,30 LEAHY Circuit GISBORNE 3437
53313871950,10 BATLOW Street ARMSTRONG CREEK 3217
53313682728,43 VIVERO Road WYNDHAM VALE 3024
53313682785,63 CUZENS Road ALFREDTON 3350
53313682803,48 STONNEYBURN Road THORNHILL PARK 3335
53313682827,3 CHOL Street THORNHILL PARK 3335
53313682851,48 TROOPER Avenue SUNBURY 3429
53313682876,46 NECTAR Drive MOUNT DUNEED 3217
53313682926,15 RAAM Circuit ARMSTRONG CREEK 3217
53313682942,3 ISOLA Mews TARNEIT 3029
53313682968,5 ISOLA Mews TARNEIT 3029
53313682991,43 GERLZONDA Avenue DEANSIDE 3336
53313683024,7 GLOVER Street MAMBOURIN 3024
53313683058,19 AKRON Street MANOR LAKES 3024
53313683073,22 JERNIGAN Road TARNEIT 3029
53313683099,53 BODNAT Street TRUGANINA 3029
53313683123,24 MCGEACHIN Street LUCAS 3350
53313683157,17 LEAFY Street LARA 3212
53313683207,5 TOMAGO Street CRAIGIEBURN 3064
53313683221,31 SKYPAC Street WEIR VIEWS 3338
53313683288,5 MAIDMENT Street LUCAS 3350
53313683314,8 MAIDMENT Street LUCAS 3350
53313683338,10 MAIDMENT Street LUCAS 3350
53313683354,12 MAIDMENT Street LUCAS 3350
53313683429,7 MOSSMAN Street LARA 3212
53313683453,6 SEFTON Street MAMBOURIN 3024
53313683494,95 OLDBRIDGE Boulevard WEIR VIEWS 3338
53313683528,20 CLAY Crescent ROCKBANK 3335
53313683552,15 ARACAR Street TRUGANINA 3029
53313683603,45 GERLZONDA Avenue DEANSIDE 3336
53313683627,49 GERLZONDA Avenue DEANSIDE 3336
53313683651,57 GERLZONDA Avenue DEANSIDE 3336
53313683684,59 GERLZONDA Avenue DEANSIDE 3336
53313683710,63 GERLZONDA Avenue DEANSIDE 3336
53313683734,67 GERLZONDA Avenue DEANSIDE 3336
53313683750,69 GERLZONDA Avenue DEANSIDE 3336
53313683783,22 GERLZONDA Avenue DEANSIDE 3336
53313683819,46 PARA Road TARNEIT 3029
53313683841,10 GERLZONDA Avenue DEANSIDE 3336
53313683867,30 GERLZONDA Avenue DEANSIDE 3336
53313683882,28 KOBE Street DEANSIDE 3336
53313683918,22 KOBE Street DEANSIDE 3336
53313683932,18 KOBE Street DEANSIDE 3336
53313729585,1 GREENPOINT Drive ROCKBANK 3335
53313729611,15 LEAFY Street LARA 3212
53313729651,15 CANDLES Street TARNEIT 3029
53313729684,4 ALBATROSS Close MOOLAP 3224
53313729710,27 LAKELAND Drive LUCAS 3350
53312869879,11 WASHINGTON Street ST ALBANS 3021
53312869895,11 WASHINGTON Street ST ALBANS 3021
53312704374,1A BEN THANH Place SUNSHINE NORTH 3020
53312704400,1A BEN THANH Place SUNSHINE NORTH 3020
53312704432,1A BEN THANH Place SUNSHINE NORTH 3020
53312875317,23 RUISLIP Avenue STRATHTULLOH 3338
53312875729,5 ROSE GUM Circuit BELLBRAE 3228
53312875984,19 FLOURISH Drive MOUNT DUNEED 3217
53312876041,2 PINNACLE POINT Road BACCHUS MARSH 3340
53312876826,80 ROWENA Street EAST BENDIGO 3550
53312876842,11 PANORAMA Drive HARKNESS 3337
53313871975,22 WEBBER Street TARNEIT 3029
53313871991,18 MAGGIE Crescent MAMBOURIN 3024
53313872030,12 FUSION Drive WYNDHAM VALE 3024
53313872139,24 CENTRALPARK Walk STRATHTULLOH 3338
53313723521,32 LEAFY Street LARA 3212
53313723555,27 ALDERNEY Street TARNEIT 3029
53313723588,4 LEIST Street HUNTLY 3551
53313723679,95 MERCER Street HARKNESS 3337
53313723705,12 LUSITANO Road BONNIE BROOK 3335
53313723737,30 BRAMFORD Crescent TRUGANINA 3029
53313723753,3 COOK Court SUNBURY 3429
53313723778,3 COOK Court SUNBURY 3429
53313723844,16 JACOBENA Road MELTON SOUTH 3338
53313723877,64 PIENZA Road FRASER RISE 3336
53313723911,45 SILVER WATTLE Road MOUNT DUNEED 3217
53313723943,75 SUNLIGHT Circuit LARA 3212
53313723976,22 WELLINGTON Crescent TORQUAY 3228
53313724001,9 BENHAR Street THORNHILL PARK 3335
53313724025,14 VIVERO Road WYNDHAM VALE 3024
53313724041,64 ARNOLD Circuit CHARLEMONT 3217
53313724074,24 HANSEL Drive WERRIBEE 3030
53313724132,9 SUNLIGHT Circuit LARA 3212
53313724158,87 CHARLESTON Road DEANSIDE 3336
53313724208,111 COOMBES Road TORQUAY 3228
53313724230,42 FRENCH Road GREENVALE 3059
53313724264,87 HALCYON Road DEANSIDE 3336
53313724289,24 HANOVER Circuit MELTON SOUTH 3338
53313724446,339 MCGEORGE Road GISBORNE 3437
53313724513,2 MAHONEY Drive TARNEIT 3029
53313724553,696 KOROIT-PORT FAIRY Road KOROIT 3282
53313724652,15 BYROCK Street TRUGANINA 3029
53313724703,23 WOODLAND Street LARA 3212
53313729791,35 CHISHOLM Street MARYBOROUGH 3465
53313729825,5 ARRAMONT Road GREENVALE 3059
53313729859,20 INGLENOOK Circuit ARMSTRONG CREEK 3217
53313729932,125 PLANE Avenue MAMBOURIN 3024
53313729981,18 TOUR Lane TARNEIT 3029
53313730018,3 RAJA Place BONNIE BROOK 3335
53313730040,38 GENERATION Crescent MAMBOURIN 3024
53313730066,336 MCGEORGE Road GISBORNE 3437
53313730081,44 GRAPPA Circuit WYNDHAM VALE 3024
53313730123,63 FAWCETT Road LUCAS 3350
53313730157,17 RAINDROP Circuit FRASER RISE 3336
53313730221,9 TERAI Street WYNDHAM VALE 3024
53313730255,72 LUGANO Avenue ALFREDTON 3350
53313730288,3 BOWENVALE Street EYNESBURY 3338
53313730354,76 HIGHLINE Boulevard TRUGANINA 3029
53313730387,54 SUMAC Street BROOKFIELD 3338
53313730405,8 GIBSON Court COLAC 3250
53313730429,34 SLAVKO Drive FRASER RISE 3336
53313730478,5 LAKELAND Drive LUCAS 3350
53313730528,2A YORKSHIRE Court NERRINA 3350
53313730552,68 TURF CLUB Boulevard MELTON SOUTH 3338
53313730603,20 SAMPFORD Street ARMSTRONG CREEK 3217
53313730627,64 HERMOSA Drive TARNEIT 3029
53313730651,29 ADANSONIA Circuit MICKLEHAM 3064
53313730684,3 EGRET Way DIGGERS REST 3427
53313730710,5 ARACAR Street TRUGANINA 3029
53313730734,59 TRICKETT Drive TRUGANINA 3029
53313730783,4 EMBLETON Chase WEIR VIEWS 3338
53313730819,68 HIGHLINE Boulevard TRUGANINA 3029
53313730932,8 PETERBOROUGH Rise WERRIBEE 3030
53313730958,14 WHEATSHEAF Road WYNDHAM VALE 3024
53313730981,12 LILLYPILLY Street FRASER RISE 3336
53313731008,24 JARLATH Drive MAMBOURIN 3024
53313731030,53 SARIC Street FRASER RISE 3336
53313731064,56 MADISONS Avenue DIGGERS REST 3427
53313731121,9 GLASSWORT Street DEANSIDE 3336
53313731155,17 SUPEN Street MOUNT DUNEED 3217
53313731170,47 REED Court DEANSIDE 3336
53313731205,27 TODD Street LUCAS 3350
53312704458,1A BEN THANH Place SUNSHINE NORTH 3020
53312704481,1A BEN THANH Place SUNSHINE NORTH 3020
53312876875,29A BENA Street YARRAVILLE 3013
53312876974,4 HIGHLANDER Drive CRAIGIEBURN 3064
53312877097,4 HIGHLANDER Drive CRAIGIEBURN 3064
53312877115,158B WEST FYANS Street NEWTOWN 3220
53312877344,7 LINACRE Crescent MELTON SOUTH 3338
53313724751,47 COTTER Way TRUGANINA 3029
53313724784,16 BRAMPTON Crescent BONNIE BROOK 3335
53313724850,31 SLINKY Street DEANSIDE 3336
53313724901,36 STONNEYBURN Road THORNHILL PARK 3335
53313724925,19 HYDEPARK Crescent STRATHTULLOH 3338
53313724959,8 SLINKY Street DEANSIDE 3336
53313724990,15 PURITY Way ARMSTRONG CREEK 3217
53313725057,38 FRENCH Road GREENVALE 3059
53313725080,46 FRENCH Road GREENVALE 3059
53313725108,1 LORIKEET Circuit ROCKBANK 3335
53313725122,63 TRICKETT Drive TRUGANINA 3029
53313725189,7 MACLAREN Drive MELTON SOUTH 3338
53313725214,64 METROON Drive WEIR VIEWS 3338
53313725238,15 SENDOCK Parade HUNTLY 3551
53313725254,20 WHEAT Street DIGGERS REST 3427
53313725295,18 ALISMA Avenue DEANSIDE 3336
53313725404,18 SHEARWATER Grove POINT LONSDALE 3225
53313725428,29 HEMSWORTH Road WEIR VIEWS 3338
53313725452,1 BIRRELL Lane POINT LONSDALE 3225
53313725477,10 VOLT Street WINTER VALLEY 3358
53313725493,9 COUNCILLOR Drive WEIR VIEWS 3338
53313725527,1 TERRY Road WARRNAMBOOL 3280
53313725543,4 ST LEONARDS Road WINCHELSEA 3241
53313725569,24 SLOCUM Road TARNEIT 3029
53313725675,48 HUNTINGFIELD Street THORNHILL PARK 3335
53313725691,4 PRATO Street GREENVALE 3059
53313725725,12 ICONIC Drive TARNEIT 3029
53313725790,22 HILLTOP Drive CURLEWIS 3222
53313725866,23 GILLANDERS Street WARRNAMBOOL 3280
53313725909,2 MCGEACHIN Street LUCAS 3350
53313725972,8 SHERRY Circuit FRASER RISE 3336
53313726021,19 FAIRMONT Crescent FRASER RISE 3336
53313726088,57 KARACHI Avenue MOUNT COTTRELL 3024
53313726106,5 GENEROSA Grove TARNEIT 3029
53313726187,8 GALENE Drive ARMSTRONG CREEK 3217
53313731278,15 UNICO Circuit MOUNT DUNEED 3217
53313731294,16 INTERLAKEN Avenue MANOR LAKES 3024
53313731312,39 XENOLITH Drive CRAIGIEBURN 3064
53313731568,15 LEETON Street STRATHTULLOH 3338
53313731583,73 CURTIN Drive DEANSIDE 3336
53313731619,8 ART DECO Drive DEANSIDE 3336
53313731674,59 KINGDOM Boulevard WEIR VIEWS 3338
53313731690,30 SIERRA Street TRUGANINA 3029
53313731718,23 MAYOPARK Street DEANSIDE 3336
53313731740,44 MONTVIEW Court CORIO 3214
53313731773,5 WOODLAND Street LARA 3212
53313731809,3 KEA Street FRASER RISE 3336
53313731823,5 KEA Street FRASER RISE 3336
53313731849,9 KEA Street FRASER RISE 3336
53313731930,10 MONAVALE Drive MOUNT DUNEED 3217
53313731956,2 DANDELION Crescent ROCKBANK 3335
53313731971,13 SERENITY Street ARMSTRONG CREEK 3217
53313732004,42 RATHMINES Road TRUGANINA 3029
53313732044,25 LOUVRE Road BONNIE BROOK 3335
53313732093,13 ALISMA Avenue DEANSIDE 3336
53313732111,28 FEEHAN Avenue MOONEE PONDS 3039
53313732219,29 ULMUS Street TARNEIT 3029
53313732233,18 IMAGINE Drive STRATHFIELDSAYE 3551
53313732259,18 SENDOCK Parade HUNTLY 3551
53313732282,57 LAFLIN Avenue TARNEIT 3029
53313732366,63 CHARLESTON Road DEANSIDE 3336
53313732381,20 WHEATSHEAF Road WYNDHAM VALE 3024
53313732449,36 MARGIE Street WYNDHAM VALE 3024
53313732472,12 OVERTURE Road STRATHTULLOH 3338
53313732498,19 KOSTAS Street SUNBURY 3429
53313732516,12 HUNTINGFIELD Street THORNHILL PARK 3335
53313732548,5 JAMB Court MINERS REST 3352
53313732564,24 FEEHAN Avenue MOONEE PONDS 3039
53313778179,13 AEOLUS Street ARMSTRONG CREEK 3217
53313778195,8 PILOT Way CURLEWIS 3222
53312707188,45901 COMMERCIAL Road CAROLINE SPRINGS 3023
53312712385,67 NAPIER Crescent ESSENDON 3040
53312713020,3 TRANQUIL Road AINTREE 3336
53312713178,47-49 DOVER Street FLEMINGTON 3031
53313726252,11 AZURITE Court JACKASS FLAT 3556
53313726285,11 MESTON Street TRUGANINA 3029
53313726384,8 TINSMITH Drive KYNETON 3444
53313726442,19 COOK Avenue TORQUAY 3228
53313726475,13 FREDDIE Street SUNBURY 3429
53313726501,23 ART DECO Drive DEANSIDE 3336
53313726525,22 ARTFIELD Drive WERRIBEE 3030
53313726567,6 BUTLER Street LUCAS 3350
53313772149,120 WARATAH Road HUNTLY 3551
53313772165,47 HANRAHAN Street GISBORNE 3437
53313772198,8 WHITELOCK Drive HUNTLY 3551
53313772221,6 SHINRONE Drive GISBORNE 3437
53313772270,19 VOLANT Drive ARMSTRONG CREEK 3217
53313772296,43 KING GEORGE Street ST LEONARDS 3223
53313772320,49 MITIAMO Street EYNESBURY 3338
53313772354,6 REDBANK Street EYNESBURY 3338
53313772387,36 MOSLEY Crescent TRUGANINA 3029
53313772405,20 BONITO Street MELTON SOUTH 3338
53313772429,38 RAAM Circuit ARMSTRONG CREEK 3217
53313772478,18 MCNEIL Street CARISBROOK 3464
53313772494,4 VOLANT Drive ARMSTRONG CREEK 3217
53313772528,40 AUBURN Crescent BACCHUS MARSH 3340
53313772544,3 COPAL Street MAMBOURIN 3024
53313772593,30 GILROY Crescent CHARLEMONT 3217
53313772627,30 MAGGIE Crescent MAMBOURIN 3024
53313772651,9 CATCHMENT Drive FRASER RISE 3336
53313772676,75 TANGLEWOOD Boulevard TRUGANINA 3029
53313772692,36 SLINKY Street DEANSIDE 3336
53313772726,37 WHITECROSS Drive THORNHILL PARK 3335
53313772750,13 HATHAWAY Close ALFREDTON 3350
53313772801,257 MANOR LAKES Boulevard MANOR LAKES 3024
53313772825,27 MINDIL Street ARMSTRONG CREEK 3217
53313772859,40 GOLDFINCH Road WINTER VALLEY 3358
53313772890,43 JACKSONIA Drive MICKLEHAM 3064
53313772924,6 INTERLAKEN Avenue MANOR LAKES 3024
53313772940,8 KINGSLEY Promenade HUNTLY 3551
53313772999,100 VERONA Crescent FRASER RISE 3336
53313773064,28 VERONA Crescent FRASER RISE 3336
53313773089,13 FUTURA Street BURNSIDE 3023
53313773107,13 GRANGEHILL Mews WYNDHAM VALE 3024
53313773147,31 TODD Street LUCAS 3350
53313778252,26 BUNCH Walk TRUGANINA 3029
53313778285,38 BUNCH Walk TRUGANINA 3029
53313778303,30 BUNCH Walk TRUGANINA 3029
53313778327,42 BUNCH Walk TRUGANINA 3029
53313778351,15 VILLANDRY Street ROXBURGH PARK 3064
53313778434,62 COUNTESS Drive ST LEONARDS 3223
53313778450,4 PODOLEPIS Way DEANSIDE 3336
53313778483,169 CALLAWAY Street MAMBOURIN 3024
53313778501,156 BRAMLEY Avenue CHARLEMONT 3217
53313778525,45 SILVER Drive DIGGERS REST 3427
53313778574,2 ALISTER Grove TARNEIT 3029
53313778590,30 KYAH Street FRASER RISE 3336
53313778624,148 DEVLINS Road OCEAN GROVE 3226
53313778757,19 BLUEBILL Street ST LEONARDS 3223
53313778816,62 GALENE Drive ARMSTRONG CREEK 3217
53313778830,8 BISTRE Road TARNEIT 3029
53313778897,22 TENOR Street STRATHTULLOH 3338
53313778921,82 DARWINIA Drive MICKLEHAM 3064
53313778963,38 WORN Road CHARLEMONT 3217
53313778996,22 AMBER Way COBBLEBANK 3338
53313779013,26 AMBER Way COBBLEBANK 3338
53313779086,12 GREENMONT Road WYNDHAM VALE 3024
53313779112,18 NOAH Street GISBORNE 3437
53313779144,21 WILDERNESS Road FRASER RISE 3336
53313779160,10 CANMORE Street WERRIBEE 3030
53313779275,243 STONEHILL Drive MADDINGLEY 3340
53313779291,38 SERAPHINA Drive WYNDHAM VALE 3024
53313779319,2 PALEY Street CHARLEMONT 3217
53313779341,12 PALEY Street CHARLEMONT 3217
53313779374,56 YELLOWSTONE Drive TRUGANINA 3029
53313779400,52 GENERATION Crescent MAMBOURIN 3024
53313779424,8 PALEY Street CHARLEMONT 3217
53313779440,30 APORTA Avenue TARNEIT 3029
53313779473,3 PRODUCE Drive MAMBOURIN 3024
53313779509,3 CLAUDE Crescent NEW GISBORNE 3438
53313779572,14 DUNBAR Street FRASER RISE 3336
53313779707,202A DAYLESFORD Road BROWN HILL 3350
53312761284,32 BRUCE Street FAWKNER 3060
53312761419,308 SUSSEX Street PASCOE VALE 3044
53312761490,2A WARLEIGH Road WEST FOOTSCRAY 3012
53312768295,4 YORK Street PASCOE VALE SOUTH 3044
53313773205,49 HEMSWORTH Road WEIR VIEWS 3338
53313773229,39 DRUMCHAPEL Crescent STRATHTULLOH 3338
53313773245,15 BALLYMENA Street STRATHTULLOH 3338
53313773278,20 SENDOCK Parade HUNTLY 3551
53313773304,16 RHEOLA Street EYNESBURY 3338
53313773336,30 PENDOWER Way WERRIBEE 3030
53313773403,42 SERAPHINA Drive WYNDHAM VALE 3024
53313773435,35 RECHENBERG Boulevard CHARLEMONT 3217
53313773476,46 REVELSTOKE Way WINTER VALLEY 3358
53313773492,41 BEAR Street TARNEIT 3029
53313773510,35 INGLENOOK Circuit ARMSTRONG CREEK 3217
53313773542,13 SUPEN Street MOUNT DUNEED 3217
53313773568,26 WATTLESIDE Drive OCEAN GROVE 3226
53313773633,4 VICKSBURG Avenue WYNDHAM VALE 3024
53313773659,11 EGRET Way DIGGERS REST 3427
53313773690,1009 MORRIS Road TRUGANINA 3029
53313773724,55 VERNAL Circuit MOUNT DUNEED 3217
53313773758,12 EDGEMEAD Rise WERRIBEE 3030
53313773773,14 ARARAT Street TRUGANINA 3029
53313773823,22 ELOQUENCE Road TARNEIT 3029
53313773880,10 IMATRA Loop TARNEIT 3029
53313773956,64 PALARA Drive STRATHTULLOH 3338
53313773989,101 QUEEN Street ALTONA 3018
53313774014,17 HAWK Street WINTER VALLEY 3358
53313774038,11 MACKEY Street NORTH GEELONG 3215
53313774054,32 HAMISH Road DARLEY 3340
53313774129,88 DARWINIA Drive MICKLEHAM 3064
53313774153,2 JUMPS Street WINTER VALLEY 3358
53313774178,225 BONNIEBROOK Road BONNIE BROOK 3335
53313774251,14 SCANLON Street LUCAS 3350
53313774284,60 STONNEYBURN Road THORNHILL PARK 3335
53313774302,35 FOAL Circuit FRASER RISE 3336
53313774326,15 LIPIZZAN Crescent TAYLORS LAKES 3038
53313774350,4 PECHORA Street TRUGANINA 3029
53313774441,4 PROBER Crescent TRUGANINA 3029
53313774524,15 TWEED Street LARA 3212
53313774573,10 RHEOLA Street EYNESBURY 3338
53313774617,10 TUFT Street TARNEIT 3029
53313779721,15 MONFERRATO Avenue TARNEIT 3029
53313779814,60 TULSI Avenue WERRIBEE 3030
53313779854,3 HESTER Street HUNTLY 3551
53313779887,58 SNOWBIRD Road WINTER VALLEY 3358
53313779945,26 DANUBE Road TRUGANINA 3029
53313779961,3 LICATA Street DEANSIDE 3336
53313779986,5 LICATA Street DEANSIDE 3336
53313780053,11 ALISMA Avenue DEANSIDE 3336
53313780086,155 CALLAWAY Street MAMBOURIN 3024
53313780185,1 FLYDE Place WERRIBEE 3030
53313780202,33 ROSEHILL Way DIGGERS REST 3427
53313780234,573 GRAND Boulevard CRAIGIEBURN 3064
53313780283,70 HIGHLINE Boulevard TRUGANINA 3029
53313780325,376 CHARLEMONT Road ARMSTRONG CREEK 3217
53313780359,9 BOWENVALE Street EYNESBURY 3338
53313780382,125 BASTEN Avenue DEANSIDE 3336
53313780400,77 ORNAMENT Avenue TARNEIT 3029
53313780424,38 DANUBE Road TRUGANINA 3029
53313780523,21 JUMP Road FRASER RISE 3336
53313780565,5 TWEED Street LARA 3212
53313780697,21 SEACHANGE Street ARMSTRONG CREEK 3217
53313780721,73 BUCHANAN Boulevard ARMSTRONG CREEK 3217
53313780747,17 ASHFIELD Drive CHARLEMONT 3217
53313780763,34 HOLLEY Crescent ARMSTRONG CREEK 3217
53313780796,32 HOLLEY Crescent ARMSTRONG CREEK 3217
53313780814,120 KIRKPATRICK Boulevard TRUGANINA 3029
53313780929,13 PAPYRUS Way ROCKBANK 3335
53313780994,22 TINTAGEL Way WERRIBEE 3030
53313781027,14 ADLINGTON Avenue GREENVALE 3059
53313781076,16 PERNONIE Street LUCAS 3350
53313781092,5 ORMOND Boulevard TARNEIT 3029
53313781183,80 MONCRIEFF Crescent WANDANA HEIGHTS 3216
53312762934,56 SMITH Street KENSINGTON 3031
53312762983,54-60 SMITH Street KENSINGTON 3031
53312763882,3 JAVA Lane POINT COOK 3030
53312763981,51 ZETA Crescent POINT COOK 3030
53312764008,57 ZETA Crescent POINT COOK 3030
53312764022,59 ZETA Crescent POINT COOK 3030
53312764056,67 ZETA Crescent POINT COOK 3030
53312764071,15 JAVA Lane POINT COOK 3030
53312764097,9 JAVA Lane POINT COOK 3030
53312764196,120 DUNNINGS Road POINT COOK 3030
53312818547,3 BROOKE Street WOODEND 3442
53312768313,4 YORK Street PASCOE VALE SOUTH 3044
53312768436,44 ALEXANDER Street AVONDALE HEIGHTS 3034
53312768503,19 GLENMAGGIE Court MEADOW HEIGHTS 3048
53313774649,106 BASILDON Crescent STRATHTULLOH 3338
53313774665,7 FROG Way TARNEIT 3029
53313774680,14 MOLLYAN Avenue CHARLEMONT 3217
53313774716,39 GRANDVIEW Crescent DARLEY 3340
53313774730,15 CLOVERTREE Street TARNEIT 3029
53313774863,36 BUCKINGHAM Boulevard STRATHTULLOH 3338
53313774888,21 ARCHER Road WYNDHAM VALE 3024
53313774954,88 REFLECTIONS Crescent LARA 3212
53313775052,3 GALL Street WARRNAMBOOL 3280
53313775111,16 WENSLEYDALE Drive ROCKBANK 3335
53313775143,5 HANHI Lane TARNEIT 3029
53313820832,22 STUBBERFIELD Road TARNEIT 3029
53313820858,7 SEACHANGE Street ARMSTRONG CREEK 3217
53313820998,6 SIENNA Avenue FRASER RISE 3336
53313821021,28 ALTURA Drive TRUGANINA 3029
53313821055,20 ALTURA Drive TRUGANINA 3029
53313821088,74 DANUBE Road TRUGANINA 3029
53313821106,5 WATERFERN Street FRASER RISE 3336
53313821120,786 MORRIS Road TRUGANINA 3029
53313821154,16 PLATT Drive MADDINGLEY 3340
53313821187,10 ITALIANATE Avenue DEANSIDE 3336
53313821236,56 PARA Road TARNEIT 3029
53313821252,7 KYAH Street FRASER RISE 3336
53313821285,10 HATFIELD Street WERRIBEE 3030
53313821303,4 CHERRY Street ARMSTRONG CREEK 3217
53313821327,8 BUILD Street ARMSTRONG CREEK 3217
53313821351,74 HIGHLINE Boulevard TRUGANINA 3029
53313821376,25 SALTGRASS Avenue TARNEIT 3029
53313821426,34 ALTURA Drive TRUGANINA 3029
53313821450,40 ALTURA Drive TRUGANINA 3029
53313821624,66 SMILEY Road BROADMEADOWS 3047
53313821699,3 NATURE Road TARNEIT 3029
53313821723,32 BALLANRONG Road BONNIE BROOK 3335
53313781232,19 CATCHMENT Drive FRASER RISE 3336
53313826862,6 SOLERA Street BROOKFIELD 3338
53313826895,11 HAMPSHIRE Avenue ROCKBANK 3335
53313826929,21 EVERLASTING Boulevard STRATHTULLOH 3338
53313826953,8 IVORY Street COBBLEBANK 3338
53313826978,35 KOORA Drive SUNBURY 3429
53313826994,14 GANSHA Street WEIR VIEWS 3338
53313827026,6 AEOLUS Street ARMSTRONG CREEK 3217
53313827083,73 MONCRIEFF Crescent WANDANA HEIGHTS 3216
53313827101,208 LONG Street BALLARAT EAST 3350
53313827167,10 ETNA Road TRUGANINA 3029
53313827190,42 BLACKSHAWS Road SOUTH KINGSVILLE 3015
53313827223,38 CAMPBELL Road HUNTLY 3551
53313827316,10 ATTRACTION Walk AINTREE 3336
53313827330,6 ATTRACTION Walk AINTREE 3336
53313827389,7 ALYSSA Street GREENVALE 3059
53313827407,71 HIGHLINE Boulevard TRUGANINA 3029
53313827439,3 WINDSOR Drive HAMILTON 3300
53313827496,3 POTALA Avenue BONNIE BROOK 3335
53313827514,4 GROTON Street MANOR LAKES 3024
53313827538,7 REPARTEE Street TARNEIT 3029
53313827629,15 POTALA Avenue BONNIE BROOK 3335
53313827661,10 OSWALD Street TARNEIT 3029
53313827694,42 OPAL Drive LEOPOLD 3224
53313827728,23 KOORA Drive SUNBURY 3429
53313827752,2 EMILIA Circuit FRASER RISE 3336
53313827777,370 CHARLEMONT Road ARMSTRONG CREEK 3217
53313827843,11 ORANGE Drive FRASER RISE 3336
53313827892,41 ORNAMENT Avenue TARNEIT 3029
53313827968,14 PEGASUS Drive WEIR VIEWS 3338
53313828024,33 WOODLAND Street LARA 3212
53313828040,36 JACKSONIA Drive MICKLEHAM 3064
53313828066,7 LEAF Street MICKLEHAM 3064
53313828099,14 ATTRACTION Walk AINTREE 3336
53313828123,22 JACKSONIA Drive MICKLEHAM 3064
53313828157,32-34 QUEENSRIDGE Grove FYANSFORD 3218
53313828172,7 AEOLUS Street ARMSTRONG CREEK 3217
53313828198,8 PEGASUS Drive WEIR VIEWS 3338
53312818903,25 REYNARD Street COBURG 3058
53312819216,38 PIPER Street FAWKNER 3060
53312819248,35 ORTON Street OCEAN GROVE 3226
53312819264,35 ORTON Street OCEAN GROVE 3226
53312819289,35 ORTON Street OCEAN GROVE 3226
53312819446,9 DUDLEY Street FOOTSCRAY 3011
53312819677,71 AQUATIC Drive WERRIBEE SOUTH 3030
53312819990,47 EUMARELLA Street TULLAMARINE 3043
53312820073,3 FISHER Street FOOTSCRAY 3011
53312820109,5 NORTHUMBERLAND Road PASCOE VALE 3044
53312820131,5 NORTHUMBERLAND Road PASCOE VALE 3044
53312770618,7 RIDLEY Street ALBION 3020
53312770632,7 RIDLEY Street ALBION 3020
53312770798,7 BLAXLAND Drive SUNBURY 3429
53312770939,4 ERBA Road WYNDHAM VALE 3024
53312771013,9 SALTBUSH Circuit POINT LONSDALE 3225
53313866158,25 CATCHMENT Drive FRASER RISE 3336
53313866181,23 CANAL Street FRASER RISE 3336
53313866208,121 PLANE Avenue MAMBOURIN 3024
53313866256,10 DAVENPORT Street ARMSTRONG CREEK 3217
53313866289,34 PLAINS Circuit AINTREE 3336
53313866315,26 PLAINS Circuit AINTREE 3336
53313866339,28 PLAINS Circuit AINTREE 3336
53313866355,20 PLAINS Circuit AINTREE 3336
53313866420,63 PINTAIL Drive MELTON SOUTH 3338
53313866529,45 HANRAHAN Street GISBORNE 3437
53313866545,17 SHILLINGS Road MAMBOURIN 3024
53313866561,1 EBB Drive TARNEIT 3029
53313866594,3 ELECTRO Street WINTER VALLEY 3358
53313866612,58 GIOVANNI Drive CHARLEMONT 3217
53313821757,15 DEVENISH Way ST LEONARDS 3223
53313821772,20 CREMELLO Crescent TARNEIT 3029
53313821798,6 LEPPERTON Street WERRIBEE 3030
53313821822,20 DULCE Street DIGGERS REST 3427
53313821864,50 DELL Boulevard FYANSFORD 3218
53313821907,39 HARRIOTT Road ARMSTRONG CREEK 3217
53313821921,6 HILLTOP Drive CURLEWIS 3222
53313821988,38 AVISHA Way GREENVALE 3059
53313822069,6 GILLANDERS Street WARRNAMBOOL 3280
53313822084,54 DANUBE Road TRUGANINA 3029
53313822110,84 UNISON Road STRATHTULLOH 3338
53313822142,22 HEDGEROW Circuit CORIO 3214
53313822191,30 WOOLMAN Street LARA 3212
53313822240,738 TAYLORS Road TAYLORS HILL 3037
53313822273,11 FARLEIGH Drive TARNEIT 3029
53313822309,42 SHILLINGS Road MAMBOURIN 3024
53313822323,26 PALETTE Street MAMBOURIN 3024
53313822398,22 CRIB Street TARNEIT 3029
53313822448,12 PLATT Drive MADDINGLEY 3340
53313822464,14 BAVARIAN Avenue WERRIBEE 3030
53313822489,140 GRANDVISTA Boulevard WERRIBEE 3030
53313822547,7 WILDWOOD Road AINTREE 3336
53313822588,18 LONGLEAF Street FYANSFORD 3218
53313822614,3 SKENE Way MADDINGLEY 3340
53313822638,26 OPUS Street STRATHTULLOH 3338
53313822654,26 BURRIDGE Street DEANSIDE 3336
53313822745,2 BOBBIN Street FRASER RISE 3336
53313822761,33 GATHERING Grove TARNEIT 3029
53313823059,12 AJAX Way BONNIE BROOK 3335
53313823082,56 BUCKINGHAM Boulevard STRATHTULLOH 3338
53313823118,91 LENA Crescent TRUGANINA 3029
53313823140,8 JERMYN Street FRASER RISE 3336
53313823166,15 ADANSONIA Circuit MICKLEHAM 3064
53313823181,20 YOUYANGS Street TRUGANINA 3029
53313828221,12 ATTRACTION Walk AINTREE 3336
53313828255,11 DELHI Grove ROCKBANK 3335
53313828288,16 CUSP Drive TARNEIT 3029
53313828338,31 WONDROUS Boulevard TARNEIT 3029
53313828362,48 OPAL Drive LEOPOLD 3224
53313828387,43 MARADONA Boulevard DEANSIDE 3336
53313828437,9 HELENIC Drive GREENVALE 3059
53313828453,2 OSWALD Street TARNEIT 3029
53313828504,44 RATHMINES Road TRUGANINA 3029
53313828536,3 VALDES Avenue WINTER VALLEY 3358
53313828560,5 VALDES Avenue WINTER VALLEY 3358
53313828585,70 HILLVIEW Road GREENVALE 3059
53313828603,9 AMHERST Avenue MOUNT DUNEED 3217
53313828635,22 DEVONIA Avenue FRASER RISE 3336
53313828726,70 JARLATH Drive MAMBOURIN 3024
53313828742,25 GRANGEHILL Mews WYNDHAM VALE 3024
53313828775,29 GRANGEHILL Mews WYNDHAM VALE 3024
53313828801,16 ANTRIM Walk STRATHTULLOH 3338
53313828833,12 ANTRIM Walk STRATHTULLOH 3338
53313828859,2 ANTRIM Walk STRATHTULLOH 3338
53313828874,18 ANTRIM Walk STRATHTULLOH 3338
53313828900,21 OPUS Street STRATHTULLOH 3338
53313829121,82 COMPASS Drive GREENVALE 3059
53313829147,4 MORGAN Drive BONNIE BROOK 3335
53313829170,14 GOLD Street TARNEIT 3029
53313829237,62 PLYMOUTH Drive ROCKBANK 3335
53313829253,35 EMILIA Circuit FRASER RISE 3336
53313829278,13 DEVONIA Avenue FRASER RISE 3336
53313829336,15 ERIN Drive FRASER RISE 3336
53313829360,15 TEDDY Walk AINTREE 3336
53313829385,7 TEDDY Walk AINTREE 3336
53313829403,5 TEDDY Walk AINTREE 3336
53313829435,23 EVERBLOOM Crescent TARNEIT 3029
53313829451,21 TABULA Road TARNEIT 3029
53313829476,13 TABULA Road TARNEIT 3029
53313829502,11 EVERBLOOM Crescent TARNEIT 3029
53313829526,17 TABULA Road TARNEIT 3029
53313829575,15 EVERBLOOM Crescent TARNEIT 3029
53313829601,22 MAKYBE Street BONNIE BROOK 3335
53313829633,9 TABULA Road TARNEIT 3029
53312820247,76 JETTY Road WERRIBEE SOUTH 3030
53312820270,82 JETTY Road WERRIBEE SOUTH 3030
53312820296,66 JETTY Road WERRIBEE SOUTH 3030
53312820314,70 JETTY Road WERRIBEE SOUTH 3030
53312820346,65 AQUATIC Drive WERRIBEE SOUTH 3030
53312820362,69 AQUATIC Drive WERRIBEE SOUTH 3030
53312820387,63 AQUATIC Drive WERRIBEE SOUTH 3030
53312821575,38 CARLYLE Street MAIDSTONE 3012
53312870202,5 CALIGARI Way ALFREDTON 3350
53313866636,48 ADENMORE Circuit DEANSIDE 3336
53313866660,4 PATEL Place ROCKBANK 3335
53313866693,1 LAKELAND Drive LUCAS 3350
53313866792,21 CARBERY Way LUCAS 3350
53313866826,22 LOUVRE Road BONNIE BROOK 3335
53313866850,22 ART DECO Drive DEANSIDE 3336
53313866875,4 MANNA GUM Way CAMPBELLS CREEK 3451
53313866891,43 HAPPINESS Way WYNDHAM VALE 3024
53313866925,9 PRANA Way WERRIBEE 3030
53313866959,20 RAPTOR Place MELTON SOUTH 3338
53313866982,13 SHELTERBELT Avenue WEIR VIEWS 3338
53313867008,24 EVERLASTING Boulevard STRATHTULLOH 3338
53313867022,40 BLACKWATTLE Drive ARMSTRONG CREEK 3217
53313867056,27 JERNIGAN Road TARNEIT 3029
53313867071,29 GARDENVALE Avenue MAMBOURIN 3024
53313867097,15 HAYBALE Circuit TARNEIT 3029
53313867121,17 MOONAH Circuit POINT LONSDALE 3225
53313867147,2 ANPENSU Avenue MOUNT DUNEED 3217
53313867205,22 EBBSFLEET Crescent STRATHTULLOH 3338
53313867304,5 BLAKEWATER Crescent WEIR VIEWS 3338
53313867336,46238 GAMBIER Street OCEAN GROVE 3226
53313867360,46238 GAMBIER Street OCEAN GROVE 3226
53313867411,3 BUNDALONG Drive EYNESBURY 3338
53313867435,13 BUNDALONG Drive EYNESBURY 3338
53313867469,74 BUCKINGHAM Boulevard STRATHTULLOH 3338
53313867492,28 PRIYA Street WERRIBEE 3030
53313867526,3 RIPPLEVALE Road WINCHELSEA 3241
53313867542,10 FREW Road MAMBOURIN 3024
53313867568,47 RYDER Street CHARLEMONT 3217
53313867591,21 HEALY Drive TRUGANINA 3029
53313867619,26 VERONICA Crescent DEANSIDE 3336
53313867633,71 HOMESTEAD Drive LARA 3212
53313867667,13 MAKYBE Street BONNIE BROOK 3335
53313867682,1 SETTLERS Drive BONSHAW 3352
53313867700,20 ASPEN Street WINTER VALLEY 3358
53313867732,12 FARNDALE Drive LARA 3212
53313867766,5 HATFIELD Street WERRIBEE 3030
53313867817,4 POMELO Street TARNEIT 3029
53313867898,21 WENSLEYDALE Drive ROCKBANK 3335
53313867922,10 TOLKIEN Drive MAMBOURIN 3024
53313867964,52 STEAMBOAT Avenue WINTER VALLEY 3358
53313867997,3 HALLCROFT Road GREENVALE 3059
53313868054,2 NOAH Street GISBORNE 3437
53313823216,20 STONECUTTER Loop FRASER RISE 3336
53313823248,52 BUCKINGHAM Boulevard STRATHTULLOH 3338
53313823271,11 RAPTOR Place MELTON SOUTH 3338
53313823297,78 DOVE Avenue WINTER VALLEY 3358
53313823315,37 GREENPOINT Drive ROCKBANK 3335
53313823347,20 STINGRAY Street ARMSTRONG CREEK 3217
53313823370,3 WHEEL WRIGHT Lane KYNETON 3444
53313823406,12 PRIMARY Road TARNEIT 3029
53313823420,26 CRIB Street TARNEIT 3029
53313823561,3 RIBES Road TARNEIT 3029
53313823612,8 OSTIC Way TARNEIT 3029
53313823644,10 INTERLAKEN Avenue MANOR LAKES 3024
53313823677,14 EVERBLOOM Crescent TARNEIT 3029
53313823693,19 EDITH Street TARNEIT 3029
53313823711,3 ALTAR Street TRUGANINA 3029
53313678018,19 BOTANICAL Drive MOUNT DUNEED 3217
53313678058,27 KOOLAH Drive LARA 3212
53313678081,3 KILWARRIE Way WINCHELSEA 3241
53313678117,41 CLAY Crescent ROCKBANK 3335
53313678215,11 PRATO Street GREENVALE 3059
53313678247,120 LOLLIPOP Crescent SUNBURY 3429
53313678320,19 LEETON Street STRATHTULLOH 3338
53313678354,6 CAMPBELL Street WARRNAMBOOL 3280
53313678413,16 FITTIS Street NEWPORT 3015
53313678437,12 FITTIS Street NEWPORT 3015
53313678528,7 LAKEVIEW Avenue WILLIAMSTOWN 3016
53313678684,12 BLYTHEN Road LUCAS 3350
53313678726,12 SALTGRASS Avenue TARNEIT 3029
53313678750,14 CAVA Circuit SUNBURY 3429
53313829732,50 BLACKSHAWS Road SOUTH KINGSVILLE 3015
53313683958,12 KOBE Street DEANSIDE 3336
53313683981,31 KRATERON Street FRASER RISE 3336
53313684008,52 WOODBURY Street WILLIAMS LANDING 3027
53313684022,4 GAO Circuit DARLEY 3340
53313684056,10 GAO Circuit DARLEY 3340
53313684089,23 ISHERWOOD Road DEANSIDE 3336
53313684115,16 DALMORE Street DEANSIDE 3336
53313684139,4 MOULSDALE Way AINTREE 3336
53313684155,25 PETUNIA Way FRASER RISE 3336
53313684245,20 HAFLINGER Avenue BONNIE BROOK 3335
53313684261,15 TROPHY Drive TARNEIT 3029
53313684312,15 WHITEGUM Street HARKNESS 3337
53313684344,9 OROURKE Street LUCAS 3350
53313684377,47 OPAL Drive LEOPOLD 3224
53313684443,26 MCGEACHIN Street LUCAS 3350
53313684534,42 GRANDVIEW Crescent DARLEY 3340
53313684550,29 VOLANT Drive ARMSTRONG CREEK 3217
53313684619,4 GITA Crescent WERRIBEE 3030
53313684659,35 AMUKTA Road TRUGANINA 3029
53313684674,23 RAMBLER Boulevard TARNEIT 3029
53313684690,38 EDIFICE Drive TARNEIT 3029
53313684758,17 DELIA Avenue SUNBURY 3429
53313684781,31 LIBERATION Drive ARMSTRONG CREEK 3217
53313684809,22 HARWICH Street ROCKBANK 3335
53313684823,12 RESERVOIR Road FRASER RISE 3336
53313684857,18 ABARTH Grove BURNSIDE 3023
53313684880,3 COOPWORTH Way ROCKBANK 3335
53313684916,12 PALMASTON Drive GREENVALE 3059
53313684930,30 SHERRY Circuit FRASER RISE 3336
53313684956,54 PLYMOUTH Drive ROCKBANK 3335
53313684989,8 CUCKOO Way TARNEIT 3029
53313685020,14 SEARS Avenue WARRNAMBOOL 3280
53313685054,21 YEOMAN Street MELTON SOUTH 3338
53313685087,11 EASTBOURNE Street TRUGANINA 3029
53313685105,46 SURROUND Circuit BONNIE BROOK 3335
53313685137,10 VERDANT Street LARA 3212
53313685194,2 SCHUBERT Place MOUNT DUNEED 3217
53312871539,9 NORMANDE Court ASCOT 3551
53313868095,118 HOUDINI Drive TARNEIT 3029
53313868129,7 LEAHY Circuit GISBORNE 3437
53313868145,19 DOWNLEY Loop STRATHTULLOH 3338
53313868161,103 TULSI Avenue WERRIBEE 3030
53313868194,34 MINDIL Street ARMSTRONG CREEK 3217
53313868235,6 MULGRAVE Street LARA 3212
53313868269,26 HAMPSHIRE Avenue ROCKBANK 3335
53313868292,28 SPARROWHAWK Crescent DEANSIDE 3336
53313868326,16 PENDOWER Way WERRIBEE 3030
53313868342,18 MARION Street BONSHAW 3352
53313868368,15 VOGUE Drive WYNDHAM VALE 3024
53313868391,96 SURROUND Circuit BONNIE BROOK 3335
53313868425,54 HORSESHOE Parade FRASER RISE 3336
53313868459,70 BENDIGO Drive TARNEIT 3029
53313868474,43 MARGIE Street WYNDHAM VALE 3024
53313868490,13 RANGER Street BONNIE BROOK 3335
53313868566,8 MANCHADO Street TARNEIT 3029
53313868599,3 NOVA Street WEIR VIEWS 3338
53313868617,11 GOLDSBOROUGH Street BONSHAW 3352
53313868649,11 SUNNYBANK Road FRASER RISE 3336
53313868716,82 JARLATH Drive MAMBOURIN 3024
53313868821,16 ANTHER Avenue TARNEIT 3029
53313868855,27 ORIENTATION Avenue TARNEIT 3029
53313868888,5 CARRIAGE Drive FRASER RISE 3336
53313868906,4 KINGSTON Drive LARA 3212
53313868920,55 MONTVIEW Court CORIO 3214
53313868954,61 MICROPORA Drive WYNDHAM VALE 3024
53313869012,42 WILDWOOD Road AINTREE 3336
53313869036,10 BUNDALONG Drive EYNESBURY 3338
53313869111,13 RICE FLOWER Crescent STRATHTULLOH 3338
53313869143,3 MARGIE Street WYNDHAM VALE 3024
53313720495,5 BORAGE Road THORNHILL PARK 3335
53313720545,15 WITHERS Street MOUNT DUNEED 3217
53313720561,11 BAVARIAN Avenue WERRIBEE 3030
53313720586,5 GASCOYNE Circuit LARA 3212
53313720612,11 VANDELAY Avenue CHARLEMONT 3217
53313720644,3 MALONEY Road GISBORNE 3437
53313720677,22 CROWLANDS Circuit EYNESBURY 3338
53313720693,80 BUCHANAN Boulevard ARMSTRONG CREEK 3217
53313720711,67 AMBERSWEET Drive TARNEIT 3029
53313720743,9 MANIKATO Drive BONNIE BROOK 3335
53313720776,24 VIVID Street WINTER VALLEY 3358
53313720802,6 LAMPRA Way HUNTLY 3551
53313678783,46 SLAVKO Drive FRASER RISE 3336
53313678819,21 CALLANISH Street TRUGANINA 3029
53313678833,28 MARTLAND Street LUCAS 3350
53313678859,43 ORIENTATION Avenue TARNEIT 3029
53313678882,71 IMATRA Loop TARNEIT 3029
53313678918,96 ROBINSON Street ARMSTRONG CREEK 3217
53313678940,16 CRADLE Circuit MANOR LAKES 3024
53313678966,35 UNIVERSAL Road TARNEIT 3029
53313678981,8 SIERRA Street TRUGANINA 3029
53313679016,27 FLANAGAN Close ARMSTRONG CREEK 3217
53313679097,42 IVERSON Circuit DEANSIDE 3336
53313679115,145 SAWMILL Road HUNTLY 3551
53313679196,8 WETLAND Drive WILLIAMSTOWN 3016
53313679229,115 CARSTAIRS Court ST ALBANS 3021
53313679253,43 FRONTIER Circuit TARNEIT 3029
53313679278,12 ESK Street LARA 3212
53313679294,87 SARIC Street FRASER RISE 3336
53313679484,76 MAMIC Boulevard FRASER RISE 3336
53313679526,42 VERDALE Drive ALFREDTON 3350
53313679542,8 SALTGRASS Avenue TARNEIT 3029
53313679568,18 KEATS Circuit ARMSTRONG CREEK 3217
53313679591,26 COMPUTE Street GREENVALE 3059
53313679659,24 KEATS Circuit ARMSTRONG CREEK 3217
53313679781,6 KIMBALL Street SMYTHES CREEK 3351
53313679817,64 MASTERS Crescent MAMBOURIN 3024
53313679831,1 EAGLE Close MOOLAP 3224
53313679857,3 EAGLE Close MOOLAP 3224
53313679880,6 EAGLE Close MOOLAP 3224
53313679916,15 STEADFIELD Circuit MELTON SOUTH 3338
53313680016,52 MOTION Drive MOUNT DUNEED 3217
53313680097,16 PRATO Street GREENVALE 3059
53313680115,183 BONNIEBROOK Road BONNIE BROOK 3335
53313680147,8 CROWLANDS Circuit EYNESBURY 3338
53313680163,79 OPAL Drive LEOPOLD 3224
53313680188,8 CALLICOMA Street MICKLEHAM 3064
53313680213,21 NORTHBRIDGE Road HIGHTON 3216
53313680237,27 UNIVERSAL Road TARNEIT 3029
53313680253,2 HILDERBRAND Court SEBASTOPOL 3356
53313685269,74 CROWLANDS Circuit EYNESBURY 3338
53313685326,111 SHELTERBELT Avenue WEIR VIEWS 3338
53313685350,6 GRASSY Street WINTER VALLEY 3358
53313685375,10 GRASSY Street WINTER VALLEY 3358
53313685482,6 ZENITH Walk GREENVALE 3059
53313685500,10 ZENITH Walk GREENVALE 3059
53313685524,14 ZENITH Walk GREENVALE 3059
53313685599,14 PALMASTON Drive GREENVALE 3059
53313685623,25 CORFU Street FRASER RISE 3336
53313685649,17 NOPAL Boulevard FRASER RISE 3336
53313685698,14 HOLST Street ARMSTRONG CREEK 3217
53313685797,24 WOODSTOCK Drive EYNESBURY 3338
53313685855,4 SUMAC Street BROOKFIELD 3338
53313685896,67 UNISON Road STRATHTULLOH 3338
53313685914,5 SOUTHLANDS Loop STRATHTULLOH 3338
53313685938,40 HAMISH Road DARLEY 3340
53313686004,15 RAINDROP Circuit FRASER RISE 3336
53313686036,521 GRAND Boulevard CRAIGIEBURN 3064
53313686052,57 CURTIN Drive DEANSIDE 3336
53313686077,12 CROWLANDS Circuit EYNESBURY 3338
53313686103,13 CANARY Court LOVELY BANKS 3213
53313686127,27 BEAR Street TARNEIT 3029
53313686143,21 RESPECT Way TARNEIT 3029
53313686176,368 CLARKES Road BROOKFIELD 3338
53313686192,4 AARON Road TARNEIT 3029
53313686219,31 GENERATION Crescent MAMBOURIN 3024
53313686241,6 VOLANT Drive ARMSTRONG CREEK 3217
53313686300,15 WIDNES Court DEER PARK 3023
53313686358,15 WIDNES Court DEER PARK 3023
53313686381,15 WIDNES Court DEER PARK 3023
53313686449,19 SANKURU Road TRUGANINA 3029
53313686465,34 MOOLORT Crescent EYNESBURY 3338
53313686516,24 CAMFIELD Crescent MAMBOURIN 3024
53313686556,20 ZLATAN Way FRASER RISE 3336
53313686615,6 MISO Road WYNDHAM VALE 3024
53313686639,8 MOULSDALE Way AINTREE 3336
53313686663,3 SKYROS Road FRASER RISE 3336
53313686688,111 HIGHLINE Boulevard TRUGANINA 3029
53312872626,3 HYAMS Way TRUGANINA 3029
53312872774,22 WITTON Boulevard WARRNAMBOOL 3280
53312873195,14 WEINSTOCK Road TRUGANINA 3029
53313720834,7 LAMPRA Way HUNTLY 3551
53313720919,1 WITHERS Street MOUNT DUNEED 3217
53313720967,1 IMAGINE Drive STRATHFIELDSAYE 3551
53313721023,29 ORIENTATION Avenue TARNEIT 3029
53313721049,18 SARAN Crescent DEANSIDE 3336
53313721098,84 GREYJOY Road CHARLEMONT 3217
53313721116,10 REDBANK Street EYNESBURY 3338
53313721164,51 MESSENGER Parade LUCAS 3350
53313721197,92 CHARLESTON Road DEANSIDE 3336
53313721305,5 CRADLE Circuit MANOR LAKES 3024
53313721337,812 SAYERS Road TARNEIT 3029
53313721361,708 TARNEIT Road TARNEIT 3029
53313721386,27 COTTER Way TRUGANINA 3029
53313721412,8 SANKURU Road TRUGANINA 3029
53313721444,3 LAMPRA Way HUNTLY 3551
53313721477,18 VENICE Drive WINTER VALLEY 3358
53313721626,86 WALKSIDE Boulevard FRASER RISE 3336
53313721650,26 SLOCUM Road TARNEIT 3029
53313721691,16 OROURKE Street LUCAS 3350
53313721725,15 SPEARWOOD Road CARDIGAN 3352
53313721759,48 PLATT Drive MADDINGLEY 3340
53313721782,32 LITORIA Drive DEANSIDE 3336
53313721800,29 HADFIELD Road HARKNESS 3337
53313721824,25 SENDOCK Parade HUNTLY 3551
53313721881,25 ART DECO Drive DEANSIDE 3336
53313721917,16 HESTER Street HUNTLY 3551
53313722053,156 ATHERSTONE Boulevard STRATHTULLOH 3338
53313722078,28 PEGASUS Drive WEIR VIEWS 3338
53313722128,101 SARIC Street FRASER RISE 3336
53313722152,4 IMATRA Loop TARNEIT 3029
53313722202,20 TRUFFLE Circuit MOUNT DUNEED 3217
53313722226,11 HARWICH Street ROCKBANK 3335
53313722242,5 HARWICH Street ROCKBANK 3335
53313722301,39 WOOLSPINNER Crescent WYNDHAM VALE 3024
53313680286,45 BUSHRANGER Drive SUNBURY 3429
53313680312,16 PRATHAM Street TARNEIT 3029
53313680344,29 WATERFERN Street FRASER RISE 3336
53313680360,6 SLINKY Street DEANSIDE 3336
53313680385,36 MURNONG Street LEOPOLD 3224
53313680411,21 PEASNELL Street LUCAS 3350
53313680476,3 WITHERS Street MOUNT DUNEED 3217
53313680510,13 IRVING Court MAIDSTONE 3012
53313680542,5 COBREY Street SUNSHINE 3020
53313680583,3 PURITAN Street ROCKBANK 3335
53313680625,167 ABERLINE Road WARRNAMBOOL 3280
53313680641,14 JOHANNA Drive WINTER VALLEY 3358
53313680718,8 KROHN Walk WYNDHAM VALE 3024
53313680732,16 KROHN Walk WYNDHAM VALE 3024
53313680781,25 SLINKY Street DEANSIDE 3336
53313680898,30 BALLET Crescent SUNBURY 3429
53313680916,26 BALLET Crescent SUNBURY 3429
53313680930,22 BALLET Crescent SUNBURY 3429
53313680964,43 RIVERSDALE Boulevard WEIR VIEWS 3338
53313681020,72 COUNTESS Drive ST LEONARDS 3223
53313726582,1 BULL Road TARNEIT 3029
53313726666,8 WILDLIFE Circuit FRASER RISE 3336
53313726681,38 EMU Parade JACANA 3047
53313726717,22 BLIBURG Street JACANA 3047
53313726749,22 BLIBURG Street JACANA 3047
53313726772,10 KITE Street WINTER VALLEY 3358
53313726798,61 OASIS Drive MOUNT DUNEED 3217
53313726816,3 SUPEN Street MOUNT DUNEED 3217
53313726848,266 HARRIOTT Road CHARLEMONT 3217
53313726871,30 KOOLAH Drive LARA 3212
53313726907,55 DAHLIA Crescent MICKLEHAM 3064
53313726921,455 OHALLORANS Road LARA 3212
53313726970,19 WITHERS Street MOUNT DUNEED 3217
53313727036,16 VETRANO Avenue ALFREDTON 3350
53313727060,9 ARTISTRY Way BONNIE BROOK 3335
53313727127,5 GAWAN Loop COBURG NORTH 3058
53313727169,10 LIMESTONE Way OCEAN GROVE 3226
53313727192,21 ASPERULA Street TARNEIT 3029
53313727219,7 IMAGINE Drive STRATHFIELDSAYE 3551
53313686738,27 SHEBA Street DEANSIDE 3336
53313686754,16 BANAHAW Road TRUGANINA 3029
53313686779,21 SHEBA Street DEANSIDE 3336
53313686805,110 BRIGHTVALE Boulevard WYNDHAM VALE 3024
53313686845,9 DAINTREE Street ARMSTRONG CREEK 3217
53313686878,11 SHEBA Street DEANSIDE 3336
53313686894,78 SHOWMAN Drive DIGGERS REST 3427
53313686912,3 SHEBA Street DEANSIDE 3336
53313686944,21 GELANTIPY Drive TRUGANINA 3029
53313686977,118 COMPASS Drive GREENVALE 3059
53313687001,16 DEXTER Street DEANSIDE 3336
53313687025,18 DEXTER Street DEANSIDE 3336
53313732589,22 FEEHAN Avenue MOONEE PONDS 3039
53313732615,38 FEEHAN Avenue MOONEE PONDS 3039
53313732639,15 MAPLE Walk MOONEE PONDS 3039
53313732655,10 STONEPINE Drive MOONEE PONDS 3039
53313732688,7 MAPLE Walk MOONEE PONDS 3039
53313732714,3 MAPLE Walk MOONEE PONDS 3039
53313732746,35 UNICO Circuit MOUNT DUNEED 3217
53313732787,4 MACLAREN Drive MELTON SOUTH 3338
53313732813,1 ROOSEVELT Drive ROCKBANK 3335
53313732845,19 NOYCE Way ROCKBANK 3335
53313732878,61 MAKEDONIA Street TARNEIT 3029
53313732912,23 ATHENA Road WEIR VIEWS 3338
53313732944,11 ONTARIO Parade MICKLEHAM 3064
53313733010,52 HOLLEY Crescent ARMSTRONG CREEK 3217
53313733050,10 KIWARRA Court STRATHFIELDSAYE 3551
53313733119,17 WYLIE Street CHARLEMONT 3217
53313733174,6 FORZA Place SEBASTOPOL 3356
53313733190,10 FORZA Place SEBASTOPOL 3356
53313733217,55 DOVE Avenue WINTER VALLEY 3358
53313733249,63 DOVE Avenue WINTER VALLEY 3358
53313733308,20 CHARBEL Street GREENVALE 3059
53313733407,15 COUNCILLOR Drive WEIR VIEWS 3338
53313733439,26 HOLLEY Crescent ARMSTRONG CREEK 3217
53313733744,15 BESSIE Street MAMBOURIN 3024
53313733760,56 CORMORANT Grange WINTER VALLEY 3358
53313733793,28 FRANCA Avenue FRASER RISE 3336
53313733811,44 SUMAC Street BROOKFIELD 3338
53313733835,57 WATERFERN Street FRASER RISE 3336
53313733869,4 SENISE Street FRASER RISE 3336
53313722341,9 CRADLE Circuit MANOR LAKES 3024
53313722400,26 PROVINCIAL Circuit DEANSIDE 3336
53313722432,6 KARDAK Street TARNEIT 3029
53313722466,16 CAMFIELD Crescent MAMBOURIN 3024
53313722499,18 VICKSBURG Avenue WYNDHAM VALE 3024
53313722523,7 WITHERS Street MOUNT DUNEED 3217
53313722549,7 SAFRANO Street TARNEIT 3029
53313722565,58 JARLATH Drive MAMBOURIN 3024
53313722598,22 MONAVALE Drive MOUNT DUNEED 3217
53313722622,11 HILDERBRAND Court SEBASTOPOL 3356
53313722656,89 SARIC Street FRASER RISE 3336
53313722671,23 CORFU Street FRASER RISE 3336
53313722697,3 WOODSTOCK Drive EYNESBURY 3338
53313722721,60 MATTINA Circuit GREENVALE 3059
53313722763,26 WOODLAND Street LARA 3212
53313722796,25 DERRIMUT Street ROCKBANK 3335
53313722814,38 REFLECTIONS Crescent LARA 3212
53313722838,17 BOSCASTLE Way WERRIBEE 3030
53313722895,9 REFEREE Way TARNEIT 3029
53313722994,14 COULEE Street CRAIGIEBURN 3064
53313723027,134 SUMAC Street BROOKFIELD 3338
53313723126,9 ARARAT Street TRUGANINA 3029
53313723150,3 PRAISE Street FRASER RISE 3336
53313723183,92 SUNDANCE Boulevard WINTER VALLEY 3358
53313723200,16 GYMEA Street MOUNT DUNEED 3217
53313723258,8 TERRACOTTA Avenue TARNEIT 3029
53313723299,15 RIVERSDALE Boulevard WEIR VIEWS 3338
53313723323,11 REFEREE Way TARNEIT 3029
53313723349,32 MARGIE Street WYNDHAM VALE 3024
53313723365,56 MCKINLEY Drive TRUGANINA 3029
53313723398,14 TROPHY Drive TARNEIT 3029
53313723422,94 BASILDON Crescent STRATHTULLOH 3338
53313723456,2 PALETTE Street MAMBOURIN 3024
53313723471,11 AFTON Way MANOR LAKES 3024
53313768971,6 CHOIR Lane TARNEIT 3029
53313769038,30 VIVERO Road WYNDHAM VALE 3024
53313769054,12 MUTTONWOOD Crescent DEANSIDE 3336
53313769105,26 SILVAN Terrace GREENVALE 3059
53313769186,22 APORTA Avenue TARNEIT 3029
53313727267,14 HUNTINGFIELD Street THORNHILL PARK 3335
53313727290,19 CINDIA Crescent TARNEIT 3029
53313727324,32 GRAPPA Circuit WYNDHAM VALE 3024
53313727366,12 HAKEA Drive ELLIMINYT 3250
53313727399,16 HUMMOCK Rise WERRIBEE 3030
53313727472,5 PRATHAM Street TARNEIT 3029
53313727498,19 TOWER Street THORNHILL PARK 3335
53313727522,88 SUMAC Street BROOKFIELD 3338
53313727589,63 ABSALOM Street MOUNT DUNEED 3217
53313727647,24 CROPLEY Street LUCAS 3350
53313727670,49 UNISON Road STRATHTULLOH 3338
53313727696,3 YALLOURN Place STRATHTULLOH 3338
53313727714,15 TARNALA Road TARNEIT 3029
53313727746,4 GALENE Drive ARMSTRONG CREEK 3217
53313727762,67 HEMINGWAY Drive ROCKBANK 3335
53313727787,10 GALWAY Street MANOR LAKES 3024
53313727845,36 GENERATION Crescent MAMBOURIN 3024
53313727878,130 BRIGHTVALE Boulevard WYNDHAM VALE 3024
53313728050,50 CHANDLER Street WILLIAMSTOWN 3016
53313728141,28 FOAL Circuit FRASER RISE 3336
53313728167,10 PIANTA Street GREENVALE 3059
53313728231,6 BIRDWOOD Drive ST LEONARDS 3223
53313728257,94 SURROUND Circuit BONNIE BROOK 3335
53313728280,50 MOOLORT Crescent EYNESBURY 3338
53313728356,71 WHITECROSS Drive THORNHILL PARK 3335
53313728389,5 ALLIUM Street WERRIBEE 3030
53313728415,24 NECTAR Drive MOUNT DUNEED 3217
53313728439,5 CANDLES Street TARNEIT 3029
53313728455,66 SARIC Street FRASER RISE 3336
53313728488,1 ROOSEVELT Drive ROCKBANK 3335
53313728514,36 ADLINGTON Avenue GREENVALE 3059
53313728546,22 AMPHITHEATRE Street EYNESBURY 3338
53313728562,1 GREENPOINT Drive ROCKBANK 3335
53313728645,33 IONICA Loop TRUGANINA 3029
53313728678,27 IONICA Loop TRUGANINA 3029
53313733884,7 TARNAGULLA Street EYNESBURY 3338
53313733902,31 FRITELLI Circuit WYNDHAM VALE 3024
53313733934,35 MITIAMO Street EYNESBURY 3338
53313733968,62 SUMAC Street BROOKFIELD 3338
53313733991,13 BYROCK Street TRUGANINA 3029
53313734018,19 NABRO Street TRUGANINA 3029
53313734032,8 CLAYTON Street LARA 3212
53313734066,15 WILDERNESS Road FRASER RISE 3336
53313734123,4 ASPIRING Drive HUNTLY 3551
53313734149,19 CASTLECRAG Way STRATHTULLOH 3338
53313734165,56 SARIC Street FRASER RISE 3336
53313734198,15 MARGIE Street WYNDHAM VALE 3024
53313734270,12 RARITY Street ARMSTRONG CREEK 3217
53313734296,7 IONICA Loop TRUGANINA 3029
53313734320,11 MOSSMAN Street LARA 3212
53313734362,52 MARGIE Street WYNDHAM VALE 3024
53313734395,48 CASTLECRAG Way STRATHTULLOH 3338
53313734413,5 VALANCE Street TARNEIT 3029
53313734461,5 ALBATROSS Close MOOLAP 3224
53313734494,5 OCTAVIA Place STRATHTULLOH 3338
53313734528,48 HARLEQUIN Avenue DEANSIDE 3336
53313734593,56 RESTFUL Way ROCKBANK 3335
53313734651,39 BLENRIL Avenue TARNEIT 3029
53313734676,21 ROTUNNO Drive CHARLEMONT 3217
53313734692,3 BLESS Drive TARNEIT 3029
53313734734,14 EDGERTON Place MADDINGLEY 3340
53313734768,25 TRAVANCORE Street TARNEIT 3029
53313734859,58 PIENZA Road FRASER RISE 3336
53313734932,215 MARACANA Avenue MANOR LAKES 3024
53313734966,26 VOLLEY Street TARNEIT 3029
53313734981,25 HARKNESS Boulevard ARMSTRONG CREEK 3217
53313735008,3 TERRACO Place BROOKFIELD 3338
53313735030,45 SUMAC Street BROOKFIELD 3338
53313735121,37 IONICA Loop TRUGANINA 3029
53313735147,9 MONIER Way FYANSFORD 3218
53313769235,18 DUNBAR Street FRASER RISE 3336
53313769292,20 WIRILDA Street TORQUAY 3228
53313769310,37 WIDMARK Road TRUGANINA 3029
53313769334,7 HEY Street WILLIAMS LANDING 3027
53313769368,19 VETRANO Avenue ALFREDTON 3350
53313769391,20-22 GILROY Crescent CHARLEMONT 3217
53313769441,66 GILLESPIE Avenue WERRIBEE 3030
53313769467,6 AKROYDON Street WERRIBEE 3030
53313769490,14 HAPPINESS Way WYNDHAM VALE 3024
53313769524,6 SUPEN Street MOUNT DUNEED 3217
53313769573,16 SHACKELL Street WEIR VIEWS 3338
53313769599,9 MARIGOLD Drive FRASER RISE 3336
53313769623,19 FLINT Street WERRIBEE 3030
53313769665,15 AMPHITHEATRE Street EYNESBURY 3338
53313769716,10 BONITO Street MELTON SOUTH 3338
53313769730,105 HOMESTEAD Drive LARA 3212
53313769797,57 SUNLIGHT Circuit LARA 3212
53313769847,18 BANAHAW Road TRUGANINA 3029
53313769896,85 OAKDEAN Boulevard OCEAN GROVE 3226
53313769920,4 PEBBLE Street FYANSFORD 3218
53313769954,74 WILLOBY Drive ALFREDTON 3350
53313769979,28 EBBSFLEET Crescent STRATHTULLOH 3338
53313769995,36 ANGLESEA Street WINTER VALLEY 3358
53313770020,96 MEDALLION Boulevard TARNEIT 3029
53313770062,6 PUDDY Way CHARLEMONT 3217
53313770095,6 WHITELOCK Drive HUNTLY 3551
53313770113,30 TOOMEY Street HUNTLY 3551
53313770137,16 GOSHAWK Street DEANSIDE 3336
53313770235,92 NEW Street SOUTH KINGSVILLE 3015
53313770251,92 NEW Street SOUTH KINGSVILLE 3015
53313770302,10 EDGEMEAD Rise WERRIBEE 3030
53313770334,32 VOLLEY Street TARNEIT 3029
53313770368,42 TRANQUILITY Crescent ARMSTRONG CREEK 3217
53313770383,27 MALUA Road BONNIE BROOK 3335
53313770401,3 TERRY Road WARRNAMBOOL 3280
53313770433,30 SINOPIA Street TARNEIT 3029
53313770467,17 OVERTON Road WILLIAMS LANDING 3027
53313770490,15 OVERTON Road WILLIAMS LANDING 3027
53313770518,3 OVERTON Road WILLIAMS LANDING 3027
53313770532,19 OVERTON Road WILLIAMS LANDING 3027
53313770566,5 MUTTONWOOD Crescent DEANSIDE 3336
53313770599,3 ARDHA Road TARNEIT 3029
53313770631,17 ANGLESEA Street WINTER VALLEY 3358
53313728694,23 IONICA Loop TRUGANINA 3029
53313728712,50 STONNEYBURN Road THORNHILL PARK 3335
53313728744,32 GENERATION Crescent MAMBOURIN 3024
53313728760,72 POLLY Parade TARNEIT 3029
53313728785,4 LANDMARK Road WEIR VIEWS 3338
53313728811,14 BLENRIL Avenue TARNEIT 3029
53313728835,31 FRANCA Avenue FRASER RISE 3336
53313728851,23 SILA Road WERRIBEE 3030
53313729018,12 MEREDITH Street MAMBOURIN 3024
53313729040,6 FURROW Street BROOKFIELD 3338
53313729073,12 FURROW Street BROOKFIELD 3338
53313729099,43 CROWLANDS Circuit EYNESBURY 3338
53313729117,4 RUSH Crescent MANOR LAKES 3024
53313729149,4 WILDLIFE Circuit FRASER RISE 3336
53313729215,4 YILDIZ Street CHARLEMONT 3217
53313729255,3 MACARA Street SUNBURY 3429
53313729288,2 LIVID Avenue TARNEIT 3029
53313729306,32 BASIN Street FRASER RISE 3336
53313729320,16 PORTER Street WERRIBEE 3030
53313729354,15 JACOBENA Road MELTON SOUTH 3338
53313729395,26 VALENCIA Street WEIR VIEWS 3338
53313729429,7 ARRAMONT Road GREENVALE 3059
53313729453,11 ARRAMONT Road GREENVALE 3059
53313729486,10 SERENITY Street ARMSTRONG CREEK 3217
53313729504,111 WATERFERN Street FRASER RISE 3336
53313775169,6 LINBURN Street THORNHILL PARK 3335
53313775192,44 AMUKTA Road TRUGANINA 3029
53313775219,11 FAWCETT Road LUCAS 3350
53313775267,10 PALERMO Road DEANSIDE 3336
53313775282,15 WARATAH Way ELLIMINYT 3250
53313775300,89 KINGDOM Boulevard WEIR VIEWS 3338
53313775332,18 FRANCA Avenue FRASER RISE 3336
53313775366,18 DUKE Street ARMSTRONG CREEK 3217
53313775399,5 BACALL Street TRUGANINA 3029
53313775417,2 BLOOMINGBURG Road MANOR LAKES 3024
53313775498,4 ICANTHUS Street FRASER RISE 3336
53313775522,6 HILDERBRAND Court SEBASTOPOL 3356
53313775548,173 ABERLINE Road WARRNAMBOOL 3280
53313775597,14 COLACHI Road TRUGANINA 3029
53313775621,42 BUCKINGHAM Boulevard STRATHTULLOH 3338
53313775655,46 BUCKINGHAM Boulevard STRATHTULLOH 3338
53313735336,34 TRUFFLE Circuit MOUNT DUNEED 3217
53313735360,16 VIVID Street WINTER VALLEY 3358
53313735385,22 HARLEQUIN Avenue DEANSIDE 3336
53313735403,26 HARLEQUIN Avenue DEANSIDE 3336
53313735435,36 HARLEQUIN Avenue DEANSIDE 3336
53313735451,40 HARLEQUIN Avenue DEANSIDE 3336
53313735476,44 HARLEQUIN Avenue DEANSIDE 3336
53313735526,145 GEELONG Road WERRIBEE 3030
53313735619,18 ZLATAN Way FRASER RISE 3336
53313735641,18 STRICTA Circuit FRASER RISE 3336
53313735667,8 DULCE Street DIGGERS REST 3427
53313735718,44 MARGIE Street WYNDHAM VALE 3024
53313735740,3 CARBERY Way LUCAS 3350
53313735773,15 IVORY Street COBBLEBANK 3338
53313781266,151 CALLAWAY Street MAMBOURIN 3024
53313781281,18 CUSHION Way TARNEIT 3029
53313781331,7 PERIDOT Way ALFREDTON 3350
53313781372,13 WATERFERN Street FRASER RISE 3336
53313781408,27 EPPING Drive WYNDHAM VALE 3024
53313781430,16 TOOMEY Street HUNTLY 3551
53313781464,22 PEASNELL Street LUCAS 3350
53313781596,34 HOMECREST Crescent WYNDHAM VALE 3024
53313781614,1 KINGSLEY Promenade HUNTLY 3551
53313781638,15 GRAPPENHALL Avenue STRATHTULLOH 3338
53313781695,41 COUNTESS Drive ST LEONARDS 3223
53313781761,8 WENSLEYDALE Drive ROCKBANK 3335
53313781794,6 HAFLINGER Avenue BONNIE BROOK 3335
53313781812,3 AZAS Street TRUGANINA 3029
53313781836,9 HENDRY Drive SUNBURY 3429
53313781935,30 COMPUTE Street GREENVALE 3059
53313781969,7 DUKE Street ARMSTRONG CREEK 3217
53313782017,9 MOUNTAIN ASH Circuit WINTER VALLEY 3358
53313782031,9 PRATO Street GREENVALE 3059
53313782065,6 MULLINS Way SUNBURY 3429
53313782098,7 GIBSONS Circuit BONNIE BROOK 3335
53313782122,15 INTERLAKEN Avenue MANOR LAKES 3024
53313782164,17 INTERLAKEN Avenue MANOR LAKES 3024
53312764385,54-60 SMITH Street KENSINGTON 3031
53312764451,31 STARFLOWER Way TRUGANINA 3029
53312764510,568 MORELAND Road BRUNSWICK WEST 3055
53312764534,568 MORELAND Road BRUNSWICK WEST 3055
53312764550,568 MORELAND Road BRUNSWICK WEST 3055
53313770730,5 TOOMEY Street HUNTLY 3551
53313770756,2 BISTRE Road TARNEIT 3029
53313770789,28 AMUKTA Road TRUGANINA 3029
53313770807,39 AMUKTA Road TRUGANINA 3029
53313770821,40 IMATRA Loop TARNEIT 3029
53313770855,83 MERCER Street HARKNESS 3337
53313771004,27 ARCHER Road WYNDHAM VALE 3024
53313771036,10 FILLMORE Drive CRAIGIEBURN 3064
53313771052,16 FILLMORE Drive CRAIGIEBURN 3064
53313771077,60 CASTLECRAG Way STRATHTULLOH 3338
53313771103,22 NOAH Street GISBORNE 3437
53313771135,26 SINOPIA Street TARNEIT 3029
53313771169,159 GRANDVISTA Boulevard WERRIBEE 3030
53313771219,13 CATCHMENT Drive FRASER RISE 3336
53313771241,11 GIBBS Street DEANSIDE 3336
53313771318,4 SHERRY Circuit FRASER RISE 3336
53313771358,192 BONNIEBROOK Road BONNIE BROOK 3335
53313771381,11 CALIFORNIA Way BONNIE BROOK 3335
53313771457,8 SELENE Way GREENVALE 3059
53313771498,17 GLENARD Avenue STRATHTULLOH 3338
53313771556,3 GRANGEHILL Mews WYNDHAM VALE 3024
53313771688,57 NECTAR Drive MOUNT DUNEED 3217
53313771714,1 MUTTONWOOD Crescent DEANSIDE 3336
53313771754,7 CAMPBELL Street WARRNAMBOOL 3280
53313771787,26 MONTAGNA Circuit ARMSTRONG CREEK 3217
53313771912,3 EMMANUE Street DEANSIDE 3336
53313771936,1 GRANGEHILL Mews WYNDHAM VALE 3024
53313771952,9 GRANGEHILL Mews WYNDHAM VALE 3024
53313771985,11 OTTERHAM Way WERRIBEE 3030
53313772000,3 OTTERHAM Way WERRIBEE 3030
53313772024,26 POTALA Avenue BONNIE BROOK 3335
53313772058,9 WHEATSHEAF Road WYNDHAM VALE 3024
53313772123,5 MERVYN Drive GREENVALE 3059
53313775670,50 BUCKINGHAM Boulevard STRATHTULLOH 3338
53313775696,7 FARABI Walk TRUGANINA 3029
53313775720,19 FARABI Walk TRUGANINA 3029
53313775754,9 FARABI Walk TRUGANINA 3029
53313775787,11 FARABI Walk TRUGANINA 3029
53313775837,21 DRUMCHAPEL Crescent STRATHTULLOH 3338
53313775960,9 MERVYN Drive GREENVALE 3059
53313776010,17 JARVIS Way LUCAS 3350
53313776042,6 TRUNCATA Drive TARNEIT 3029
53313776091,19 KALAMUNDRA Drive WERRIBEE 3030
53313776119,13 CORMORANT Way TORQUAY 3228
53313776141,3 AMUKTA Road TRUGANINA 3029
53313776209,11 GIPPS Walk WYNDHAM VALE 3024
53313776223,5 GIPPS Walk WYNDHAM VALE 3024
53313776249,9 GIPPS Walk WYNDHAM VALE 3024
53313776272,5 OVERTURE Road STRATHTULLOH 3338
53313776298,104 MCKINLEY Drive TRUGANINA 3029
53313776316,22 OSWALD Street TARNEIT 3029
53313776348,11 PRODUCE Drive MAMBOURIN 3024
53313776364,5 BAVARIAN Avenue WERRIBEE 3030
53313776389,41 GENERATION Crescent MAMBOURIN 3024
53313776447,17 HORSESHOE Parade FRASER RISE 3336
53313776470,147 SPARROVALE Road CHARLEMONT 3217
53313776546,7 LUSITANO Road BONNIE BROOK 3335
53313776579,4 LIGHTFOOT Way DEANSIDE 3336
53313776645,16 GALENE Drive ARMSTRONG CREEK 3217
53313776678,42 MAYOPARK Street DEANSIDE 3336
53313776704,11 WENSLEYDALE Drive ROCKBANK 3335
53313776736,19 CLIPSTONE Crescent FRASER RISE 3336
53313776752,14 CORMO Road MAMBOURIN 3024
53313776811,64 ORNAMENT Avenue TARNEIT 3029
53313776835,47 JACKSONIA Drive MICKLEHAM 3064
53313776950,17 EBBSFLEET Crescent STRATHTULLOH 3338
53313777017,26 BLOMELEY Drive LUCAS 3350
53313777049,24 FAWCETT Road LUCAS 3350
53313777065,22 PETERBOROUGH Rise WERRIBEE 3030
53313782220,11 BERNADETTE Road GREENVALE 3059
53313782254,9 MULLINS Way SUNBURY 3429
53313782279,11 DANDELION Crescent ROCKBANK 3335
53313782295,98 SHORTRIDGE Drive LUCAS 3350
53313782329,10 DANBY Street LARA 3212
53313782394,18 HUBBARD Street LUCAS 3350
53313782412,118 ODYSSEY Boulevard TARNEIT 3029
53313782493,20 NOAH Street GISBORNE 3437
53313782543,24 MOLLYAN Avenue CHARLEMONT 3217
53313782569,17 SKALKOZ Street WILLIAMS LANDING 3027
53313782592,23 BLENRIL Avenue TARNEIT 3029
53313782650,43 ROBINSON Street ARMSTRONG CREEK 3217
53313782675,8 IRONSTONE Way BONNIE BROOK 3335
53313782691,20 MARIGOLD Drive FRASER RISE 3336
53313782725,11 MARGIE Street WYNDHAM VALE 3024
53313782759,9 BIRCHWOOD Crescent BONNIE BROOK 3335
53313782782,14 ANAND Way DEANSIDE 3336
53313782800,78 JARLATH Drive MAMBOURIN 3024
53313782824,3 ARACAR Street TRUGANINA 3029
53313782858,85 GREYJOY Road CHARLEMONT 3217
53313782873,30 HEY Street WILLIAMS LANDING 3027
53313782909,26 HEY Street WILLIAMS LANDING 3027
53313782931,9 VICKSBURG Avenue WYNDHAM VALE 3024
53313783015,32 HARLEQUIN Avenue DEANSIDE 3336
53313783047,8 FUTURA Street BURNSIDE 3023
53313783070,13 BALBI Road TRUGANINA 3029
53313783096,42 STEAMBOAT Avenue WINTER VALLEY 3358
53313783114,12 CART Road FRASER RISE 3336
53313783146,11 WATERFERN Street FRASER RISE 3336
53313783187,16 MUCKLEFORD Street EYNESBURY 3338
53313783212,9 SAFRANO Street TARNEIT 3029
53313783410,2 AARON Road TARNEIT 3029
53313783434,9 UNGUD Way ARMSTRONG CREEK 3217
53313783450,14 GLENARD Avenue STRATHTULLOH 3338
53313783483,18 BAKANOVI Drive TRUGANINA 3029
53313783501,25 ELAINE Street TARNEIT 3029
53313783525,26 BAKANOVI Drive TRUGANINA 3029
53313783559,20 WATERFERN Street FRASER RISE 3336
53313783582,20 CRUSADE Street TARNEIT 3029
53313783618,11 HANRAHAN Street GISBORNE 3437
53312765906,20 GLYNDON Avenue ST ALBANS 3021
53312765938,4A COLCLOUGH Court STRATHMORE 3041
53312766036,46B DUDLEY Street FOOTSCRAY 3011
53313817886,21 PLYMOUTH Way SMYTHES CREEK 3351
53313817912,28 WARRIGAL Drive AINTREE 3336
53313817944,91 TOWER Street THORNHILL PARK 3335
53313817960,16 SIANG Road DEANSIDE 3336
53313817985,11 CHERRY Street ARMSTRONG CREEK 3217
53313818026,8 MOLLERS Lane LEOPOLD 3224
53313818042,39 YEARLING Promenade WERRIBEE 3030
53313818068,7 PRUNE Walk MANOR LAKES 3024
53313818167,93 TOWER Street THORNHILL PARK 3335
53313818223,46 THURLING Parade LUCAS 3350
53313818249,33 HANRAHAN Street GISBORNE 3437
53313818322,27 ASPEN Street WINTER VALLEY 3358
53313818356,46145 MOLLYAN Avenue CHARLEMONT 3217
53313818371,30 GUNTER Drive TARNEIT 3029
53313818397,14 MAUVELOUS Avenue TARNEIT 3029
53313818455,14 OVERTURE Road STRATHTULLOH 3338
53313818488,39 FAWCETT Road LUCAS 3350
53313818579,38 PALETTE Street MAMBOURIN 3024
53313818595,35 CUSHION Way TARNEIT 3029
53313818661,20 MACLAREN Drive MELTON SOUTH 3338
53313818694,5 GUMDROP Drive OCEAN GROVE 3226
53313818728,8 DEVONIA Avenue FRASER RISE 3336
53313818752,252 STONEHILL Drive MADDINGLEY 3340
53313818777,36 DUKES Lane STRATHFIELDSAYE 3551
53313818793,6 EYCKENS Road LUCAS 3350
53313818827,7 LAING Street BONNIE BROOK 3335
53313818884,5 HELENIC Drive GREENVALE 3059
53313818902,264 HARRIOTT Road CHARLEMONT 3217
53313818926,134 ADELONG Way BACCHUS MARSH 3340
53313818983,16 HATFIELD Street WERRIBEE 3030
53313819018,128 BIRDWOOD Avenue SEBASTOPOL 3356
53313819032,130 BIRDWOOD Avenue SEBASTOPOL 3356
53313819058,5 LUCK Street SEBASTOPOL 3356
53313819081,24 NYMAN Circuit TARNEIT 3029
53313819109,122 KOSSUTH Street SEBASTOPOL 3356
53313819123,60 METROON Drive WEIR VIEWS 3338
53313819157,33 SEARS Avenue WARRNAMBOOL 3280
53313819198,128 ODYSSEY Boulevard TARNEIT 3029
53313777098,6 RALLY Street TARNEIT 3029
53313777156,26 NOAH Street GISBORNE 3437
53313777171,6 KAPRUN Street WINTER VALLEY 3358
53313777254,39 MADISONS Avenue DIGGERS REST 3427
53313777287,13 YILDIZ Street CHARLEMONT 3217
53313777305,18 DURELL Road TRUGANINA 3029
53313777329,31 HARKNESS Boulevard ARMSTRONG CREEK 3217
53313777353,13 CAVA Circuit SUNBURY 3429
53313777378,5 PORTRAIT Street MAMBOURIN 3024
53313777394,15 TOPOGRAPHICAL Crescent GREENVALE 3059
53313777428,7 BARINGHUP Street EYNESBURY 3338
53313777444,45 MITIAMO Street EYNESBURY 3338
53313777460,159 CALLAWAY Street MAMBOURIN 3024
53313777493,54 ARARAT Street TRUGANINA 3029
53313777527,42 BAELISH Drive CHARLEMONT 3217
53313777576,3 XENOLITH Drive CRAIGIEBURN 3064
53313777610,17 COTTON Circuit GISBORNE 3437
53313777642,34 CASTLECRAG Way STRATHTULLOH 3338
53313777675,8 MARACAIBO Crescent MANOR LAKES 3024
53313777741,20 BUNCH Walk TRUGANINA 3029
53313777782,33 VOLANT Drive ARMSTRONG CREEK 3217
53313777818,25 EPPING Drive WYNDHAM VALE 3024
53313777840,31 MANGOSTEEN Drive TRUGANINA 3029
53313777866,31 EPPING Drive WYNDHAM VALE 3024
53313777881,16 APORTA Avenue TARNEIT 3029
53313777923,24 CONRICK Way KOROIT 3282
53313777957,167 CALLAWAY Street MAMBOURIN 3024
53313778021,60 PALARA Drive STRATHTULLOH 3338
53313778096,65 SKYLARK Drive WINTER VALLEY 3358
53313778120,20 ELOQUENCE Road TARNEIT 3029
53313778154,40 PALARA Drive STRATHTULLOH 3338
53313823925,11 WHEEL WRIGHT Lane KYNETON 3444
53313824009,18 ERSKINE Road WINTER VALLEY 3358
53313824072,42 HEATHCOTE Street MOUNT DUNEED 3217
53313824108,25 CROSSMOUNT Drive NEW GISBORNE 3438
53313824148,8 GIOVANNI Drive CHARLEMONT 3217
53313824214,26 LOUVRE Road BONNIE BROOK 3335
53313824246,100 INGLENOOK Circuit ARMSTRONG CREEK 3217
53313783632,19 JOURNEY Crescent MOUNT DUNEED 3217
53313783658,31 DALK Drive GISBORNE 3437
53313783717,30 FRASER Street MOUNT PLEASANT 3350
53313783749,4 PACAYA Street TRUGANINA 3029
53313783765,3 WHITELOCK Drive HUNTLY 3551
53313783816,11 EBBSFLEET Crescent STRATHTULLOH 3338
53313783848,41 PANDAVA Road WERRIBEE 3030
53313783871,43 PANDAVA Road WERRIBEE 3030
53313783897,9 MAKYBE Street BONNIE BROOK 3335
53313783915,25 LOWELL Road TARNEIT 3029
53313783947,11 GRAMERCY Place STRATHTULLOH 3338
53313783963,6 WOODLAND Street LARA 3212
53313783988,90 CONONDALE Avenue TRUGANINA 3029
53313784013,378 CHARLEMONT Road ARMSTRONG CREEK 3217
53313784037,10 PAPYRUS Way ROCKBANK 3335
53313784053,56 GENERATION Crescent MAMBOURIN 3024
53313784086,3 LEPPERTON Street WERRIBEE 3030
53313784128,18 WHEATSHEAF Road WYNDHAM VALE 3024
53313784152,10 LILYPAD Way ROCKBANK 3335
53313784177,38 HEY Street WILLIAMS LANDING 3027
53313784193,40 HEY Street WILLIAMS LANDING 3027
53313784226,5 HANOVER Court AVONDALE HEIGHTS 3034
53313829898,3 TEDDY Walk AINTREE 3336
53313829930,38 SHILLINGS Road MAMBOURIN 3024
53313829989,5 FUTURA Street BURNSIDE 3023
53313830030,24 NATURE Road TARNEIT 3029
53313830071,16 CODRINGTON Street CHARLEMONT 3217
53313830107,29 PARADISE Circuit ARMSTRONG CREEK 3217
53313830205,6 COMPANION Street MOUNT DUNEED 3217
53313830237,10 DULCE Street DIGGERS REST 3427
53313830261,19 FRITELLI Circuit WYNDHAM VALE 3024
53313830294,3 FRITELLI Circuit WYNDHAM VALE 3024
53313830312,70 ELMHURST Avenue AINTREE 3336
53313830336,72 ELMHURST Avenue AINTREE 3336
53313830360,78 ELMHURST Avenue AINTREE 3336
53313830393,86 ELMHURST Avenue AINTREE 3336
53313830469,173 BEATTYS Road FRASER RISE 3336
53313830492,29 LIDDERDALE Drive GISBORNE 3437
53313830510,26 BUCKINGHAM Boulevard STRATHTULLOH 3338
53313830534,4 ANPENSU Avenue MOUNT DUNEED 3217
53313830568,7 KENSAL Walk WYNDHAM VALE 3024
53313830601,30 TULLA Circuit BURNSIDE 3023
53312822571,11A HAYDEN Crescent ALBION 3020
53313819306,47 DARWINIA Drive MICKLEHAM 3064
53313819320,45 CAVALIER Street WYNDHAM VALE 3024
53313819346,20 PATRIOT Crescent SMYTHES CREEK 3351
53313819379,24 PALETTE Street MAMBOURIN 3024
53313819405,8 ENDURANCE Grove CHARLEMONT 3217
53313819453,26 GIOVANNI Drive CHARLEMONT 3217
53313819478,15 SPADEFOOT Place STRATHTULLOH 3338
53313819504,16 IMATRA Loop TARNEIT 3029
53313819536,24 LEPPERTON Street WERRIBEE 3030
53313819635,40 PARA Road TARNEIT 3029
53313819651,4 KYAH Street FRASER RISE 3336
53313819676,7 CRESTVIEW Street CHARLEMONT 3217
53313819702,457 OHALLORANS Road LARA 3212
53313819775,19 MACHINE Street SUNBURY 3429
53313819801,44 STEADFIELD Circuit MELTON SOUTH 3338
53313819940,16 HILDERBRAND Court SEBASTOPOL 3356
53313819973,5 VIRIDIS Drive TARNEIT 3029
53313820049,14 WALLOWA Street MICKLEHAM 3064
53313820080,17 CASSATA Road MANOR LAKES 3024
53313820148,3 BALLYMENA Street STRATHTULLOH 3338
53313820214,17 CONSTANCE Way NEW GISBORNE 3438
53313820238,43 SPARROWHAWK Crescent DEANSIDE 3336
53313820262,8 AMUKTA Road TRUGANINA 3029
53313820287,12 BRONZEWING Way LARA 3212
53313820305,14 UNGUD Way ARMSTRONG CREEK 3217
53313820345,93 WALKSIDE Boulevard FRASER RISE 3336
53313820378,10 IVORY Street COBBLEBANK 3338
53313820404,76 REFLECTIONS Crescent LARA 3212
53313820428,16 ALTURA Drive TRUGANINA 3029
53313820444,14 ARAGON Road TARNEIT 3029
53313820503,6 PLATT Drive MADDINGLEY 3340
53313820602,9 RUISLIP Grove WERRIBEE 3030
53313820719,24 DELHI Grove ROCKBANK 3335
53313824287,79 MARADONA Boulevard DEANSIDE 3336
53313824313,10 PURITAN Street ROCKBANK 3335
53313824394,25 LINKAGE Street BONSHAW 3352
53313824493,19 CAMMISS Way TRUGANINA 3029
53313824569,37 KOORA Drive SUNBURY 3429
53313824592,40 SHILLINGS Road MAMBOURIN 3024
53313824610,9 MUIRFIELD Court MOOLAP 3224
53313824634,1 MUIRFIELD Court MOOLAP 3224
53313824683,21 MOSSMAN Street LARA 3212
53313824733,19 BALLYMENA Street STRATHTULLOH 3338
53313824767,19 GAHNIA Drive ARMSTRONG CREEK 3217
53313824790,16 KOBI Street TARNEIT 3029
53313824818,51 JOURNEY Drive FRASER RISE 3336
53313824866,73 WALTON Street MELTON SOUTH 3338
53313824899,9 VOLANT Drive ARMSTRONG CREEK 3217
53313824957,1 SNIPE Drive STRATHTULLOH 3338
53313824972,6 USHER Way MADDINGLEY 3340
53313825015,11 ROEHAMPTON Crescent WERRIBEE 3030
53313825047,13 HORSESHOE Parade FRASER RISE 3336
53313825070,65 MARYANNE Way FRASER RISE 3336
53313825096,8 JIMMY Street CHARLEMONT 3217
53313825114,43 PALMASTON Drive GREENVALE 3059
53313825146,10 UTOPIA Way WEIR VIEWS 3338
53313825162,38 DURELL Road TRUGANINA 3029
53313825187,4 WATERFERN Street FRASER RISE 3336
53313825212,63 MARYANNE Way FRASER RISE 3336
53313825236,69 STREAM Road WYNDHAM VALE 3024
53313825252,13 RAVENSCRAIG Drive STRATHTULLOH 3338
53313825311,93 TULSI Avenue WERRIBEE 3030
53313825343,21 MORGAN Drive BONNIE BROOK 3335
53313825369,12 MANCHADO Street TARNEIT 3029
53313825475,2 CORINTH Street MANOR LAKES 3024
53313825541,18 WILDWOOD Road AINTREE 3336
53313825574,6 NEVADO Drive TRUGANINA 3029
53313825600,6 BENSON Drive WARRNAMBOOL 3280
53313825624,12 MUSGROVE Street WARRNAMBOOL 3280
53313825640,2 FRESHWATER Way FRASER RISE 3336
53313703054,5 MILKY Way DEANSIDE 3336
53313703087,1 MILKY Way DEANSIDE 3336
53313703105,2 MILKY Way DEANSIDE 3336
53313703137,4 MILKY Way DEANSIDE 3336
53313703161,8 MILKY Way DEANSIDE 3336
53313703194,12 MILKY Way DEANSIDE 3336
53313703227,21 GLOVER Street MAMBOURIN 3024
53313703251,40 MOSLEY Crescent TRUGANINA 3029
53313703276,66 SUMAC Street BROOKFIELD 3338
53313703419,101 POLLY Parade TARNEIT 3029
53313703474,19 SUSTAINABLE Drive CRAIGIEBURN 3064
53313703500,3 ELLIMATTA Road MAMBOURIN 3024
53313703524,9 BELFAST Road ALFREDTON 3350
53313703540,11 BELFAST Road ALFREDTON 3350
53313703573,39 HAMISH Road DARLEY 3340
53313703609,28 CROPLEY Street LUCAS 3350
53313703657,28 COMMUNAL Road WYNDHAM VALE 3024
53313703672,15 COTTON Circuit GISBORNE 3437
53313703698,25 BISHOPGATE Boulevard BONNIE BROOK 3335
53313703722,35 EDIFICE Drive TARNEIT 3029
53313703807,36 WENSLEYDALE Drive ROCKBANK 3335
53313703821,6 PAPYRUS Way ROCKBANK 3335
53313703938,144 BONNIEBROOK Road BONNIE BROOK 3335
53313703954,14 KOSTAS Street SUNBURY 3429
53313703987,7 SHEEPYARD Way DIGGERS REST 3427
53313704012,7 LYDNEY Street WYNDHAM VALE 3024
53313704044,35 STEWART Court WARRNAMBOOL 3280
53313704060,674 BATMAN Road INDENTED HEAD 3223
53313704085,18 SHERRY Circuit FRASER RISE 3336
53313704135,2 TUMBLETREE Court HIGHTON 3216
53313704151,19 ARRAMONT Road GREENVALE 3059
53313704201,17 HALES Crescent JACANA 3047
53313704259,4 IREDALE Promenade SUNBURY 3429
53313704282,25 QUEENSRIDGE Grove FYANSFORD 3218
53313704332,19 AMPHITHEATRE Street EYNESBURY 3338
53313704358,60 PANKINA Road MAMBOURIN 3024
53313704381,15 PIGDON Street WEIR VIEWS 3338
53313704465,18 RAMBLER Boulevard TARNEIT 3029
53313704480,11 LUSITANO Road BONNIE BROOK 3335
53313853766,9 MCGEACHIN Street LUCAS 3350
53313853799,8 CELESTIAL Way GREENVALE 3059
53313853898,33 POLLEN Street MOUNT DUNEED 3217
53313853922,22 ERVINE Drive WYNDHAM VALE 3024
53313853989,16 SPARLAND Street MANOR LAKES 3024
53313854020,14 CART Road FRASER RISE 3336
53313854054,7 NOKOTA Circuit BONNIE BROOK 3335
53313854079,39 PORTEOUS Retreat SYDENHAM 3037
53313854095,26 WATTLESEED Drive FRASER RISE 3336
53313854129,32 PORTEOUS Retreat SYDENHAM 3037
53313708341,13 LINBURN Street THORNHILL PARK 3335
53313708374,9 OPULENCE Avenue FRASER RISE 3336
53313708400,14 LAW Court WYNDHAM VALE 3024
53313708424,76 SHOREBREAK Way OCEAN GROVE 3226
53313708440,58 HURST Drive NEW GISBORNE 3438
53313708499,4 ARKLAY Road THORNHILL PARK 3335
53313708565,12 AVION Crescent TRUGANINA 3029
53313708580,20 BRECCIA Street CRAIGIEBURN 3064
53313708689,9 PLYMOUTH Way SMYTHES CREEK 3351
53313708707,44 PARA Road TARNEIT 3029
53313708721,18 SCOTTY Road DEANSIDE 3336
53313708788,33 MONAVALE Drive MOUNT DUNEED 3217
53313708854,6 WILMINGTON Street DEANSIDE 3336
53313708887,16 WOODBURY Street WILLIAMS LANDING 3027
53313708913,28 WOODBURY Street WILLIAMS LANDING 3027
53313708945,13 SURROUND Circuit BONNIE BROOK 3335
53313708961,40 WINDANSEA Street ARMSTRONG CREEK 3217
53313708986,16 HOLLEY Crescent ARMSTRONG CREEK 3217
53313709011,89 WILLOBY Drive ALFREDTON 3350
53313709043,10 POD Walk TARNEIT 3029
53313709069,8 POD Walk TARNEIT 3029
53313709134,3 CASSOWARY Way WINTER VALLEY 3358
53313709168,1 HUBBARD Street LUCAS 3350
53313709191,51 SULLIVAN Street LUCAS 3350
53313709224,46 GOLDFINCH Road WINTER VALLEY 3358
53313709240,66 TURF CLUB Boulevard MELTON SOUTH 3338
53313709266,65 PHOENIX Road ALTONA NORTH 3025
53313709323,35 BARRETT Street LANCEFIELD 3435
53313709357,50 FLUME Street LARA 3212
53313741618,134 SPARROVALE Road CHARLEMONT 3217
53313741640,14 POPPY Drive GISBORNE 3437
53313741666,4 MULLINS Way SUNBURY 3429
53313787336,8 POMEROY Rise MOUNT DUNEED 3217
53313787385,45 FERONIA Avenue TARNEIT 3029
53313787451,165 CALLAWAY Street MAMBOURIN 3024
53313787476,7 SKYROS Road FRASER RISE 3336
53313787534,29 CLOCKWISE Street GREENVALE 3059
53313787591,23 DANDELION Crescent ROCKBANK 3335
53313787619,15 BACALL Street TRUGANINA 3029
53313787633,47 DELL Boulevard FYANSFORD 3218
53313787667,4 FEGENT Road TARNEIT 3029
53313787690,13 VALANCE Street TARNEIT 3029
53313787740,269 MANOR LAKES Boulevard MANOR LAKES 3024
53313787766,20 SUPEN Street MOUNT DUNEED 3217
53313787799,23 VIOLETTA Boulevard DIGGERS REST 3427
53313787817,48 GALENE Drive ARMSTRONG CREEK 3217
53313787831,16 HICKLING Road TARNEIT 3029
53313787865,70 MESSENGER Parade LUCAS 3350
53313787880,54 PLATT Drive MADDINGLEY 3340
53313787930,26 MUCKLEFORD Street EYNESBURY 3338
53313788006,7 BODEGA Walk BROOKFIELD 3338
53313788020,9 BODEGA Walk BROOKFIELD 3338
53313788046,13 BODEGA Walk BROOKFIELD 3338
53313788079,17 BODEGA Walk BROOKFIELD 3338
53313788105,21 BODEGA Walk BROOKFIELD 3338
53313788137,10 HATTERSLEY Chase WERRIBEE 3030
53313788153,27 MITIAMO Street EYNESBURY 3338
53313788178,25 SILVER Drive DIGGERS REST 3427
53313788269,14 MULGRAVE Street LARA 3212
53313788302,40 WOOLMAN Street LARA 3212
53313788334,16 EDGERTON Place MADDINGLEY 3340
53313788350,74 MAKEDONIA Street TARNEIT 3029
53313788375,46 SLINKY Street DEANSIDE 3336
53313788401,106 OPAL Drive LEOPOLD 3224
53313788425,97 CALLAWAY Street MAMBOURIN 3024
53313788474,25 ERIN Drive FRASER RISE 3336
53313788540,30 TESLA Road ROCKBANK 3335
53313788566,26 APORTA Avenue TARNEIT 3029
53313745146,15 JARVIS Way LUCAS 3350
53313745179,62 COURTENAY Promenade FRASER RISE 3336
53313745195,40 COPPICE Street LARA 3212
53313745212,17 SHADDOCK Street TARNEIT 3029
53313745260,14 IMAGINE Drive STRATHFIELDSAYE 3551
53313745293,6 NOEL Way TARNEIT 3029
53313745519,12 GASTON Crescent BONNIE BROOK 3335
53313745541,83 EAGLEMONT Drive STRATHTULLOH 3338
53313745673,30 CART Road FRASER RISE 3336
53313745699,135 SPARROVALE Road CHARLEMONT 3217
53313745765,13 POMEROY Rise MOUNT DUNEED 3217
53313745816,16 WESTDAHL Street TRUGANINA 3029
53313745830,111 AMBROSIA Drive ARMSTRONG CREEK 3217
53313745864,2 VARLEY Mews TARNEIT 3029
53313745897,28 ANGLESEA Street WINTER VALLEY 3358
53313745939,1 NODE Way DIGGERS REST 3427
53313745955,26 KILTEELY Street GISBORNE 3437
53313745970,760 NEALE Road DEANSIDE 3336
53313746037,132 BRIGHTVALE Boulevard WYNDHAM VALE 3024
53313746061,26 JARLATH Drive MAMBOURIN 3024
53313746086,20 VIVERO Road WYNDHAM VALE 3024
53313746104,249 STONEHILL Drive MADDINGLEY 3340
53313746136,14 CONTROL Street GREENVALE 3059
53313746177,12 SADDLEBRED Avenue WERRIBEE 3030
53313746202,17 PENDOWER Way WERRIBEE 3030
53313746242,154 BRAMLEY Avenue CHARLEMONT 3217
53313746319,14 WYLIE Street CHARLEMONT 3217
53313746382,19 EDIFICE Drive TARNEIT 3029
53313746418,92 EAGLEMONT Drive STRATHTULLOH 3338
53313746440,43 OPAL Drive LEOPOLD 3224
53313746481,8 BUCKINGHAM Boulevard STRATHTULLOH 3338
53313746523,4 BUCKINGHAM Boulevard STRATHTULLOH 3338
53313704516,1 TUSK Lane TARNEIT 3029
53313704548,40 DAFFODIL Crescent DIGGERS REST 3427
53313704571,91 BASTEN Avenue DEANSIDE 3336
53313704597,89 BASTEN Avenue DEANSIDE 3336
53313704655,22 SHELTERBELT Avenue WEIR VIEWS 3338
53313704670,18 PERCHERON Street BONNIE BROOK 3335
53313704696,14 TODD Street LUCAS 3350
53313704795,43 PENDOWER Way WERRIBEE 3030
53313704829,25 BAINBRIDGE Road MANOR LAKES 3024
53313704853,42 RUTHVEN Way MAMBOURIN 3024
53313704928,33 KILIMANJARO Street CRAIGIEBURN 3064
53313704952,9 MILKY Way DEANSIDE 3336
53313704985,20 MOOLORT Crescent EYNESBURY 3338
53313705002,71 CENTURION Avenue TARNEIT 3029
53313705050,40 LAKELAND Drive LUCAS 3350
53313705083,62 KINGSVILLE Street KINGSVILLE 3012
53313705119,7 COUNCILLOR Drive WEIR VIEWS 3338
53313705159,77 PLANE Avenue MAMBOURIN 3024
53313705182,38 CAVA Circuit SUNBURY 3429
53313705209,3 ARTISTRY Way BONNIE BROOK 3335
53313705223,2 RESPECT Way TARNEIT 3029
53313750857,31 COMPUTE Street GREENVALE 3059
53313750916,7 OVERTURE Road STRATHTULLOH 3338
53313750948,3 SHEEPYARD Way DIGGERS REST 3427
53313750964,30 TALOUMBI Crescent GREENVALE 3059
53313751054,12 RESTFUL Way ROCKBANK 3335
53313751087,33 ADLINGTON Avenue GREENVALE 3059
53313751105,7 ATTADALE Avenue WERRIBEE 3030
53313751129,29 MONFERRATO Avenue TARNEIT 3029
53313751178,20 HARWICH Street ROCKBANK 3335
53313751194,40 REFLECTIONS Crescent LARA 3212
53313751243,14 CANMORE Street WERRIBEE 3030
53313751269,342 MCGEORGE Road GISBORNE 3437
53313751292,9 VIVERO Road WYNDHAM VALE 3024
53313751326,9 BLOMELEY Drive LUCAS 3350
53313751375,19 WOODLAND Street LARA 3212
53313751425,32 TODD Street LUCAS 3350
53313751459,19 SAFRANO Street TARNEIT 3029
53313751500,5 POINT HENRY Vista RIPPLESIDE 3215
53313709372,3 FLAG Boulevard TARNEIT 3029
53313709507,4 LONGTOWN Road THORNHILL PARK 3335
53313709596,12 WOODSTOCK Drive EYNESBURY 3338
53313709620,12 HARSHAW Road THORNHILL PARK 3335
53313709646,7 UNICO Circuit MOUNT DUNEED 3217
53313709662,40 HOLLEY Crescent ARMSTRONG CREEK 3217
53313709695,3 REPARTEE Street TARNEIT 3029
53313709753,54 MOOLORT Crescent EYNESBURY 3338
53313709778,14 BARINGHUP Street EYNESBURY 3338
53313709794,5 GLASSWORT Street DEANSIDE 3336
53313709828,29A GWYNNE Street HAMLYN HEIGHTS 3215
53313709852,31A GWYNNE Street HAMLYN HEIGHTS 3215
53313709885,73 CENTURION Avenue TARNEIT 3029
53313709903,64 HUNTINGFIELD Street THORNHILL PARK 3335
53313709927,38 MEWAT Circuit THORNHILL PARK 3335
53313710027,145 CALLAWAY Street MAMBOURIN 3024
53313710043,20 IMAGINE Drive STRATHFIELDSAYE 3551
53313710069,147 CALLAWAY Street MAMBOURIN 3024
53313710092,133 CALLAWAY Street MAMBOURIN 3024
53313710110,139 CALLAWAY Street MAMBOURIN 3024
53313710134,1 WITHERS Street MAMBOURIN 3024
53313710200,26 NECTAR Drive MOUNT DUNEED 3217
53313710232,40 PALMDALE Crescent MAMBOURIN 3024
53313710266,16 STONNEYBURN Road THORNHILL PARK 3335
53313710299,35 MONTVIEW Court CORIO 3214
53313710317,87 PHOENIX Road ALTONA NORTH 3025
53313710331,13 OTTERHAM Way WERRIBEE 3030
53313710365,44 HOLSTEIN Crescent TARNEIT 3029
53313710448,18 HESTER Street HUNTLY 3551
53313710464,52 COTTER Way TRUGANINA 3029
53313710497,278 RESERVE Road CHARLEMONT 3217
53313710539,13 AMHERST Avenue MOUNT DUNEED 3217
53313710563,11 REPARTEE Street TARNEIT 3029
53313710588,36 MONAVALE Drive MOUNT DUNEED 3217
53313710606,3 SELBY Way BONNIE BROOK 3335
53313710654,45 REED Court DEANSIDE 3336
53313710679,6 LONGTOWN Road THORNHILL PARK 3335
53313710705,30 LONGTOWN Road THORNHILL PARK 3335
53313710729,32 LONGTOWN Road THORNHILL PARK 3335
53313710745,14 ARKLAY Road THORNHILL PARK 3335
53313788581,24 ALDERNEY Street TARNEIT 3029
53313788631,6 LEROY Street SUNBURY 3429
53313788665,32 WOOLYBUSH Drive TARNEIT 3029
53313788698,13 TRONDHEIM Street ROCKBANK 3335
53313788730,41 STONNEYBURN Road THORNHILL PARK 3335
53313788839,46 MAYOPARK Street DEANSIDE 3336
53313788906,75 LAFLIN Avenue TARNEIT 3029
53313788946,7 TEKAPO Street TRUGANINA 3029
53313788979,9 PROSECCO Street TARNEIT 3029
53313789077,21 IONICA Loop TRUGANINA 3029
53313789176,47 GANSHA Street WEIR VIEWS 3338
53313789233,50 METROON Drive WEIR VIEWS 3338
53313789259,13 AYTON Street HUNTLY 3551
53313789274,19 HOOD Street DENNINGTON 3280
53313789332,68 GANSHA Street WEIR VIEWS 3338
53313789366,8 SOLERA Street BROOKFIELD 3338
53313789381,5 UNGUD Way ARMSTRONG CREEK 3217
53313789409,33 GILROY Crescent CHARLEMONT 3217
53313789431,22 FLUME Street LARA 3212
53313789472,16 RAAM Circuit ARMSTRONG CREEK 3217
53313789522,18 FAULKS Street BONNIE BROOK 3335
53313789548,15 STEVENAGE Way WERRIBEE 3030
53313789571,3 ILLUSION Terrace DIGGERS REST 3427
53313789607,18 ELOQUENCE Road TARNEIT 3029
53313789639,74 PEARLROCK Drive MOUNT DUNEED 3217
53313789655,49 BRISBANE Street LARA 3212
53313789670,15 LORIKEET Circuit ROCKBANK 3335
53313789762,3 DANBY Street LARA 3212
53313789787,11 EAMONT Court STRATHFIELDSAYE 3551
53313789837,7 MASH Road TARNEIT 3029
53313789861,87 PEAR Parade FRASER RISE 3336
53313789894,4 KEATS Circuit ARMSTRONG CREEK 3217
53313789912,23 DIANCHI Drive WYNDHAM VALE 3024
53313789936,19 SLINKY Street DEANSIDE 3336
53313789960,67 SARIC Street FRASER RISE 3336
53313746616,60 SLAVKO Drive FRASER RISE 3336
53313746630,30 WENSLEYDALE Drive ROCKBANK 3335
53313746715,5 PUDDY Way CHARLEMONT 3217
53313746763,141 BRAMLEY Avenue CHARLEMONT 3217
53313746788,14 HAMPSHIRE Avenue ROCKBANK 3335
53313746814,13 TINSMITH Drive KYNETON 3444
53313746838,97 FUCHSIA Drive ROCKBANK 3335
53313746895,28 GOLDFINCH Road WINTER VALLEY 3358
53313746913,45 MARADONA Boulevard DEANSIDE 3336
53313746937,9 PAWLING Street ROCKBANK 3335
53313746961,7 SMETHURST Road TARNEIT 3029
53313747002,10 WHITELOCK Drive HUNTLY 3551
53313747042,1 FROG Way TARNEIT 3029
53313747091,241 STONEHILL Drive MADDINGLEY 3340
53313747125,30 STONNEYBURN Road THORNHILL PARK 3335
53313747159,7 LINDFORS Road TRUGANINA 3029
53313747182,9 ARLINGTON Street DEANSIDE 3336
53313747209,11 ARLINGTON Street DEANSIDE 3336
53313747223,3 ARLINGTON Street DEANSIDE 3336
53313747257,6 ARLINGTON Street DEANSIDE 3336
53313747280,56 ISHERWOOD Road DEANSIDE 3336
53313747316,40 ISHERWOOD Road DEANSIDE 3336
53313747330,38 ISHERWOOD Road DEANSIDE 3336
53313747356,48 ISHERWOOD Road DEANSIDE 3336
53313747389,24 MANGOSTEEN Drive TRUGANINA 3029
53313747407,81 TULSI Avenue WERRIBEE 3030
53313747421,10 CATTLECROSSING Way SUNBURY 3429
53313747455,18 RALLY Street TARNEIT 3029
53313747470,9 VALENCIA Street WEIR VIEWS 3338
53313747554,18 FURROW Street BROOKFIELD 3338
53313747587,47 ROHAB Crescent MOUNT COTTRELL 3024
53313747605,13 KARDAK Street TARNEIT 3029
53313747704,19 PATRIOT Crescent SMYTHES CREEK 3351
53313747736,22 FURROW Street BROOKFIELD 3338
53313747777,4 DAIRY Crescent MARYBOROUGH 3465
53313747803,3 KANYA Avenue STRATHFIELDSAYE 3551
53313747835,36 SPARROWHAWK Crescent DEANSIDE 3336
53313793459,14 ESKDALE Street WERRIBEE 3030
53313793482,78 FERONIA Avenue TARNEIT 3029
53313793518,7 SILVER SMITH Drive KYNETON 3444
53313793540,29 PROGRESS Drive FRASER RISE 3336
53313793566,10 CORONADO Crescent TRUGANINA 3029
53313793581,19 RAAM Circuit ARMSTRONG CREEK 3217
53313793617,6 FAIRYWREN Street ARMSTRONG CREEK 3217
53313793649,5 PETERBOROUGH Rise WERRIBEE 3030
53313793672,6 BEVERLY Way ARMSTRONG CREEK 3217
53313751532,37 UNICO Circuit MOUNT DUNEED 3217
53313751623,9 ELAINE Street TARNEIT 3029
53313751649,24 SHINRONE Drive GISBORNE 3437
53313751665,5 AFTON Way MANOR LAKES 3024
53313751698,43 UNICO Circuit MOUNT DUNEED 3217
53313751716,7 WILDERNESS Road FRASER RISE 3336
53313751764,19 ALLANWOOD Street OCEAN GROVE 3226
53313751807,12 VALENCIA Street WEIR VIEWS 3338
53313751839,2 VALENCIA Street WEIR VIEWS 3338
53313751863,68 EAGLEMONT Drive STRATHTULLOH 3338
53313751896,8 STONECUTTER Loop FRASER RISE 3336
53313751914,12 SONGLARK Street MELTON SOUTH 3338
53313751962,15 COPAL Street MAMBOURIN 3024
53313752091,6 MARION Street BONSHAW 3352
53313752159,6 SIERRA Street TRUGANINA 3029
53313752182,185 WARATAH Road HUNTLY 3551
53313752265,17 MERVYN Drive GREENVALE 3059
53313752280,9 HEY Street WILLIAMS LANDING 3027
53313752356,7 HUBBARD Street WYNDHAM VALE 3024
53313752447,24 VERDANT Street LARA 3212
53313752463,8 MARION Street BONSHAW 3352
53313752488,50 LOUVRE Road BONNIE BROOK 3335
53313752514,6 BLAKEWATER Crescent WEIR VIEWS 3338
53313752546,112 VOYAGER Boulevard TARNEIT 3029
53313752595,35 HEATHCOTE Street MOUNT DUNEED 3217
53313752613,18 MARTLAND Street LUCAS 3350
53313752645,25 WYLIE Street CHARLEMONT 3217
53313752678,10 HOTCHKISS Way SMYTHES CREEK 3351
53313752728,16 TINSMITH Drive KYNETON 3444
53313752777,19 ROSEHILL Way DIGGERS REST 3427
53313752793,41 SILVER Drive DIGGERS REST 3427
53313752843,20 HUBBARD Street LUCAS 3350
53313752892,8 DARMAC Street MOUNT DUNEED 3217
53313752926,13 BURBIDGE Street TRUGANINA 3029
53313752950,75 VALIANT Road SMYTHES CREEK 3351
53313710778,22 ARKLAY Road THORNHILL PARK 3335
53313710804,28 ARKLAY Road THORNHILL PARK 3335
53313710836,34 ARKLAY Road THORNHILL PARK 3335
53313710852,36 CAVALIER Street WYNDHAM VALE 3024
53313710877,42 CAVALIER Street WYNDHAM VALE 3024
53313710903,5 REED Court DEANSIDE 3336
53313710935,11 OVERTURE Road STRATHTULLOH 3338
53313710969,3 ARARAT Street TRUGANINA 3029
53313710984,68 MCKINLEY Drive TRUGANINA 3029
53313711001,24 GERALD Street SUNSHINE NORTH 3020
53313711118,307B GEELONG Street KINGSVILLE 3012
53313711132,35 WATERFERN Street FRASER RISE 3336
53313711230,16 BALLET Crescent SUNBURY 3429
53313711256,6 BALLET Crescent SUNBURY 3429
53313711271,4 BALLET Crescent SUNBURY 3429
53313756944,74 COUNTESS Drive ST LEONARDS 3223
53313756960,58 ORNAMENT Avenue TARNEIT 3029
53313757025,6 JAMB Court MINERS REST 3352
53313757059,26 LITORIA Drive DEANSIDE 3336
53313757082,101 DOMINION Drive BURNSIDE 3023
53313757118,33 GENERATION Crescent MAMBOURIN 3024
53313757132,11 BERTRAND Drive DENNINGTON 3280
53313757166,30 OPUS Street STRATHTULLOH 3338
53313757208,34 CROSSMOUNT Drive NEW GISBORNE 3438
53313757230,12 VENITA Walk TARNEIT 3029
53313757256,20 VENITA Walk TARNEIT 3029
53313757271,18 VENITA Walk TARNEIT 3029
53313757307,10 VENITA Walk TARNEIT 3029
53313757363,13 ARCHER Road WYNDHAM VALE 3024
53313757388,24 BIRREGURRA Drive TARNEIT 3029
53313757406,15 CONSTANCE Way NEW GISBORNE 3438
53313757462,26 ERVINE Drive WYNDHAM VALE 3024
53313757495,13 YEOMAN Street MELTON SOUTH 3338
53313757537,38 COPPICE Street LARA 3212
53313757561,25 NOYCE Way ROCKBANK 3335
53313757594,7 GENEROSA Grove TARNEIT 3029
53313757660,23 LUNAR Drive GREENVALE 3059
53313757693,137 SARIC Street FRASER RISE 3336
53313757735,16 BAROLO Loop SUNBURY 3429
53313757769,9 ROSEWOOD Drive OCEAN GROVE 3226
53313757784,61 SUMAC Street BROOKFIELD 3338
53313790052,5 ALYSSA Street GREENVALE 3059
53313790085,20 DERWENT Street LARA 3212
53313790135,4 STRUTH Road WARRNAMBOOL 3280
53313790219,40 COTTONWOOD Avenue GREENVALE 3059
53313790259,38 ASPIRING Drive HUNTLY 3551
53313790340,33 ISHERWOOD Road DEANSIDE 3336
53313790366,38 BLAKEWATER Crescent WEIR VIEWS 3338
53313835847,32 MALACHITE Drive TARNEIT 3029
53313835870,36 MALACHITE Drive TARNEIT 3029
53313835896,36 MALACHITE Drive TARNEIT 3029
53313835914,14 STREAMLET Boulevard TARNEIT 3029
53313835946,36 MALACHITE Drive TARNEIT 3029
53313835962,36A MALACHITE Drive TARNEIT 3029
53313835987,32 MALACHITE Drive TARNEIT 3029
53313836012,32 MALACHITE Drive TARNEIT 3029
53313836044,36 MALACHITE Drive TARNEIT 3029
53313836077,34 MALACHITE Drive TARNEIT 3029
53313836093,12 REPARTEE Street TARNEIT 3029
53313836111,73 LENA Crescent TRUGANINA 3029
53313836143,18 CAVA Circuit SUNBURY 3429
53313836176,21 KINDRED Way TARNEIT 3029
53313836201,6 TENOR Street STRATHTULLOH 3338
53313836225,11 WALLANGARA Boulevard HARKNESS 3337
53313836241,36 BUNDALONG Drive EYNESBURY 3338
53313836274,42 COLLINSON Street KEILOR PARK 3042
53313836300,74 SHANTI Circuit WERRIBEE 3030
53313836358,9 ALISMA Avenue DEANSIDE 3336
53313836373,15 ALTURA Drive TRUGANINA 3029
53313836409,114 MCKINLEY Drive TRUGANINA 3029
53313836423,26 ARACAR Street TRUGANINA 3029
53313836449,26 MINDIL Street ARMSTRONG CREEK 3217
53313836498,25 HAMMERMILL Drive SUNBURY 3429
53313836516,27 HAMMERMILL Drive SUNBURY 3429
53313836556,28 MOUNTAIN Avenue MANOR LAKES 3024
53313836589,17 BISTRE Road TARNEIT 3029
53313836647,22 HATTERSLEY Chase WERRIBEE 3030
53313836696,7 BAINBRIDGE Road MANOR LAKES 3024
53313836795,16 SENDOCK Parade HUNTLY 3551
53313836813,19 HAYBALE Circuit TARNEIT 3029
53313836837,8 DELHI Grove ROCKBANK 3335
53313836861,46 BLACKSHAWS Road SOUTH KINGSVILLE 3015
53313836894,13 BUTLER Street LUCAS 3350
53313836928,16 TANBY Drive HUNTLY 3551
53313836944,25 PRANA Way WERRIBEE 3030
53313836960,3 CASABLANCA Street POINT LONSDALE 3225
53313793748,98 GIBSONS Circuit BONNIE BROOK 3335
53313793821,33 HUBBARD Street WYNDHAM VALE 3024
53313793847,59 DARWINIA Drive MICKLEHAM 3064
53313793870,18 PEATLAND Road FRASER RISE 3336
53313793896,18 UNGUD Way ARMSTRONG CREEK 3217
53313793962,59 DANUBE Road TRUGANINA 3029
53313794012,19 MORGAN Drive BONNIE BROOK 3335
53313794044,13 COTTESMORE Street FRASER RISE 3336
53313794077,5 TERRACOTTA Avenue TARNEIT 3029
53313794093,19 BULL Road TARNEIT 3029
53313794111,6 CLAY Crescent ROCKBANK 3335
53313794143,6 MORGAN Drive BONNIE BROOK 3335
53313794176,5 MCLAREN Street WARRNAMBOOL 3280
53313794225,76 DARWINIA Drive MICKLEHAM 3064
53313794274,92 CLIPSTONE Crescent FRASER RISE 3336
53313794300,8 SHAWFAIR Place STRATHTULLOH 3338
53313794340,79 MESSENGER Parade LUCAS 3350
53313794373,18 SUMAC Street BROOKFIELD 3338
53313794399,83 WATERFERN Street FRASER RISE 3336
53313794431,9 ZLATAN Way FRASER RISE 3336
53313794465,18 CROWLANDS Circuit EYNESBURY 3338
53313794480,43 WOODS Road TRUGANINA 3029
53313794571,24 IMAGINE Drive STRATHFIELDSAYE 3551
53313794607,13 BAKANOVI Drive TRUGANINA 3029
53313794663,62 PALARA Drive STRATHTULLOH 3338
53313794706,19 MARADONA Boulevard DEANSIDE 3336
53313794738,22 CRADLE Circuit MANOR LAKES 3024
53313794829,3 RUFF Way MELTON SOUTH 3338
53313794845,5 TWAIN Road MAMBOURIN 3024
53313794878,9 SCOTTY Road DEANSIDE 3336
53313794952,13 SEACHANGE Street ARMSTRONG CREEK 3217
53313795026,138 ADELONG Way BACCHUS MARSH 3340
53313795042,33 TRANQUILITY Crescent ARMSTRONG CREEK 3217
53313795075,47 LITORIA Drive DEANSIDE 3336
53313795119,5 FUCHSIA Drive ROCKBANK 3335
53313752983,20 BURBIDGE Street TRUGANINA 3029
53313753000,1 RHEOLA Street EYNESBURY 3338
53313753024,6 BRAMFORD Crescent TRUGANINA 3029
53313753058,71 METROON Drive WEIR VIEWS 3338
53313753081,32 TINTAGEL Way WERRIBEE 3030
53313753131,3 RHEOLA Street EYNESBURY 3338
53313753180,9 KOSTAS Street SUNBURY 3429
53313753215,9 SHOWERTREE Street TRUGANINA 3029
53313753247,7 SHOWERTREE Street TRUGANINA 3029
53313753338,15 DARMAC Street MOUNT DUNEED 3217
53313753354,2 GLANDON Court BROWN HILL 3350
53313753405,11 DUNBAR Street FRASER RISE 3336
53313753429,8 LUXURY Road FRASER RISE 3336
53313753494,26 JIMMY Street CHARLEMONT 3217
53313753544,20 SHANTI Circuit WERRIBEE 3030
53313753560,3 IRVINE Street WARRNAMBOOL 3280
53313753593,19 SENDOCK Parade HUNTLY 3551
53313753627,9 AUBURN Crescent BACCHUS MARSH 3340
53313753651,11 CANMORE Street WERRIBEE 3030
53313753676,5 SHANTI Circuit WERRIBEE 3030
53313753692,156 SINCLAIRS Road DEANSIDE 3336
53313753825,26 PROBER Crescent TRUGANINA 3029
53313753874,35 FAWCETT Road LUCAS 3350
53313799547,6 CRUSADE Street TARNEIT 3029
53313799570,59 FELLOWS Road POINT LONSDALE 3225
53313799705,14 MASH Road TARNEIT 3029
53313799737,7 DANBY Street LARA 3212
53313799761,56 TULSI Avenue WERRIBEE 3030
53313799794,16 ALBISTON Drive WARRNAMBOOL 3280
53313799844,5 SPADEFOOT Place STRATHTULLOH 3338
53313799860,20 UNICO Circuit MOUNT DUNEED 3217
53313799885,47 FRITELLI Circuit WYNDHAM VALE 3024
53313799911,18 FOAL Circuit FRASER RISE 3336
53313799935,4 TOBRUK Crescent WILLIAMSTOWN 3016
53313799951,7 ASHFORDBY Street BONNIE BROOK 3335
53313800010,47 FORREST GREEN Drive ARMSTRONG CREEK 3217
53313757834,19 PEBBLE Street FYANSFORD 3218
53313757891,10 TRUNCATA Drive TARNEIT 3029
53313757941,12 AKROYDON Street WERRIBEE 3030
53313757990,13 TENOR Street STRATHTULLOH 3338
53313758080,6 SABLE Street GREENVALE 3059
53313758108,3 BERTRAND Drive DENNINGTON 3280
53313758130,13 BERTRAND Drive DENNINGTON 3280
53313758164,86 CROWN Street SEBASTOPOL 3356
53313758197,7 REEVES Street LUCAS 3350
53313758214,2 REEVES Street LUCAS 3350
53313758287,14 SABLE Street GREENVALE 3059
53313758305,32 WARDELL Street TARNEIT 3029
53313758337,53 OPAL Drive LEOPOLD 3224
53313758378,7 RESERVOIR Road FRASER RISE 3336
53313758436,549 GREEN HILL Road EYNESBURY 3338
53313758460,27 MICROPORA Drive WYNDHAM VALE 3024
53313758485,33 MICROPORA Drive WYNDHAM VALE 3024
53313758503,29 MICROPORA Drive WYNDHAM VALE 3024
53313758535,62 FRENCH Road GREENVALE 3059
53313758569,18 WOOLMAN Street LARA 3212
53313758592,46 HARPER Boulevard MOUNT DUNEED 3217
53313758610,11 CALISTA Drive MARYBOROUGH 3465
53313758634,85 AMBROSIA Drive ARMSTRONG CREEK 3217
53313758668,62 LILLROSE Drive CHARLEMONT 3217
53313758691,4 MAKYBE Street BONNIE BROOK 3335
53313758725,4 CALHOON Street TRUGANINA 3029
53313758790,3 KOSTAS Street SUNBURY 3429
53313758818,34 DAIRY Crescent MARYBOROUGH 3465
53313758832,15 ELOQUENCE Road TARNEIT 3029
53313758866,18 PRISTINE Drive WYNDHAM VALE 3024
53313758881,16 OMAR Street WYNDHAM VALE 3024
53313758909,83 MONCRIEFF Crescent WANDANA HEIGHTS 3216
53313758931,5 BOWENVALE Street EYNESBURY 3338
53313758998,3 ONTARIO Parade MICKLEHAM 3064
53313759015,63 LILLROSE Drive CHARLEMONT 3217
53313759039,15 UNGUD Way ARMSTRONG CREEK 3217
53313759063,5 PALEY Street CHARLEMONT 3217
53313759096,4 KALAMUNDRA Drive WERRIBEE 3030
53313759120,15 SCATTER Road FRASER RISE 3336
53313759146,38 GATHERING Grove TARNEIT 3029
53313759195,25 AJAX Street TRUGANINA 3029
53313759228,12 FARMINGDALE Street MANOR LAKES 3024
53313759252,54 DARWINIA Drive MICKLEHAM 3064
53313837019,27 SONIA Crescent GREENVALE 3059
53313837033,27 WHEAT Street DIGGERS REST 3427
53313837067,3 ROSALIND Street GREENVALE 3059
53313837100,74 REFLECTIONS Crescent LARA 3212
53313837132,50 COBRAM Drive EYNESBURY 3338
53313837199,12 OPUS Street STRATHTULLOH 3338
53313837216,10 VERONICA Crescent DEANSIDE 3336
53313837248,8 ADDAI Street GREENVALE 3059
53313837289,3 KARMA Street TARNEIT 3029
53313837315,2 TURRET Street WYNDHAM VALE 3024
53313837347,17 BUTLER Street LUCAS 3350
53313837363,5 LINDBERG Street MANOR LAKES 3024
53313837446,20 SEACHANGE Street ARMSTRONG CREEK 3217
53313837479,91 DOMINION Drive BURNSIDE 3023
53313837513,116 ASHBURY Boulevard ARMSTRONG CREEK 3217
53313837545,6 SEACHANGE Street ARMSTRONG CREEK 3217
53313837561,37 DALK Drive GISBORNE 3437
53313837586,48A ACACIA Street GLENROY 3046
53313837612,18 NORTHERLY Drive BONNIE BROOK 3335
53313837652,16 ORMOND Boulevard TARNEIT 3029
53313837711,10 SUNLIGHT Circuit LARA 3212
53313837743,1 LODGE Walk STRATHTULLOH 3338
53313837769,29 WONDROUS Boulevard TARNEIT 3029
53313837784,12 DARTMOOR Street BONNIE BROOK 3335
53313837810,30 ARISTIDES Crescent THORNHILL PARK 3335
53313837850,18 TRAVERSE Avenue TARNEIT 3029
53313837883,10 DEVONIA Avenue FRASER RISE 3336
53313837901,44 KINGDOM Boulevard WEIR VIEWS 3338
53313837959,71 MONCRIEFF Crescent WANDANA HEIGHTS 3216
53313837982,21 BAIRD Avenue TORQUAY 3228
53313838031,51 STEAMBOAT Avenue WINTER VALLEY 3358
53313838057,4 EBB Drive TARNEIT 3029
53313838072,31 LORIKEET Circuit ROCKBANK 3335
53313838108,35 EVANS Way LUCAS 3350
53313838122,13 HANRAHAN Street GISBORNE 3437
53313838148,28 DERRIMUT Street ROCKBANK 3335
53313838171,8 SONGLARK Street MELTON SOUTH 3338
53313838197,7 PEBBLE Street FYANSFORD 3218
53313838214,1 FICUS Way ROCKBANK 3335
53313838246,9 FICUS Way ROCKBANK 3335
53313838279,5 FICUS Way ROCKBANK 3335
53313838305,10 RAMBLER Boulevard TARNEIT 3029
53313838345,20 PACAYA Street TRUGANINA 3029
53313838378,14 BILLY Road DEANSIDE 3336
53313838404,29 LITHIC Road CRAIGIEBURN 3064
53313838436,4 GUIDANCE Way TARNEIT 3029
53313795141,17 LAMONDA Street TARNEIT 3029
53313795174,7 MADA Road BONNIE BROOK 3335
53313795223,14 LORIKEET Circuit ROCKBANK 3335
53313795249,9 ORNAMENT Avenue TARNEIT 3029
53313795272,36 COTTONWOOD Avenue GREENVALE 3059
53313795356,6 REEVES Street LUCAS 3350
53313795371,4 ELM Drive FRASER RISE 3336
53313795407,5 BLISS Walk FRASER RISE 3336
53313795439,11 BLISS Walk FRASER RISE 3336
53313795463,14 EBBSFLEET Crescent STRATHTULLOH 3338
53313795488,76 JARLATH Drive MAMBOURIN 3024
53313795506,5 LUSITANO Road BONNIE BROOK 3335
53313795538,13 JENKINS Street WERRIBEE 3030
53313795554,89 MESSENGER Parade LUCAS 3350
53313795605,36 SLAVKO Drive FRASER RISE 3336
53313795629,14 AUBURN Crescent BACCHUS MARSH 3340
53313795645,22 SHANTI Circuit WERRIBEE 3030
53313795712,14 STATESMAN Parkway OCEAN GROVE 3226
53313795760,15 YOUYANGS Street TRUGANINA 3029
53313795785,32 WALTERS Way ALFREDTON 3350
53313795884,37 JACKSONIA Drive MICKLEHAM 3064
53313795902,6 WALLOWA Street MICKLEHAM 3064
53313795983,55 SNOWBIRD Road WINTER VALLEY 3358
53313796018,24 ASPEN Street WINTER VALLEY 3358
53313796032,22 TERRY Road WARRNAMBOOL 3280
53313796058,29 RADIAL Street TRUGANINA 3029
53313796099,11 BIRCHWOOD Crescent BONNIE BROOK 3335
53313796117,15 TERAI Street WYNDHAM VALE 3024
53313796149,22 STATESMAN Parkway OCEAN GROVE 3226
53313796198,11 TRONDHEIM Street ROCKBANK 3335
53313796215,6 WITHAM Road MADDINGLEY 3340
53313796247,8 CAPRISE Road FRASER RISE 3336
53313796270,4 WOODLAND Street LARA 3212
53313796306,33 SUMAC Street BROOKFIELD 3338
53313796320,29 ZELKOVA Circuit FRASER RISE 3336
53313796346,49 FOAL Circuit FRASER RISE 3336
53313796379,14 PEATLAND Road FRASER RISE 3336
53313796437,35 FAIRHALL Avenue WERRIBEE 3030
53313796453,18 GALLAXUS Avenue WYNDHAM VALE 3024
53313796478,46 SPOONBILL Avenue WINTER VALLEY 3358
53313841953,13 CRESTVIEW Street CHARLEMONT 3217
53313841978,9 MILESI Street CHARLEMONT 3217
53313841994,26 ZELKOVA Circuit FRASER RISE 3336
53313800042,36 MICHELSON Drive MADDINGLEY 3340
53313800083,40 DELL Boulevard FYANSFORD 3218
53313800119,55 DANUBE Road TRUGANINA 3029
53313800174,13 LUIS Street BALLAN 3342
53313800217,13 EBBSFLEET Crescent STRATHTULLOH 3338
53313800249,28 WHITECROSS Drive THORNHILL PARK 3335
53313800272,11 MARADONA Boulevard DEANSIDE 3336
53313800330,15 ROBE Drive MOUNT DUNEED 3217
53313800421,28 TALOUMBI Crescent GREENVALE 3059
53313800496,18 BAROLO Loop SUNBURY 3429
53313800520,72 DELL Boulevard FYANSFORD 3218
53313800554,12 IMAGINE Drive STRATHFIELDSAYE 3551
53313800595,6 ENDURANCE Grove CHARLEMONT 3217
53313800613,74 UNISON Road STRATHTULLOH 3338
53313800661,1013 MORRIS Road TRUGANINA 3029
53313800694,18 ASHFIELD Drive CHARLEMONT 3217
53313800744,18 CALADENIA Avenue TARNEIT 3029
53313800760,46 GALENE Drive ARMSTRONG CREEK 3217
53313800793,18 STONNEYBURN Road THORNHILL PARK 3335
53313800827,8 FORZA Place SEBASTOPOL 3356
53313800876,61 BUCHANAN Drive HUNTLY 3551
53313800926,7 TODD Street LUCAS 3350
53313800942,13 PEDERSON Drive HUNTLY 3551
53313800975,12 HAWK Street WINTER VALLEY 3358
53313801032,38 PLATT Drive MADDINGLEY 3340
53313801058,13 EASTRIDGE Street GREENVALE 3059
53313801081,16 ASPEN Street WINTER VALLEY 3358
53313801117,17 BABACO Street TARNEIT 3029
53313801149,21 BABACO Street TARNEIT 3029
53313801165,23 BABACO Street TARNEIT 3029
53313801180,3 STONECUTTER Loop FRASER RISE 3336
53313801247,44 HOLLEY Crescent ARMSTRONG CREEK 3217
53313801296,27 FRANCA Avenue FRASER RISE 3336
53313801314,10 TIMOR Walk EYNESBURY 3338
53313801405,6 ITALIANATE Avenue DEANSIDE 3336
53313801429,8 ZELKOVA Circuit FRASER RISE 3336
53313801445,10 SIENNA Avenue FRASER RISE 3336
53313687711,28 WOOLSPINNER Crescent WYNDHAM VALE 3024
53313687743,26 SPARROWHAWK Crescent DEANSIDE 3336
53313687769,18 PROSECCO Street TARNEIT 3029
53313687784,1 PAPYRUS Way ROCKBANK 3335
53313687810,12 ROTUNNO Drive CHARLEMONT 3217
53313687834,42 MARGIE Street WYNDHAM VALE 3024
53313687850,26 MARGIE Street WYNDHAM VALE 3024
53313687883,16 DEVENISH Way ST LEONARDS 3223
53313688049,4 ARCHER Road WYNDHAM VALE 3024
53313688072,28 SPOTTED GUM Drive LARA 3212
53313688098,15 EYCKENS Road LUCAS 3350
53313688116,18 SANKURU Road TRUGANINA 3029
53313688148,12 DEVENISH Way ST LEONARDS 3223
53313688171,25 CRADLE Circuit MANOR LAKES 3024
53313688206,14 ELOARA Street TARNEIT 3029
53313688279,24 CODRINGTON Street CHARLEMONT 3217
53313688295,15 HEDGEROW Circuit CORIO 3214
53313688345,18 FRIESIAN Avenue TAYLORS LAKES 3038
53313688361,14 FRIESIAN Avenue TAYLORS LAKES 3038
53313688412,4 SHOWERTREE Street TRUGANINA 3029
53313688444,54 CASTLECRAG Way STRATHTULLOH 3338
53313688485,24 ULMUS Street TARNEIT 3029
53313688551,12 GRANGEHILL Mews WYNDHAM VALE 3024
53313688584,28 ITALIANATE Avenue DEANSIDE 3336
53313688634,12 SARAN Crescent DEANSIDE 3336
53313688650,3 CHARBEL Street GREENVALE 3059
53313688683,13 KEATS Circuit ARMSTRONG CREEK 3217
53313688767,16 PAVILION Street DEANSIDE 3336
53313688782,19 RESPECT Way TARNEIT 3029
53313688818,32 PAVILION Street DEANSIDE 3336
53313688832,6 SALTGRASS Avenue TARNEIT 3029
53313688858,34 WARDELL Street TARNEIT 3029
53313688881,7 HECTOR Street FRASER RISE 3336
53313688909,21 CODRINGTON Road TRUGANINA 3029
53313688923,3 KILIMANJARO Street CRAIGIEBURN 3064
53313689088,5 TINTAGEL Way WERRIBEE 3030
53313689114,103 EDITH Street TARNEIT 3029
53313838503,16 KINGFISHER Drive MCKENZIE HILL 3451
53313838535,68 SHOREBREAK Way OCEAN GROVE 3226
53313838691,41 DRUMCHAPEL Crescent STRATHTULLOH 3338
53313838719,10A CAMROSE Court JAN JUC 3228
53313838741,6 ISHTAR Street TARNEIT 3029
53313838767,19 HEALAND Drive WARRNAMBOOL 3280
53313838782,40 PALETTE Street MAMBOURIN 3024
53313838832,32 MALACHITE Drive TARNEIT 3029
53313838858,15 CRUSADE Street TARNEIT 3029
53313838881,8 CRADLE Circuit MANOR LAKES 3024
53313838917,13 DEVENISH Way ST LEONARDS 3223
53313838949,2 HERTFORD Place STRATHTULLOH 3338
53313838965,44 CONRICK Way KOROIT 3282
53313693279,23 KEATS Circuit ARMSTRONG CREEK 3217
53313693345,27 SHERRY Circuit FRASER RISE 3336
53313693361,15 BAKANOVI Drive TRUGANINA 3029
53313693386,46 BRAMFORD Crescent TRUGANINA 3029
53313693412,4 BANAHAW Road TRUGANINA 3029
53313693436,49 SUMAC Street BROOKFIELD 3338
53313693485,20 PLYMOUTH Way SMYTHES CREEK 3351
53313693584,26 CARRAMAR Way GREENVALE 3059
53313693602,26 GOLDFINCH Road WINTER VALLEY 3358
53313693642,31 RESPECT Way TARNEIT 3029
53313693675,21 INVICTA Drive SMYTHES CREEK 3351
53313693701,1 PALETTE Street MAMBOURIN 3024
53313693733,14 DARTMOOR Street BONNIE BROOK 3335
53313693759,63 ARNOLD Circuit CHARLEMONT 3217
53313693782,33 YELLOWSTONE Drive TRUGANINA 3029
53313693818,59 MICROPORA Drive WYNDHAM VALE 3024
53313693840,18 OMAR Street WYNDHAM VALE 3024
53313693866,6 GLENARD Avenue STRATHTULLOH 3338
53313693917,13 BLOODSWORTH Road DEANSIDE 3336
53313693931,48 BARRETT Street LANCEFIELD 3435
53313693957,21 MONAVALE Drive MOUNT DUNEED 3217
53313693980,13 SKYROS Road FRASER RISE 3336
53313694007,25 HAMISH Road DARLEY 3340
53313694021,6 AZAS Street TRUGANINA 3029
53313694055,16 AJAX Way BONNIE BROOK 3335
53313694088,18 TROPHY Drive TARNEIT 3029
53313694154,9 FREDDIE Street SUNBURY 3429
53313842025,14 JAGGED Circuit TARNEIT 3029
53313842041,36 LEPPERTON Street WERRIBEE 3030
53313842067,2 LEEWARD Drive TARNEIT 3029
53313842090,17 LONGLEAF Street FYANSFORD 3218
53313842158,17 ARISTIDES Crescent THORNHILL PARK 3335
53313842173,35 VOLANT Drive ARMSTRONG CREEK 3217
53313842199,6 HAINES Street NEW GISBORNE 3438
53313842222,73 DANUBE Road TRUGANINA 3029
53313842256,44 EVERGREEN Street ARMSTRONG CREEK 3217
53313842307,18 UTOPIA Way WEIR VIEWS 3338
53313842388,1 RANGER Street BONNIE BROOK 3335
53313842414,4 TATUM Street TRUGANINA 3029
53313842438,23 BONAVIA Street DEANSIDE 3336
53313842487,11 SHANTI Circuit WERRIBEE 3030
53313842529,6 LAXMI Avenue WERRIBEE 3030
53313842594,41 SERENE Terrace DRYSDALE 3222
53313842628,9 OVERTURE Road STRATHTULLOH 3338
53313842652,12 ARENAL Drive TRUGANINA 3029
53313842685,16 MANCHADO Street TARNEIT 3029
53313842703,24 REUNION Parade TARNEIT 3029
53313842727,78 SUMAC Street BROOKFIELD 3338
53313842751,32 PETUNIA Avenue TARNEIT 3029
53313842810,22 PETUNIA Avenue TARNEIT 3029
53313842834,30 PETUNIA Avenue TARNEIT 3029
53313842850,50 HARPER Boulevard MOUNT DUNEED 3217
53313842925,8 AVOLA Way DEANSIDE 3336
53313842959,4 AVOLA Way DEANSIDE 3336
53313842974,39 SOCIAL Street TARNEIT 3029
53313842990,126 BRAMLEY Avenue CHARLEMONT 3217
53313843049,29 VOLLEY Street TARNEIT 3029
53313843098,11 SOMMERVILLE Boulevard WARRNAMBOOL 3280
53313843130,5 SHORTHORN Way WYNDHAM VALE 3024
53313843164,56 PINTAIL Drive MELTON SOUTH 3338
53313843197,6 ALMA Street SEBASTOPOL 3356
53313843220,9 JACOBENA Road MELTON SOUTH 3338
53313843262,12 MULLINS Way SUNBURY 3429
53313843295,7 ILLUSION Terrace DIGGERS REST 3427
53313843329,10 PIPERS Street TARNEIT 3029
53313843353,94 SUMAC Street BROOKFIELD 3338
53313843378,19 SIERRA Street TRUGANINA 3029
53313843394,15 SIERRA Street TRUGANINA 3029
53313843428,29 SALTGRASS Avenue TARNEIT 3029
53313801494,70 INGLENOOK Circuit ARMSTRONG CREEK 3217
53313801552,13 COMPANION Street MOUNT DUNEED 3217
53313801593,33 EMU Road MAIDSTONE 3012
53313801651,45 HARKNESS Boulevard ARMSTRONG CREEK 3217
53313801702,28 SLINKY Street DEANSIDE 3336
53313801750,10 PARADISE Circuit ARMSTRONG CREEK 3217
53313801825,3 REEFTON Street MAMBOURIN 3024
53313801841,7 ZELKOVA Circuit FRASER RISE 3336
53313801867,24 MARIGOLD Drive FRASER RISE 3336
53313801924,4 BEVERLY Way ARMSTRONG CREEK 3217
53313801958,12 WYLIE Street CHARLEMONT 3217
53313801999,4 SIERRA Street TRUGANINA 3029
53313802020,31 RECHENBERG Boulevard CHARLEMONT 3217
53313802046,39 VOGUE Drive WYNDHAM VALE 3024
53313802062,1 MOLLYAN Avenue CHARLEMONT 3217
53313802113,15 LIBERATION Circuit WERRIBEE 3030
53313802203,43 FAIRHALL Avenue WERRIBEE 3030
53313802251,22 CLAY Crescent ROCKBANK 3335
53313802276,20 PROBER Crescent TRUGANINA 3029
53313802383,26 CARLINGFORD Crescent BONNIE BROOK 3335
53313802401,16 CARLINGFORD Crescent BONNIE BROOK 3335
53313802433,23 JUMP Road FRASER RISE 3336
53313802467,31 FLUME Street LARA 3212
53313802490,42 RAAM Circuit ARMSTRONG CREEK 3217
53313802518,67 KENNEDY Drive FRASER RISE 3336
53313847958,62 MARYANNE Way FRASER RISE 3336
53313847973,63 DELIA Avenue SUNBURY 3429
53313847999,61 DANDELION Crescent ROCKBANK 3335
53313848089,10 ROLLS Road SMYTHES CREEK 3351
53313848115,3 CUBAN Road TARNEIT 3029
53313848139,47 PRANA Way WERRIBEE 3030
53313848163,14 CASSIDY Road WERRIBEE 3030
53313848196,18 MASH Road TARNEIT 3029
53313848229,9 BASILICO Street WYNDHAM VALE 3024
53313689146,32 HOLSTEIN Crescent TARNEIT 3029
53313689162,113 JUSCELINA Drive CRAIGIEBURN 3064
53313689187,12 RETREAT Way WEIR VIEWS 3338
53313689212,5 VIVERO Road WYNDHAM VALE 3024
53313689277,23 FRANCA Avenue FRASER RISE 3336
53313689293,35 BLENRIL Avenue TARNEIT 3029
53313689311,69 BROCKWOOD Street DEANSIDE 3336
53313689434,3 VIVERO Road WYNDHAM VALE 3024
53313689567,25 BUTLER Street LUCAS 3350
53313689632,17 PAVILION Street DEANSIDE 3336
53313689666,34 ORIENTATION Avenue TARNEIT 3029
53313689717,26 VASSE Circuit MOUNT DUNEED 3217
53313689731,3 HUBBLE Drive GREENVALE 3059
53313689765,61 FELLOWS Road POINT LONSDALE 3225
53313689798,9 WALBRIDGE Street DIGGERS REST 3427
53313689822,29 FUSION Drive WYNDHAM VALE 3024
53313689955,4B MCCORMACKS Road MADDINGLEY 3340
53313690015,3 DARTMOOR Street BONNIE BROOK 3335
53313690070,92 BAXTERPARK Drive THORNHILL PARK 3335
53313690114,22 CASSATA Road MANOR LAKES 3024
53313735799,44 PETUNIA Avenue TARNEIT 3029
53313735817,48 PETUNIA Avenue TARNEIT 3029
53313735849,28 ASTRONOMY Street GREENVALE 3059
53313735908,35 MIA Street ALFREDTON 3350
53313735922,23 MULLINS Way SUNBURY 3429
53313735948,26 ULMUS Street TARNEIT 3029
53313735971,11 BUTLER Street LUCAS 3350
53313736020,16 MEDOC Boulevard DEANSIDE 3336
53313736079,37 WATERFERN Street FRASER RISE 3336
53313736095,27 VON GUERARD Boulevard WARRNAMBOOL 3280
53313736186,50 PETUNIA Avenue TARNEIT 3029
53313736235,19 AMALFI Street WINTER VALLEY 3358
53313694311,43 LIGAR Street SUNBURY 3429
53313694376,3 SEDEL Walk SUNBURY 3429
53313694392,9 SEDEL Walk SUNBURY 3429
53313694410,19 SEDEL Walk SUNBURY 3429
53313694442,17 SEDEL Walk SUNBURY 3429
53313694468,1 SEDEL Walk SUNBURY 3429
53313694483,10 GRANGEHILL Mews WYNDHAM VALE 3024
53313694519,132 LICENSE Road DIGGERS REST 3427
53313694533,17 BANUM Crescent ASCOT VALE 3032
53313694559,19 BANUM Crescent ASCOT VALE 3032
53313694582,22 BANUM Crescent ASCOT VALE 3032
53313694640,7 FINN Way TARNEIT 3029
53313694666,17 KOOLAH Drive LARA 3212
53313694681,22 JONATHAN Street GREENVALE 3059
53313694772,41 FOAL Circuit FRASER RISE 3336
53313694798,121 SUNDANCE Boulevard WINTER VALLEY 3358
53313694816,15 JARVIS Street HUNTLY 3551
53313694848,9 IMATRA Loop TARNEIT 3029
53313694871,5 FILLMORE Drive CRAIGIEBURN 3064
53313694907,88 MAKEDONIA Street TARNEIT 3029
53313694921,4 PURITAN Street ROCKBANK 3335
53313694947,88 CHERISH Drive TARNEIT 3029
53313694970,21 AMPHITHEATRE Street EYNESBURY 3338
53313695013,21 KEATS Circuit ARMSTRONG CREEK 3217
53313695061,71 LORIKEET Circuit ROCKBANK 3335
53313695086,16 GREGSON Street HUNTLY 3551
53313695112,23 COCKERELL Street TARNEIT 3029
53313695144,143 GRANDVISTA Boulevard WERRIBEE 3030
53313695242,8 COCKERELL Street TARNEIT 3029
53313695275,16 PAWLING Street ROCKBANK 3335
53313695325,35 FUSION Drive WYNDHAM VALE 3024
53313695374,31 MALUA Road BONNIE BROOK 3335
53313695400,8 GLORY Way ARMSTRONG CREEK 3217
53313695432,68 SILVER Drive DIGGERS REST 3427
53313695458,64 ODYSSEY Boulevard TARNEIT 3029
53313695473,12 PAWLING Street ROCKBANK 3335
53313695572,21 JOURNEY Crescent MOUNT DUNEED 3217
53313695598,14 REPARTEE Street TARNEIT 3029
53313695616,3 VON GUERARD Boulevard WARRNAMBOOL 3280
53313695648,5 CANTER Road TARNEIT 3029
53313695689,24 YEARLING Promenade WERRIBEE 3030
53313843452,25 APRIL Street GREENVALE 3059
53313843485,3 ROSSO Drive TARNEIT 3029
53313843503,26 TROOPER Drive AINTREE 3336
53313843592,54 HARPER Boulevard MOUNT DUNEED 3217
53313843634,20 HAPPINESS Way WYNDHAM VALE 3024
53313843668,12 AEOLUS Street ARMSTRONG CREEK 3217
53313843683,18 AEOLUS Street ARMSTRONG CREEK 3217
53313843719,3 WOODCUTTERS Way BONSHAW 3352
53313843741,35 GRAMERCY Place STRATHTULLOH 3338
53313843774,75 DELL Boulevard FYANSFORD 3218
53313843818,3 RYSA Road GREENVALE 3059
53313843923,150 PALMERS Road TRUGANINA 3029
53313843949,150 PALMERS Road TRUGANINA 3029
53313844120,150 PALMERS Road TRUGANINA 3029
53313844195,150 PALMERS Road TRUGANINA 3029
53313844244,150 PALMERS Road TRUGANINA 3029
53313844384,14 KYAH Street FRASER RISE 3336
53313844410,4 QUINTA Crescent SUNBURY 3429
53313844442,3 NOSTALGIA Court LARA 3212
53313844468,28 AUBURN Crescent BACCHUS MARSH 3340
53313844519,5 CAPRISE Road FRASER RISE 3336
53313844541,34 DEVONIA Avenue FRASER RISE 3336
53313844590,4 MASH Road TARNEIT 3029
53313844640,37 COBRAM Drive EYNESBURY 3338
53313844666,47 COBRAM Drive EYNESBURY 3338
53313844681,35 BAYVIEW Walk THORNHILL PARK 3335
53313844717,3 HAPPINESS Way WYNDHAM VALE 3024
53313844731,3 COWAL Street TRUGANINA 3029
53313844757,51 INNOVATION Avenue ROCKBANK 3335
53313844780,133 ELPIS Road WEIR VIEWS 3338
53313844816,23 CUSHION Way TARNEIT 3029
53313848443,41 WOODS Road TRUGANINA 3029
53313848469,56 CRADLE Circuit MANOR LAKES 3024
53313848492,5 CALLICOMA Street MICKLEHAM 3064
53313848526,3 ATACAZO Avenue TRUGANINA 3029
53313848542,8 DANUBE Road TRUGANINA 3029
53313848591,8 JAGGED Circuit TARNEIT 3029
53313848641,15 MARION Street BONSHAW 3352
53313848674,24 PERLINO Boulevard TARNEIT 3029
53313848690,17 MILES Street GISBORNE 3437
53313848740,2 WILMINGTON Street DEANSIDE 3336
53313848781,112 GREYJOY Road CHARLEMONT 3217
53313848817,22 CASTLECRAG Way STRATHTULLOH 3338
53313848831,17 ORANGE Drive FRASER RISE 3336
53313848857,35 SANKURU Road TRUGANINA 3029
53313848880,59 RIHANNA Street GREENVALE 3059
53313848916,24 GOSHAWK Street DEANSIDE 3336
53313848948,18 INNSBRUCK Road WINTER VALLEY 3358
53313848964,23 BOOTH Road MADDINGLEY 3340
53313849014,66 SHANTI Circuit WERRIBEE 3030
53313849095,50 MANNA GUM Drive MOUNT DUNEED 3217
53313849113,7 EARLVILLE Street MANOR LAKES 3024
53313849137,16 MORGAN Drive BONNIE BROOK 3335
53313849251,9 NOKOTA Circuit BONNIE BROOK 3335
53313849284,42 GRAPPENHALL Avenue STRATHTULLOH 3338
53313849326,14 WETHERBY Road WYNDHAM VALE 3024
53313849350,19 HARWICH Street ROCKBANK 3335
53313849383,8 EUCALYPT Way TORQUAY 3228
53313849419,24 EBB Drive TARNEIT 3029
53313849459,7 PACAYA Street TRUGANINA 3029
53313849518,20 ITALIANATE Street CHARLEMONT 3217
53313849566,40 CHILULA Street HUNTLY 3551
53313849581,36 JARLATH Drive MAMBOURIN 3024
53313849617,6 PEATLAND Road FRASER RISE 3336
53313849631,33 POLLEN Road TARNEIT 3029
53313849657,14 ALKINGTON Way WERRIBEE 3030
53313849708,15 SCOTTY Road DEANSIDE 3336
53313849756,4 UNITY Way STRATHFIELDSAYE 3551
53313849789,65 COBRAM Drive EYNESBURY 3338
53313849815,65 CLIPSTONE Crescent FRASER RISE 3336
53313736326,54 VERONA Crescent FRASER RISE 3336
53313736342,56 VERONA Crescent FRASER RISE 3336
53313736368,29 BILLY Road DEANSIDE 3336
53313736425,46 VERONA Crescent FRASER RISE 3336
53313736474,35 VULCAN Drive CRAIGIEBURN 3064
53313736490,29 STEAMBOAT Avenue WINTER VALLEY 3358
53313736524,9 PRODUCE Drive MAMBOURIN 3024
53313736540,9 CANDLES Street TARNEIT 3029
53313736566,1 DUNKERRIN Avenue GISBORNE 3437
53313736599,88 BASILDON Crescent STRATHTULLOH 3338
53313736649,4 MAGNOLIA Court EPSOM 3551
53313736672,42 CANYON Circuit BONNIE BROOK 3335
53313736789,3 HORSESHOE Parade FRASER RISE 3336
53313736815,38 EVERGREEN Street ARMSTRONG CREEK 3217
53313736847,13 VIVID Street WINTER VALLEY 3358
53313736870,59 MESSENGER Parade LUCAS 3350
53313736896,28 HANRAHAN Street GISBORNE 3437
53313736946,11 FORZA Place SEBASTOPOL 3356
53313736979,16 PIGDON Street WEIR VIEWS 3338
53313737003,16 COUNCILLOR Drive WEIR VIEWS 3338
53313737027,7 JARVIS Street HUNTLY 3551
53313737043,22 HALLINAN Street TARNEIT 3029
53313737076,11 WHITFIELD Crescent CRAIGIEBURN 3064
53313737092,9 WHITFIELD Crescent CRAIGIEBURN 3064
53313737110,519 GRAND Boulevard CRAIGIEBURN 3064
53313737142,13 WHITFIELD Crescent CRAIGIEBURN 3064
53313737183,62 CHARLESTON Road DEANSIDE 3336
53313737218,56 CHARLESTON Road DEANSIDE 3336
53313737240,8 MACLAREN Drive MELTON SOUTH 3338
53313737281,42 MATTNICK Boulevard CHARLEMONT 3217
53313737309,29 CHLOE Street TARNEIT 3029
53313737357,20 COPAL Street MAMBOURIN 3024
53313737380,6 BAKANOVI Drive TRUGANINA 3029
53313737489,51 COQUINA Drive POINT LONSDALE 3225
53313737515,52 GOWAR Road TARNEIT 3029
53313737563,33 CONONDALE Avenue TRUGANINA 3029
53313737588,28 HOLLEY Crescent ARMSTRONG CREEK 3217
53313737614,39 MANGOSTEEN Drive TRUGANINA 3029
53313737654,13 WILDERNESS Road FRASER RISE 3336
53313737687,35 GANSHA Street WEIR VIEWS 3338
53313737705,8 AMPHITHEATRE Street EYNESBURY 3338
53313695739,69 MONTMARTE Boulevard BURNSIDE 3023
53313695755,12 BARINGHUP Street EYNESBURY 3338
53313695814,10 MITIAMO Street EYNESBURY 3338
53313695846,8 ARRAMONT Road GREENVALE 3059
53313695913,3 EAGLEMONT Drive STRATHTULLOH 3338
53313695945,3 BOXWOOD Place STRATHFIELDSAYE 3551
53313695978,23 LOWELL Road TARNEIT 3029
53313696084,25 HORSESHOE Parade FRASER RISE 3336
53313696110,19 CORFU Street FRASER RISE 3336
53313696134,115 WILLOBY Drive ALFREDTON 3350
53313696150,79 GREYJOY Road CHARLEMONT 3217
53313696183,27 CANAL Street FRASER RISE 3336
53313741822,54 DENNISON Street DEANSIDE 3336
53313741856,8 BROBERG Street WYNDHAM VALE 3024
53313741889,5 TOBOL Street TRUGANINA 3029
53313741939,2 WHISTLING Circuit MANOR LAKES 3024
53313741988,45 CRADLE Circuit MANOR LAKES 3024
53313742003,114 MEDALLION Boulevard TARNEIT 3029
53313742076,12 CUSHION Way TARNEIT 3029
53313742092,22 LITORIA Drive DEANSIDE 3336
53313742150,28 RAMBLER Boulevard TARNEIT 3029
53313742183,7 FOAL Circuit FRASER RISE 3336
53313742200,1 COOLALEE Street ROCKBANK 3335
53313742224,23 KOSTAS Street SUNBURY 3429
53313742258,4 MARION Street BONSHAW 3352
53313742317,26 MICHELSON Drive MADDINGLEY 3340
53313742331,23 ALDERNEY Street TARNEIT 3029
53313742416,11 JOHANNA Drive WINTER VALLEY 3358
53313742448,30 EYCKENS Road LUCAS 3350
53313742489,19 HEALY Drive TRUGANINA 3029
53313742539,2 HEDGELEY Avenue DEANSIDE 3336
53313742555,31 FOAL Circuit FRASER RISE 3336
53313742588,15 AEOLUS Street ARMSTRONG CREEK 3217
53313742620,38 UNICO Circuit MOUNT DUNEED 3217
53313742687,5 COSGROVE Street TARNEIT 3029
53313844889,7 LINDBERG Street MANOR LAKES 3024
53313699284,6 SADDLEBRED Avenue WERRIBEE 3030
53313699302,20 SHEARWATER Grove POINT LONSDALE 3225
53313699334,13 COULEE Street CRAIGIEBURN 3064
53313699350,33 RECHENBERG Boulevard CHARLEMONT 3217
53313699375,4 WETHERBY Road WYNDHAM VALE 3024
53313699467,20 MILANO Road BURNSIDE 3023
53313699482,24 MILANO Road BURNSIDE 3023
53313699500,28 MILANO Road BURNSIDE 3023
53313699532,1 BROAD Road FRASER RISE 3336
53313699566,7 BROAD Road FRASER RISE 3336
53313699599,13 BROAD Road FRASER RISE 3336
53313699631,5 VASSE Circuit MOUNT DUNEED 3217
53313699665,51 XENOLITH Drive CRAIGIEBURN 3064
53313699698,18 JARVIS Way LUCAS 3350
53313699722,19 OROURKE Street LUCAS 3350
53313699797,46 KENNARD Grove CHARLEMONT 3217
53313699839,11 MANDEVILLA Street MAMBOURIN 3024
53313699863,89 EAGLEMONT Drive STRATHTULLOH 3338
53313699888,47 WOODLAND Street LARA 3212
53313699906,22 HOLSTEIN Crescent TARNEIT 3029
53313699938,20 FUSION Drive WYNDHAM VALE 3024
53313699962,61 ARNOLD Circuit CHARLEMONT 3217
53313700012,24 IMATRA Loop TARNEIT 3029
53313700036,20 COCKERELL Street TARNEIT 3029
53313700060,14 COCKERELL Street TARNEIT 3029
53313700127,37 FUSION Drive WYNDHAM VALE 3024
53313700192,14 MILANO Road BURNSIDE 3023
53313700225,35 SILVER Drive DIGGERS REST 3427
53313700274,3 ALLIUM Street WERRIBEE 3030
53313700290,2 SHEARWATER Grove POINT LONSDALE 3225
53313700324,65 MARY Drive ALFREDTON 3350
53313700465,27 MARADONA Boulevard DEANSIDE 3336
53313700498,25 MARADONA Boulevard DEANSIDE 3336
53313700522,12 EDGERTON Place MADDINGLEY 3340
53313700548,10 MARTLAND Street LUCAS 3350
53313849888,5 BULLAWAH Road GREENVALE 3059
53313849914,61 TRANQUILITY Crescent ARMSTRONG CREEK 3217
53313849946,7 ROBE Drive MOUNT DUNEED 3217
53313849962,78 TRUNCATA Drive TARNEIT 3029
53313849987,6 HAPPINESS Way WYNDHAM VALE 3024
53313850046,107 WHITES Road MOUNT DUNEED 3217
53313850105,28 LIBERATION Circuit WERRIBEE 3030
53313850153,22 TABULA Road TARNEIT 3029
53313850178,61 KENNEDY Drive FRASER RISE 3336
53313850227,13 TERRIGAL Road TRUGANINA 3029
53313850243,18 MACARA Street SUNBURY 3429
53313850269,109 PASKAS Drive FRASER RISE 3336
53313850326,34 LORIKEET Circuit ROCKBANK 3335
53313850350,11 CARLINGFORD Crescent BONNIE BROOK 3335
53313850375,7 CHERRY Street ARMSTRONG CREEK 3217
53313850425,3 CHERRY Street ARMSTRONG CREEK 3217
53313850459,12 GODRICH Street SUNBURY 3429
53313850482,1 CHERRY Street ARMSTRONG CREEK 3217
53313850500,10 WIRILDA Street TORQUAY 3228
53313850524,22 STREAMLET Boulevard TARNEIT 3029
53313850558,69 WATERFERN Street FRASER RISE 3336
53313850581,111 MEDALLION Boulevard TARNEIT 3029
53313850617,53 LISTON Avenue TARNEIT 3029
53313850631,27 STREAMLET Boulevard TARNEIT 3029
53313850680,39 DARWINIA Drive MICKLEHAM 3064
53313850756,29 CONTROL Street GREENVALE 3059
53313850797,33 MACADAMIA Way DIGGERS REST 3427
53313850821,5 ITALIANATE Street CHARLEMONT 3217
53313850863,17 KYAH Street FRASER RISE 3336
53313850914,11 CRUSADE Street TARNEIT 3029
53313850938,31 SANKURU Road TRUGANINA 3029
53313851004,77 COBRAM Drive EYNESBURY 3338
53313705257,45 CURTIN Drive DEANSIDE 3336
53313705272,30 LAKELAND Drive LUCAS 3350
53313705364,63 BODNAT Street TRUGANINA 3029
53313705397,25 MARGIE Street WYNDHAM VALE 3024
53313705439,10 JERMYN Street FRASER RISE 3336
53313705463,53 DENNISON Street DEANSIDE 3336
53313737729,54 COTTON Circuit GISBORNE 3437
53313737753,57 TREEVE Parkway WERRIBEE 3030
53313737804,30 ALDERNEY Street TARNEIT 3029
53313737836,27 HARBOURSIDE Drive RIPPLESIDE 3215
53313737852,4 PYRAMID Street BONNIE BROOK 3335
53313737893,4 HANHI Lane TARNEIT 3029
53313737951,23 WILDERNESS Road FRASER RISE 3336
53313737984,12 MAY Drive GISBORNE 3437
53313738025,115 WATERFERN Street FRASER RISE 3336
53313738059,16 LITORIA Drive DEANSIDE 3336
53313738090,95 AMBROSIA Drive ARMSTRONG CREEK 3217
53313738166,24 WOODLAND Street LARA 3212
53313738216,23 HARBOURSIDE Drive RIPPLESIDE 3215
53313738264,5 GANSHA Street WEIR VIEWS 3338
53313738307,26 LADY NELSON Drive RIPPLESIDE 3215
53313738396,5 ARVON Court ST LEONARDS 3223
53313738495,7 VOLANT Drive ARMSTRONG CREEK 3217
53313738529,25 AMPHITHEATRE Street EYNESBURY 3338
53313738545,16 SHELTERBELT Avenue WEIR VIEWS 3338
53313738561,101 TOWER Street THORNHILL PARK 3335
53313738594,24A CHATHAM Street FOOTSCRAY 3011
53313738628,10 WATERFERN Street FRASER RISE 3336
53313738693,82 ORNAMENT Avenue TARNEIT 3029
53313738727,153 SPARROVALE Road CHARLEMONT 3217
53313738769,84 INGLENOOK Circuit ARMSTRONG CREEK 3217
53313784291,16 EDIFICE Drive TARNEIT 3029
53313784367,80 UNISON Road STRATHTULLOH 3338
53313784499,18 MARADONA Boulevard DEANSIDE 3336
53313784517,49 GRAPPENHALL Avenue STRATHTULLOH 3338
53313784531,56 REFLECTIONS Crescent LARA 3212
53313784565,60 DELL Boulevard FYANSFORD 3218
53313784580,1 LAMPLOUGH Walk EYNESBURY 3338
53313784608,4 REDBANK Street EYNESBURY 3338
53313784630,19 STONNEYBURN Road THORNHILL PARK 3335
53313742713,3 COSGROVE Street TARNEIT 3029
53313742753,4 HEDGELEY Avenue DEANSIDE 3336
53313742786,10 HEDGELEY Avenue DEANSIDE 3336
53313742812,7 LUDLOW Lane BONNIE BROOK 3335
53313742844,27 COLACHI Road TRUGANINA 3029
53313742860,5 COOLALEE Street ROCKBANK 3335
53313742885,9 COOLALEE Street ROCKBANK 3335
53313742943,31 MCLISTER Street SPOTSWOOD 3015
53313742976,31 MCLISTER Street SPOTSWOOD 3015
53313743019,580 MELBOURNE Road SPOTSWOOD 3015
53313743082,13 FELIX Mews MOONEE PONDS 3039
53313743118,15 FELIX Mews MOONEE PONDS 3039
53313743132,7 BLESSINGTON Way MOONEE PONDS 3039
53313743158,9 BLESSINGTON Way MOONEE PONDS 3039
53313743181,3 FELIX Mews MOONEE PONDS 3039
53313743216,7 FELIX Mews MOONEE PONDS 3039
53313743289,12 INGLENOOK Circuit ARMSTRONG CREEK 3217
53313743315,6 ULMUS Street TARNEIT 3029
53313743347,2 FELIX Mews MOONEE PONDS 3039
53313743370,6 FELIX Mews MOONEE PONDS 3039
53313743396,16 HEDGELEY Avenue DEANSIDE 3336
53313743420,8 ARRAN Street GISBORNE 3437
53313743454,6 MESTON Street TRUGANINA 3029
53313743487,17 BROAD Road FRASER RISE 3336
53313743513,3 EDIFICE Drive TARNEIT 3029
53313743537,15 BASIN Street FRASER RISE 3336
53313743553,11 BISTRE Road TARNEIT 3029
53313743586,19 JACOBENA Road MELTON SOUTH 3338
53313743604,12 BUCKINGHAM Boulevard STRATHTULLOH 3338
53313743628,5 CROOKHAVEN Street POINT LONSDALE 3225
53313743677,8 MILLBROOK Drive WYNDHAM VALE 3024
53313743751,20 HAWK Street WINTER VALLEY 3358
53313743802,18 CROPLEY Street LUCAS 3350
53313743826,153 ABERLINE Road WARRNAMBOOL 3280
53313743850,40 VOLLEY Street TARNEIT 3029
53313743919,4 HARWICH Street ROCKBANK 3335
53313743933,169 SAWMILL Road HUNTLY 3551
53313744065,16 INGLENOOK Circuit ARMSTRONG CREEK 3217
53313744080,6 LORD Street THORNHILL PARK 3335
53313744116,7 ULMUS Street TARNEIT 3029
53313700670,1 CHAD Street DEANSIDE 3336
53313700714,146 ASBURY Street OCEAN GROVE 3226
53313700746,27 SURROUND Circuit BONNIE BROOK 3335
53313700779,25 TRUFFLE Circuit MOUNT DUNEED 3217
53313700805,8 TRUFFLE Circuit MOUNT DUNEED 3217
53313700829,24 TRUFFLE Circuit MOUNT DUNEED 3217
53313700845,9 KOBE Street DEANSIDE 3336
53313700878,5 KOBE Street DEANSIDE 3336
53313700894,28 DEXTER Street DEANSIDE 3336
53313700928,32 DEXTER Street DEANSIDE 3336
53313700952,40 DEXTER Street DEANSIDE 3336
53313700977,13 KOBE Street DEANSIDE 3336
53313700993,17 KOBE Street DEANSIDE 3336
53313701026,42 DEXTER Street DEANSIDE 3336
53313701050,46 DEXTER Street DEANSIDE 3336
53313701083,1 CASSOWARY Way WINTER VALLEY 3358
53313701101,15 TODD Street LUCAS 3350
53313701125,3 GERLZONDA Avenue DEANSIDE 3336
53313701159,5 GERLZONDA Avenue DEANSIDE 3336
53313701265,44 UNICO Circuit MOUNT DUNEED 3217
53313701298,14-16 REFLECTIONS Crescent LARA 3212
53313701322,17 LILYPAD Way ROCKBANK 3335
53313701356,3 BUTTERNUT Street HARKNESS 3337
53313701371,8 CLAPHAM Crescent WYNDHAM VALE 3024
53313701463,5 TARNAGULLA Street EYNESBURY 3338
53313701496,15 THOMAS Street LAVERTON 3028
53313701514,4 GENEROSA Grove TARNEIT 3029
53313701562,24 ROTUNNO Drive CHARLEMONT 3217
53313701595,9 MESTON Street TRUGANINA 3029
53313701629,2 SUMMERTIME Avenue CHARLEMONT 3217
53313701645,25 HENLIX Court MOUNT CLEAR 3350
53313701661,24 HENLIX Court MOUNT CLEAR 3350
53313701694,22 MITIAMO Street EYNESBURY 3338
53313701752,10 MIGHTY Road SUNBURY 3429
53313701793,10 AMUKTA Road TRUGANINA 3029
53313701851,7 ALBATROSS Grove POINT LONSDALE 3225
53313701884,2 BASALT Place LEOPOLD 3224
53313701902,6 RAHUL Street THORNHILL PARK 3335
53313701991,20 VOLT Street WINTER VALLEY 3358
53313702022,23 ASPERULA Street TARNEIT 3029
53313705653,92 NEW Street SOUTH KINGSVILLE 3015
53313705678,21 BUTLER Street LUCAS 3350
53313705694,37 EIFFEL Avenue BONNIE BROOK 3335
53313705744,28 DUTCH Road SUNBURY 3429
53313705760,49 CORMORANT Grange WINTER VALLEY 3358
53313705793,5 RYDER Street CHARLEMONT 3217
53313705811,10 WOOLEEN Court HUNTLY 3551
53313705835,39 RUTHVEN Way MAMBOURIN 3024
53313705926,36 MOOLORT Crescent EYNESBURY 3338
53313705968,4 BLYTHEN Road LUCAS 3350
53313705983,138 SPARROVALE Road CHARLEMONT 3217
53313706032,78 CROWLANDS Circuit EYNESBURY 3338
53313706066,16 GASTON Crescent BONNIE BROOK 3335
53313706099,19 HARVEYS Lane JACKASS FLAT 3556
53313706117,22 INVICTA Drive SMYTHES CREEK 3351
53313706131,48 KENNARD Grove CHARLEMONT 3217
53313706207,61 KRATERON Street FRASER RISE 3336
53313706255,32 BAKANOVI Drive TRUGANINA 3029
53313706270,46240 GILROY Crescent CHARLEMONT 3217
53313706306,15 THOMAS Street LAVERTON 3028
53313706320,21 PADMA Boulevard FRASER RISE 3336
53313706346,35 VOGUE Drive WYNDHAM VALE 3024
53313706395,2 LITTLEWOOD Drive FYANSFORD 3218
53313706413,3 COUSINS Street COLAC 3250
53313706445,29 VERNAL Circuit MOUNT DUNEED 3217
53313706478,8 HENTY Lane HUNTLY 3551
53313706528,29 MONAVALE Drive MOUNT DUNEED 3217
53313706577,9 NUNDA Way MANOR LAKES 3024
53313706603,15 ANAND Way DEANSIDE 3336
53313706635,13 ANAND Way DEANSIDE 3336
53313706651,88 MATTINA Circuit GREENVALE 3059
53313706859,4 ART DECO Drive DEANSIDE 3336
53313706874,46 CONRICK Way KOROIT 3282
53313706900,32 CHERISH Street FRASER RISE 3336
53313784697,23 KEA Street FRASER RISE 3336
53313784715,17 CARRAMAR Way GREENVALE 3059
53313784763,8 ITALIANATE Avenue DEANSIDE 3336
53313784820,26 SUNDEWS Crescent ARMSTRONG CREEK 3217
53313784846,106 ODYSSEY Boulevard TARNEIT 3029
53313784862,40 TINTAGEL Way WERRIBEE 3030
53313784895,10 HAFLINGER Avenue BONNIE BROOK 3335
53313784929,12 SEMOLINA Street MANOR LAKES 3024
53313784953,3 LINKAGE Street BONSHAW 3352
53313785043,21 WILDLIFE Circuit FRASER RISE 3336
53313785069,45 HARRIOTT Road ARMSTRONG CREEK 3217
53313785092,32 TALOUMBI Crescent GREENVALE 3059
53313785134,21 WATERFERN Street FRASER RISE 3336
53313785168,68 SURROUND Circuit BONNIE BROOK 3335
53313785191,17 FRANK Avenue TRUGANINA 3029
53313785224,19 SEARS Avenue WARRNAMBOOL 3280
53313785266,35 PROSECCO Street TARNEIT 3029
53313785299,29 PROSECCO Street TARNEIT 3029
53313785357,16 YOUYANGS Street TRUGANINA 3029
53313785372,2 KINDEE Way CHARLEMONT 3217
53313785398,38 PENDOWER Way WERRIBEE 3030
53313785422,7 BABYLON Road MICKLEHAM 3064
53313785507,21 MICROPORA Drive WYNDHAM VALE 3024
53313785521,5 ILLUSION Terrace DIGGERS REST 3427
53313785555,20 EBBSFLEET Crescent STRATHTULLOH 3338
53313785570,13 CENTINELA Street TARNEIT 3029
53313785620,10 REUNION Parade TARNEIT 3029
53313785646,12 BOWENVALE Street EYNESBURY 3338
53313785662,7 RHEOLA Street EYNESBURY 3338
53313785695,4 COOPWORTH Way ROCKBANK 3335
53313785729,10 COOPWORTH Way ROCKBANK 3335
53313785753,7 COTTESMORE Street FRASER RISE 3336
53313785778,44 MONTAGNA Circuit ARMSTRONG CREEK 3217
53313785828,18 ARROWGRASS Walk THORNHILL PARK 3335
53313785852,9 FLORINA Road FRASER RISE 3336
53313785885,58 DARWINIA Drive MICKLEHAM 3064
53313785903,31 DARWINIA Drive MICKLEHAM 3064
53313785927,118 ASHBURY Boulevard ARMSTRONG CREEK 3217
53313785951,9 METUNG Street ARMSTRONG CREEK 3217
53313785984,14 TUITION Drive TARNEIT 3029
53313786082,15 LILYBLOOM Way FRASER RISE 3336
53313786100,270 HARRIOTT Road CHARLEMONT 3217
53313744130,12 DOLLARBIRD Drive DEANSIDE 3336
53313744156,25 COTTESMORE Street FRASER RISE 3336
53313744189,15 HOLST Way LUCAS 3350
53313744206,6 RAAM Circuit ARMSTRONG CREEK 3217
53313744220,16 DERRIMUT Street ROCKBANK 3335
53313744254,23 MATTNICK Boulevard CHARLEMONT 3217
53313744287,54 ASPIRING Drive HUNTLY 3551
53313744337,107 JUSCELINA Drive CRAIGIEBURN 3064
53313744412,6 YILDIZ Street CHARLEMONT 3217
53313744444,15 RATHMINES Road TRUGANINA 3029
53313744460,5 TOPOGRAPHICAL Crescent GREENVALE 3059
53313744511,5 CANAL Street FRASER RISE 3336
53313744543,25 LONGLEAF Street FYANSFORD 3218
53313744576,14 VIVID Street WINTER VALLEY 3358
53313744592,18 HAINES Street NEW GISBORNE 3438
53313744610,26 MAROON Street TARNEIT 3029
53313744642,18 LEETON Street STRATHTULLOH 3338
53313790381,20 MACARA Street SUNBURY 3429
53313790423,23 STONNEYBURN Road THORNHILL PARK 3335
53313790457,18 PEDLEY Way TRUGANINA 3029
53313790480,107 RESTFUL Way ROCKBANK 3335
53313790508,31 CROWLANDS Circuit EYNESBURY 3338
53313790556,81 LORIKEET Circuit ROCKBANK 3335
53313790621,23 WHEAT Street DIGGERS REST 3427
53313790706,17 SONGLARK Street MELTON SOUTH 3338
53313790762,5 MELIA Street STRATHFIELDSAYE 3551
53313790813,95 MORNINGTON Avenue TARNEIT 3029
53313790845,27 WHITELOCK Drive HUNTLY 3551
53313790904,9 GALL Street WARRNAMBOOL 3280
53313790936,9 BRAMFORD Crescent TRUGANINA 3029
53313790960,11 OLDENBURG Drive BONNIE BROOK 3335
53313791002,15 DARWINIA Drive MICKLEHAM 3064
53313791042,23 EBBSFLEET Crescent STRATHTULLOH 3338
53313791174,31 BENSON Drive WERRIBEE 3030
53313702048,8 TEXEL Road MAMBOURIN 3024
53313702097,14 UNICO Circuit MOUNT DUNEED 3217
53313702155,98 BASILDON Crescent STRATHTULLOH 3338
53313702196,11 TARNAGULLA Street EYNESBURY 3338
53313702229,44 BURSARIA Street JACKASS FLAT 3556
53313747869,26 MARADONA Boulevard DEANSIDE 3336
53313747884,54 HILLTOP Drive CHARLEMONT 3217
53313747934,34 RANELAGH Avenue STRATHTULLOH 3338
53313747950,23 MAKYBE Street BONNIE BROOK 3335
53313747975,18 CAMFIELD Crescent MAMBOURIN 3024
53313748000,9 CINDIA Crescent TARNEIT 3029
53313748024,9 TENOR Street STRATHTULLOH 3338
53313748073,69 INGLENOOK Circuit ARMSTRONG CREEK 3217
53313748131,30 OTTERHAM Way WERRIBEE 3030
53313748157,17 FAIRYWREN Street ARMSTRONG CREEK 3217
53313748180,10 ODARA Mews TARNEIT 3029
53313748215,12 RALLY Street TARNEIT 3029
53313748247,41 CUMBERLAND Boulevard WINTER VALLEY 3358
53313748270,18 FISHWICK Crescent CARDIGAN 3352
53313748296,4 PORTRAIT Street MAMBOURIN 3024
53313748314,44 WOODLAND Street LARA 3212
53313748405,25 RESERVOIR Road FRASER RISE 3336
53313748429,104 MEDALLION Boulevard TARNEIT 3029
53313748445,10 HUTTON Street DEANSIDE 3336
53313748494,38 OPAL Drive LEOPOLD 3224
53313748544,107 TOWER Street THORNHILL PARK 3335
53313748560,678 BATMAN Road INDENTED HEAD 3223
53313748585,34 MAREMMANO Crescent TAYLORS LAKES 3038
53313748611,5 ALTEZZE Drive TRUGANINA 3029
53313748643,62 SARIC Street FRASER RISE 3336
53313748676,1 ALBATROSS Close MOOLAP 3224
53313748692,22 BUTCHERBIRD Parade WINTER VALLEY 3358
53313748710,23 BUTCHERBIRD Parade WINTER VALLEY 3358
53313748742,670 BATMAN Road INDENTED HEAD 3223
53313748775,18 KITE Street WINTER VALLEY 3358
53313748801,25 CAVALIER Street WYNDHAM VALE 3024
53313748825,12 SCOTTY Road DEANSIDE 3336
53313748874,27 ROTUNNO Drive CHARLEMONT 3217
53313748900,75 CASTLECRAG Way STRATHTULLOH 3338
53313748932,4 ENGLISH Road FRASER RISE 3336
53313748966,20 AVION Crescent TRUGANINA 3029
53313749016,4 SPRINTER Way WINTER VALLEY 3358
53313706973,64 MATTINA Circuit GREENVALE 3059
53313707039,173 CAROLINE SPRINGS Boulevard CAROLINE SPRINGS 3023
53313707055,1007 MORRIS Road TRUGANINA 3029
53313707070,33 FLUME Street LARA 3212
53313707106,11 SANKURU Road TRUGANINA 3029
53313707146,44 YANG Road MAMBOURIN 3024
53313707179,17 DILWARRA Drive BONNIE BROOK 3335
53313707195,18 BIRDWOOD Drive ST LEONARDS 3223
53313707260,47 FERONIA Avenue TARNEIT 3029
53313707293,150 SPARROVALE Road CHARLEMONT 3217
53313707343,21 MERVYN Drive GREENVALE 3059
53313707442,56 BUSHRANGER Drive SUNBURY 3429
53313707475,31 BRAY Street DEANSIDE 3336
53313707491,42 SCOTTSDALE Street CHARLEMONT 3217
53313707600,3 LUPTON Street WERRIBEE 3030
53313707624,7 TINTAGEL Way WERRIBEE 3030
53313707717,34 VIVERO Road WYNDHAM VALE 3024
53313707749,8 TRELLIS Grove ROCKBANK 3335
53313707780,235 CUTHBERTS Road LUCAS 3350
53313707848,12 RAAM Circuit ARMSTRONG CREEK 3217
53313707871,57 COUNTESS Drive ST LEONARDS 3223
53313707897,4 CURTIN Drive DEANSIDE 3336
53313707915,14 HORSESHOE Parade FRASER RISE 3336
53313707947,39 CUMBERLAND Boulevard WINTER VALLEY 3358
53313707963,56 REVELSTOKE Way WINTER VALLEY 3358
53313707988,4 WILDERNESS Road FRASER RISE 3336
53313708013,16 APSLEY Street STRATHFIELDSAYE 3551
53313708037,105 SUNDANCE Boulevard WINTER VALLEY 3358
53313708053,24 MACARA Street SUNBURY 3429
53313708112,9 LUSITANO Road BONNIE BROOK 3335
53313708144,9 BASIN Street FRASER RISE 3336
53313708160,159 SPARROVALE Road CHARLEMONT 3217
53313708210,26 ARRAMONT Road GREENVALE 3059
53313708242,3 ONSLOW Walk WYNDHAM VALE 3024
53313708291,42 WOODLAND Street LARA 3212
53313708319,9 GUERNSEY Court SEBASTOPOL 3356
53313786124,161 CALLAWAY Street MAMBOURIN 3024
53313786173,42 HANRAHAN Street GISBORNE 3437
53313786199,13 BLESS Drive TARNEIT 3029
53313786264,43 ESCARPMENT Drive FYANSFORD 3218
53313786321,10 MOUNTAIN ASH Circuit WINTER VALLEY 3358
53313786355,3 POLKINGHORNE View LUCAS 3350
53313786396,10 INNSBRUCK Road WINTER VALLEY 3358
53313786420,32 FRENCH Road GREENVALE 3059
53313786454,12 SURROUND Circuit BONNIE BROOK 3335
53313786487,6 BRITTAIN Avenue WARRNAMBOOL 3280
53313786505,45 CALLANISH Street TRUGANINA 3029
53313786529,28 CHERISH Street FRASER RISE 3336
53313786553,49 BUCHANAN Boulevard ARMSTRONG CREEK 3217
53313786612,19 EBBSFLEET Crescent STRATHTULLOH 3338
53313786685,24 CORMORANT Grange WINTER VALLEY 3358
53313786743,36 CORMORANT Grange WINTER VALLEY 3358
53313786826,8 REUNION Parade TARNEIT 3029
53313786883,42 HEY Street WILLIAMS LANDING 3027
53313786919,22 CONSTANT Avenue WERRIBEE 3030
53313786982,13 GRASSY Street WINTER VALLEY 3358
53313787016,3 EFFRON Close MELTON SOUTH 3338
53313787089,16 MUTTONWOOD Crescent DEANSIDE 3336
53313787115,20 ART DECO Drive DEANSIDE 3336
53313787147,28 STONEMASON Boulevard KYNETON 3444
53313787170,82 TULSI Avenue WERRIBEE 3030
53313787196,125 SARIC Street FRASER RISE 3336
53313787245,81 COURTENAY Promenade FRASER RISE 3336
53313832876,18 JUDD Street MANOR LAKES 3024
53313832892,126 BRIGHTVALE Boulevard WYNDHAM VALE 3024
53313832910,115 MEDALLION Boulevard TARNEIT 3029
53313832950,47 SITTELA Street MOUNT DUNEED 3217
53313832983,4 NOLITA Walk POINT COOK 3030
53313833018,6 NOLITA Walk POINT COOK 3030
53313833032,2 NOLITA Walk POINT COOK 3030
53313833058,59 SHILLINGS Road MAMBOURIN 3024
53313833081,13 MERVYN Drive GREENVALE 3059
53313791223,27 CASELLI Street BALLARAT EAST 3350
53313791249,13 LIGHTFOOT Way DEANSIDE 3336
53313791265,40 SANKURU Road TRUGANINA 3029
53313791298,9 VALANCE Street TARNEIT 3029
53313791356,10 CENTRALPARK Walk STRATHTULLOH 3338
53313791371,11 BEADNELL Place STRATHTULLOH 3338
53313791397,7 BEADNELL Place STRATHTULLOH 3338
53313791421,1 BEADNELL Place STRATHTULLOH 3338
53313791455,56 ORNAMENT Avenue TARNEIT 3029
53313791488,78 HURTLE Street ASCOT VALE 3032
53313791506,76 HURTLE Street ASCOT VALE 3032
53313791520,5 REEFTON Street MAMBOURIN 3024
53313791554,39 COUNTESS Drive ST LEONARDS 3223
53313791587,30 FOAL Circuit FRASER RISE 3336
53313791613,16 ELOQUENCE Road TARNEIT 3029
53313791637,22 MACHINE Street SUNBURY 3429
53313791661,13 MIDFORD Avenue WERRIBEE 3030
53313791694,11 CANTER Road TARNEIT 3029
53313791736,52 HOMESTEAD Drive LARA 3212
53313791803,16 MULGRAVE Street LARA 3212
53313791835,15 FARNDALE Drive LARA 3212
53313791968,6 DIXON Street DEANSIDE 3336
53313792097,5 DUKE Street ARMSTRONG CREEK 3217
53313792121,19 LAING Court GEELONG 3220
53313792155,28 GALENE Drive ARMSTRONG CREEK 3217
53313792170,17 MOLLYAN Avenue CHARLEMONT 3217
53313792196,65 MARADONA Boulevard DEANSIDE 3336
53313792229,21 LEETON Street STRATHTULLOH 3338
53313792253,55 METROON Drive WEIR VIEWS 3338
53313792278,25 VIOLETTA Boulevard DIGGERS REST 3427
53313792304,34 BUCKINGHAM Boulevard STRATHTULLOH 3338
53313792328,17 RAPTOR Place MELTON SOUTH 3338
53313792344,8 HUFFNELL Road DEANSIDE 3336
53313792377,20 TRONDHEIM Street ROCKBANK 3335
53313792403,23 CLIPSTONE Crescent FRASER RISE 3336
53313792451,1 IMATRA Loop TARNEIT 3029
53313792476,81 PASKAS Drive FRASER RISE 3336
53313792502,51 LITORIA Drive DEANSIDE 3336
53313792542,4 JAMB Court MINERS REST 3352
53313792575,13 ARAGON Road TARNEIT 3029
53313792591,17 FROST Drive CHARLEMONT 3217
53313792619,27 EVERGREEN Street ARMSTRONG CREEK 3217
53313749089,179 BEATTYS Road FRASER RISE 3336
53313749107,48 SURROUND Circuit BONNIE BROOK 3335
53313749121,9 DARMAC Street MOUNT DUNEED 3217
53313749155,13 NECTAR Drive MOUNT DUNEED 3217
53313749188,27 STEVO Way FRASER RISE 3336
53313749213,14 CLAY Crescent ROCKBANK 3335
53313749237,13 TARNALA Road TARNEIT 3029
53313749253,8 IMATRA Loop TARNEIT 3029
53313749286,42 ASPIRING Drive HUNTLY 3551
53313749352,40 ORIENTATION Avenue TARNEIT 3029
53313749393,1 SALTERS Street THORNHILL PARK 3335
53313749427,6 PRATO Street GREENVALE 3059
53313749451,8 HANHI Lane TARNEIT 3029
53313749502,37 GRANDVIEW Crescent DARLEY 3340
53313749526,9 CLIPSTONE Crescent FRASER RISE 3336
53313749575,15 BLACKALL Street TRUGANINA 3029
53313749591,102 GIBSONS Circuit BONNIE BROOK 3335
53313749641,14 SUNNYBANK Road FRASER RISE 3336
53313749667,32 ALDERNEY Street TARNEIT 3029
53313749690,8 AKRON Street MANOR LAKES 3024
53313749724,12 CASSATA Road MANOR LAKES 3024
53313749758,21 MANDEVILLA Street MAMBOURIN 3024
53313749799,13 GHOST GUM Way JACKASS FLAT 3556
53313749823,60 CONONDALE Avenue TRUGANINA 3029
53313749922,12 GOSHAWK Street DEANSIDE 3336
53313749989,4 ALTURA Drive TRUGANINA 3029
53313750016,10 ALTURA Drive TRUGANINA 3029
53313750030,8 ALTURA Drive TRUGANINA 3029
53313750056,22 AMAZON Street TRUGANINA 3029
53313750089,18 AMAZON Street TRUGANINA 3029
53313750107,14 AMAZON Street TRUGANINA 3029
53313750121,195 HUMMINGBIRD Boulevard TARNEIT 3029
53313750155,10 HECTOR Street FRASER RISE 3336
53313750170,121 BRIGHTVALE Boulevard WYNDHAM VALE 3024
53313750229,32 SOCIAL Street TARNEIT 3029
53313750253,175 WOLLAHRA Rise WYNDHAM VALE 3024
53313750286,11 PEBBLE Street GREENVALE 3059
53313750304,5 ALISMA Avenue DEANSIDE 3336
53313750328,54 CAVALIER Street WYNDHAM VALE 3024
53313750352,17 HICKLING Road TARNEIT 3029
53313750385,15 ALISMA Avenue DEANSIDE 3336
53313750411,37 SUMAC Street BROOKFIELD 3338
53313750435,2 OTTERHAM Way WERRIBEE 3030
53313750484,101 HALCYON Road DEANSIDE 3336
53313753940,13 BARINGHUP Street EYNESBURY 3338
53313753966,24 KINGSLEY Promenade HUNTLY 3551
53313754048,38 HURST Drive NEW GISBORNE 3438
53313754121,19 OSWALD Street TARNEIT 3029
53313754188,38 ORIENTATION Avenue TARNEIT 3029
53313754229,26 NOYCE Way ROCKBANK 3335
53313754245,65 ORNAMENT Avenue TARNEIT 3029
53313754328,8 GALILEO Place GREENVALE 3059
53313754377,22 DARTMOOR Street BONNIE BROOK 3335
53313754393,28 SINOPIA Street TARNEIT 3029
53313754542,21 TULLOONA Street FRASER RISE 3336
53313754575,37 CALLANISH Street TRUGANINA 3029
53313754601,19 UTOPIA Way WEIR VIEWS 3338
53313754633,8 FOAL Circuit FRASER RISE 3336
53313754659,42 SPOONBILL Avenue WINTER VALLEY 3358
53313754674,27 XENOLITH Drive CRAIGIEBURN 3064
53313754732,77 BRAY Street DEANSIDE 3336
53313754766,2 HATHAWAY Close ALFREDTON 3350
53313754781,7 OTTAWA Avenue WYNDHAM VALE 3024
53313754809,12 WITHERS Street MOUNT DUNEED 3217
53313754865,83 TULSI Avenue WERRIBEE 3030
53313754898,89 MERINDAH Boulevard DEANSIDE 3336
53313754916,39 TULLA Circuit BURNSIDE 3023
53313754930,19 FRANCA Avenue FRASER RISE 3336
53313754964,22 EDGEMEAD Rise WERRIBEE 3030
53313754989,77 BROCKWOOD Street DEANSIDE 3336
53313755038,8 HESTER Street HUNTLY 3551
53313755054,8 DORYANTHES Way MICKLEHAM 3064
53313755079,3 STRUTH Road WARRNAMBOOL 3280
53313755105,5 STRUTH Road WARRNAMBOOL 3280
53313755137,103 PLANE Avenue MAMBOURIN 3024
53313755161,7 JOONDALUP Street STRATHTULLOH 3338
53313755194,34 RALLY Street TARNEIT 3029
53313755211,97 SARIC Street FRASER RISE 3336
53313755302,1 EDGEMEAD Rise WERRIBEE 3030
53313755326,5 EDGEMEAD Rise WERRIBEE 3030
53313755342,41 WIDMARK Road TRUGANINA 3029
53313755375,67 SPENCER Road BALLAN 3342
53313833149,34 SENDOCK Parade HUNTLY 3551
53313833165,4 SUSTAIN Street MAMBOURIN 3024
53313833180,9 RANGELAND Street MAMBOURIN 3024
53313833215,10 COFFEY Street TARNEIT 3029
53313833239,47 INNOVATION Avenue ROCKBANK 3335
53313833255,28 ANTHER Avenue TARNEIT 3029
53313833306,72 MONCRIEFF Crescent WANDANA HEIGHTS 3216
53313833320,20 NOLITA Walk POINT COOK 3030
53313833354,62 HERMOSA Drive TARNEIT 3029
53313833387,26 BABACO Street TARNEIT 3029
53313833413,32 BABACO Street TARNEIT 3029
53313833437,24 BABACO Street TARNEIT 3029
53313833486,26 CAVA Circuit SUNBURY 3429
53313833512,30 CAVA Circuit SUNBURY 3429
53313833585,26 QUEST Drive FRASER RISE 3336
53313833643,8 MUIRFIELD Court MOOLAP 3224
53313833676,5 MUIRFIELD Court MOOLAP 3224
53313833692,22 NOLITA Walk POINT COOK 3030
53313833710,2 BERNADETTE Road GREENVALE 3059
53313833742,10 UTTAR Way ROCKBANK 3335
53313833768,3 GLOSS Street MAMBOURIN 3024
53313833783,110 TULSI Avenue WERRIBEE 3030
53313833833,7 STRUTH Road WARRNAMBOOL 3280
53313833882,7 DARWINIA Drive MICKLEHAM 3064
53313833918,10 CHERRY Street ARMSTRONG CREEK 3217
53313833940,3 WALLOWA Street MICKLEHAM 3064
53313833966,28 OPUS Street STRATHTULLOH 3338
53313833981,15 AVIANA Walk WYNDHAM VALE 3024
53313834016,7 AVIANA Walk WYNDHAM VALE 3024
53313834048,19 AVIANA Walk WYNDHAM VALE 3024
53313834071,14 HAYWARD Street LARA 3212
53313834097,5 BOOTH Road MADDINGLEY 3340
53313834115,13 DOLLARBIRD Drive DEANSIDE 3336
53313834147,69 ARARAT Street TRUGANINA 3029
53313834170,7 JIMMY Street CHARLEMONT 3217
53313834205,6 RUFF Way MELTON SOUTH 3338
53313834229,46 DALK Drive GISBORNE 3437
53313834278,48 WATERFERN Street FRASER RISE 3336
53313834294,14 MOSSMAN Street LARA 3212
53313834312,16 CAVA Circuit SUNBURY 3429
53313834344,41 CHILULA Street HUNTLY 3551
53313834360,115 BASTEN Avenue DEANSIDE 3336
53313834385,7 PRANA Way WERRIBEE 3030
53313834411,2 BIOTA Way MAMBOURIN 3024
53313834443,29 BUTLER Street LUCAS 3350
53313834476,9 HALE Walk TRUGANINA 3029
53313834492,21 HALE Walk TRUGANINA 3029
53313792641,40 TRANQUILITY Crescent ARMSTRONG CREEK 3217
53313792674,185 WOODS Road TRUGANINA 3029
53313792724,34 PARA Road TARNEIT 3029
53313792799,185 WOODS Road TRUGANINA 3029
53313792849,185 WOODS Road TRUGANINA 3029
53313792865,185 WOODS Road TRUGANINA 3029
53313792880,185 WOODS Road TRUGANINA 3029
53313792997,30 FARRIER Boulevard FRASER RISE 3336
53313793014,88 MESSENGER Parade LUCAS 3350
53313793046,94 WALKSIDE Boulevard FRASER RISE 3336
53313793079,6 NINA Way TARNEIT 3029
53313793105,4 VIRIDIS Drive TARNEIT 3029
53313793129,7 MINOA Road MANOR LAKES 3024
53313793145,7 WITHERS Street MAMBOURIN 3024
53313793178,55 LITORIA Drive DEANSIDE 3336
53313793203,7 TWEED Street LARA 3212
53313793326,173 CAROLINE SPRINGS Boulevard CAROLINE SPRINGS 3023
53313793342,19 CARISBROOK Crescent WINTER VALLEY 3358
53313793419,15 SUNLIGHT Circuit LARA 3212
53313793433,22 LIPIZZAN Crescent TAYLORS LAKES 3038
53313839015,16 NORTHERLY Drive BONNIE BROOK 3335
53313839047,25 BAYVIEW Walk THORNHILL PARK 3335
53313839070,7 SWEET Way STRATHTULLOH 3338
53313839096,35 LITHIC Road CRAIGIEBURN 3064
53313839114,25 LITHIC Road CRAIGIEBURN 3064
53313839179,74 WATTLEBIRD Drive LARA 3212
53313839204,63 COBRAM Drive EYNESBURY 3338
53313839228,14 ELEVATION Drive FYANSFORD 3218
53313839244,10 SOLERA Street BROOKFIELD 3338
53313839277,53 CORONADO Way TARNEIT 3029
53313839293,71 COBRAM Drive EYNESBURY 3338
53313839311,57 COBRAM Drive EYNESBURY 3338
53313839343,6 EBB Drive TARNEIT 3029
53313839369,14 SHEARS Drive FRASER RISE 3336
53313839384,18 HEIDELBERG Street MAMBOURIN 3024
53313839442,66 BUCHANAN Boulevard ARMSTRONG CREEK 3217
53313839475,19 SABLE Street GREENVALE 3059
53313839491,15 ASPERULA Street TARNEIT 3029
53313750510,15 REPARTEE Street TARNEIT 3029
53313750542,1 KEA Street FRASER RISE 3336
53313750568,135 BRAMLEY Avenue CHARLEMONT 3217
53313750583,53 ADANSONIA Circuit MICKLEHAM 3064
53313750633,5 GALWAY Street MANOR LAKES 3024
53313750659,15 CHARBEL Street GREENVALE 3059
53313750682,27 BUTLER Street LUCAS 3350
53313750724,9 PETERBOROUGH Rise WERRIBEE 3030
53313750781,9 HOMEBUSH Esplanade FRASER RISE 3336
53313750817,4 AKROYDON Street WERRIBEE 3030
53313750831,2 BENHAR Street THORNHILL PARK 3335
53313796504,9 ELLIMATTA Road MAMBOURIN 3024
53313796603,26 FORREST GREEN Drive ARMSTRONG CREEK 3217
53313796635,32 FORREST GREEN Drive ARMSTRONG CREEK 3217
53313796651,30 FORREST GREEN Drive ARMSTRONG CREEK 3217
53313796702,51 CHARTERS Way HUNTLY 3551
53313796726,21 FLINT Street WERRIBEE 3030
53313796742,22 ANGLESEA Street WINTER VALLEY 3358
53313796775,16 MINDIL Street ARMSTRONG CREEK 3217
53313796801,120 MEDALLION Boulevard TARNEIT 3029
53313796833,24 CARISBROOK Crescent WINTER VALLEY 3358
53313796932,20 HEALY Drive TRUGANINA 3029
53313796966,43 MULLINGAR Drive ALFREDTON 3350
53313796981,10 GIBSON Court COLAC 3250
53313797007,39 KOOLAH Drive LARA 3212
53313797039,85 LORIKEET Circuit ROCKBANK 3335
53313797063,22 ELAINE Street TARNEIT 3029
53313797114,16 DAIRY Crescent MARYBOROUGH 3465
53313797138,59 DELL Boulevard FYANSFORD 3218
53313797187,5 DAIRY Crescent MARYBOROUGH 3465
53313797236,17 DAIRY Crescent MARYBOROUGH 3465
53313797252,21 WENACHEE Street TARNEIT 3029
53313797277,17 CHERRY Street ARMSTRONG CREEK 3217
53313797303,19 LILLYPILLY Street FRASER RISE 3336
53313797335,27 CELLAR Circuit SUNBURY 3429
53313797369,200 BONNIEBROOK Road BONNIE BROOK 3335
53313797384,13 SAGRADA Way FRASER RISE 3336
53313797434,98 REFLECTIONS Crescent LARA 3212
53313797468,31 GILROY Crescent CHARLEMONT 3217
53313797491,51 TULLA Circuit BURNSIDE 3023
53313797533,4 AKRON Street MANOR LAKES 3024
53313755433,83 TANNINBRAE Drive SUNBURY 3429
53313755474,33 FLINT Street WERRIBEE 3030
53313755500,8 REEFTON Street MAMBOURIN 3024
53313755540,36 CALLICOMA Street MICKLEHAM 3064
53313755573,45 BLESS Drive TARNEIT 3029
53313755623,11 YOUYANGS Street TRUGANINA 3029
53313755680,3 GLENROTHES Street STRATHTULLOH 3338
53313755716,9 GLENROTHES Street STRATHTULLOH 3338
53313755730,19 GLENROTHES Street STRATHTULLOH 3338
53313755756,15 GLENROTHES Street STRATHTULLOH 3338
53313755789,84 VOYAGER Boulevard TARNEIT 3029
53313755815,42 SLAVKO Drive FRASER RISE 3336
53313755863,13 ATISHA Street WYNDHAM VALE 3024
53313755920,32 STEADFIELD Circuit MELTON SOUTH 3338
53313755987,22 GALLAXUS Avenue WYNDHAM VALE 3024
53313756004,17 KING GEORGE Street ST LEONARDS 3223
53313756028,6 FRESHWATER Way FRASER RISE 3336
53313756060,14 DUPAIN Street TARNEIT 3029
53313756085,50 HEYFIELD Drive TRUGANINA 3029
53313756103,3 HICKLING Road TARNEIT 3029
53313756135,6 MAHATMA Road WERRIBEE 3030
53313756151,3 BLEBY Mews TARNEIT 3029
53313756233,42 MINDIL Street ARMSTRONG CREEK 3217
53313756267,232 STONEHILL Drive MADDINGLEY 3340
53313756282,25 DARWINIA Drive MICKLEHAM 3064
53313756300,32 LIDDERDALE Drive GISBORNE 3437
53313756332,16 SABLE Street GREENVALE 3059
53313756366,28 SABLE Street GREENVALE 3059
53313756399,44 FRONTIER Circuit TARNEIT 3029
53313756417,6 BYROCK Street TRUGANINA 3029
53313756431,3 CORVO Drive TRUGANINA 3029
53313756465,38 DELL Boulevard FYANSFORD 3218
53313756498,54 BEARTOOTH Drive WINTER VALLEY 3358
53313756522,44 FLUME Street LARA 3212
53313756564,10 HANHI Lane TARNEIT 3029
53313756597,14 JAMAICAN Road SUNBURY 3429
53313756663,21 LAUNCESTON Street OCEAN GROVE 3226
53313756696,40 QUIRK Road LUCAS 3350
53313756754,38 AMUKTA Road TRUGANINA 3029
53313756787,95 MESSENGER Parade LUCAS 3350
53313756813,5 CRICHTON Road THORNHILL PARK 3335
53313834510,23 JACKSONIA Drive MICKLEHAM 3064
53313834542,6 PENDOWER Way WERRIBEE 3030
53313834575,12 PENDOWER Way WERRIBEE 3030
53313834601,9 HUBBLE Drive GREENVALE 3059
53313834641,24 LILLYPILLY Street FRASER RISE 3336
53313834674,33 ALDERNEY Street TARNEIT 3029
53313834700,68 SLAVKO Drive FRASER RISE 3336
53313834732,38 MINDIL Street ARMSTRONG CREEK 3217
53313834758,18 BONITO Street MELTON SOUTH 3338
53313834773,11 GUNANGARA Drive MUCKLEFORD 3451
53313834849,63 DARWINIA Drive MICKLEHAM 3064
53313834872,43 PALARA Drive STRATHTULLOH 3338
53313834916,7 JACKSONIA Drive MICKLEHAM 3064
53313834948,5 ROSSO Drive TARNEIT 3029
53313834971,5 ROSSO Drive TARNEIT 3029
53313835006,24 JOCKIA Ridge GROVEDALE 3216
53313835020,5 ROSSO Drive TARNEIT 3029
53313835046,5 ROSSO Drive TARNEIT 3029
53313835079,5 ROSSO Drive TARNEIT 3029
53313835105,3 LODGE Walk STRATHTULLOH 3338
53313835153,28 SCORPIO Road WEIR VIEWS 3338
53313835178,4 LOVETT Court MARYBOROUGH 3465
53313835203,16 FAIRMONT Crescent FRASER RISE 3336
53313835235,20 FAIRMONT Crescent FRASER RISE 3336
53313835269,60 NEWFOREST Drive AINTREE 3336
53313835302,23 PAPYRUS Way ROCKBANK 3335
53313835342,3 CRUSADE Street TARNEIT 3029
53313835419,1 VALAIS Way ROCKBANK 3335
53313835433,83 SHELTERBELT Avenue WEIR VIEWS 3338
53313835459,106 BRIGHTVALE Boulevard WYNDHAM VALE 3024
53313835482,284 HIGHLANDER Drive CRAIGIEBURN 3064
53313835518,276 HIGHLANDER Drive CRAIGIEBURN 3064
53313835540,270 HIGHLANDER Drive CRAIGIEBURN 3064
53313835566,272 HIGHLANDER Drive CRAIGIEBURN 3064
53313835581,266 HIGHLANDER Drive CRAIGIEBURN 3064
53313835649,7 HALE Walk TRUGANINA 3029
53313835672,13 HALE Walk TRUGANINA 3029
53313835698,157 GRANDVISTA Boulevard WERRIBEE 3030
53313835748,6 NATURE Road TARNEIT 3029
53313690146,76 SURROUND Circuit BONNIE BROOK 3335
53313690179,12 LEIST Street HUNTLY 3551
53313690244,276 RESERVE Road CHARLEMONT 3217
53313839600,31 SITTELA Street MOUNT DUNEED 3217
53313839624,6 REUNION Parade TARNEIT 3029
53313839640,55 DRUMCHAPEL Crescent STRATHTULLOH 3338
53313839808,6 ERIN Drive FRASER RISE 3336
53313839822,23 DELHI Grove ROCKBANK 3335
53313839848,11 EPPING Drive WYNDHAM VALE 3024
53313839915,11 SILIQUA Street TARNEIT 3029
53313839988,35 LISTON Avenue TARNEIT 3029
53313840015,3 MISTLETOE Drive STRATHTULLOH 3338
53313840055,185 DRYLAND Boulevard MICKLEHAM 3064
53313840146,4 GROWTH Drive WEIR VIEWS 3338
53313840179,27 LOLLIPOP Crescent SUNBURY 3429
53313840195,23 SNIPE Drive STRATHTULLOH 3338
53313840228,8 BANBURY Road BONNIE BROOK 3335
53313840252,2 RANELAGH Avenue STRATHTULLOH 3338
53313840327,45 YEARLING Promenade WERRIBEE 3030
53313840351,14 TRANQUILITY Crescent ARMSTRONG CREEK 3217
53313840376,3 HOMEBUSH Esplanade FRASER RISE 3336
53313840392,10 CASTLECRAG Way STRATHTULLOH 3338
53313840426,14 MORGAN Drive BONNIE BROOK 3335
53313840442,1 CHORILAENA Way MICKLEHAM 3064
53313840468,27 CHILULA Street HUNTLY 3551
53313840491,15 MILESI Street CHARLEMONT 3217
53313840525,12 BOOTH Road MADDINGLEY 3340
53313840559,4 BORONIA Way MICKLEHAM 3064
53313840590,12 CRIB Street TARNEIT 3029
53313840658,26 BASIN Street FRASER RISE 3336
53313840681,3 KEVIN Avenue TARNEIT 3029
53313840709,120 TAIT Street BONSHAW 3352
53313840731,10 FARMINGDALE Street MANOR LAKES 3024
53313840822,43 XENOLITH Drive CRAIGIEBURN 3064
53313840848,8 MALTA Road CRAIGIEBURN 3064
53313840864,2 CASTLECRAG Way STRATHTULLOH 3338
53313840897,8 CASTLECRAG Way STRATHTULLOH 3338
53313840915,14 DILWARRA Drive BONNIE BROOK 3335
53313841005,2 LAXMI Avenue WERRIBEE 3030
53313797590,12 DANBY Street LARA 3212
53313797624,13 HAYBALE Circuit TARNEIT 3029
53313797666,42 MOSLEY Crescent TRUGANINA 3029
53313797699,15 ARARAT Street TRUGANINA 3029
53313797731,32 STEAMBOAT Avenue WINTER VALLEY 3358
53313797765,5 BANAHAW Road TRUGANINA 3029
53313797780,54 BUCKINGHAM Boulevard STRATHTULLOH 3338
53313797830,11 SUPEN Street MOUNT DUNEED 3217
53313797864,3 BULL Road TARNEIT 3029
53313797897,12 STONECUTTER Loop FRASER RISE 3336
53313797915,18 PURI Street WERRIBEE 3030
53313797939,14 CHERRY Street ARMSTRONG CREEK 3217
53313797963,7 STEVENAGE Way WERRIBEE 3030
53313797996,54 CONONDALE Avenue TRUGANINA 3029
53313798029,49 SNOWBIRD Road WINTER VALLEY 3358
53313798045,112 PINTAIL Drive MELTON SOUTH 3338
53313798061,11 HOLSTEIN Crescent TARNEIT 3029
53313798094,12 PALERMO Road DEANSIDE 3336
53313798128,6 METEOR Way GREENVALE 3059
53313798193,119 BRIGHTVALE Boulevard WYNDHAM VALE 3024
53313798268,9 SEMOLINA Street MANOR LAKES 3024
53313798291,7 MELALEUCA Street ARMSTRONG CREEK 3217
53313798319,91 SUNDANCE Boulevard WINTER VALLEY 3358
53313798333,70 SLAVKO Drive FRASER RISE 3336
53313798367,23 ASHTON Street BACCHUS MARSH 3340
53313798390,25 MOUNTAIN Avenue MANOR LAKES 3024
53313798424,12 BONITO Street MELTON SOUTH 3338
53313798440,4 NOEL Way TARNEIT 3029
53313798473,37 SICILY Avenue DEANSIDE 3336
53313798509,49 PALARA Drive STRATHTULLOH 3338
53313798565,31 JACKSONIA Drive MICKLEHAM 3064
53313798580,43 FLUME Street LARA 3212
53313798608,14 LEPPERTON Street WERRIBEE 3030
53313798630,42 REED Court DEANSIDE 3336
53313798664,4 COOLALEE Street ROCKBANK 3335
53313798697,32 GILROY Crescent CHARLEMONT 3217
53313798739,6 RHEOLA Street EYNESBURY 3338
53313798763,8 GENEROSA Grove TARNEIT 3029
53313798788,98 MCKINLEY Drive TRUGANINA 3029
53313798806,18 RHEOLA Street EYNESBURY 3338
53313798838,20 FARRIER Boulevard FRASER RISE 3336
53313798854,16 STONEMASON Boulevard KYNETON 3444
53313798879,7 CRICHTON Road THORNHILL PARK 3335
53313798961,38 YORK Street GOLDEN POINT 3350
53313756837,19 VALANCE Street TARNEIT 3029
53313756853,10 COMPANION Street MOUNT DUNEED 3217
53313756886,4 HESTER Street HUNTLY 3551
53313802532,3 AUBREY Way GREENVALE 3059
53313802566,32 WORN Road CHARLEMONT 3217
53313802581,19 CASELLI Street BALLARAT EAST 3350
53313802609,30 OTTAWA Street TRUGANINA 3029
53313802631,18 CARLINGFORD Crescent BONNIE BROOK 3335
53313802657,24 CARLINGFORD Crescent BONNIE BROOK 3335
53313802672,55 PALARA Drive STRATHTULLOH 3338
53313802708,19 WALLOWA Street MICKLEHAM 3064
53313802730,3 MCKEAN Street MARYBOROUGH 3465
53313802764,56 NAMADGI Crescent TRUGANINA 3029
53313802789,41 SHANTI Circuit WERRIBEE 3030
53313802807,34 MATTINA Circuit GREENVALE 3059
53313802839,37 VOGUE Drive WYNDHAM VALE 3024
53313802863,81 MONTEGO Boulevard SUNBURY 3429
53313802896,14 HAMMOND Street LUCAS 3350
53313802914,5 BURGESS Road TARNEIT 3029
53313802938,559 HOGANS Road TARNEIT 3029
53313803004,164 BONNIEBROOK Road BONNIE BROOK 3335
53313803052,11 GILROY Crescent CHARLEMONT 3217
53313803077,23 BALBI Road TRUGANINA 3029
53313803103,15 TANBY Drive HUNTLY 3551
53313803127,15 ASPEN Street WINTER VALLEY 3358
53313803192,24 TERRY Road WARRNAMBOOL 3280
53313803219,5 MCKEAN Street MARYBOROUGH 3465
53313803324,3 ARAGON Road TARNEIT 3029
53313803373,36 HOWKINS Avenue WINTER VALLEY 3358
53313803431,48 CRADLE Circuit MANOR LAKES 3024
53313803457,4 RHEOLA Street EYNESBURY 3338
53313803472,21 PENDOWER Way WERRIBEE 3030
53313803508,42 SNOWBIRD Road WINTER VALLEY 3358
53313803530,13 HAINES Street NEW GISBORNE 3438
53313803564,18 PACAYA Street TRUGANINA 3029
53313803589,43 COBRAM Drive EYNESBURY 3338
53313803607,35 WORN Road CHARLEMONT 3217
53313803639,21 FARNDALE Drive LARA 3212
53313803720,31 MORNINGSIDE Circuit ARMSTRONG CREEK 3217
53313803746,6 BALLYMENA Street STRATHTULLOH 3338
53313803779,55 MITIAMO Street EYNESBURY 3338
53313690260,21 ABARTH Grove BURNSIDE 3023
53313690293,7 SHERBROOK Drive MAMBOURIN 3024
53313690327,80 LOLLIPOP Crescent SUNBURY 3429
53313690351,31 MONTAGNA Circuit ARMSTRONG CREEK 3217
53313690376,29 VERDALE Drive ALFREDTON 3350
53313690392,62 PANKINA Road MAMBOURIN 3024
53313690450,18 JANTAR Way FRASER RISE 3336
53313690483,36 GILROY Crescent CHARLEMONT 3217
53313690559,105 CENTURION Avenue TARNEIT 3029
53313690574,46114 ALLANWOOD Street OCEAN GROVE 3226
53313690590,19 BUCKINGHAM Boulevard STRATHTULLOH 3338
53313690640,16 ARACAR Street TRUGANINA 3029
53313690666,2 DANUBE Road TRUGANINA 3029
53313690757,21 GRASSY Street WINTER VALLEY 3358
53313690856,62 BAXTERPARK Drive THORNHILL PARK 3335
53313690889,68 BAXTERPARK Drive THORNHILL PARK 3335
53313690907,72 BAXTERPARK Drive THORNHILL PARK 3335
53313690921,76 BAXTERPARK Drive THORNHILL PARK 3335
53313690955,8 PEDLEY Way TRUGANINA 3029
53313690988,7 SALTGRASS Avenue TARNEIT 3029
53313691013,20 TULLOONA Street FRASER RISE 3336
53313691037,20 RAAM Circuit ARMSTRONG CREEK 3217
53313691053,22 DEVENISH Way ST LEONARDS 3223
53313691086,20 AKRON Street MANOR LAKES 3024
53313691128,82 VERDALE Drive ALFREDTON 3350
53313691160,14 HANOVER Circuit MELTON SOUTH 3338
53313691202,537 GREEN HILL Road EYNESBURY 3338
53313691234,75 PEARLROCK Drive MOUNT DUNEED 3217
53313691268,73 HOMESTEAD Drive LARA 3212
53313691291,53 CAMFIELD Crescent MAMBOURIN 3024
53313691341,18 HARWICH Street ROCKBANK 3335
53313691400,14 MICHELSON Drive MADDINGLEY 3340
53313691440,19 MANGOSTEEN Drive TRUGANINA 3029
53313691481,353 MCGEORGE Road GISBORNE 3437
53313691689,15 THOMAS Street LAVERTON 3028
53313691707,56 ASPIRING Drive HUNTLY 3551
53313841037,792 MORRIS Road TRUGANINA 3029
53313841094,32 ZIDANE Avenue DEANSIDE 3336
53313841136,26 SNIPE Drive STRATHTULLOH 3338
53313841325,203 DYSON Drive ALFREDTON 3350
53313841359,12 HAPPINESS Way WYNDHAM VALE 3024
53313841374,203 DYSON Drive ALFREDTON 3350
53313841390,203 DYSON Drive ALFREDTON 3350
53313841424,203 DYSON Drive ALFREDTON 3350
53313841440,203 DYSON Drive ALFREDTON 3350
53313841499,20 LILLYPILLY Street FRASER RISE 3336
53313841565,21 GREGSON Street HUNTLY 3551
53313841622,18 JAGGED Circuit TARNEIT 3029
53313841648,47 YEARLING Promenade WERRIBEE 3030
53313841664,16 KYAH Street FRASER RISE 3336
53313841697,66 WOODS Road TRUGANINA 3029
53313841755,20 TWEED Street LARA 3212
53313841796,17 POLLEN Road TARNEIT 3029
53313841854,11 PEATLAND Road FRASER RISE 3336
53313841905,3 BOOTH Road MADDINGLEY 3340
53313841929,19 BALGOWAN Crescent BACCHUS MARSH 3340
53313696240,29 ARRAMONT Road GREENVALE 3059
53313696266,1 ONTARIO Parade MICKLEHAM 3064
53313696281,7 EAGLEMONT Drive STRATHTULLOH 3338
53313696317,9 GATHERING Grove TARNEIT 3029
53313696349,51 HOLLEY Crescent ARMSTRONG CREEK 3217
53313696372,15 HAFLINGER Avenue BONNIE BROOK 3335
53313696398,4 BROKEN Way TRUGANINA 3029
53313696497,19B SEASCAPE Drive OCEAN GROVE 3226
53313696521,71 GREYJOY Road CHARLEMONT 3217
53313696547,19 TINSMITH Drive KYNETON 3444
53313696662,37 PROSECCO Street TARNEIT 3029
53313696687,40 EMBLETON Chase WEIR VIEWS 3338
53313696705,17 GLOVER Street MAMBOURIN 3024
53313799035,36 AVISHA Way GREENVALE 3059
53313799069,29 BAINBRIDGE Road MANOR LAKES 3024
53313799092,29 TERRY Road WARRNAMBOOL 3280
53313799110,7 SUNDAR Place ROCKBANK 3335
53313799200,36 ORIENTATION Avenue TARNEIT 3029
53313799232,50 CONONDALE Avenue TRUGANINA 3029
53313799258,17 GELANTIPY Drive TRUGANINA 3029
53313799323,32 NOVA Street WEIR VIEWS 3338
53313799349,112 POLLY Parade TARNEIT 3029
53313799372,6 LATH Place STRATHTULLOH 3338
53313799398,57 SUMAR Drive MICKLEHAM 3064
53313799416,10 CLIPSTONE Crescent FRASER RISE 3336
53313799471,24 GRASSY Street WINTER VALLEY 3358
53313844988,13 WALLOWA Road CARDIGAN 3352
53313845053,36 GIOVANNI Drive CHARLEMONT 3217
53313845086,17 HOMEBUSH Esplanade FRASER RISE 3336
53313845136,6 ELLIMATTA Road MAMBOURIN 3024
53313845202,15 WELLINGTON Crescent TORQUAY 3228
53313845275,20 EDGERTON Place MADDINGLEY 3340
53313845325,48 HOLMAN Crescent BACCHUS MARSH 3340
53313845359,57 UNISON Road STRATHTULLOH 3338
53313845517,7 KEITH Crescent BROADMEADOWS 3047
53313845557,7 GREENING Street WARRNAMBOOL 3280
53313845580,33 WANDERLUST Drive MOUNT DUNEED 3217
53313845616,5 WHEATSHEAF Road WYNDHAM VALE 3024
53313845648,32 WHEAT Street DIGGERS REST 3427
53313845664,105 WALKSIDE Boulevard FRASER RISE 3336
53313845689,21 LEEWARD Drive TARNEIT 3029
53313845715,32 MOLLYAN Avenue CHARLEMONT 3217
53313845739,123 GREYJOY Road CHARLEMONT 3217
53313845788,67 STEAMBOAT Avenue WINTER VALLEY 3358
53313845806,21 SIENNA Avenue FRASER RISE 3336
53313845820,4 WALLANGARA Boulevard HARKNESS 3337
53313845854,43 DALK Drive GISBORNE 3437
53313803853,33 CAVA Circuit SUNBURY 3429
53313803904,225 COASTAL Boulevard OCEAN GROVE 3226
53313803936,12 LORIKEET Circuit ROCKBANK 3335
53313803960,29 GILROY Crescent CHARLEMONT 3217
53313803985,39 WORN Road CHARLEMONT 3217
53313804042,5 EBB Drive TARNEIT 3029
53313804075,9 EBB Drive TARNEIT 3029
53313804101,21 VOGUE Drive WYNDHAM VALE 3024
53313804125,25 VOGUE Drive WYNDHAM VALE 3024
53313804141,45 VOGUE Drive WYNDHAM VALE 3024
53313804174,16 ARROWGRASS Walk THORNHILL PARK 3335
53313804190,25 ELEVATION Drive FYANSFORD 3218
53313804217,36 VOLANT Drive ARMSTRONG CREEK 3217
53313804249,13 WOROPE Street WYNDHAM VALE 3024
53313804397,977 PASCOE VALE Road JACANA 3047
53313804415,975 PASCOE VALE Road JACANA 3047
53313804447,4 DERWENT Street LARA 3212
53313804470,8 HEARDS Way WANDANA HEIGHTS 3216
53313804506,13 CROSBY Walk WERRIBEE 3030
53313804554,13 REED Court DEANSIDE 3336
53313804637,7 CROSBY Walk WERRIBEE 3030
53313804686,11 PARADISE Circuit ARMSTRONG CREEK 3217
53313804704,4 SIANG Road DEANSIDE 3336
53313804736,8 PRIMARY Road TARNEIT 3029
53313804752,15 PRIMARY Road TARNEIT 3029
53313804777,27 SPARROWHAWK Crescent DEANSIDE 3336
53313804803,22 TRANQUILITY Crescent ARMSTRONG CREEK 3217
53313804902,22 SILVER Drive DIGGERS REST 3427
53313804934,12 DUKE Street ARMSTRONG CREEK 3217
53313804950,6 FORREST GREEN Drive ARMSTRONG CREEK 3217
53313805000,161 LIGHTSVIEW Boulevard ROCKBANK 3335
53313805032,9 NEON Crescent STRATHFIELDSAYE 3551
53313805066,14 ASHFIELD Drive CHARLEMONT 3217
53313805109,5 FOYNES Court BROWN HILL 3350
53313805131,8 AYTON Street HUNTLY 3551
53313805165,28 IREDALE Promenade SUNBURY 3429
53313805215,4 VALDES Avenue WINTER VALLEY 3358
53313805239,12 CALHOON Street TRUGANINA 3029
53313805263,39 KOSCIUSZKO Drive CRAIGIEBURN 3064
53313691739,15 THOMAS Street LAVERTON 3028
53313691755,15 THOMAS Street LAVERTON 3028
53313691770,15 THOMAS Street LAVERTON 3028
53313691806,15 THOMAS Street LAVERTON 3028
53313691961,49 REED Court DEANSIDE 3336
53313692001,18 MAREMMANO Crescent TAYLORS LAKES 3038
53313692025,33 LITORIA Drive DEANSIDE 3336
53313692074,17 CENTINELA Street TARNEIT 3029
53313692158,81 WILLOBY Drive ALFREDTON 3350
53313692173,76 COUNTESS Drive ST LEONARDS 3223
53313692208,14 TINTAGEL Way WERRIBEE 3030
53313692307,21 FUSION Drive WYNDHAM VALE 3024
53313692355,15 LUSITANO Street TAYLORS LAKES 3038
53313692388,4 PROWSE Road WINCHELSEA 3241
53313692414,1 MOUNTAIN Avenue MANOR LAKES 3024
53313692438,50 CAVALIER Street WYNDHAM VALE 3024
53313692454,4 SARROS Street ALTONA 3018
53313692487,50 DAFFODIL Crescent DIGGERS REST 3427
53313692545,14 FRANK Avenue TRUGANINA 3029
53313692578,9 ADAGIO Road STRATHTULLOH 3338
53313692594,26 LEAFY Street LARA 3212
53313692652,10 PINFOLD Street BONNIE BROOK 3335
53313692693,44 MCKINLEY Drive TRUGANINA 3029
53313692727,122 VERONA Crescent FRASER RISE 3336
53313692743,26 PEDLEY Way TRUGANINA 3029
53313692901,16 AUDREY Street CHARLEMONT 3217
53313692933,62 ARNOLD Circuit CHARLEMONT 3217
53313692967,430A BLACKSHAWS Road ALTONA NORTH 3025
53313692990,432A BLACKSHAWS Road ALTONA NORTH 3025
53313693031,434B BLACKSHAWS Road ALTONA NORTH 3025
53313693072,149 BONNIEBROOK Road BONNIE BROOK 3335
53313693108,47 BODNAT Street TRUGANINA 3029
53313693130,53 MONTVIEW Court CORIO 3214
53313693171,14 CANAL Street FRASER RISE 3336
53313696761,5 HANRAHAN Street GISBORNE 3437
53313696794,55 LORIKEET Circuit ROCKBANK 3335
53313696812,98 SUNDANCE Boulevard WINTER VALLEY 3358
53313696836,17 KINGSLEY Promenade HUNTLY 3551
53313696860,27 BAKANOVI Drive TRUGANINA 3029
53313696893,4 TROPHY Drive TARNEIT 3029
53313696927,17 YARDLEY Road TARNEIT 3029
53313697024,21 HUBBLE Drive GREENVALE 3059
53313697073,18 AMUKTA Road TRUGANINA 3029
53313697123,45 COUNTESS Drive ST LEONARDS 3223
53313697149,4 MITIAMO Street EYNESBURY 3338
53313697165,19 MITIAMO Street EYNESBURY 3338
53313697198,24 ALISMA Avenue DEANSIDE 3336
53313697239,10 HORSESHOE Parade FRASER RISE 3336
53313697296,20 VALENCIA Street WEIR VIEWS 3338
53313697346,25 HIMALAYAS Street TRUGANINA 3029
53313697362,20 PROSECCO Street TARNEIT 3029
53313697453,173 CAROLINE SPRINGS Boulevard CAROLINE SPRINGS 3023
53313697478,9 FIEDLER Street HUNTLY 3551
53313697494,6 GADSBY Street HUNTLY 3551
53313697528,29 SLINKY Street DEANSIDE 3336
53313697552,17 GYMEA Street MOUNT DUNEED 3217
53313697585,52 CASTLECRAG Way STRATHTULLOH 3338
53313697603,54 GRAPPA Circuit WYNDHAM VALE 3024
53313697627,22 PRISTINE Drive WYNDHAM VALE 3024
53313697676,73 TANNINBRAE Drive SUNBURY 3429
53313697692,5 SHERBROOK Drive MAMBOURIN 3024
53313697742,34 HAMISH Road DARLEY 3340
53313697768,20 SKYROS Road FRASER RISE 3336
53313697791,5 PALMASTON Drive GREENVALE 3059
53313697825,6 PAWLING Street ROCKBANK 3335
53313697859,20 REVELSTOKE Way WINTER VALLEY 3358
53313697874,31 MONAVALE Drive MOUNT DUNEED 3217
53313697890,80 COUNTESS Drive ST LEONARDS 3223
53313697924,40 VASSE Circuit MOUNT DUNEED 3217
53313697958,12 REDBANK Street EYNESBURY 3338
53313697981,11 AMPHITHEATRE Street EYNESBURY 3338
53313698056,23 PAVILION Street DEANSIDE 3336
53313698089,13 SCANLON Street LUCAS 3350
53313698115,22 DEVOTION Way TARNEIT 3029
53313698139,26 DEVOTION Way TARNEIT 3029
53313845913,11 LIBERATION Circuit WERRIBEE 3030
53313845937,58 TULSI Avenue WERRIBEE 3030
53313845953,18 DERWENT Street LARA 3212
53313845986,43 HOLLEY Crescent ARMSTRONG CREEK 3217
53313846043,55 STEAMBOAT Avenue WINTER VALLEY 3358
53313846084,1 FRESHWATER Way FRASER RISE 3336
53313846110,63 STEAMBOAT Avenue WINTER VALLEY 3358
53313846331,6 SODERSTROM Street LUCAS 3350
53313846357,10 BLENRIL Avenue TARNEIT 3029
53313846372,39 FRITELLI Circuit WYNDHAM VALE 3024
53313846408,12 PARADISE Circuit ARMSTRONG CREEK 3217
53313846430,18 WATTLESIDE Drive OCEAN GROVE 3226
53313846489,69 LITORIA Drive DEANSIDE 3336
53313846507,27 ROEHAMPTON Crescent WERRIBEE 3030
53313846539,13 OCTAGONAL Street BONNIE BROOK 3335
53313846563,10 EBB Drive TARNEIT 3029
53313846614,3 TUFT Street TARNEIT 3029
53313846638,26 SURROUND Circuit BONNIE BROOK 3335
53313846662,25 GIOVANNI Drive CHARLEMONT 3217
53313846705,103 SUNDANCE Boulevard WINTER VALLEY 3358
53313846852,13 WALLOWA Street MICKLEHAM 3064
53313846885,136 BIRDWOOD Avenue SEBASTOPOL 3356
53313846903,2 RIVETING Road WYNDHAM VALE 3024
53313846927,6 RIVETING Road WYNDHAM VALE 3024
53313846951,12 RIVETING Road WYNDHAM VALE 3024
53313846984,18 RIVETING Road WYNDHAM VALE 3024
53313847058,57 BENDIGO Drive EYNESBURY 3338
53313847123,21 ROEHAMPTON Crescent WERRIBEE 3030
53313847157,5 VENTURE Close FRASER RISE 3336
53313847172,3 TARNALA Road TARNEIT 3029
53313847198,35 LINDBERGH Boulevard DIGGERS REST 3427
53313847221,20 SIANG Road DEANSIDE 3336
53313847306,75 CLIPSTONE Crescent FRASER RISE 3336
53313805405,9 DEVONIA Avenue FRASER RISE 3336
53313805437,3 TEKAPO Street TRUGANINA 3029
53313805461,48 DANUBE Road TRUGANINA 3029
53313805504,8 LEPPERTON Street WERRIBEE 3030
53313851036,34 LEEWARD Drive TARNEIT 3029
53313851169,33 DARWINIA Drive MICKLEHAM 3064
53313851184,8 ARNISON Road TARNEIT 3029
53313851201,20 MANCHADO Street TARNEIT 3029
53313851233,438 BLACK FOREST Road MAMBOURIN 3024
53313851259,49 WATTLEBIRD Drive LARA 3212
53313851300,63 TRUNCATA Drive TARNEIT 3029
53313851409,3 TUSCAN Place INDENTED HEAD 3223
53313851431,106 PINTAIL Drive MELTON SOUTH 3338
53313851457,6 CLEF Street STRATHTULLOH 3338
53313851472,57 ARARAT Street TRUGANINA 3029
53313851564,28 ULMUS Street TARNEIT 3029
53313851589,24 WEBBER Street TARNEIT 3029
53313851607,68 SHANTI Circuit WERRIBEE 3030
53313851663,101 ABBEYGATE Drive WERRIBEE 3030
53313851706,26 CAMFIELD Crescent MAMBOURIN 3024
53313851738,55 RIHANNA Street GREENVALE 3059
53313851754,277 MANOR LAKES Boulevard MANOR LAKES 3024
53313851787,20 BUNDALONG Drive EYNESBURY 3338
53313851805,24 SLINKY Street DEANSIDE 3336
53313851936,17 PALETTE Street MAMBOURIN 3024
53313851952,69 DUKES Lane STRATHFIELDSAYE 3551
53313851977,20 WALLOWA Street MICKLEHAM 3064
53313852032,72 INNOVATION Avenue ROCKBANK 3335
53313852073,3 MALUA Road BONNIE BROOK 3335
53313852099,43 RYDER Street CHARLEMONT 3217
53313852180,161 BURVILLES Road ARMSTRONG CREEK 3217
53313852221,114 HOUDINI Drive TARNEIT 3029
53313852247,112 HOUDINI Drive TARNEIT 3029
53313852288,69 SHILLINGS Road MAMBOURIN 3024
53313738792,89 SUNDANCE Boulevard WINTER VALLEY 3358
53313738810,8 MCLAREN Street WARRNAMBOOL 3280
53313738834,43 DENNISON Street DEANSIDE 3336
53313738891,7 TUGBOAT Alley RIPPLESIDE 3215
53313738925,5 PILOT Place RIPPLESIDE 3215
53313738941,6 PILOT Place RIPPLESIDE 3215
53313738967,5 TUGBOAT Alley RIPPLESIDE 3215
53313739072,14 LEO FRANCIS Drive WARRNAMBOOL 3280
53313739098,3 ROOSEVELT Drive ROCKBANK 3335
53313739148,18 SPEARWOOD Road CARDIGAN 3352
53313739171,8 PONY Drive GREENVALE 3059
53313739206,27 HORSESHOE Parade FRASER RISE 3336
53313739220,3 ART DECO Drive DEANSIDE 3336
53313739246,15 JIMMY Street CHARLEMONT 3217
53313739279,21 PRAISE Street FRASER RISE 3336
53313739313,26 CHARLESTON Road DEANSIDE 3336
53313739345,32 CHARLESTON Road DEANSIDE 3336
53313739361,34 CHARLESTON Road DEANSIDE 3336
53313739386,30 CHARLESTON Road DEANSIDE 3336
53313739428,6 HARLEQUIN Avenue DEANSIDE 3336
53313739452,12 HARLEQUIN Avenue DEANSIDE 3336
53313739485,20 HARLEQUIN Avenue DEANSIDE 3336
53313739527,5 CONSTANCE Way NEW GISBORNE 3438
53313739569,4 POINT HENRY Vista RIPPLESIDE 3215
53313739592,33 HORSESHOE Parade FRASER RISE 3336
53313739642,54 ORNAMENT Avenue TARNEIT 3029
53313739691,18 HENTY Lane HUNTLY 3551
53313739725,107 OPAL Drive LEOPOLD 3224
53313739774,11 AUDREY Street CHARLEMONT 3217
53313739899,22 MAROON Street TARNEIT 3029
53313739931,17 LEETON Street STRATHTULLOH 3338
53313739998,106 POLLY Parade TARNEIT 3029
53313740023,18 TODD Street LUCAS 3350
53313740049,91 CHARLESTON Road DEANSIDE 3336
53313740065,11 DALMORE Street DEANSIDE 3336
53313740098,9 HOLST Way LUCAS 3350
53313740122,17 XENOLITH Drive CRAIGIEBURN 3064
53313740171,50 SHOREBREAK Way OCEAN GROVE 3226
53313698155,32 DEVOTION Way TARNEIT 3029
53313698188,125 SHELTERBELT Avenue WEIR VIEWS 3338
53313698205,7 BASIN Street FRASER RISE 3336
53313698253,44 MATTINA Circuit GREENVALE 3059
53313698278,19 SONGLARK Street MELTON SOUTH 3338
53313698294,31 WOODLAND Street LARA 3212
53313698328,13 CANMORE Street WERRIBEE 3030
53313698352,25 CANAL Street FRASER RISE 3336
53313698385,45 DUCHESS Drive ST LEONARDS 3223
53313698403,20 TAHOE Avenue WINTER VALLEY 3358
53313698427,50 PLAINS Circuit AINTREE 3336
53313698451,34 FAULKS Street BONNIE BROOK 3335
53313698484,41 BLESS Drive TARNEIT 3029
53313698534,20 WENSLEYDALE Drive ROCKBANK 3335
53313698619,27 BASIN Street FRASER RISE 3336
53313698641,40 PLAINS Circuit AINTREE 3336
53313698667,44 PLAINS Circuit AINTREE 3336
53313698682,16 ITALIANATE Avenue DEANSIDE 3336
53313698718,5 MALUA Road BONNIE BROOK 3335
53313698732,67 WATERFERN Street FRASER RISE 3336
53313698781,12 AMAZON Street TRUGANINA 3029
53313698809,10 AMAZON Street TRUGANINA 3029
53313698823,10 COUSINS Street COLAC 3250
53313698857,53 DOVE Avenue WINTER VALLEY 3358
53313698916,3 FIEDLER Street HUNTLY 3551
53313698930,4 WOODSTOCK Drive EYNESBURY 3338
53313698964,23 MACARA Street SUNBURY 3429
53313698997,18 EDGERTON Place MADDINGLEY 3340
53313699020,9 MENTELLE Street MOUNT DUNEED 3217
53313699062,57 FOAL Circuit FRASER RISE 3336
53313699105,8 BINGLEY Street CRAIGIEBURN 3064
53313699161,7 JOHANNA Drive WINTER VALLEY 3358
53313699194,48 LOGAN Street EYNESBURY 3338
53313699211,6 AMPHITHEATRE Street EYNESBURY 3338
53313744782,26 GRAPPA Circuit WYNDHAM VALE 3024
53313744840,5 LUPTON Street WERRIBEE 3030
53313744866,84 WASHINGTON Drive THORNHILL PARK 3335
53313744881,4 COSGROVE Street TARNEIT 3029
53313744917,67 CHARLESTON Road DEANSIDE 3336
53313744949,2 CHISHOLM Street ABERFELDIE 3040
53313744998,18 CRUSADE Street TARNEIT 3029
53313745015,75 BROCKWOOD Street DEANSIDE 3336
53313745047,1 TUFT Street TARNEIT 3029
53313745070,29 EMMANUE Street DEANSIDE 3336
53313745106,27 EMMANUE Street DEANSIDE 3336
53313745120,129 SHELTERBELT Avenue WEIR VIEWS 3338
53313847320,28 VIOLA Drive ROCKBANK 3335
53313847354,13 CARLINGFORD Crescent BONNIE BROOK 3335
53313847429,82 REFLECTIONS Crescent LARA 3212
53313847552,56 GIOVANNI Drive CHARLEMONT 3217
53313847577,16 TRUNCATA Drive TARNEIT 3029
53313847593,19 TRUNCATA Drive TARNEIT 3029
53313847627,17 SILIQUA Street TARNEIT 3029
53313847651,36 ZLATAN Way FRASER RISE 3336
53313847684,11 TWEED Street LARA 3212
53313847726,25 CHILULA Street HUNTLY 3551
53313847783,18 NED Street GREENVALE 3059
53313847819,43 PRANA Way WERRIBEE 3030
53313847833,46 SILVER WATTLE Road MOUNT DUNEED 3217
53313847859,15 DARTMOOR Street BONNIE BROOK 3335
53313847900,9 FUSION Drive WYNDHAM VALE 3024
53313702253,24 LINDQUIST Drive GISBORNE 3437
53313702385,31 CROPLEY Street LUCAS 3350
53313702411,1 TARNAGULLA Street EYNESBURY 3338
53313702484,38 CANYON Circuit BONNIE BROOK 3335
53313702502,71 PEARLROCK Drive MOUNT DUNEED 3217
53313702526,30 UNICO Circuit MOUNT DUNEED 3217
53313702550,55 PANKINA Road MAMBOURIN 3024
53313702575,5 WILLOWBANK Road GISBORNE 3437
53313702591,72 PEARLROCK Drive MOUNT DUNEED 3217
53313702625,12 BISHOPGATE Boulevard BONNIE BROOK 3335
53313702700,11 MAKYBE Street BONNIE BROOK 3335
53313702724,25 JERNIGAN Road TARNEIT 3029
53313702817,12 CELLAR Circuit SUNBURY 3429
53313702831,11 SAMPFORD Street ARMSTRONG CREEK 3217
53313702857,20 POTALA Avenue BONNIE BROOK 3335
53313702880,26 BAINBRIDGE Road MANOR LAKES 3024
53313702948,37 COTTER Way TRUGANINA 3029
53313702964,4 SPARROWHAWK Crescent DEANSIDE 3336
53313702989,26 FUSION Drive WYNDHAM VALE 3024
53313852314,12 LOLLIPOP Crescent SUNBURY 3429
53313852354,3 FRIESIAN Avenue TAYLORS LAKES 3038
53313852387,10 ARNISON Road TARNEIT 3029
53313852453,28 PARADISE Circuit ARMSTRONG CREEK 3217
53313852478,1 INTERLAKEN Avenue MANOR LAKES 3024
53313852494,11 INTERLAKEN Avenue MANOR LAKES 3024
53313852627,11 FROST Drive CHARLEMONT 3217
53313852651,8 MILESI Street CHARLEMONT 3217
53313852676,9 LYTTELTON Place SUNBURY 3429
53313852692,4 SCOTTY Road DEANSIDE 3336
53313852801,7 HATTERSLEY Chase WERRIBEE 3030
53313852859,24 KYAH Street FRASER RISE 3336
53313852890,39 FLINT Street WERRIBEE 3030
53313852924,108 BASILDON Crescent STRATHTULLOH 3338
53313852940,11 SIERRA Street TRUGANINA 3029
53313852966,13 SIERRA Street TRUGANINA 3029
53313853030,153 BURVILLES Road ARMSTRONG CREEK 3217
53313853064,147 BURVILLES Road ARMSTRONG CREEK 3217
53313853089,157 BURVILLES Road ARMSTRONG CREEK 3217
53313853107,17 PORTEOUS Retreat SYDENHAM 3037
53313853139,19 PORTEOUS Retreat SYDENHAM 3037
53313853163,9 PORTEOUS Retreat SYDENHAM 3037
53313853196,5 PORTEOUS Retreat SYDENHAM 3037
53313853213,7 PORTEOUS Retreat SYDENHAM 3037
53313853237,76 PORTEOUS Retreat SYDENHAM 3037
53313853261,68 PORTEOUS Retreat SYDENHAM 3037
53313853294,60 PORTEOUS Retreat SYDENHAM 3037
53313853328,64 PORTEOUS Retreat SYDENHAM 3037
53313853344,50 PORTEOUS Retreat SYDENHAM 3037
53313853360,18 PORTEOUS Retreat SYDENHAM 3037
53313853393,70 PORTEOUS Retreat SYDENHAM 3037
53313853427,10 PORTEOUS Retreat SYDENHAM 3037
53313853451,6 PORTEOUS Retreat SYDENHAM 3037
53313853476,44 PORTEOUS Retreat SYDENHAM 3037
53313853492,78 PORTEOUS Retreat SYDENHAM 3037
53313853526,21 CANAL Street FRASER RISE 3336
53313853542,36 DERRIMUT Street ROCKBANK 3335
53313853568,10 ZELKOVA Circuit FRASER RISE 3336
53313853591,20 SANKURU Road TRUGANINA 3029
53313853619,21 FAWKNER Crescent ARMSTRONG CREEK 3217
53313853667,23 ANTHER Avenue TARNEIT 3029
53313853690,55 SUMAC Street BROOKFIELD 3338
53313853724,9 FROST Drive CHARLEMONT 3217
53313740197,18 WENSLEYDALE Drive ROCKBANK 3335
53313740287,4 DANUBE Road TRUGANINA 3029
53313740305,25 FAWCETT Road LUCAS 3350
53313740329,28 TODD Street LUCAS 3350
53313740353,16 KURREWA Walk RIPPLESIDE 3215
53313740378,10 KURREWA Walk RIPPLESIDE 3215
53313740394,6 KURREWA Walk RIPPLESIDE 3215
53313740428,21 ISHERWOOD Road DEANSIDE 3336
53313740460,1 DOTTEREL Lane POINT LONSDALE 3225
53313740527,39 MAREMMANO Crescent TAYLORS LAKES 3038
53313740551,1 WHITELOCK Drive HUNTLY 3551
53313740576,6 POINT HENRY Vista RIPPLESIDE 3215
53313740683,11 ELIZABETH Street CAMPBELLS CREEK 3451
53313740719,43 LORIKEET Circuit ROCKBANK 3335
53313740733,23 HAWKESTONE Street MELTON SOUTH 3338
53313740899,9 LANDMARK Road WEIR VIEWS 3338
53313740917,23 RANELAGH Avenue STRATHTULLOH 3338
53313740931,7 MORNINGSIDE Circuit ARMSTRONG CREEK 3217
53313740972,22 HUTTON Street DEANSIDE 3336
53313740998,3 CALVIN Road BONNIE BROOK 3335
53313741047,8 KURREWA Walk RIPPLESIDE 3215
53313741070,5 KURREWA Walk RIPPLESIDE 3215
53313741106,1 MAPLE Walk MOONEE PONDS 3039
53313741120,4 KURREWA Walk RIPPLESIDE 3215
53313741146,22 GAMUT Crescent BONNIE BROOK 3335
53313741204,30 LADY NELSON Drive RIPPLESIDE 3215
53313741236,23 JOURNEY Crescent MOUNT DUNEED 3217
53313741252,105 VERE Court DEANSIDE 3336
53313741277,101 VERE Court DEANSIDE 3336
53313741303,99 VERE Court DEANSIDE 3336
53313741335,16 SUNNYBANK Drive FRASER RISE 3336
53313741434,7 LUPTON Street WERRIBEE 3030
53313741475,15 SORELL Street ARMSTRONG CREEK 3217
53313741501,5 AEOLUS Street ARMSTRONG CREEK 3217
53313741525,12 TERRACOTTA Avenue TARNEIT 3029
53313741541,19 WHITELOCK Drive HUNTLY 3551
53313741574,4 WALDORF Avenue STRATHTULLOH 3338
53313049763,3 WINDS Walk GREENVALE 3059
53313049806,9 WINDS Walk GREENVALE 3059
53313049937,52 GREVILLEA Drive MOUNT DUNEED 3217
53313050029,5 LUGANO Avenue ALFREDTON 3350
53313050112,47 GREVILLEA Drive MOUNT DUNEED 3217
53312885605,96 CASCADE Drive AINTREE 3336
53313055786,1 VENTURE Close FRASER RISE 3336
53313055943,12 CLARA Street FAWKNER 3060
53313056479,63 GREVILLEA Drive MOUNT DUNEED 3217
53313056505,10 GALACTIC Avenue STRATHFIELDSAYE 3551
53313056644,6 TYQUIN Street LAVERTON 3028
53313715735,28 SLAVKO Drive FRASER RISE 3336
53313715769,4 CARLA Mews TRUGANINA 3029
53313715792,2 PINFOLD Street BONNIE BROOK 3335
53313715919,28 BILLY Road DEANSIDE 3336
53313715941,16 BUTCHERBIRD Parade WINTER VALLEY 3358
53313716072,4 BUSHLAND Way JACKASS FLAT 3556
53313716116,34 QUIRK Road LUCAS 3350
53313716148,34 GOLDFINCH Road WINTER VALLEY 3358
53313716164,39 CALLISTEMON Circuit LARA 3212
53313716238,34 HUNTINGFIELD Street THORNHILL PARK 3335
53313716254,4 BONITO Street MELTON SOUTH 3338
53313716361,22 MULLINS Way SUNBURY 3429
53313716394,7 ROSSO Drive TARNEIT 3029
53313716428,7 VENETIAN Way TARNEIT 3029
53313716485,2 SELENE Way GREENVALE 3059
53313716503,30 CAMFIELD Crescent MAMBOURIN 3024
53313716535,31 VIVERO Road WYNDHAM VALE 3024
53313716569,11 LOWELL Road TARNEIT 3029
53313716592,17 SAMPFORD Street ARMSTRONG CREEK 3217
53313716626,15 BUCKINGHAM Boulevard STRATHTULLOH 3338
53313716642,17 WATERFERN Street FRASER RISE 3336
53313716675,3 FEGENT Road TARNEIT 3029
53313716701,31 CRADLE Circuit MANOR LAKES 3024
53313716725,19 MONAVALE Drive MOUNT DUNEED 3217
53313716741,20 CAMPBELL Road HUNTLY 3551
53313716774,16 RAINDROP Circuit FRASER RISE 3336
53313716818,209 TAIT Street SEBASTOPOL 3356
53313716840,26 FAWCETT Road LUCAS 3350
53313716909,21 EIFFEL Avenue BONNIE BROOK 3335
53313716923,23 SABLE Street GREENVALE 3059
53313716949,32 ALTO Grange WINTER VALLEY 3358
53313716972,24 DARTMOOR Street BONNIE BROOK 3335
53313717038,1002 MORRIS Road TRUGANINA 3029
53313717079,11 LAMPLOUGH Walk EYNESBURY 3338
53313717105,16 REDBANK Street EYNESBURY 3338
53313717137,33 EVANS Way LUCAS 3350
53313717186,6 ELLISON Street WOODEND 3442
53313091080,5 FRONTIER Circuit TARNEIT 3029
53313091148,57 CALLISTEMON Circuit LARA 3212
53313091305,17 BEST Drive DEANSIDE 3336
53313091378,18 LORIKEET Court SUNSHINE NORTH 3020
53313091394,1 WAVERTREE Crescent WERRIBEE 3030
53313091485,16 BOONDILLA Court TORQUAY 3228
53313091592,25 ORIENTEERING Drive GREENVALE 3059
53313091683,213 STATION Road MELTON 3337
53313091931,6 ORIENTEERING Drive GREENVALE 3059
53313092053,10 SHORT Walk SUNBURY 3429
53313092086,20 SHORT Walk SUNBURY 3429
53313092112,146 LICENSE Road DIGGERS REST 3427
53313092136,16 SHORT Walk SUNBURY 3429
53313092152,20 LORIKEET Court SUNSHINE NORTH 3020
53313092185,22 LORIKEET Court SUNSHINE NORTH 3020
53313092210,24 LORIKEET Court SUNSHINE NORTH 3020
53313092283,12 SHORT Walk SUNBURY 3429
53313092319,4 SHORT Walk SUNBURY 3429
53313092341,105 WOODSWALLOW Entrance SUNSHINE NORTH 3020
53312886024,12 ERBA Road WYNDHAM VALE 3024
53312886958,80 GLEN Street GLENROY 3046
53312887244,78 THORBURN Street BELL PARK 3215
53312887376,54 DONNYBROOK Road NORLANE 3214
53312887392,54 DONNYBROOK Road NORLANE 3214
53312887525,1 BARAK Lane AINTREE 3336
53313056802,2 HAKEA Place MOUNT DUNEED 3217
53313056959,8 WEBB Road AIRPORT WEST 3042
53312892673,23 ELSA Street FAWKNER 3060
53312892871,9 LEICHARDT Street SUNBURY 3429
53312892897,129A HOTHLYN Drive CRAIGIEBURN 3064
53312892939,69 STAFFORD Street FOOTSCRAY 3011
53312892963,65 STAFFORD Street FOOTSCRAY 3011
53312893078,44B LEANDER Street FOOTSCRAY 3011
53312893136,38 ARMSTRONG Street SUNSHINE WEST 3020
53312893367,17 PIMBIAL Court HADFIELD 3046
53312893671,42 TREMAIN Drive LUCAS 3350
53313717251,25 MANIKATO Drive BONNIE BROOK 3335
53313717302,44 ALDERNEY Street TARNEIT 3029
53313717375,15 VALENCIA Street WEIR VIEWS 3338
53313717433,38 HAMISH Road DARLEY 3340
53313717459,29 MANGOSTEEN Drive TRUGANINA 3029
53313762933,22 HORSESHOE Parade FRASER RISE 3336
53313763017,24 VALENCIA Street WEIR VIEWS 3338
53313763065,6 PORTRAIT Street MAMBOURIN 3024
53313763080,7 LEETON Street STRATHTULLOH 3338
53313763130,10 LUSITANO Road BONNIE BROOK 3335
53313763156,17 BLUEBILL Street ST LEONARDS 3223
53313763206,16 POMELO Street TARNEIT 3029
53313763220,99 GREYJOY Road CHARLEMONT 3217
53313763287,15 MEWAT Circuit THORNHILL PARK 3335
53313763313,19 ELMHURST Avenue AINTREE 3336
53313763337,10 HOFFSTED Way SUNBURY 3429
53313763353,25 ELMHURST Avenue AINTREE 3336
53313763386,50 LOMBARDY Walk DEANSIDE 3336
53313763412,48 LOMBARDY Walk DEANSIDE 3336
53313763444,18 BILLY Road DEANSIDE 3336
53313763460,149 GEELONG Road WERRIBEE 3030
53313763511,61 DELIA Avenue SUNBURY 3429
53313763576,2 PODOLEPIS Way DEANSIDE 3336
53313763592,28 MARGIE Street WYNDHAM VALE 3024
53313763668,255 STONEHILL Drive MADDINGLEY 3340
53313763691,13 SELHURST Grove WYNDHAM VALE 3024
53313763774,106 VOYAGER Boulevard TARNEIT 3029
53313763881,10 NINA Way TARNEIT 3029
53313763909,20 ANSONS Walk WERRIBEE 3030
53313763923,26 ANSONS Walk WERRIBEE 3030
53313763957,139 ASHBURY Boulevard ARMSTRONG CREEK 3217
53313764015,9 COUSINS Street COLAC 3250
53313764039,24 SHANTI Circuit WERRIBEE 3030
53313092374,115 WOODSWALLOW Entrance SUNSHINE NORTH 3020
53313092390,26 SHORT Walk SUNBURY 3429
53313092481,103 WOODSWALLOW Entrance SUNSHINE NORTH 3020
53313092517,107 WOODSWALLOW Entrance SUNSHINE NORTH 3020
53313092557,121 WOODSWALLOW Entrance SUNSHINE NORTH 3020
53313092580,37 GLADE Avenue ALTONA NORTH 3025
53313092616,33 DEAKIN Avenue ALTONA NORTH 3025
53313092664,31 DEAKIN Avenue ALTONA NORTH 3025
53313092770,3 ALVERTON Drive POINT COOK 3030
53313092796,4 SANDPIPER Avenue WINTER VALLEY 3358
53313092978,60-62 GREVILLEA Drive MOUNT DUNEED 3217
53313093168,3 FISHER Street MAIDSTONE 3012
53313093191,19 STELLING Drive LUCAS 3350
53313093471,30 MARGARET Street FAWKNER 3060
53313093521,28 ANGUS Avenue ALTONA NORTH 3025
53313093638,6 CROWTHER Drive LUCAS 3350
53312934260,74 MASTERS Way MOOLAP 3224
53312887963,10 CALIGARI Way ALFREDTON 3350
53312888549,31 EDGEWATER Boulevard MARIBYRNONG 3032
53312888572,31 EDGEWATER Boulevard MARIBYRNONG 3032
53312941184,8 NORWICH Street WERRIBEE 3030
53313759277,56 DARWINIA Drive MICKLEHAM 3064
53313759293,5 BORONIA Way MICKLEHAM 3064
53313759343,18 SABLE Street GREENVALE 3059
53313759434,19 HOLST Way LUCAS 3350
53313759468,13 CASSATA Road MANOR LAKES 3024
53313759491,8 BUTTERNUT Street HARKNESS 3337
53313759567,49 MICROPORA Drive WYNDHAM VALE 3024
53313759590,5 AZAS Street TRUGANINA 3029
53313759658,13 GILROY Crescent CHARLEMONT 3217
53313759673,14 BERNADETTE Road GREENVALE 3059
53313759723,16 CRUSADE Street TARNEIT 3029
53313759757,50 WILDWOOD Road AINTREE 3336
53313759780,7 WYLIE Street CHARLEMONT 3217
53313759808,9 CUSHION Way TARNEIT 3029
53313759822,5 BOSSINI Street TRUGANINA 3029
53313759856,20 EDIFICE Drive TARNEIT 3029
53313759871,20 RESERVOIR Road FRASER RISE 3336
53313805577,2 ARARAT Street TRUGANINA 3029
53313805627,27 CUSHION Way TARNEIT 3029
53313805643,21 ALISMA Avenue DEANSIDE 3336
53313805676,9 ALLANSFORD Crescent ARMSTRONG CREEK 3217
53313805750,3 PEASNELL Street LUCAS 3350
53313805775,44 JACKSONIA Drive MICKLEHAM 3064
53313805841,11 WALLACE Street CASTLEMAINE 3450
53313805867,18 VERONICA Crescent DEANSIDE 3336
53313805890,9 CRESTVIEW Street CHARLEMONT 3217
53313805918,15 DANBY Street LARA 3212
53313805932,14 BACALL Street TRUGANINA 3029
53313805966,15 GIPPS Walk WYNDHAM VALE 3024
53313805999,19 EAGLEVIEW Place BANNOCKBURN 3331
53313806048,47 NELSON Avenue ALTONA MEADOWS 3028
53313806064,25 HOWARD Street ALTONA MEADOWS 3028
53313806121,10 CELESTIAL Way GREENVALE 3059
53313806155,22 FILLMORE Drive CRAIGIEBURN 3064
53313806170,18 FILLMORE Drive CRAIGIEBURN 3064
53313806196,6 GALILEO Place GREENVALE 3059
53313806229,46 PINTAIL Drive MELTON SOUTH 3338
53313806253,9 OSWALD Street TARNEIT 3029
53313806286,6 MILAN Street DEANSIDE 3336
53313764162,21 ELMHURST Avenue AINTREE 3336
53313764228,17 AMBITION Street ROCKBANK 3335
53313764260,42 PETUNIA Avenue TARNEIT 3029
53313764343,5 LAING Street BONNIE BROOK 3335
53313764376,12 VIVERO Road WYNDHAM VALE 3024
53313764402,5 JERMYN Street FRASER RISE 3336
53313764450,13 BEST Drive DEANSIDE 3336
53313764475,5 STELLAR Road BONNIE BROOK 3335
53313764501,5 PEBBLE Street FYANSFORD 3218
53313764533,35 MONAVALE Drive MOUNT DUNEED 3217
53313764582,20 YILDIZ Street CHARLEMONT 3217
53313764600,14 BANAHAW Road TRUGANINA 3029
53313764632,4 DERRIMUT Street ROCKBANK 3335
53313764666,20 LINBURN Street THORNHILL PARK 3335
53313764731,1 ARCHER Road WYNDHAM VALE 3024
53313764765,20 STATESMAN Parkway OCEAN GROVE 3226
53313764780,25 CAMPBELL Road HUNTLY 3551
53313764808,21 ESCARPMENT Drive FYANSFORD 3218
53313764871,135 ASHBURY Boulevard ARMSTRONG CREEK 3217
53313764907,8 GITA Crescent WERRIBEE 3030
53313764939,10 LEETON Street STRATHTULLOH 3338
53313764963,22 HOLLEY Crescent ARMSTRONG CREEK 3217
53313764988,50 LILLROSE Drive CHARLEMONT 3217
53313765005,6 HATFIELD Street WERRIBEE 3030
53313765037,76 PEARLROCK Drive MOUNT DUNEED 3217
53313765061,15 ROBINSON Street ARMSTRONG CREEK 3217
53313765112,6 EDGERTON Place MADDINGLEY 3340
53313765144,268 HARRIOTT Road CHARLEMONT 3217
53313765177,16 WOOLSPINNER Crescent WYNDHAM VALE 3024
53313765202,9 CROWLEY Street HUNTLY 3551
53313765242,22 VIVID Street WINTER VALLEY 3358
53313765268,37 ROSEHILL Way DIGGERS REST 3427
53313765283,12 CROWLEY Street HUNTLY 3551
53313765359,43 SALTAIRE Drive STRATHTULLOH 3338
53313765382,21 CASSATA Road MANOR LAKES 3024
53313765400,26 GLOVER Street MAMBOURIN 3024
53313765424,57 MICROPORA Drive WYNDHAM VALE 3024
53313765481,113 BRIGHTVALE Boulevard WYNDHAM VALE 3024
53313765517,12 BUNCH Walk TRUGANINA 3029
53313765531,16 BUNCH Walk TRUGANINA 3029
53312934988,125 WEMBLEY Avenue STRATHTULLOH 3338
53312935104,89 GRAINGER Parade LUCAS 3350
53312935814,8 MIDGARD Street TRUGANINA 3029
53312935887,14A OGILVIE Street ESSENDON 3040
53312935978,4 TASSELL Street TORQUAY 3228
53312936003,4 HUNTER Avenue TORQUAY 3228
53312936035,52 MERRIJIG Drive TORQUAY 3228
53312936051,54 MERRIJIG Drive TORQUAY 3228
53312936076,68 MASTERS Way MOOLAP 3224
53312936102,63 MASTERS Way MOOLAP 3224
53312941928,44 RUISLIP Avenue STRATHTULLOH 3338
53312942478,8A HILBERT Road AIRPORT WEST 3042
53312942676,22-26 PANDORA Court DRYSDALE 3222
53312942768,39 BORBOLETA Street TARNEIT 3029
53312942791,42 BALMORAL Street BRAYBROOK 3019
53313806328,28 FRIESIAN Street BONNIE BROOK 3335
53313806526,28 ARRAMONT Road GREENVALE 3059
53313806700,74 SARIC Street FRASER RISE 3336
53313806758,46 BAELISH Drive CHARLEMONT 3217
53313806799,19 GUNAWAN Drive TARNEIT 3029
53313806849,21 UNISON Road STRATHTULLOH 3338
53313806865,163 SAWMILL Road HUNTLY 3551
53313806898,12 CREMELLO Crescent TARNEIT 3029
53313806989,27 KURUNG Drive WYNDHAM VALE 3024
53313807005,17 MARIGOLD Drive FRASER RISE 3336
53313807037,20 VETRANO Avenue ALFREDTON 3350
53313807061,97 BUSHRANGER Drive SUNBURY 3429
53313807094,39 AUBURN Crescent BACCHUS MARSH 3340
53313807136,42 OTTAWA Street TRUGANINA 3029
53313807160,9 RICHEY Promenade GISBORNE 3437
53313807193,11 JUMP Road FRASER RISE 3336
53313807226,20 ELAINE Street TARNEIT 3029
53313807268,6 CHERRY Street ARMSTRONG CREEK 3217
53313807291,73 COURTENAY Promenade FRASER RISE 3336
53313807325,9 PACAYA Street TRUGANINA 3029
53313807359,47 TANNUM Circuit TRUGANINA 3029
53313807374,45 TANNUM Circuit TRUGANINA 3029
53313807390,33 SOCIAL Street TARNEIT 3029
53313807424,14 BUILD Street ARMSTRONG CREEK 3217
53313807440,16 BUILD Street ARMSTRONG CREEK 3217
53313807466,13 CASTLECRAG Way STRATHTULLOH 3338
53313807499,366 CHARLEMONT Road ARMSTRONG CREEK 3217
53313807517,8 FARLEIGH Drive TARNEIT 3029
53313807565,14 FULHAM Circuit BACCHUS MARSH 3340
53313807598,5 SUPEN Street MOUNT DUNEED 3217
53313807622,5 AKROYDON Street WERRIBEE 3030
53313807664,16 MANGOSTEEN Drive TRUGANINA 3029
53313807721,16 CASELLI Street BALLARAT EAST 3350
53313765557,10 BUNCH Walk TRUGANINA 3029
53313765580,18 BUNCH Walk TRUGANINA 3029
53313765616,27 SILVER Drive DIGGERS REST 3427
53313765715,25 SICILY Avenue DEANSIDE 3336
53313765747,61 HORSESHOE Parade FRASER RISE 3336
53313765770,31 BELCONNEN Avenue STRATHTULLOH 3338
53313765796,19 EMMANUE Street DEANSIDE 3336
53313765814,13 EMMANUE Street DEANSIDE 3336
53313765846,21 EMMANUE Street DEANSIDE 3336
53313765862,44 GUTHRIE Drive MELTON SOUTH 3338
53313765887,1 KEVIN Avenue TARNEIT 3029
53313765913,57 DELL Boulevard FYANSFORD 3218
53313765937,12 AKRON Street MANOR LAKES 3024
53313811899,16 RUBENS Street TARNEIT 3029
53313811931,14 KARNDELI Promenade STRATHFIELDSAYE 3551
53313811965,13 STELLAR Road BONNIE BROOK 3335
53313811998,15 OPUS Street STRATHTULLOH 3338
53313812029,22 MARGIE Street WYNDHAM VALE 3024
53313812045,16 MULLINS Way SUNBURY 3429
53313812061,37 DELIA Avenue SUNBURY 3429
53313812094,16 APSLEY Street STRATHFIELDSAYE 3551
53313812112,9 AVION Crescent TRUGANINA 3029
53313812136,33 ARRAMONT Road GREENVALE 3059
53313812160,6 CELESTA Road LARA 3212
53313812185,19 PADMA Boulevard FRASER RISE 3336
53313812202,2 USHER Road DEANSIDE 3336
53313812234,11 TRANQUILITY Crescent ARMSTRONG CREEK 3217
53313812268,6 ANDREWS Avenue WARRNAMBOOL 3280
53313812291,18 PAVILION Street DEANSIDE 3336
53313812319,21 BRENTHAM Crescent WERRIBEE 3030
53313812341,846 EUREKA Street BALLARAT EAST 3350
53313812400,19 STREAMLET Boulevard TARNEIT 3029
53313812432,36 BLACKWATTLE Drive ARMSTRONG CREEK 3217
53313812458,52 MOOLORT Crescent EYNESBURY 3338
53313812509,58 THURLING Parade LUCAS 3350
53313812531,8 ROLLS Road SMYTHES CREEK 3351
53313812580,35 MARGIE Street WYNDHAM VALE 3024
53313812630,10 CALADENIA Avenue TARNEIT 3029
53313812656,21 HORSESHOE Parade FRASER RISE 3336
53313812671,11 SPARROWHAWK Crescent DEANSIDE 3336
53313812707,411 BLACK FOREST Road WERRIBEE 3030
53313812721,48 WORN Road CHARLEMONT 3217
53313812747,56 SPARROWHAWK Crescent DEANSIDE 3336
53313812770,169 SARIC Street FRASER RISE 3336
53313812806,20 MONFERRATO Avenue TARNEIT 3029
53313812838,23 ROSEHILL Way DIGGERS REST 3427
53313812854,81 ORNAMENT Avenue TARNEIT 3029
53312936852,21 CAHILL Street ST ALBANS 3021
53312936927,25 CAHILL Street ST ALBANS 3021
53312936976,4 HYAMS Way TRUGANINA 3029
53312937395,45 KNAPP Street ALTONA NORTH 3025
53312937413,45 KNAPP Street ALTONA NORTH 3025
53312943667,2 COBALT Walk CRAIGIEBURN 3064
53312944038,32 FAIRBRIDGE Road POINT COOK 3030
53312944079,489 MT ALEXANDER Road MOONEE PONDS 3039
53312944095,489 MT ALEXANDER Road MOONEE PONDS 3039
53312944368,5 STONEWALL Road WEIR VIEWS 3338
53312998316,23 RESTFUL Way ROCKBANK 3335
53312998595,6 JACKSON Place HOPPERS CROSSING 3029
53313807755,30 PACAYA Street TRUGANINA 3029
53313807770,20 COTTER Way TRUGANINA 3029
53313807806,1A GLENO Court CARDIGAN 3352
53313807838,10 HAPPINESS Way WYNDHAM VALE 3024
53313807913,66 UPLANDS Crescent MELTON SOUTH 3338
53313807937,51 MUSHU Street DEANSIDE 3336
53313807961,26 HONEYEATER Way MOUNT DUNEED 3217
53313807986,12 GENOVESI Street CHARLEMONT 3217
53313808003,16 TERRY Road WARRNAMBOOL 3280
53313808043,140 PITT Street HUNTLY 3551
53313808069,12 DEVONIA Avenue FRASER RISE 3336
53313808084,12 POMEROY Rise MOUNT DUNEED 3217
53313808110,42 PEGASUS Drive WEIR VIEWS 3338
53313808142,19 GILROY Crescent CHARLEMONT 3217
53313808175,52 SCORIA Circuit CRAIGIEBURN 3064
53313808191,13 MAUVELOUS Avenue TARNEIT 3029
53313808218,30 SLAVKO Drive FRASER RISE 3336
53313808258,22 DUKE Street ARMSTRONG CREEK 3217
53313808317,19 TANBY Drive HUNTLY 3551
53313808331,18 GLENMORE Parkway ROCKBANK 3335
53313808380,1 NEVADO Avenue WINTER VALLEY 3358
53313808416,20 ITALIANATE Avenue DEANSIDE 3336
53313808464,33 HAFLINGER Avenue BONNIE BROOK 3335
53313808539,15 MARIGOLD Drive FRASER RISE 3336
53313808555,10 ARBORY Walk WYNDHAM VALE 3024
53313854161,26 PORTEOUS Retreat SYDENHAM 3037
53313854194,20 PORTEOUS Retreat SYDENHAM 3037
53313854227,30 ZLATAN Way FRASER RISE 3336
53313854276,22 MANTIS Circuit TARNEIT 3029
53313854326,2A SERENITY Street ARMSTRONG CREEK 3217
53313854383,45 GIOVANNI Drive CHARLEMONT 3217
53313854419,15 BLESS Drive TARNEIT 3029
53313854467,37 GREENMONT Road WYNDHAM VALE 3024
53313854490,191 DRYLAND Boulevard MICKLEHAM 3064
53313854524,20 CANTER Road TARNEIT 3029
53313854540,5 BYROCK Street TRUGANINA 3029
53313854566,6 JACKSONIA Drive MICKLEHAM 3064
53313854617,16 WILDERNESS Road FRASER RISE 3336
53313854631,13 OVERTURE Road STRATHTULLOH 3338
53313854665,20 SAFRANO Street TARNEIT 3029
53313854708,14 HOLLIOAKE Drive LUCAS 3350
53313854730,19 SILA Road WERRIBEE 3030
53313812879,10 HEARDS Way WANDANA HEIGHTS 3216
53313812905,64 VILLETTE Avenue TARNEIT 3029
53313812986,24 SONIA Crescent GREENVALE 3059
53313813003,30 VISION Street AINTREE 3336
53313813035,10 VERBIER Avenue WINTER VALLEY 3358
53313813069,7 SPARROWHAWK Crescent DEANSIDE 3336
53313813092,42 SCULLIN Road CHARLEMONT 3217
53313813110,6 HOLLANDER Street LARA 3212
53313813142,7 DERWENT Street LARA 3212
53313813175,20 TOOMEY Street HUNTLY 3551
53313813224,22 PATRIOT Crescent SMYTHES CREEK 3351
53313813416,8 MUTTONWOOD Crescent DEANSIDE 3336
53313813430,21 BLENRIL Avenue TARNEIT 3029
53313813471,19 PALEY Street CHARLEMONT 3217
53313813507,19 TRONDHEIM Street ROCKBANK 3335
53313813555,19 EAST FIELD Street MARYBOROUGH 3465
53313813570,41 CRADLE Circuit MANOR LAKES 3024
53313813606,6 BUTTERNUT Street HARKNESS 3337
53313813638,5 ALBERGA Way MANOR LAKES 3024
53313813662,29 DALK Drive GISBORNE 3437
53313813687,171 LIGHTSVIEW Boulevard ROCKBANK 3335
53313813705,1 SIENNA Avenue FRASER RISE 3336
53313813737,19 ALYSSA Street GREENVALE 3059
53313813753,10 CART Road FRASER RISE 3336
53313813786,22 BATLOW Street ARMSTRONG CREEK 3217
53313813812,7 MOUNT PLEASANT Road BELMONT 3216
53313813836,2 SUNDEWS Crescent ARMSTRONG CREEK 3217
53313813852,5 MACHINE Street SUNBURY 3429
53313813885,14 PEASNELL Street LUCAS 3350
53313813943,38 WOOLMAN Street LARA 3212
53313813969,1 SKILBECK Street KOROIT 3282
53313813984,10 MERVYN Drive GREENVALE 3059
53313814019,3 ALBERGA Way MANOR LAKES 3024
53313814041,3 SERENE Drive STRATHFIELDSAYE 3551
53313814074,70 WALTON Street MELTON SOUTH 3338
53313814090,19 QUEENSRIDGE Grove FYANSFORD 3218
53313814118,68 BUSHRANGER Drive SUNBURY 3429
53313814140,13 POLLEN Road TARNEIT 3029
53313814173,19 SNIPE Drive STRATHTULLOH 3338
53313814208,1 FUSION Drive WYNDHAM VALE 3024
53313814222,16 LANGER Road DEANSIDE 3336
53313814248,16 PETERBOROUGH Rise WERRIBEE 3030
53313814271,30 LITORIA Drive DEANSIDE 3336
53313814297,23 ANVIL Street CHARLEMONT 3217
53313814315,23 JARLATH Drive MAMBOURIN 3024
53312990594,36 MAHONEYS Road RIDDELLS CREEK 3431
53312990612,36 MAHONEYS Road RIDDELLS CREEK 3431
53312990784,213 STATION Road MELTON 3337
53312990982,18 HONEY EATER Drive WINTER VALLEY 3358
53312991493,12 ZIRCON Street ALFREDTON 3350
53312991683,68 PERCY Street NEWPORT 3015
53312991733,12 TRAFALGAR Street STRATHTULLOH 3338
53312991873,3A KAREN Court AVONDALE HEIGHTS 3034
53312992078,24 CABANE Circuit MOUNT DUNEED 3217
53312992104,13 VINKO Court FRASER RISE 3336
53312992136,13 VINKO Court FRASER RISE 3336
53312992177,13 VINKO Court FRASER RISE 3336
53312998728,35 BECKET Street GLENROY 3046
53312999413,11 KYEAMBA Circuit BACCHUS MARSH 3340
53313854764,44 TRANQUILITY Crescent ARMSTRONG CREEK 3217
53313854797,37 DENNISON Street DEANSIDE 3336
53313854815,31 CARBERY Way LUCAS 3350
53313854839,66 TULSI Avenue WERRIBEE 3030
53313854896,76 CHITON Way POINT LONSDALE 3225
53313854920,6 CRESTVIEW Street CHARLEMONT 3217
53313854946,23 ROEHAMPTON Crescent WERRIBEE 3030
53313854962,17 WARATAH Way ELLIMINYT 3250
53313854995,9 BRENTHAM Crescent WERRIBEE 3030
53313855028,52 WOODLAND Street LARA 3212
53313855077,54 REVELSTOKE Way WINTER VALLEY 3358
53313855093,91 HEMINGWAY Drive ROCKBANK 3335
53313855127,2 BRADFIELD Street WERRIBEE 3030
53313855169,2 BRADFIELD Street WERRIBEE 3030
53313855233,21 VOLLEY Street TARNEIT 3029
53313855290,41 APORTA Avenue TARNEIT 3029
53313855324,21 CARLINGFORD Crescent BONNIE BROOK 3335
53313855340,24 SALTGRASS Avenue TARNEIT 3029
53313855366,23 PETUNIA Way FRASER RISE 3336
53313855399,28 MARADONA Boulevard DEANSIDE 3336
53313855457,12 ANPENSU Avenue MOUNT DUNEED 3217
53313855472,32 REVELSTOKE Way WINTER VALLEY 3358
53313855498,11 ARACAR Street TRUGANINA 3029
53313855556,10 GENOVESI Street CHARLEMONT 3217
53313855589,5 GRAMERCY Place STRATHTULLOH 3338
53313855607,17 SATORI Street MAMBOURIN 3024
53313855621,12 AZAS Street TRUGANINA 3029
53313855655,4 STINT Street TARNEIT 3029
53313855696,27 HAMPSHIRE Avenue ROCKBANK 3335
53313855720,113 PLANE Avenue MAMBOURIN 3024
53313855746,22 SILIQUA Street TARNEIT 3029
53313855762,27 TEKAPO Street TRUGANINA 3029
53313855795,25 GRAPPENHALL Avenue STRATHTULLOH 3338
53313855829,10 ADDAI Street GREENVALE 3059
53313855952,32 SICILY Avenue DEANSIDE 3336
53313855985,133 BROOKING Road GISBORNE 3437
53313856002,19 DARWINIA Drive MICKLEHAM 3064
53313856026,15 ASHFIELD Drive CHARLEMONT 3217
53313856050,10 NAMCO Walk WYNDHAM VALE 3024
53313856083,16 PEATLAND Road FRASER RISE 3336
53313814347,1 ANDRE Walk TRUGANINA 3029
53313814363,19 ANDRE Walk TRUGANINA 3029
53313814388,13 ANDRE Walk TRUGANINA 3029
53313814446,11 BACALL Street TRUGANINA 3029
53313814479,36 ALDERNEY Street TARNEIT 3029
53313814513,6 MOONAMBEL Road EYNESBURY 3338
53313814553,13 ROEHAMPTON Crescent WERRIBEE 3030
53313814586,21 JACKSONIA Drive MICKLEHAM 3064
53313814612,44 CRUZ Road WINTER VALLEY 3358
53313814636,16 GIOVANNI Drive CHARLEMONT 3217
53313814784,13 ELLIS Court BRAYBROOK 3019
53313814834,8 DEVON PARK Drive HIGHTON 3216
53313814850,27 WHEATSHEAF Road WYNDHAM VALE 3024
53313860160,12 NANKEEN Grove DEANSIDE 3336
53313860193,14 NANKEEN Grove DEANSIDE 3336
53313860226,6 NANKEEN Grove DEANSIDE 3336
53313860242,12 MORGAN Drive BONNIE BROOK 3335
53313860268,19 KYAH Street FRASER RISE 3336
53313860291,27 SPARROWHAWK Avenue LARA 3212
53313860359,38 LINDBERGH Boulevard DIGGERS REST 3427
53313860374,58 METROON Drive WEIR VIEWS 3338
53313860390,84 TRUNCATA Drive TARNEIT 3029
53313860424,22 STORY Street FRASER RISE 3336
53313860458,12 SIENNA Avenue FRASER RISE 3336
53313860481,3 BIRCHWOOD Crescent BONNIE BROOK 3335
53313860509,3 ULMUS Street TARNEIT 3029
53313860523,26 CANYON Circuit BONNIE BROOK 3335
53313860557,4 JACOBENA Road MELTON SOUTH 3338
53313860572,11 BRISBANE Street LARA 3212
53313860598,13 BRISBANE Street LARA 3212
53313860648,13 HOLLEY Crescent ARMSTRONG CREEK 3217
53313860664,15 CASTLECRAG Way STRATHTULLOH 3338
53313860697,16 FINDALE Walk THORNHILL PARK 3335
53313860721,10 FINDALE Walk THORNHILL PARK 3335
53313860770,14 FINDALE Walk THORNHILL PARK 3335
53313860796,39 PADMA Boulevard TARNEIT 3029
53313860820,59 CHITON Way POINT LONSDALE 3225
53313860887,8 ELEVATION Drive FYANSFORD 3218
53313860913,10 ELEVATION Drive FYANSFORD 3218
53313860961,18 JOUST Way FRASER RISE 3336
53313861027,42 MAIN Street AINTREE 3336
53312992341,5 LINACRE Crescent MELTON SOUTH 3338
53312992707,37 FLOURISH Drive MOUNT DUNEED 3217
53312992887,8A WOLSELEY Grove BELL POST HILL 3215
53313000370,46 HUBERT Avenue GLENROY 3046
53313000396,46 HUBERT Avenue GLENROY 3046
53313000628,5 BOURNE Boulevard DENNINGTON 3280
53313001072,67 GROWTH Drive WEIR VIEWS 3338
53313001098,14 NABRO Street TRUGANINA 3029
53313050598,74-76 WOODLAND Street STRATHMORE 3041
53313050820,20 TRAFALGAR Street STRATHTULLOH 3338
53313856159,18 SHEARS Drive FRASER RISE 3336
53313856182,26 JENKINS Street WERRIBEE 3030
53313856209,45 RIHANNA Street GREENVALE 3059
53313856223,24 BAKANOVI Drive TRUGANINA 3029
53313856257,19 GELANTIPY Drive TRUGANINA 3029
53313856322,28 SICILY Avenue DEANSIDE 3336
53313856356,14 MACHINE Street SUNBURY 3429
53313856389,46082 ELEVATION Drive FYANSFORD 3218
53313856514,3 WILDLIFE Circuit FRASER RISE 3336
53313856538,19 PALETTE Street MAMBOURIN 3024
53313856562,4 STEVENAGE Way WERRIBEE 3030
53313856595,13 WEBBER Street TARNEIT 3029
53313856678,61 PALARA Drive STRATHTULLOH 3338
53313856694,23 BYROCK Street TRUGANINA 3029
53313856744,5 MARADONA Boulevard DEANSIDE 3336
53313856793,17 ALYSSA Street GREENVALE 3059
53313856835,13 TARRABOOL Road TRUGANINA 3029
53313856902,20 DELHI Grove ROCKBANK 3335
53313856950,46 GOWAR Road TARNEIT 3029
53313856975,33 ANAHEIM Avenue HUNTLY 3551
53313857009,31 NOKOTA Circuit BONNIE BROOK 3335
53313857065,35 FROST Drive CHARLEMONT 3217
53313857098,28 KOSTAS Street SUNBURY 3429
53313711388,20 WEBBER Street TARNEIT 3029
53313711438,6 BARINGHUP Street EYNESBURY 3338
53313711495,8 PROVINCIAL Circuit DEANSIDE 3336
53313711537,12 LIMESTONE Way OCEAN GROVE 3226
53313711561,73 IMATRA Loop TARNEIT 3029
53313711594,47 GRANDVIEW Crescent DARLEY 3340
53313711628,9 HENDRINA Street CHARLEMONT 3217
53313711660,24 LONGTOWN Road THORNHILL PARK 3335
53313711711,6 ARKLAY Road THORNHILL PARK 3335
53313711735,2 ARKLAY Road THORNHILL PARK 3335
53313711769,2 VINOUS Close BROOKFIELD 3338
53313711784,2 CLOCKWISE Street GREENVALE 3059
53313861043,44 GRANGEHILL Mews WYNDHAM VALE 3024
53313861069,48 GRANGEHILL Mews WYNDHAM VALE 3024
53313861092,54 GRANGEHILL Mews WYNDHAM VALE 3024
53313861110,58 GRANGEHILL Mews WYNDHAM VALE 3024
53313861168,97 NAPIER Street ESSENDON 3040
53313861183,97 NAPIER Street ESSENDON 3040
53313861200,97 NAPIER Street ESSENDON 3040
53313861232,97 NAPIER Street ESSENDON 3040
53313861266,97 NAPIER Street ESSENDON 3040
53313861317,36 ELOQUENCE Road TARNEIT 3029
53313861365,10 MECHANICAL Road SUNBURY 3429
53313861398,7 TERRY Road WARRNAMBOOL 3280
53313861422,10 AMPHITRITE Way ARMSTRONG CREEK 3217
53313861448,8 DOLWOOD Street MOUNT DUNEED 3217
53313861464,37 CHLOE Street TARNEIT 3029
53313861497,15 KEA Street FRASER RISE 3336
53313861521,28 ERIN Drive FRASER RISE 3336
53313861555,43 BLUEBOTTLE Parade ROCKBANK 3335
53313861596,2 DIANELLA Court WOODEND 3442
53313861620,82 BLACK SWAN Drive ST LEONARDS 3223
53313861662,43 DERRIMUT Street ROCKBANK 3335
53313861695,4 DORYANTHES Way MICKLEHAM 3064
53313861713,2 BRADFIELD Street WERRIBEE 3030
53313861737,22 BARMAH Grange GREENVALE 3059
53313861761,49 CLAY Crescent ROCKBANK 3335
53313861794,25 KALYANI Street WERRIBEE 3030
53313861844,25 SONIA Crescent GREENVALE 3059
53313861860,14 FOLD Circuit BONNIE BROOK 3335
53313861893,20 FOLD Circuit BONNIE BROOK 3335
53313861969,3 ORMS Mews TRUGANINA 3029
53313861984,28 WOOLMAN Street LARA 3212
53313862009,150 SINCLAIRS Road DEANSIDE 3336
53313862065,31 DREAMER Circuit MOUNT DUNEED 3217
53313862116,6 PEBBLE Street GREENVALE 3059
53313862130,166 BONNIEBROOK Road BONNIE BROOK 3335
53313862189,6 SIANG Road DEANSIDE 3336
53313862206,18 ARISTIDES Crescent THORNHILL PARK 3335
53313862254,14 CELOSIA Way TARNEIT 3029
53313862279,18 DARGO Road WERRIBEE 3030
53313862305,69 TULSI Avenue WERRIBEE 3030
53313862337,88 SINCLAIRS Road DEANSIDE 3336
53313862386,42 VOLANT Drive ARMSTRONG CREEK 3217
53313862404,50 WHITES Lane CRAIGIEBURN 3064
53313044087,58B PRESIDENT Road ALBANVALE 3021
53313044251,33 FLOURISH Drive MOUNT DUNEED 3217
53313044383,6 TRIBUTARY Way WEIR VIEWS 3338
53313044401,6 NOONAN Street HUNTLY 3551
53313044474,131 SHORTRIDGE Drive LUCAS 3350
53313044581,53 ALTEZZE Drive TRUGANINA 3029
53313044609,55 ALTEZZE Drive TRUGANINA 3029
53313044815,65 ALTEZZE Drive TRUGANINA 3029
53313044896,28 HOLMAN Crescent BACCHUS MARSH 3340
53313045169,312 PASCOE VALE Road ESSENDON 3040
53313045480,63 ALTEZZE Drive TRUGANINA 3029
53313051258,44 STELLING Drive LUCAS 3350
53313051654,4 MCCUBBIN Street HUNTLY 3551
53313051927,1 BOWENIA Avenue CRAIGIEBURN 3064
53313052049,74 BURSA Drive WYNDHAM VALE 3024
53313711802,22 ATTADALE Avenue WERRIBEE 3030
53313711868,26 LONGTOWN Road THORNHILL PARK 3335
53313711891,1 REVIVAL Way DEANSIDE 3336
53313711919,12 GREGSON Street HUNTLY 3551
53313711933,51 HOMAGE Avenue FRASER RISE 3336
53313711967,14 CATTLECROSSING Way SUNBURY 3429
53313711990,18 BARINGHUP Street EYNESBURY 3338
53313712039,74 MCKINLEY Drive TRUGANINA 3029
53313712055,5 WITHERS Street MAMBOURIN 3024
53313712070,14 BALLET Crescent SUNBURY 3429
53313712106,10 BERNADETTE Road GREENVALE 3059
53313712138,10 LONGTOWN Road THORNHILL PARK 3335
53313712187,75 PIENZA Road FRASER RISE 3336
53313712204,40 CAVALIER Street WYNDHAM VALE 3024
53313712252,38 FARRIER Boulevard FRASER RISE 3336
53313712277,6 PROVINCIAL Circuit DEANSIDE 3336
53313712303,12 PROVINCIAL Circuit DEANSIDE 3336
53313712327,79 LORIKEET Circuit ROCKBANK 3335
53313712343,39 SILVER Drive DIGGERS REST 3427
53313712402,188 STONEHILL Drive MADDINGLEY 3340
53313712434,19 CAPEK Street SUNBURY 3429
53313712450,30 AVION Crescent TRUGANINA 3029
53313712491,22 LONGTOWN Road THORNHILL PARK 3335
53313712559,62 STATION LAKE Road LARA 3212
53313712600,28 ORIENTATION Avenue TARNEIT 3029
53313712624,31 JOURNEY Crescent MOUNT DUNEED 3217
53313712681,149 SPARROVALE Road CHARLEMONT 3217
53313712780,4 HAWK Street WINTER VALLEY 3358
53313712808,13 MICROPORA Drive WYNDHAM VALE 3024
53313712822,118 VOYAGER Boulevard TARNEIT 3029
53313712856,29 AMUKTA Road TRUGANINA 3029
53313712897,19 WILDERNESS Road FRASER RISE 3336
53313712921,10 HOLLEY Crescent ARMSTRONG CREEK 3217
53313712955,6 MONDO Street ROCKBANK 3335
53313712988,18 EVERBLOOM Crescent TARNEIT 3029
53313713013,21 JOHANNA Drive WINTER VALLEY 3358
53313713094,22 SUNNYBANK Road FRASER RISE 3336
53313713144,6 DALMORE Street DEANSIDE 3336
53313713160,45 CORONADO Way TARNEIT 3029
53313713193,8 KOSTAS Street SUNBURY 3429
53313713226,25 LEAFY Street LARA 3212
53313862460,2 BANKSIA Court CAMPBELLS CREEK 3451
53313862493,3 GREENING Street WARRNAMBOOL 3280
53313862511,23 GAHNIA Drive ARMSTRONG CREEK 3217
53313862543,4 COOMA Street MANOR LAKES 3024
53313862576,16 PROBER Crescent TRUGANINA 3029
53313862602,179 CALLAWAY Street MAMBOURIN 3024
53313862634,172 SARIC Street FRASER RISE 3336
53313862650,7 KEATS Circuit ARMSTRONG CREEK 3217
53313862675,27 JARLATH Drive MAMBOURIN 3024
53313862725,15 MOUNTAIN Avenue MANOR LAKES 3024
53313862741,27 HARKNESS Boulevard ARMSTRONG CREEK 3217
53313862774,5 NEOCLASSIC Street DEANSIDE 3336
53313862818,37 DELORAINE Street ARMSTRONG CREEK 3217
53313862909,32 PRIYA Street WERRIBEE 3030
53313862923,29 COBRAM Drive EYNESBURY 3338
53313862949,15 SERENE Drive STRATHFIELDSAYE 3551
53313862972,119 WHITES Road MOUNT DUNEED 3217
53313863007,27 JACKSONIA Drive MICKLEHAM 3064
53313863039,14 CALDERAS Road DEANSIDE 3336
53313863055,55 GIOVANNI Drive CHARLEMONT 3217
53313863070,7 MUTTONWOOD Crescent DEANSIDE 3336
53313717518,9 REFLECTIONS Crescent LARA 3212
53313717540,14 WOODSTOCK Drive EYNESBURY 3338
53313717573,3 PASCAL Way WYNDHAM VALE 3024
53313717599,11 POLLEN Road TARNEIT 3029
53313717708,1 WATTLEBIRD Drive KURUNJANG 3337
53313717730,4 BALLAD Street STRATHTULLOH 3338
53313717756,76 WALTON Street MELTON SOUTH 3338
53313717789,29 GIBSONS Circuit BONNIE BROOK 3335
53313717807,12 MITIAMO Street EYNESBURY 3338
53313717855,21 MULLINS Way SUNBURY 3429
53313717896,4 NINA Way TARNEIT 3029
53313717920,5 SKALKOZ Street WILLIAMS LANDING 3027
53313718004,34 MONAVALE Drive MOUNT DUNEED 3217
53313718028,29 JOURNEY Crescent MOUNT DUNEED 3217
53313718052,19A TALOUMBI Crescent GREENVALE 3059
53313718085,11 BABACO Street TARNEIT 3029
53313718111,1 BABACO Street TARNEIT 3029
53313718135,13 BABACO Street TARNEIT 3029
53313718151,17 BULL Road TARNEIT 3029
53313718184,29 RACING Way WINTER VALLEY 3358
53313718219,4 ETERNITY Way MOUNT DUNEED 3217
53313045621,13 STONE PINE Court CONNEWARRE 3227
53313045663,3 DADSWELL Way MINERS REST 3352
53313045720,8 BOURNE Boulevard DENNINGTON 3280
53313045952,92 ROWLANDS Street SEBASTOPOL 3356
53313046091,25 DANIN Street PASCOE VALE 3044
53313046348,3 HUGARD Road TARNEIT 3029
53313046470,16 JAMES Street SUNSHINE WEST 3020
53313046991,14 TOTTERDOWN Way WERRIBEE 3030
53313047098,20 IDA Street COBURG NORTH 3058
53313052949,74 SHORTRIDGE Drive LUCAS 3350
53313053426,25 RESTFUL Way ROCKBANK 3335
53313053450,35 TELOPEA Road CRAIGIEBURN 3064
53313053600,60 ALTEZZE Drive TRUGANINA 3029
53313053970,10 JOVIAL Avenue TARNEIT 3029
53313713250,11 CHANDLER Street SMYTHES CREEK 3351
53313713275,76 GREYJOY Road CHARLEMONT 3217
53313713291,147 SARIC Street FRASER RISE 3336
53313713367,26 GILROY Crescent CHARLEMONT 3217
53313713400,5 ARCHIE Drive BONNIE BROOK 3335
53313713424,31 VOLANT Drive ARMSTRONG CREEK 3217
53313713458,45A HOWARD Street MAIDSTONE 3012
53313713598,42 NECTAR Drive MOUNT DUNEED 3217
53313713622,3 CALLA Grove GREENVALE 3059
53313713697,14 ARRAMONT Road GREENVALE 3059
53313713747,14 LONGTOWN Road THORNHILL PARK 3335
53313713788,19 ART DECO Drive DEANSIDE 3336
53313713887,18 PRATO Street GREENVALE 3059
53313713913,48 ACACIA Street GLENROY 3046
53313713961,7 GASTON Crescent BONNIE BROOK 3335
53313713994,148 SPARROVALE Road CHARLEMONT 3217
53313714035,8 LEIST Street HUNTLY 3551
53313714069,29 TAYLORS Circuit CHARLEMONT 3217
53313714126,29 SHIPSTERN Street ARMSTRONG CREEK 3217
53313714142,25 LAMONDA Street TARNEIT 3029
53313714168,3 CRICHTON Road THORNHILL PARK 3335
53313714224,62 BLOSSOM Drive EPSOM 3551
53313714258,21 FRANCA Avenue FRASER RISE 3336
53313714299,37 REED Court DEANSIDE 3336
53313714323,59 BRISBANE Street LARA 3212
53313714357,35 PADMA Boulevard TARNEIT 3029
53313759947,24 HUNTINGFIELD Street THORNHILL PARK 3335
53313759963,23 HOLLEY Crescent ARMSTRONG CREEK 3217
53313760007,15 SILA Road WERRIBEE 3030
53313760039,108 MCKINLEY Drive TRUGANINA 3029
53313760063,38 IMATRA Loop TARNEIT 3029
53313760088,1 HORSESHOE Parade FRASER RISE 3336
53313760106,25 RAAM Circuit ARMSTRONG CREEK 3217
53313760162,10 STEVENAGE Way WERRIBEE 3030
53313760195,28 CROWLANDS Circuit EYNESBURY 3338
53313760212,531 GREEN HILL Road EYNESBURY 3338
53313760236,92 FUCHSIA Drive ROCKBANK 3335
53313718241,13 KALAMUNDRA Drive WERRIBEE 3030
53313718267,37 CORMORANT Grange WINTER VALLEY 3358
53313718318,33 CRADLE Circuit MANOR LAKES 3024
53313718332,17 DAINTREE Street ARMSTRONG CREEK 3217
53313718381,13 BURRIDGE Street DEANSIDE 3336
53313718409,1 MCARTHUR Place WARRNAMBOOL 3280
53313718423,7 CASTLECRAG Way STRATHTULLOH 3338
53313718457,27 BUCKINGHAM Boulevard STRATHTULLOH 3338
53313718480,55 VASSE Circuit MOUNT DUNEED 3217
53313718556,30 AMUKTA Road TRUGANINA 3029
53313718589,22 INNSBRUCK Road WINTER VALLEY 3358
53313718615,12 BINGHAM Street TARNEIT 3029
53313718663,13 NOVA Street WEIR VIEWS 3338
53313718714,25 GATHERING Grove TARNEIT 3029
53313718779,26 ESK Street LARA 3212
53313718878,23 SENDOCK Parade HUNTLY 3551
53313718928,27 FIRMONA Street TARNEIT 3029
53313718944,47 BLESS Drive TARNEIT 3029
53313718960,41 MAYOPARK Street DEANSIDE 3336
53313719026,69 LORIKEET Circuit ROCKBANK 3335
53313719050,18 CADILLAC Way SMYTHES CREEK 3351
53313719075,6 JENKINS Street WERRIBEE 3030
53313719091,6 ZEAL Road WINTER VALLEY 3358
53313719125,32 WHITECROSS Drive THORNHILL PARK 3335
53313719159,25 MACARA Street SUNBURY 3429
53313719182,60 JARLATH Drive MAMBOURIN 3024
53313719223,29 HAMISH Road DARLEY 3340
53313719257,4 CHOL Street THORNHILL PARK 3335
53313719280,6 MILES Street GISBORNE 3437
53313719316,27 VOGUE Drive WYNDHAM VALE 3024
53313719330,17 GENEROSA Grove TARNEIT 3029
53313719356,11 HOMELAND Way ARMSTRONG CREEK 3217
53313719389,44 REVELSTOKE Way WINTER VALLEY 3358
53313719407,16 ALTO Grange WINTER VALLEY 3358
53313719421,3 NORTHERLY Drive BONNIE BROOK 3335
53313719455,12 TINTAGEL Way WERRIBEE 3030
53313719470,7 PALEY Street CHARLEMONT 3217
53313719496,42 HOLLEY Crescent ARMSTRONG CREEK 3217
53313719520,69 DOVE Avenue WINTER VALLEY 3358
53313719595,41 HURST Drive NEW GISBORNE 3438
53313719613,58 HEMINGWAY Drive ROCKBANK 3335
53313047122,16 INVERIE Court GREENVALE 3059
53313047148,4 DARBYSHIRE Street SUNBURY 3429
53313047164,2 TOTTERDOWN Way WERRIBEE 3030
53313047254,824 SYDNEY Road COBURG NORTH 3058
53313047279,824B SYDNEY Road COBURG NORTH 3058
53313093969,25 CROWTHER Drive LUCAS 3350
53313093992,10 CITRON Street TARNEIT 3029
53313094019,8 HELENIC Drive GREENVALE 3059
53313094033,17 THRIVE Crescent DIGGERS REST 3427
53313094082,22 HELENIC Drive GREENVALE 3059
53313094132,20 WENLYAN Drive GREENVALE 3059
53313094363,24 WINIFRED Street ESSENDON 3040
53313094396,24 WINIFRED Street ESSENDON 3040
53313094414,12 SILVER Street WERRIBEE 3030
53313094561,80 TOWNLEY Boulevard WERRIBEE 3030
53313094594,5 THRIVE Crescent DIGGERS REST 3427
53312890317,10 PERKIN Avenue PASCOE VALE 3044
53313760260,10 FOAL Circuit FRASER RISE 3336
53313760293,30 MARACAIBO Crescent MANOR LAKES 3024
53313760327,14 ASPERULA Street TARNEIT 3029
53313760343,20 PAWLING Street ROCKBANK 3335
53313760369,80 MAKEDONIA Street TARNEIT 3029
53313760392,5 EGRET Way DIGGERS REST 3427
53313760410,162 WHITES Road MOUNT DUNEED 3217
53313760434,8 ARLINGTON Street DEANSIDE 3336
53313760468,30 ROTUNNO Drive CHARLEMONT 3217
53313760483,113 SPARROVALE Road CHARLEMONT 3217
53313760501,3 MACOMB Way CHARLEMONT 3217
53313760533,16 WYLIE Street CHARLEMONT 3217
53313760567,35 MATTNICK Boulevard CHARLEMONT 3217
53313760590,7 EDIFICE Drive TARNEIT 3029
53313760618,12 HARWICH Street ROCKBANK 3335
53313760632,17 ALLANWOOD Street OCEAN GROVE 3226
53313760666,9 BRASSWOOD Close WERRIBEE 3030
53313760699,14 MANTIS Circuit TARNEIT 3029
53313760723,1 AJAX Way BONNIE BROOK 3335
53313760765,2 DALRYMPLE Drive WARRNAMBOOL 3280
53313760864,34 GRAPPA Circuit WYNDHAM VALE 3024
53313760889,7 CORMORANT Grange WINTER VALLEY 3358
53313760907,20 LADY NELSON Drive RIPPLESIDE 3215
53313760939,31 TRANQUILITY Crescent ARMSTRONG CREEK 3217
53313760955,143 ASHBURY Boulevard ARMSTRONG CREEK 3217
53313760970,11 BABINA Avenue MELTON SOUTH 3338
53313761005,20 VOLANT Drive ARMSTRONG CREEK 3217
53313761029,57 BUCKINGHAM Boulevard STRATHTULLOH 3338
53313761045,55 BUCKINGHAM Boulevard STRATHTULLOH 3338
53313761086,90 CHARLESTON Road DEANSIDE 3336
53313761112,4 COULEE Street CRAIGIEBURN 3064
53313761144,18 UNICO Circuit MOUNT DUNEED 3217
53313761160,55 BUCHANAN Boulevard ARMSTRONG CREEK 3217
53313761185,4 BOWENVALE Street EYNESBURY 3338
53313761210,24 RAVENSCRAIG Drive STRATHTULLOH 3338
53313761242,11 DAINTREE Street ARMSTRONG CREEK 3217
53313761275,42 VIVERO Road WYNDHAM VALE 3024
53313761367,3 DOLLARBIRD Drive DEANSIDE 3336
53313761390,6 HOLLEY Crescent ARMSTRONG CREEK 3217
53313761424,33 LAKELAND Drive LUCAS 3350
53313761440,34 PETUNIA Avenue TARNEIT 3029
53313761466,20 RARITY Street ARMSTRONG CREEK 3217
53313761499,96 REFLECTIONS Crescent LARA 3212
53313761565,134 BRIGHTVALE Boulevard WYNDHAM VALE 3024
53313761616,28 IMATRA Loop TARNEIT 3029
53313761648,13 GLASSWORT Street DEANSIDE 3336
53313719637,24 AKRON Street MANOR LAKES 3024
53313719661,45 HURST Drive NEW GISBORNE 3438
53313719694,14 FAIRYWREN Street ARMSTRONG CREEK 3217
53313719910,60 SUMAC Street BROOKFIELD 3338
53313719942,742 NEALE Road DEANSIDE 3336
53313719983,20 CASSATA Road MANOR LAKES 3024
53313720033,30 WILDLIFE Circuit FRASER RISE 3336
53313720059,2 COPAL Street MAMBOURIN 3024
53313720118,8 MANRESH Mews FRASER RISE 3336
53313720166,11 OASIS Drive MOUNT DUNEED 3217
53313720216,34 WOODLAND Street LARA 3212
53313720248,11 GENEROSA Grove TARNEIT 3029
53313720271,57 KRATERON Street FRASER RISE 3336
53313720315,8 CRATHES Street WYNDHAM VALE 3024
53313720347,31 HUBBARD Street WYNDHAM VALE 3024
53313720370,9 AARON Road TARNEIT 3029
53313720446,6 WEXFORD Way ROCKBANK 3335
53313765953,16 DOLLARBIRD Drive DEANSIDE 3336
53313765986,12 PARKER Street CALIFORNIA GULLY 3556
53313766043,37 RECHENBERG Boulevard CHARLEMONT 3217
53313766092,15 STORY Street FRASER RISE 3336
53313766126,10 RYEBANK Avenue WERRIBEE 3030
53313766150,78 WILLOBY Drive ALFREDTON 3350
53313766200,4 ARRAMONT Road GREENVALE 3059
53313766281,18 MATTINA Circuit GREENVALE 3059
53313766317,5 YALLOURN Place STRATHTULLOH 3338
53313766380,16 TOUR Lane TARNEIT 3029
53313766408,6 FEGENT Road TARNEIT 3029
53313766430,14 BUSTER Street SUNBURY 3429
53313766489,11 LAWFORD Street TRUGANINA 3029
53313766507,74 DELL Boulevard FYANSFORD 3218
53313766539,61 AMBERSWEET Drive TARNEIT 3029
53313766563,5 RESERVOIR Road FRASER RISE 3336
53313095246,33 STORRER Avenue TORQUAY 3228
53313095279,29 STORRER Avenue TORQUAY 3228
53313095353,35 STORRER Avenue TORQUAY 3228
53313095404,9 STORRER Avenue TORQUAY 3228
53313095436,5 STORRER Avenue TORQUAY 3228
53313095460,77 BRIGHT Street TORQUAY 3228
53313095485,83 BRIGHT Street TORQUAY 3228
53313095503,85 BRIGHT Street TORQUAY 3228
53313095535,91 BRIGHT Street TORQUAY 3228
53313095592,7 FLAUBERT Road CRAIGIEBURN 3064
53313095917,25 MYAMYN Street BRAYBROOK 3019
53313095949,144 LICENSE Road DIGGERS REST 3427
53313096007,82A WINGARA Avenue KEILOR EAST 3033
53312891025,13 CAMPBELL Court ALTONA 3018
53312891199,13 MIDGARD Street TRUGANINA 3029
53312891222,15 MIDGARD Street TRUGANINA 3029
53312891339,55 TASSELL Street HADFIELD 3046
53312892088,23 MCLENNAN Street BRAYBROOK 3019
53313761707,17 MATTINA Circuit GREENVALE 3059
53313761721,19 DEVOTION Way TARNEIT 3029
53313761770,19 BACALL Street TRUGANINA 3029
53313761806,17 SELHURST Grove WYNDHAM VALE 3024
53313761838,7 SELHURST Grove WYNDHAM VALE 3024
53313761854,3 SELHURST Grove WYNDHAM VALE 3024
53313761879,1 SELHURST Grove WYNDHAM VALE 3024
53313761905,35 ROTUNNO Drive CHARLEMONT 3217
53313761937,22 BACALL Street TRUGANINA 3029
53313761961,44 DARWINIA Drive MICKLEHAM 3064
53313761986,23 UNICO Circuit MOUNT DUNEED 3217
53313762001,86 CRANWELL Street BRAYBROOK 3019
53313762074,33 FARRINGTON Avenue MELTON SOUTH 3338
53313762124,37 HANRAHAN Street GISBORNE 3437
53313762140,22 ARKBAR Avenue DEANSIDE 3336
53313762173,89 MARADONA Boulevard DEANSIDE 3336
53313762208,41 SARIC Street FRASER RISE 3336
53313762264,12 SABLE Street GREENVALE 3059
53313762289,54-56 KENNARD Grove CHARLEMONT 3217
53313762315,10 SPARROW Way WINTER VALLEY 3358
53313762347,37 MARTLAND Street LUCAS 3350
53313762370,27 APRICOT Circuit TARNEIT 3029
53313762396,7 PALETTE Street MAMBOURIN 3024
53313762446,22 GOWAR Road TARNEIT 3029
53313762479,24 DUKES Lane STRATHFIELDSAYE 3551
53313762505,11 JACKSONIA Drive MICKLEHAM 3064
53313762529,29 DARWINIA Drive MICKLEHAM 3064
53313762545,14 RETREAT Way WEIR VIEWS 3338
53313762578,31 ELMHURST Avenue AINTREE 3336
53313762594,49 HARRIER Circuit DEANSIDE 3336
53313762612,6 LLEWELLYN Court LUCAS 3350
53313762644,55 PANDAVA Road WERRIBEE 3030
53313762660,57 PANDAVA Road WERRIBEE 3030
53313762711,1 MELALEUCA Street ARMSTRONG CREEK 3217
53313762784,15 TRANQUIL Street STRATHFIELDSAYE 3551
53313762802,11 TRANQUIL Street STRATHFIELDSAYE 3551
53313762826,6 POTALA Avenue BONNIE BROOK 3335
53313762850,32 MORNINGSIDE Circuit ARMSTRONG CREEK 3217
53313762919,35 WOODLAND Street LARA 3212
53313808588,55 GREENPOINT Drive ROCKBANK 3335
53313808606,17 JENKINS Street WERRIBEE 3030
53313808620,16 LINBURN Street THORNHILL PARK 3335
53313808695,8 ARBORY Walk WYNDHAM VALE 3024
53313808729,13 CASELLI Street BALLARAT EAST 3350
53313766596,41 MANGOSTEEN Drive TRUGANINA 3029
53313766638,127 PASKAS Drive FRASER RISE 3336
53313766662,14 EYCKENS Road LUCAS 3350
53313766695,19 DOLLARBIRD Drive DEANSIDE 3336
53313766761,7 RUFF Way MELTON SOUTH 3338
53313766794,22 GELANTIPY Drive TRUGANINA 3029
53313766828,53 PALARA Drive STRATHTULLOH 3338
53313766852,13 ONTARIO Parade MICKLEHAM 3064
53313766877,13 LEDGER Street TRUGANINA 3029
53313766893,15 RYDER Street CHARLEMONT 3217
53313766927,19 MORNINGTON Crescent ROCKBANK 3335
53313766943,3 BRAMFORD Crescent TRUGANINA 3029
53313766969,19 RUFF Way MELTON SOUTH 3338
53313766992,6 HANHI Lane TARNEIT 3029
53313767018,12 HILLTOP Drive CHARLEMONT 3217
53313767032,3 GALERAS Street TRUGANINA 3029
53313767066,56 MOOLORT Crescent EYNESBURY 3338
53313767099,10 WETHERBY Road WYNDHAM VALE 3024
53313767123,14 TRONDHEIM Street ROCKBANK 3335
53313767149,41 HARKNESS Boulevard ARMSTRONG CREEK 3217
53313767165,39 LOLLIPOP Crescent SUNBURY 3429
53313767198,21 ORANGE Drive FRASER RISE 3336
53313767239,21 PANDAVA Road WERRIBEE 3030
53313767263,57 SARIC Street FRASER RISE 3336
53313767288,93 SURROUND Circuit BONNIE BROOK 3335
53313767338,51 TANNUM Circuit TRUGANINA 3029
53313767379,9 LAWFORD Street TRUGANINA 3029
53313767405,9 LAWFORD Street TRUGANINA 3029
53313767429,11 LAWFORD Street TRUGANINA 3029
53313767445,11 LAWFORD Street TRUGANINA 3029
53313767478,46337 LAWFORD Street TRUGANINA 3029
53313767494,9 LAWFORD Street TRUGANINA 3029
53313767512,9 LAWFORD Street TRUGANINA 3029
53313767544,25 JACKSONIA Drive MICKLEHAM 3064
53313767560,7 DORYANTHES Way MICKLEHAM 3064
53313767643,15 GAHNIA Drive ARMSTRONG CREEK 3217
53313767676,17 LUNAR Drive GREENVALE 3059
53313767692,72 DARWINIA Drive MICKLEHAM 3064
53313767710,7 RAWSON Circuit WERRIBEE 3030
53313767742,14 IVORY Street COBBLEBANK 3338
53313767775,23 MIDFORD Avenue WERRIBEE 3030
53313767801,1 HANHI Lane TARNEIT 3029
53313767825,45 ROBINSON Street ARMSTRONG CREEK 3217
53313767874,42 RALEIGH Circuit ARMSTRONG CREEK 3217
53313767900,5 PERCHERON Street BONNIE BROOK 3335
53313767932,22 METROON Drive WEIR VIEWS 3338
53313767958,8 RYEBANK Avenue WERRIBEE 3030
53313767973,4 VARLEY Mews TARNEIT 3029
53313096475,8 PLUMSTEAD Street WYNDHAM VALE 3024
53313096533,176 HIGHLANDER Drive CRAIGIEBURN 3064
53312937999,59 MASTERS Way MOOLAP 3224
53312938139,64 MASTERS Way MOOLAP 3224
53312938542,5 DUBBO Street ALBION 3020
53312944847,62 MASTERS Way MOOLAP 3224
53312945977,3 TEASDALE Avenue LUCAS 3350
53313808745,141 ASHBURY Boulevard ARMSTRONG CREEK 3217
53313808761,40 BUNDALONG Drive EYNESBURY 3338
53313808828,85 CHARLESTON Road DEANSIDE 3336
53313808852,28 ARTFIELD Drive WERRIBEE 3030
53313808893,4 LAING Street BONNIE BROOK 3335
53313808927,12 VOLANT Drive ARMSTRONG CREEK 3217
53313808992,20 MANGOSTEEN Drive TRUGANINA 3029
53313809019,10 ALKINGTON Way WERRIBEE 3030
53313809033,3 GOSHAWK Street DEANSIDE 3336
53313809067,3 IVORY Street COBBLEBANK 3338
53313809082,27 TESLA Road ROCKBANK 3335
53313809173,23 KINGSLEY Promenade HUNTLY 3551
53313809208,10 BRITTAIN Avenue WARRNAMBOOL 3280
53313809230,74 PEAR Parade FRASER RISE 3336
53313809264,7 MOUNTAIN ASH Circuit WINTER VALLEY 3358
53313809307,33 ORNAMENT Avenue TARNEIT 3029
53313809339,6 HUMMOCK Rise WERRIBEE 3030
53313809363,9 TUITION Drive TARNEIT 3029
53313809396,5 SUNDEW Terrace CAMPBELLS CREEK 3451
53313809414,23 OSWALD Street TARNEIT 3029
53313809438,9 REPARTEE Street TARNEIT 3029
53313809594,14 LINBURN Street THORNHILL PARK 3335
53313809612,6 WHITNEY Close MOUNT HELEN 3350
53313809636,49 PEAR Parade FRASER RISE 3336
53313809660,27 ANVIL Street CHARLEMONT 3217
53313809685,92 WALKSIDE Boulevard FRASER RISE 3336
53313809703,10 MUCKLEFORD Street EYNESBURY 3338
53313809735,33 SPROUT Drive TARNEIT 3029
53313809769,5 SHERRY Circuit FRASER RISE 3336
53313809792,33 RAAM Circuit ARMSTRONG CREEK 3217
53313809810,19 HADFIELD Road HARKNESS 3337
53313809834,17 HADFIELD Road HARKNESS 3337
53313809868,22 SHERRY Circuit FRASER RISE 3336
53313809891,22 KOBI Street TARNEIT 3029
53313809925,12 CASELLI Street BALLARAT EAST 3350
53313809941,5 POLARIS Grove BURNSIDE 3023
53313809974,5 SUNDAR Place ROCKBANK 3335
53313810001,8 NOKOTA Circuit BONNIE BROOK 3335
53313810082,53 MARYANNE Way FRASER RISE 3336
53313810100,4 BENHAR Street THORNHILL PARK 3335
53313810132,5 ERIN Drive FRASER RISE 3336
53313768022,12 FAWCETT Road LUCAS 3350
53313768048,66 GANSHA Street WEIR VIEWS 3338
53313768071,46 WHITECROSS Drive THORNHILL PARK 3335
53313768097,18 HAWK Street WINTER VALLEY 3358
53313768115,27 AMUKTA Road TRUGANINA 3029
53313768170,6 DOLWOOD Street MOUNT DUNEED 3217
53313768205,21 CLIPSTONE Crescent FRASER RISE 3336
53313768229,11 SADDLEBRED Avenue WERRIBEE 3030
53313768245,1 FARRIER Drive KYNETON 3444
53313768278,44 VERDANT Street LARA 3212
53313768336,4 CRADLE Circuit MANOR LAKES 3024
53313768352,14 SIERRA Street TRUGANINA 3029
53313768377,16 RETREAT Way WEIR VIEWS 3338
53313768443,21 LONGLEAF Street FYANSFORD 3218
53313768492,4 JOURNEY Crescent MOUNT DUNEED 3217
53313768510,44 SILVER WATTLE Road MOUNT DUNEED 3217
53313768542,27 WOODLAND Street LARA 3212
53313768583,8 PALMASTON Drive GREENVALE 3059
53313768633,21 ROBINSON Street ARMSTRONG CREEK 3217
53313768659,11 PEDLEY Way TRUGANINA 3029
53313768718,50 VIVERO Road WYNDHAM VALE 3024
53313768740,8 YIRRANGAN Road SUNBURY 3429
53313768766,110 MCKINLEY Drive TRUGANINA 3029
53313768781,24 VIVERO Road WYNDHAM VALE 3024
53313768817,5 JUMBUCK Lane STRATHFIELDSAYE 3551
53313768872,84 OPAL Drive LEOPOLD 3224
53313768898,61 OPAL Drive LEOPOLD 3224
53313768916,17 SORELL Street ARMSTRONG CREEK 3217
53313768948,4 CHOIR Lane TARNEIT 3029
53313814925,64 MONTMARTE Boulevard BURNSIDE 3023
53313814982,32 IMATRA Loop TARNEIT 3029
53313815017,85 PRESENTATION Boulevard WINTER VALLEY 3358
53313815031,10 JUMBUCK Way SUNBURY 3429
53313815057,17 GODDARD Street LUCAS 3350
53313815080,15 ART DECO Drive DEANSIDE 3336
53313815116,13 BUKOVO Street TARNEIT 3029
53313815148,33 BUCKINGHAM Boulevard STRATHTULLOH 3338
53313815214,131 SHELTERBELT Avenue WEIR VIEWS 3338
53313815246,116 MCKINLEY Drive TRUGANINA 3029
53313815279,20 ALISMA Avenue DEANSIDE 3336
53313815295,44 WATERFERN Street FRASER RISE 3336
53312939292,154 WILLIAM Street ST ALBANS 3021
53312939310,154 WILLIAM Street ST ALBANS 3021
53312939987,71 GRAINGER Parade LUCAS 3350
53312940137,28 FLOURISH Drive MOUNT DUNEED 3217
53312946629,2 SMITH Street COBURG NORTH 3058
53312946851,10 CYPRESS Avenue BROOKLYN 3012
53312946884,10 CYPRESS Avenue BROOKLYN 3012
53312947626,11 IGNEOUS Road CRAIGIEBURN 3064
53312947650,20 WORN Road CHARLEMONT 3217
53312947957,6 BLIBURG Street JACANA 3047
53312947980,6 BLIBURG Street JACANA 3047
53312948228,23 VOLGA Street HADFIELD 3046
53313810158,17 SHANTI Circuit WERRIBEE 3030
53313810222,44 INNSBRUCK Road WINTER VALLEY 3358
53313810271,13 TRANQUIL Street STRATHFIELDSAYE 3551
53313810307,132 MCKINLEY Drive TRUGANINA 3029
53313810339,16 MOOLORT Crescent EYNESBURY 3338
53313810355,65 MANNA GUM Drive MOUNT DUNEED 3217
53313810370,14 NOAH Street GISBORNE 3437
53313810406,32 SORBUS Street TARNEIT 3029
53313810438,80 SINCLAIRS Road DEANSIDE 3336
53313810462,13 BOWENVALE Street EYNESBURY 3338
53313810487,22 STEWART Court WARRNAMBOOL 3280
53313810505,7 RAAM Circuit ARMSTRONG CREEK 3217
53313810537,26 GARDANNE Court SUNBURY 3429
53313810561,28 TAMWORTH Drive ROCKBANK 3335
53313810612,80 CENTURION Avenue TARNEIT 3029
53313810636,7 GREGSON Street HUNTLY 3551
53313810660,19 HAWK Street WINTER VALLEY 3358
53313810703,6 CART Road FRASER RISE 3336
53313810735,19 JACKSONIA Drive MICKLEHAM 3064
53313810751,58 SARIC Street FRASER RISE 3336
53313810802,6 SUNDEWS Crescent ARMSTRONG CREEK 3217
53313810834,2 CHOL Street THORNHILL PARK 3335
53313810883,10 FRUIT Street TARNEIT 3029
53313810901,14 ERVINE Drive WYNDHAM VALE 3024
53313810967,14 FUSION Drive WYNDHAM VALE 3024
53313811009,10 BENSON Drive WERRIBEE 3030
53313811023,9 LICATA Street DEANSIDE 3336
53313811049,11 IRVINE Street WARRNAMBOOL 3280
53313811108,19 SPINIFEX Road FRASER RISE 3336
53313811130,32-34 CORIDALE Boulevard LARA 3212
53313811156,19 SIENNA Avenue FRASER RISE 3336
53313811171,49 RAAM Circuit ARMSTRONG CREEK 3217
53313811262,96 GIBSONS Circuit BONNIE BROOK 3335
53313811337,166 WHITES Road MOUNT DUNEED 3217
53313811361,32 FULHAM Circuit BACCHUS MARSH 3340
53313857116,6 HATTERSLEY Chase WERRIBEE 3030
53313815361,14 HATTERSLEY Chase WERRIBEE 3030
53313815386,998 MORRIS Road TRUGANINA 3029
53313815412,2 MARYANNE Way FRASER RISE 3336
53313815436,18 ORCHID Street ARMSTRONG CREEK 3217
53313815511,18 ARACAR Street TRUGANINA 3029
53313815543,32 BLACKSHAWS Road SOUTH KINGSVILLE 3015
53313815569,24 BLACKSHAWS Road SOUTH KINGSVILLE 3015
53313815584,80 DARWINIA Drive MICKLEHAM 3064
53313815610,2 WEBSTER Street POINT COOK 3030
53313815642,16 FREDDIE Street SUNBURY 3429
53313815675,30 RALLY Street TARNEIT 3029
53313815741,5 ROBE Drive MOUNT DUNEED 3217
53313815800,6 VIVERO Road WYNDHAM VALE 3024
53313815824,58 SPARROWHAWK Crescent DEANSIDE 3336
53313815840,1 COATES Lane MADDINGLEY 3340
53313815873,4 REFEREE Way TARNEIT 3029
53313815899,16 RAPTOR Place MELTON SOUTH 3338
53313815917,23 DAIRY Crescent MARYBOROUGH 3465
53313815949,54 HARRISON Street MARYBOROUGH 3465
53313815965,13 RAPTOR Place MELTON SOUTH 3338
53313816047,59 PINTAIL Drive MELTON SOUTH 3338
53313816070,66 BENDIGO Drive TARNEIT 3029
53313816096,96 PINTAIL Drive MELTON SOUTH 3338
53313816114,5 ZLATAN Way FRASER RISE 3336
53313816146,42 CONONDALE Avenue TRUGANINA 3029
53313816179,19 BELCONNEN Avenue STRATHTULLOH 3338
53313816204,32 FARRIER Boulevard FRASER RISE 3336
53313816228,237 STONEHILL Drive MADDINGLEY 3340
53313816244,32 LEEWARD Drive TARNEIT 3029
53313816303,16 LADHAMS Way MADDINGLEY 3340
53313816335,13 JUMP Road FRASER RISE 3336
53313816351,77 STATION Street SUNBURY 3429
53313816384,53 SERAPHINA Drive WYNDHAM VALE 3024
53313816442,3 COUNCILLOR Drive WEIR VIEWS 3338
53313816468,16 STREAMLET Boulevard TARNEIT 3029
53313816491,8 PALERMO Road DEANSIDE 3336
53313816519,16 SOMERVILLE Road STRATHFIELDSAYE 3551
53313816533,46 MARGIE Street WYNDHAM VALE 3024
53313816590,22 BALLYMENA Street STRATHTULLOH 3338
53313816624,18 MARGIE Street WYNDHAM VALE 3024
53313816640,48 CONONDALE Avenue TRUGANINA 3029
53313816666,22 MONFERRATO Avenue TARNEIT 3029
53313816699,79 WHITECROSS Drive THORNHILL PARK 3335
53313816723,17 BACALL Street TRUGANINA 3029
53312940680,7A DIAMOND Street ESSENDON WEST 3040
53312994256,47 PARK Street PASCOE VALE 3044
53312994289,20 HOLBERRY Street BROADMEADOWS 3047
53312994315,96 CUTHBERT Street BROADMEADOWS 3047
53312994347,49 VOLGA Street HADFIELD 3046
53312994388,75 MELBOURNE Avenue GLENROY 3046
53312994446,13 VINKO Court FRASER RISE 3336
53312995098,12 RAINIER Drive TRUGANINA 3029
53313002177,47 FIELD Street OCEAN GROVE 3226
53313002275,9 LINACRE Crescent MELTON SOUTH 3338
53313002291,8 ARBUCKLE Road WERRIBEE 3030
53313857148,53 COUNTESS Drive ST LEONARDS 3223
53313857171,29 ISLAMABAD Crescent MOUNT COTTRELL 3024
53313857206,55 COBRAM Drive EYNESBURY 3338
53313857220,8 WITHAM Road MADDINGLEY 3340
53313857246,15 SHADOW Street DEANSIDE 3336
53313857279,51 BUSHRANGER Drive SUNBURY 3429
53313857295,127 ELPIS Road WEIR VIEWS 3338
53313857345,50 SALTAIRE Drive STRATHTULLOH 3338
53313857386,14 GENOVESI Street CHARLEMONT 3217
53313857412,2 EDGEMEAD Rise WERRIBEE 3030
53313857477,26 LIBERATION Circuit WERRIBEE 3030
53313857511,3 ERSKINVILLE Road TARNEIT 3029
53313857543,45 HAPPINESS Way WYNDHAM VALE 3024
53313857576,22 RETREAT Way WEIR VIEWS 3338
53313857602,12 NOKOTA Circuit BONNIE BROOK 3335
53313857626,9 LINDFORS Road TRUGANINA 3029
53313857642,10 ALLANSFORD Crescent ARMSTRONG CREEK 3217
53313857675,20 HOROMIDIS Street CHARLEMONT 3217
53313857800,24 BALLANRONG Road BONNIE BROOK 3335
53313857824,12 BRUSHTON Street MANOR LAKES 3024
53313857840,14 CASELLI Street BALLARAT EAST 3350
53313857873,102 MEDALLION Boulevard TARNEIT 3029
53313857917,20 DALMORE Street DEANSIDE 3336
53313857949,59 TRUNCATA Drive TARNEIT 3029
53313857972,38 GALENE Drive ARMSTRONG CREEK 3217
53313858007,34 LEPPERTON Street WERRIBEE 3030
53313858021,55 HARRINGTON Terrace ST LEONARDS 3223
53313858047,107 PLANE Avenue MAMBOURIN 3024
53313858070,100 PINTAIL Drive MELTON SOUTH 3338
53313858106,23 SLINKY Street DEANSIDE 3336
53313858138,17 DAMESFLY Circuit TARNEIT 3029
53313858179,1 PENDOWER Way WERRIBEE 3030
53313858204,15 RIVETING Road WYNDHAM VALE 3024
53313858426,20 PRIMARY Road TARNEIT 3029
53313858442,74 CONONDALE Avenue TRUGANINA 3029
53313858600,54 MCKINLEY Drive TRUGANINA 3029
53313816757,18 AJAX Way BONNIE BROOK 3335
53313816772,12 HUTTON Street DEANSIDE 3336
53313816798,3 MANIKATO Drive BONNIE BROOK 3335
53313816822,68 TULSI Avenue WERRIBEE 3030
53313816856,22 IMATRA Loop TARNEIT 3029
53313816889,9 KUTCH Way DEANSIDE 3336
53313816907,48 LOUVRE Road BONNIE BROOK 3335
53313816921,25 SHALE Road WERRIBEE 3030
53313816955,237 COASTAL Boulevard OCEAN GROVE 3226
53313816970,8 CROOKHAVEN Street POINT LONSDALE 3225
53313816996,55 CERBERUS Drive OCEAN GROVE 3226
53313817093,6 SHORTHORN Way WYNDHAM VALE 3024
53313817127,1 PRUNE Walk MANOR LAKES 3024
53313817225,19 MAY Drive GISBORNE 3437
53313817259,16 PLAINS Circuit AINTREE 3336
53313817324,47 AMUKTA Road TRUGANINA 3029
53313817358,56 SITTELA Street MOUNT DUNEED 3217
53313817381,39 NOKOTA Circuit BONNIE BROOK 3335
53313817431,11 DARTMOOR Street BONNIE BROOK 3335
53313817508,30 AUBURN Crescent BACCHUS MARSH 3340
53313817522,24 DERWENT Street LARA 3212
53313817556,3 OTTAWA Avenue WYNDHAM VALE 3024
53313817571,10 MACARA Street SUNBURY 3429
53313817597,479 OHALLORANS Road LARA 3212
53313817621,30 BUNDALONG Drive EYNESBURY 3338
53313817655,2 BINAP Street BACCHUS MARSH 3340
53313817688,53 STEAMBOAT Avenue WINTER VALLEY 3358
53313817706,11 DELIA Avenue SUNBURY 3429
53313817787,84 CLIPSTONE Crescent FRASER RISE 3336
53313817813,15 JENKINS Street WERRIBEE 3030
53313863138,59 BASTEN Avenue DEANSIDE 3336
53313863162,13 LUCK Street SEBASTOPOL 3356
53313863187,15 LUCK Street SEBASTOPOL 3356
53313863204,18 NANKEEN Grove DEANSIDE 3336
53313863236,6 MAUVELOUS Avenue TARNEIT 3029
53313863252,8 IDAMEA Road TARNEIT 3029
53313863277,29 NOKOTA Circuit BONNIE BROOK 3335
53313863303,51 GIOVANNI Drive CHARLEMONT 3217
53313863327,14 COMPANY Avenue SUNBURY 3429
53313863376,18 WEBBER Street TARNEIT 3029
53312995790,6 JACKSON Place HOPPERS CROSSING 3029
53312996681,7 BEST Drive DEANSIDE 3336
53312996830,4 RAINIER Drive TRUGANINA 3029
53312997201,13 MOULSDALE Way AINTREE 3336
53312997290,118 PIER Street ALTONA 3018
53313004479,16 JAY Street NORLANE 3214
53313858640,73 YEARLING Promenade WERRIBEE 3030
53313858673,7 BEVERLY Way ARMSTRONG CREEK 3217
53313858709,5 BEVERLY Way ARMSTRONG CREEK 3217
53313858731,24 DELIA Avenue SUNBURY 3429
53313858757,8 TERRIGAL Road TRUGANINA 3029
53313858772,7 JUNE Court BALLARAT EAST 3350
53313858808,32 CHILULA Street HUNTLY 3551
53313858864,9 TOMAGO Street CRAIGIEBURN 3064
53313858889,16 BINGHAM Street TARNEIT 3029
53313858963,11 BUSHRANGER Drive SUNBURY 3429
53313858988,28 ELAINE Street TARNEIT 3029
53313859013,38 POLLEN Road TARNEIT 3029
53313859053,49 RIEGELHUTH Street CRAIGIEBURN 3064
53313859112,19 MOLLYAN Avenue CHARLEMONT 3217
53313859144,20 HATTERSLEY Chase WERRIBEE 3030
53313859160,13 GARDANNE Court SUNBURY 3429
53313859185,2 EDGEWATER Boulevard WEIR VIEWS 3338
53313859242,70 BLACK SWAN Drive ST LEONARDS 3223
53313859275,63 SNOWBIRD Road WINTER VALLEY 3358
53313859291,22 CHILULA Street HUNTLY 3551
53313859319,37 ANAHEIM Avenue HUNTLY 3551
53313859341,25 HOWKINS Avenue WINTER VALLEY 3358
53313859374,71 DARWINIA Drive MICKLEHAM 3064
53313859400,24 OTTAWA Street TRUGANINA 3029
53313859424,4 FIGWOOD Drive DIGGERS REST 3427
53313859440,23 HARWICH Street ROCKBANK 3335
53313859473,31 BAYVIEW Walk THORNHILL PARK 3335
53313859523,7 MILES Street GISBORNE 3437
53313859557,78 LENA Crescent TRUGANINA 3029
53313859572,15 EDIFICE Drive TARNEIT 3029
53313859598,58 GANSHA Street WEIR VIEWS 3338
53313859622,51 DELL Boulevard FYANSFORD 3218
53313859656,8 JOUST Way FRASER RISE 3336
53313859689,4 STREAMSIDE Drive CRAIGIEBURN 3064
53313859721,12 WARRUP Crescent BACCHUS MARSH 3340
53313859755,4 FINDALE Walk THORNHILL PARK 3335
53313859788,15 RUBINA Court GISBORNE 3437
53313859814,18 FINDALE Walk THORNHILL PARK 3335
53313859854,26 BARNARDS Road BONNIE BROOK 3335
53313859913,26 BUTCHERBIRD Parade WINTER VALLEY 3358
53313859945,15 VETRANO Avenue ALFREDTON 3350
53313859961,3 ROSSO Drive TARNEIT 3029
53313859986,3 ROSSO Drive TARNEIT 3029
53313860013,28 CUSHION Way TARNEIT 3029
53313863468,33 JARLATH Drive MAMBOURIN 3024
53313863483,29 JARLATH Drive MAMBOURIN 3024
53313863519,46 BLUEBOTTLE Parade ROCKBANK 3335
53313863541,80 ODYSSEY Boulevard TARNEIT 3029
53313863574,48 NECTAR Drive MOUNT DUNEED 3217
53313863590,36 STEADFIELD Circuit MELTON SOUTH 3338
53313863618,7 HENDRINA Street CHARLEMONT 3217
53313863640,22 HAFLINGER Avenue BONNIE BROOK 3335
53313863709,42 STEADFIELD Circuit MELTON SOUTH 3338
53313863808,60 SPARROWHAWK Crescent DEANSIDE 3336
53313863822,2 LEPPERTON Street WERRIBEE 3030
53313863871,6 ANPENSU Avenue MOUNT DUNEED 3217
53313863897,16 LONGLEAF Street FYANSFORD 3218
53313864005,51 CHITON Way POINT LONSDALE 3225
53313864037,67 DUKES Lane STRATHFIELDSAYE 3551
53313864061,15 KALAMUNDRA Drive WERRIBEE 3030
53313864136,18 MORGAN Drive BONNIE BROOK 3335
53313864152,28 VENICE Drive WINTER VALLEY 3358
53313864177,36 SPOONBILL Avenue WINTER VALLEY 3358
53313864202,6 FORTITUDE Drive SOUTH KINGSVILLE 3015
53313864234,4 FORTITUDE Drive SOUTH KINGSVILLE 3015
53313864268,76 WHITES Lane CRAIGIEBURN 3064
53313864283,61 SHILLINGS Road MAMBOURIN 3024
53313864301,12 CASPIAN Street BONNIE BROOK 3335
53313864333,5 OSTIC Way TARNEIT 3029
53313864359,10 MARENTELLI Avenue ARMSTRONG CREEK 3217
53313864374,7 BALBI Road TRUGANINA 3029
53313864400,4 EDGEWATER Boulevard WEIR VIEWS 3338
53313864440,13 RIVULET Road BONSHAW 3352
53313864473,12 CORFU Street FRASER RISE 3336
53313864549,730 GRAND Boulevard MICKLEHAM 3064
53313864580,8 EXMOOR Street BONNIE BROOK 3335
53313864648,41 SANCTUM Drive WEIR VIEWS 3338
53313864671,7 BENSON Drive WERRIBEE 3030
53313864707,57 OASIS Drive MOUNT DUNEED 3217
53313864721,43 KOORA Drive SUNBURY 3429
53313864770,40 HANRAHAN Street GISBORNE 3437
53313864806,39 ORNAMENT Avenue TARNEIT 3029
53313864838,56 SHANTI Circuit WERRIBEE 3030
53313864879,3 REDLEAF Way GREENVALE 3059
53312997597,5 MUNRO Street ASCOT VALE 3032
53312997615,5 MUNRO Street ASCOT VALE 3032
53312997639,5 MUNRO Street ASCOT VALE 3032
53312997904,68 GRAINGER Parade LUCAS 3350
53312998050,18 WATERBIRD Circuit WEIR VIEWS 3338
53313047493,9 LUGANO Avenue ALFREDTON 3350
53313047881,9 MOULSDALE Way AINTREE 3336
53313047909,31 RIHANNA Street GREENVALE 3059
53313047957,9 LANHAM Street LUCAS 3350
53313047972,23 STELLING Drive LUCAS 3350
53313048007,1 NATIVE Street CRAIGIEBURN 3064
53313048120,9B HARGREAVES Crescent BRAYBROOK 3019
53313005072,11 GRANLAND Way LUCAS 3350
53313054160,1 CALLUNA Way WYNDHAM VALE 3024
53313054193,3 CALLUNA Way WYNDHAM VALE 3024
53313054210,7 CALLUNA Way WYNDHAM VALE 3024
53313054291,15 LONGAN Street TRUGANINA 3029
53313054367,8 RAINIER Drive TRUGANINA 3029
53313054664,15 OLD GEELONG Road LAVERTON 3028
53313054721,33 WATT Avenue OAK PARK 3046
53313054770,83A DELBRIDGE Drive SYDENHAM 3037
53313054854,4 MITCHELL Crescent MEADOW HEIGHTS 3048
53313054994,5 SUMAR Drive CRAIGIEBURN 3064
53313055126,6 ELLSON Street AINTREE 3336
53313860037,8 ASPEN Street WINTER VALLEY 3358
53313860053,30 INNSBRUCK Road WINTER VALLEY 3358
53313860094,32 WHITES Lane CRAIGIEBURN 3064
53313714422,6 MURPHY Street KOROIT 3282
53313714448,89 COUNTESS Drive ST LEONARDS 3223
53313714471,12 IRONSTONE Way BONNIE BROOK 3335
53313714507,6 MOSLEY Crescent TRUGANINA 3029
53313714521,54 GOLDFINCH Road WINTER VALLEY 3358
53313714555,49 CROWLANDS Circuit EYNESBURY 3338
53313714596,63 SUMAC Street BROOKFIELD 3338
53313714620,12 GIBSON Court COLAC 3250
53313714662,47 CROWLANDS Circuit EYNESBURY 3338
53313714695,127 SHELTERBELT Avenue WEIR VIEWS 3338
53313714713,23 CELLAR Circuit SUNBURY 3429
53313714804,13 AMPHITHEATRE Street EYNESBURY 3338
53313714836,47 TOWER Street THORNHILL PARK 3335
53313714852,10 MULLINS Way SUNBURY 3429
53313714877,27 ASTRONOMY Street GREENVALE 3059
53313714903,18 CORFU Street FRASER RISE 3336
53313714935,16 KILTEELY Street GISBORNE 3437
53313714969,9 HARNESS Way WINTER VALLEY 3358
53313714984,108 WELCOME Parade WYNDHAM VALE 3024
53313715001,58 MOOLORT Crescent EYNESBURY 3338
53313715033,7 CROPLEY Street LUCAS 3350
53313715140,1 MONTGOMERY Street MOONEE PONDS 3039
53313715166,3 MONTGOMERY Street MOONEE PONDS 3039
53313715199,1 MONTGOMERY Street MOONEE PONDS 3039
53313715256,61 PADMA Boulevard TARNEIT 3029
53313715297,3 PLYMOUTH Way SMYTHES CREEK 3351
53313715321,27 RAAM Circuit ARMSTRONG CREEK 3217
53313715355,25 COULEE Street CRAIGIEBURN 3064
53313715420,23 COULEE Street CRAIGIEBURN 3064
53313715454,81 SARIC Street FRASER RISE 3336
53313715487,20 KITE Street WINTER VALLEY 3358
53313715513,53 HOMAGE Avenue FRASER RISE 3336
53313715537,6 RITA Crescent BROOKFIELD 3338
53313715586,59 XENOLITH Drive CRAIGIEBURN 3064
53313715604,3 GALIBIER Road BROWN HILL 3350
53313715628,15 CHARTERS Way HUNTLY 3551
53313715652,16 JARVIS Street HUNTLY 3551
53313715677,16 DARTMOOR Street BONNIE BROOK 3335
53313715703,4 OVERTURE Road STRATHTULLOH 3338
53313864929,83 WILLOBY Drive ALFREDTON 3350
53313864945,27 ETHIO Street TARNEIT 3029
53313865027,11 GALLIC Way HUNTLY 3551
53313865051,22 RIVULET Road BONSHAW 3352
53313865084,20 KALAMUNDRA Drive WERRIBEE 3030
53313865110,3 SAANICH Drive WYNDHAM VALE 3024
53313865134,15 PALLADIAN Avenue CHARLEMONT 3217
53313865150,6 TUPPAL Drive WYNDHAM VALE 3024
53313865183,6 COOLALEE Street ROCKBANK 3335
53313865218,4 BULLAWAH Road GREENVALE 3059
53313865240,13 MACADAMIA Way DIGGERS REST 3427
53313865266,9 JUDD Street MANOR LAKES 3024
53313865281,13 CRIB Street TARNEIT 3029
53313865317,13 ROBE Drive MOUNT DUNEED 3217
53313865357,43 SUNNY Street SUNBURY 3429
53313865380,35 SALTGRASS Avenue TARNEIT 3029
53313865408,13 IPSWICH Avenue WERRIBEE 3030
53313865422,34 BALLANRONG Road BONNIE BROOK 3335
53313865456,55 ANAHEIM Avenue HUNTLY 3551
53313865471,19 FARLEIGH Drive TARNEIT 3029
53313865497,9 REDCRAZE Road BONNIE BROOK 3335
53313865547,24 HOROMIDIS Street CHARLEMONT 3217
53313865596,26 MILESI Street CHARLEMONT 3217
53313865654,8 GRAPPENHALL Avenue STRATHTULLOH 3338
53313865679,6 CLEMENTINE Street MADDINGLEY 3340
53313865695,122 MARADONA Boulevard DEANSIDE 3336
53313865753,107 HIGHLINE Boulevard TRUGANINA 3029
53313865786,15 OTTAWA Street TRUGANINA 3029
53313865828,68 JARLATH Drive MAMBOURIN 3024
53313865885,16 VALANCE Street TARNEIT 3029
53313865911,5 SNIPE Drive STRATHTULLOH 3338
53313865935,187 CALLAWAY Street MAMBOURIN 3024
53313865951,24 HOLLIOAKE Drive LUCAS 3350
53313865984,19 WENSLEYDALE Drive ROCKBANK 3335
53313866025,9 HUBBARD Street LUCAS 3350
53313866059,3 PYTHAIS Way CHARLEMONT 3217
53313866074,32 GUNTER Drive TARNEIT 3029
53313866090,56 RAVENSCRAIG Drive STRATHTULLOH 3338
53313866124,44 GREENMONT Road WYNDHAM VALE 3024
53313090919,12 CORDHILL Circuit AINTREE 3336
53313048426,125 SHORTRIDGE Drive LUCAS 3350
53313048856,9 FALLON Street AINTREE 3336
53313049005,72 SHORTRIDGE Drive LUCAS 3350
53313049037,11 RAINIER Drive TRUGANINA 3029
53313049466,40 FLOURISH Drive MOUNT DUNEED 3217
53312911930,20 FLOURISH Drive MOUNT DUNEED 3217
53312911956,37 TERMINUS Street TARNEIT 3029
53312911971,33 TERMINUS Street TARNEIT 3029
53312912259,189 DALEY Street GLENROY 3046
53312912381,31 TERMINUS Street TARNEIT 3029
53312912417,14 SETTLEMENT Road TARNEIT 3029
53312913101,14 JERNIGAN Road TARNEIT 3029
53312917687,26 CABANE Circuit MOUNT DUNEED 3217
53312918067,3A SUSSEX Street MOONEE PONDS 3039
53312918090,83 BINDI Street GLENROY 3046
53312918388,13 BUTLER Court BACCHUS MARSH 3340
53312918406,11 BUTLER Court BACCHUS MARSH 3340
53312918850,4 KATHLEEN Street WEST FOOTSCRAY 3012
53312918875,12B LAURISTON Street KYNETON 3444
53312919287,19 DERRIBONG Way CLIFTON SPRINGS 3222
53313009918,98A ASBURY Street OCEAN GROVE 3226
53313010172,34 TALLIS Street NORLANE 3214
53313010221,40 STELLING Drive LUCAS 3350
53313010445,13 MCCRACKEN Avenue PASCOE VALE 3044
53313010461,13 MCCRACKEN Avenue PASCOE VALE 3044
53313010552,4 ISLA Avenue GLENROY 3046
53313010577,4 ISLA Avenue GLENROY 3046
53312960423,7 GRANLAND Way LUCAS 3350
53312960829,9 DEVERELL Way WARRNAMBOOL 3280
53312961034,7 WOOLEEN Court HUNTLY 3551
53312961159,2 TASSELL Street TORQUAY 3228
53312961174,26 NOORDENNE Avenue SEAHOLME 3018
53312961308,33 GROWTH Drive WEIR VIEWS 3338
53312961364,53 VALIANT Road SMYTHES CREEK 3351
53312961463,2 JERNIGAN Road TARNEIT 3029
53312966296,21 FLOURISH Drive MOUNT DUNEED 3217
53312966395,1 ESCOTT Road AINTREE 3336
53312967228,45 PARRAMATTA Road WERRIBEE 3030
53312919725,7 BALTIC Walk CRAIGIEBURN 3064
53312973400,5 BRIGHT Street TORQUAY 3228
53312973473,10 SIMS Street PASCOE VALE 3044
53312973509,6 MELWOOD Court MEADOW HEIGHTS 3048
53313011601,22 CONIFER Avenue BROOKLYN 3012
53313011633,22 CONIFER Avenue BROOKLYN 3012
53313012012,36 RIHANNA Street GREENVALE 3059
53313059993,14 ZIRCON Street ALFREDTON 3350
53313060093,7 AYERS Court TAYLORS LAKES 3038
53312961975,44A HEATHER Avenue KEILOR EAST 3033
53313015619,60 MASTERS Way MOOLAP 3224
53313015682,27 WATERBIRD Circuit WEIR VIEWS 3338
53313015989,139-161 ASBURY Street OCEAN GROVE 3226
53313016292,14 RANCE Road DELACOMBE 3356
53313016326,14 RANCE Road DELACOMBE 3356
53313016375,14B ROCHESTER Street BRAYBROOK 3019
53313016540,4 ARID Close FRASER RISE 3336
53313016797,7 MIDGARD Street TRUGANINA 3029
53312967402,153 MELBOURNE Avenue GLENROY 3046
53312967426,58 PARKFRONT Crescent ROXBURGH PARK 3064
53312967442,23 ADVENTURE Crescent ROXBURGH PARK 3064
53312967533,49 METHERALL Street SUNSHINE NORTH 3020
53312967757,60 CLYDESDALE Drive BONSHAW 3352
53312968770,11 BEST Drive DEANSIDE 3336
53312968937,19 CUTHBERT Street NIDDRIE 3042
53312973788,27 HORSESHOE Circuit BACCHUS MARSH 3340
53312973806,24 WORN Road CHARLEMONT 3217
53312974218,10 BUTLER Court BACCHUS MARSH 3340
53312974380,60 RESTFUL Way ROCKBANK 3335
53312974570,36 STERLING Drive KEILOR EAST 3033
53312974646,213 MELBOURNE Road RIPPLESIDE 3215
53312974737,9 NOORDENNE Avenue SEAHOLME 3018
53312974860,21 WORN Road CHARLEMONT 3217
53313060714,7 MCCUBBIN Street HUNTLY 3551
53313060762,5 WARRIGAL Drive AINTREE 3336
53313060861,17 LUGANO Avenue ALFREDTON 3350
53313061249,12 OSWIN Street MADDINGLEY 3340
53313061348,4 FALLON Street AINTREE 3336
53313017134,3 HORSERADISH Walk TRUGANINA 3029
53313017357,67 ESSEX Street PASCOE VALE 3044
53313017372,67 ESSEX Street PASCOE VALE 3044
53313017507,19 BEST Drive DEANSIDE 3336
53313017539,23 VANGUARD Crescent POINT COOK 3030
53313017705,17A WEEMALA Avenue DELACOMBE 3356
53313017836,43 GROWTH Drive WEIR VIEWS 3338
53313022843,128 SHORTRIDGE Drive LUCAS 3350
53313022975,75 BELVEDERE Drive TRUGANINA 3029
53313023000,73 BELVEDERE Drive TRUGANINA 3029
53313023379,1 MAYO Street ALFREDTON 3350
53313023593,32 RAINIER Drive TRUGANINA 3029
53313023627,14A HARRIS Street ALTONA NORTH 3025
53313023924,9 WEINSTOCK Road TRUGANINA 3029
53313024115,34 PARROT Drive WEIR VIEWS 3338
53313024294,10 PALMYRA Street GREENVALE 3059
53312975454,16 CAIN Court ALTONA 3018
53312975891,15 BEST Drive DEANSIDE 3336
53312976148,11 MIDGARD Street TRUGANINA 3029
53313029816,32 MISTEN Avenue ALTONA NORTH 3025
53313029848,28 MISTEN Avenue ALTONA NORTH 3025
53313030047,26A MISTEN Avenue ALTONA NORTH 3025
53313030236,15 WILLS Street WESTMEADOWS 3049
53313061934,29A ELDORADO Crescent MEADOW HEIGHTS 3048
53313061968,15 HONEY EATER Drive WINTER VALLEY 3358
53313062048,30 FLOURISH Drive MOUNT DUNEED 3217
53313062071,4 NOONAN Street HUNTLY 3551
53313062147,5 AVAWARD Street WYNDHAM VALE 3024
53313062352,1 TARRAN Street LAVERTON 3028
53313062674,12 LUGANO Avenue ALFREDTON 3350
53313062831,69 MAYNE Street SUNSHINE WEST 3020
53313062865,52 VIEW Street PASCOE VALE 3044
53313062880,52 VIEW Street PASCOE VALE 3044
53313062930,2259D MELTON Highway MELTON 3337
53313018967,46 ALTEZZE Drive TRUGANINA 3029
53313066180,94 NOGA Avenue KEILOR EAST 3033
53313066207,19 LEITRIM Street ALFREDTON 3350
53313066437,12 LANGDON Drive WYNDHAM VALE 3024
53313066676,52 MOORE Way LUCAS 3350
53313066742,29 RIHANNA Street GREENVALE 3059
53313066775,9 TEASDALE Avenue LUCAS 3350
53313066833,14B LAWRENCE Street ARDEER 3022
53313024502,66A BEACH Road TORQUAY 3228
53313024534,16A ADENEY Street YARRAVILLE 3013
53313024619,12A LAURICELLA Avenue KEILOR EAST 3033
53313025046,18 AMAK Grove TRUGANINA 3029
53313025863,4 RED WATTLE Way GREENVALE 3059
53313025987,1 SUPREME Avenue GREENVALE 3059
53313026028,140 SHORTRIDGE Drive LUCAS 3350
53312894200,15 FLOURISH Drive MOUNT DUNEED 3217
53312894976,5 BANNISTER Street NORTH BENDIGO 3550
53312899892,5 BUTLER Court BACCHUS MARSH 3340
53312900025,126 CARDINAL Road GLENROY 3046
53312900248,719 PASCOE VALE Road GLENROY 3046
53312900271,50 OAKDENE Grove ALTONA MEADOWS 3028
53312900545,34 RUISLIP Avenue STRATHTULLOH 3338
53313066918,11 DANAE Street GLENROY 3046
53313066932,11 DANAE Street GLENROY 3046
53313066958,11 DANAE Street GLENROY 3046
53313066981,10 FENACRE Street STRATHMORE 3041
53313067120,4 HALLCROFT Road GREENVALE 3059
53313067277,16 ASPIRING Drive HUNTLY 3551
53313067293,16 BOURNE Boulevard DENNINGTON 3280
53313067351,9 BICKERTON Street WERRIBEE 3030
53313067590,12 NABRO Street TRUGANINA 3029
53313067699,16 NABRO Street TRUGANINA 3029
53313067808,18 MAHER Street FAWKNER 3060
53313068136,7 RANCE Road DELACOMBE 3356
53313068210,1 HYAMS Way TRUGANINA 3029
53313026151,139 SHORTRIDGE Drive LUCAS 3350
53313026274,2 CASHIN Court MELTON 3337
53313026381,447 GORDON Street MARIBYRNONG 3032
53313072138,17A RYDER Street NIDDRIE 3042
53313072311,18 SOCORRO Way TRUGANINA 3029
53313072848,8 KYEAMBA Circuit BACCHUS MARSH 3340
53313073226,40 GEMINI Crescent TRUGANINA 3029
53313073242,36 GEMINI Crescent TRUGANINA 3029
53313073268,30 GEMINI Crescent TRUGANINA 3029
53313073291,26 GEMINI Crescent TRUGANINA 3029
53312948252,29 SEVES Street ALTONA 3018
53312948640,12 DUDLEY Street FOOTSCRAY 3011
53312949104,1 GALVIN Street ALTONA 3018
53312949523,10 HICKMAN Street BALLARAT CENTRAL 3350
53312901279,32 CONNELL Street GLENROY 3046
53312901626,3 PINNACLE POINT Road BACCHUS MARSH 3340
53312902234,28 ELIZABETH Street FAWKNER 3060
53312902250,35 EMMA Street FAWKNER 3060
53312902755,25 GROWTH Drive WEIR VIEWS 3338
53313068325,7 BOURNE Boulevard DENNINGTON 3280
53313068879,9 CORK Street ALFREDTON 3350
53313068895,64 SHORTRIDGE Drive LUCAS 3350
53312907143,3 GAVAN Court WERRIBEE 3030
53312907176,3 GAVAN Court WERRIBEE 3030
53312907233,53 STINTON Avenue NEWTOWN 3220
53313073466,7 JAMES Street STRATHMORE 3041
53313073517,164A MILLS Street ALTONA NORTH 3025
53313073531,13 CLOVELLY Avenue GLENROY 3046
53313073565,13 CLOVELLY Avenue GLENROY 3046
53313073622,407 GEELONG Road KINGSVILLE 3012
53313073697,149 MORGAN Street SEBASTOPOL 3356
53313073770,27A RIVER Street MARIBYRNONG 3032
53313074150,8 KANYA Avenue STRATHFIELDSAYE 3551
53313074416,2 ARID Close FRASER RISE 3336
53313074497,198 HIGHLANDER Drive CRAIGIEBURN 3064
53313074515,11 NORMANDE Court ASCOT 3551
53313074588,2 DAGONET Street STRATHMORE 3041
53313074638,498 MAIN Road ST ALBANS 3021
53313074737,393 BLACK FOREST Road WERRIBEE 3030
53312950291,617 TARNEIT Road HOPPERS CROSSING 3029
53312950325,617 TARNEIT Road HOPPERS CROSSING 3029
53312950341,617 TARNEIT Road HOPPERS CROSSING 3029
53312950382,4A ADENEY Street YARRAVILLE 3013
53312950854,22 FLOURISH Drive MOUNT DUNEED 3217
53312950887,25 CLYDE Street NEWPORT 3015
53312951175,9 WORN Road CHARLEMONT 3217
53312955903,36 WILSON Crescent HOPPERS CROSSING 3029
53312955935,96 SAUNDERS Street COBURG 3058
53312955951,30 LAKE Street WENDOUREE 3355
53312956074,30 AZOLLA Avenue WERRIBEE 3030
53312956181,11 SUNBEAM Street OCEAN GROVE 3226
53312956925,7 MIKADO Street HADFIELD 3046
53312907324,26A DUNEDIN Street MAIDSTONE 3012
53312907845,16 FLOURISH Drive MOUNT DUNEED 3217
53312907894,61 PAGET Avenue GLENROY 3046
53312907912,61 PAGET Avenue GLENROY 3046
53312908167,32 MILLER Street COLAC 3250
53312908190,41 FIRST Avenue STRATHMORE 3041
53312908265,21A BROOKE Street WOODEND 3442
53313074911,1 MURNANE Mews TRUGANINA 3029
53312913439,29 RENNISON Street BRAYBROOK 3019
53312913546,2B TRUSCOTT Street HADFIELD 3046
53312913579,125 MELROSE Drive TULLAMARINE 3043
53312914270,26 FLOURISH Drive MOUNT DUNEED 3217
53312914354,12 LIGHTWOOD Road LARA 3212
53313005329,9 GUNNERSBURY Road WYNDHAM VALE 3024
53313005493,74 GREENHILLS Drive KURUNJANG 3337
53313005642,70 BLANCHE Street ARDEER 3022
53313005800,57 ATLANTIS Drive POINT COOK 3030
53312957170,172 SPENCER Street ESSENDON 3040
53312958186,21 RACHELLE Road KEILOR EAST 3033
53312962336,53A ATHOL Street MOONEE PONDS 3039
53312962360,97 WINIFRED Street OAK PARK 3046
53312962542,14 MORAY Street FAWKNER 3060
53312962625,72 GLEN Street GLENROY 3046
53312914651,30 AZOLLA Avenue WERRIBEE 3030
53312914684,30 AZOLLA Avenue WERRIBEE 3030
53312914710,30 AZOLLA Avenue WERRIBEE 3030
53312914859,2 NORMANDE Court ASCOT 3551
53312915294,47 CABANE Circuit MOUNT DUNEED 3217
53312915740,2 WATERBIRD Circuit WEIR VIEWS 3338
53313006369,17 ALTO Crescent GREENVALE 3059
53313006468,18 CAULONIA Drive TRUGANINA 3029
53313006780,29A INKERMAN Street MAIDSTONE 3012
53313006856,103 WEMBLEY Avenue STRATHTULLOH 3338
53313006907,7 KIEWA Crescent DALLAS 3047
53313007127,21 RESTFUL Way ROCKBANK 3335
53313007480,6 PLUMSTEAD Street WYNDHAM VALE 3024
53313007556,6 LUGANO Avenue ALFREDTON 3350
53313007663,73 CORANGAMITE Street COLAC 3250
53313007787,1 MOONEE Street ASCOT VALE 3032
53313007805,1 MOONEE Street ASCOT VALE 3032
53313007878,16A HAWKHURST Street YARRAVILLE 3013
53313012225,7 AYLESBURY Terrace WERRIBEE 3030
53313012417,7 EARHART Street DIGGERS REST 3427
53313012465,43 KYEAMBA Circuit BACCHUS MARSH 3340
53313012571,7 PALMYRA Street GREENVALE 3059
53313013075,10 THOMAS Street LAVERTON 3028
53313013091,10 THOMAS Street LAVERTON 3028
53313013421,14 WATERBIRD Circuit WEIR VIEWS 3338
53313013629,85 GRAINGER Parade LUCAS 3350
53313013835,47A ANGLISS Street YARRAVILLE 3013
53312963194,47 WOOD Street AVONDALE HEIGHTS 3034
53312963599,15 CALIGARI Way ALFREDTON 3350
53312964004,35 ST RAPHAEL Street AVONDALE HEIGHTS 3034
53312964028,62 DERBY Street MOONEE PONDS 3039
53312916391,65 CENTRAL Avenue TORQUAY 3228
53312969620,5 HYAMS Way TRUGANINA 3029
53312969745,19A CUTHBERT Street NIDDRIE 3042
53312969786,12 SYDNEY Street ALBION 3020
53312969804,12 LANHAM Street LUCAS 3350
53312969976,72 GLEN Street GLENROY 3046
53312970027,38 SWALLOW Crescent NORLANE 3214
53313008002,104 ASHLEY Street MAIDSTONE 3012
53313008026,4A CAIN Court ALTONA 3018
53313008119,21 HODGSON Street OCEAN GROVE 3226
53313008141,31 ROCKBANK Road ARDEER 3022
53313008257,12 MOULSDALE Way AINTREE 3336
53313057030,1 THE CRESCENT  ASCOT VALE 3032
53313057064,3A THE CRESCENT  ASCOT VALE 3032
53313057213,3 TAO Circuit GREENVALE 3059
53313057492,124 SHORTRIDGE Drive LUCAS 3350
53313057625,2 EMPRESS Street WYNDHAM VALE 3024
53313057641,3 EMPRESS Street WYNDHAM VALE 3024
53313057718,1 NORMANDE Court ASCOT 3551
53313057740,151 GRIEVE Parade ALTONA 3018
53313057781,9 TAO Circuit GREENVALE 3059
53313013851,445 BELL Street PASCOE VALE SOUTH 3044
53313013876,445 BELL Street PASCOE VALE SOUTH 3044
53313013902,445 BELL Street PASCOE VALE SOUTH 3044
53313014032,11 MOULSDALE Way AINTREE 3336
53313014255,31 WARRIGAL Drive AINTREE 3336
53313014453,60 WIRELESS Drive AINTREE 3336
53313014504,14 WENLYAN Drive GREENVALE 3059
53313014882,3 ETHEL Street OAK PARK 3046
53313014918,3 ETHEL Street OAK PARK 3046
53313015089,15 GREGORY Street OAK PARK 3046
53313015107,15 GREGORY Street OAK PARK 3046
53313015253,12 ALTO Crescent GREENVALE 3059
53312964472,32 ENDURANCE Way POINT COOK 3030
53312964688,8A LANTANA Avenue HAMLYN HEIGHTS 3215
53313019279,24B YARAAN Street BELL PARK 3215
53313019329,68 MAY Street ALTONA NORTH 3025
53312970662,10 ELLSON Street AINTREE 3336
53312970737,19 SILVER LEAF Way WINTER VALLEY 3358
53312970893,56 ALBERT Drive MELTON SOUTH 3338
53312970911,6A MARSDEN Avenue PASCOE VALE SOUTH 3044
53312970992,38 SWALLOW Crescent NORLANE 3214
53312971216,23 KATRINA Drive BURNSIDE HEIGHTS 3023
53312971315,17 FLOURISH Drive MOUNT DUNEED 3217
53312971446,15 SILVER LEAF Way WINTER VALLEY 3358
53312971925,3 MCCRACKEN Avenue PASCOE VALE 3044
53312972007,213 MELBOURNE Road RIPPLESIDE 3215
53313057872,33 WATERBIRD Circuit WEIR VIEWS 3338
53313058079,39 WARRIGAL Drive AINTREE 3336
53313058203,12 KITCHENER Road PASCOE VALE 3044
53313058227,12 KITCHENER Road PASCOE VALE 3044
53313058243,8 NEPTUNE Street ROXBURGH PARK 3064
53313058425,209 BAILEY Street GROVEDALE 3216
53313058441,209 BAILEY Street GROVEDALE 3216
53313058474,209 BAILEY Street GROVEDALE 3216
53313058847,15 NABRO Street TRUGANINA 3029
53313059219,22-26 SYNNOT Street WERRIBEE 3030
53313015476,53 MASTERS Way MOOLAP 3224
53313063235,385 BLACK FOREST Road WERRIBEE 3030
53313063609,10 BANKSIA Court WEST FOOTSCRAY 3012
53313063631,4 BANKSIA Court WEST FOOTSCRAY 3012
53313063748,20 TREMAIN Drive LUCAS 3350
53313063789,3A MICHIGAN Avenue CORIO 3214
53313063870,39 GUNGARLAN Drive KEILOR EAST 3033
53313064201,45 HADLEY Street CHARLEMONT 3217
53313019866,24 RIHANNA Street GREENVALE 3059
53313020170,53 TENBURY WELLS Avenue DRYSDALE 3222
53313021062,11 LEUNIG Place FOOTSCRAY 3011
53313021243,38A SUSSEX Street SEAHOLME 3018
53313021441,29 NORTH Street AIRPORT WEST 3042
53312972501,4 FANTAIL Street WINTER VALLEY 3358
53313026409,449 GORDON Street MARIBYRNONG 3032
53313026423,445 GORDON Street MARIBYRNONG 3032
53313026548,504 BELL Street REDAN 3350
53313026696,15 HAVELOCK Street MAIDSTONE 3012
53313027082,48 GREVILLEA Drive MOUNT DUNEED 3217
53313027289,50 BURSA Drive WYNDHAM VALE 3024
53313027388,48 BURSA Drive WYNDHAM VALE 3024
53313027414,44 BURSA Drive WYNDHAM VALE 3024
53313059409,18 FALLON Street AINTREE 3336
53313059508,3 BORDEAUX Street AVONDALE HEIGHTS 3034
53313059530,12 AVAWARD Street WYNDHAM VALE 3024
53313059795,26 LUGANO Avenue ALFREDTON 3350
53313059813,24 WENLYAN Drive GREENVALE 3059
53313059886,22B NORTHCOTE Road OCEAN GROVE 3226
53313064423,15 HAYES Road STRATHMORE 3041
53313064589,63 WIRELESS Drive AINTREE 3336
53313064607,65 WIRELESS Drive AINTREE 3336
53313064805,30 LUGANO Avenue ALFREDTON 3350
53313064944,17 PONY Drive GREENVALE 3059
53313065174,16 FANTAIL Street WINTER VALLEY 3358
53313065653,42 BRITANNIA Street GEELONG WEST 3218
53313065678,42 BRITANNIA Street GEELONG WEST 3218
53313065704,42 BRITANNIA Street GEELONG WEST 3218
53313065736,42 BRITANNIA Street GEELONG WEST 3218
53313065760,42 BRITANNIA Street GEELONG WEST 3218
53313022083,39 RAINIER Drive TRUGANINA 3029
53313022322,11 LIM Way AINTREE 3336
53313022371,18 JESSIE Street OAK PARK 3046
53313022514,13A WILLOW Drive AVONDALE HEIGHTS 3034
53313069084,119 SMYTHES Road DELACOMBE 3356
53313069168,30 WARRIGAL Drive AINTREE 3336
53313069183,28 LUGANO Avenue ALFREDTON 3350
53313069218,10 SAPLING Boulevard TARNEIT 3029
53313027604,28 PARAMOUNT Boulevard WYNDHAM VALE 3024
53313027628,17 VANGUARD Crescent POINT COOK 3030
53313027693,10 MOULSDALE Way AINTREE 3336
53313027802,129 SHORTRIDGE Drive LUCAS 3350
53313027967,197 MCKILLOP Street EAST GEELONG 3219
53313028023,144 PASCOE VALE Road MOONEE PONDS 3039
53313028108,7 JUKES Road FAWKNER 3060
53313028386,11 RUSTY Rise BROWN HILL 3350
53313028436,52 BURSA Drive WYNDHAM VALE 3024
53312897006,9 BENNETT Street DRYSDALE 3222
53312897276,184 BUCKLEY Street ESSENDON 3040
53312897979,719 PASCOE VALE Road GLENROY 3046
53312897995,719 PASCOE VALE Road GLENROY 3046
53312898192,35 YORK Street AIRPORT WEST 3042
53312898225,35 YORK Street AIRPORT WEST 3042
53312898241,33 JUSTIN Avenue GLENROY 3046
53312898267,33 JUSTIN Avenue GLENROY 3046
53313065803,11 WONGANELLA Drive KEILOR EAST 3033
53313065876,22 PARAMOUNT Boulevard WYNDHAM VALE 3024
53313065902,8 PARAMOUNT Boulevard WYNDHAM VALE 3024
53313065926,24 PARAMOUNT Boulevard WYNDHAM VALE 3024
53313065942,18 PARAMOUNT Boulevard WYNDHAM VALE 3024
53313065975,20 PARAMOUNT Boulevard WYNDHAM VALE 3024
53313066032,1 BUTLER Court BACCHUS MARSH 3340
53312903323,28 CABANE Circuit MOUNT DUNEED 3217
53312903588,39 BEATTY Avenue GLENROY 3046
53312903852,12 GROWTH Drive WEIR VIEWS 3338
53312904118,24 DISTINCTION Avenue CRAIGIEBURN 3064
53313069448,41 RESTFUL Way ROCKBANK 3335
53313069563,7 SCARLET Walk TARNEIT 3029
53313069654,23A HANSON Street NIDDRIE 3042
53313069893,17 CUTHBERT Street BROADMEADOWS 3047
53313069927,21 ERNEST Street BROADMEADOWS 3047
53313069969,202 LYDIARD Street SOLDIERS HILL 3350
53313070003,33 BORBOLETA Street TARNEIT 3029
53313070076,16 CHURCHILL Avenue MAIDSTONE 3012
53313070372,62 SHORTRIDGE Drive LUCAS 3350
53313070448,12 GALACTIC Avenue STRATHFIELDSAYE 3551
53313029187,23 GREGORY Street OAK PARK 3046
53313029212,2 GREENRANGE Vista ROXBURGH PARK 3064
53313029327,25A LLOYD Street STRATHMORE 3041
53313075505,127 SHORTRIDGE Drive LUCAS 3350
53313075604,21 FLAGSTONE Street WERRIBEE 3030
53313075693,52 ALTEZZE Drive TRUGANINA 3029
53312899167,5 WARATAH Street WEST FOOTSCRAY 3012
53312899182,5 WARATAH Street WEST FOOTSCRAY 3012
53312899272,126 CARDINAL Road GLENROY 3046
53312904388,14 GROWTH Drive WEIR VIEWS 3338
53312904875,8 GROWTH Drive WEIR VIEWS 3338
53312905214,10 DUNEVIEW Drive OCEAN GROVE 3226
53312905262,58 WOOD Street AVONDALE HEIGHTS 3034
53312905295,58A WOOD Street AVONDALE HEIGHTS 3034
53313071355,2 CLOVER Drive ROCKBANK 3335
53313071388,6 THACKERAY Drive WARRNAMBOOL 3280
53313071868,1 FOX Court JACANA 3047
53313071891,21 VIEW Street PASCOE VALE 3044
53313076197,65 DAWNVIEW Crescent ROXBURGH PARK 3064
53313076691,6 CORDHILL Circuit AINTREE 3336
53313076733,4 AMAK Grove TRUGANINA 3029
53313077145,28 RIHANNA Street GREENVALE 3059
53312952626,59 VALIANT Road SMYTHES CREEK 3351
53312952957,65 GROWTH Drive WEIR VIEWS 3338
53312953277,20 ROSE GUM Circuit BELLBRAE 3228
53312953567,14 MIDGARD Street TRUGANINA 3029
53312906285,22 ALMOND Avenue BROOKLYN 3012
53312906311,3 TALLINN Street BELL PARK 3215
53312906335,3 TALLINN Street BELL PARK 3215
53312906384,1 CUPAR Place GREENVALE 3059
53312959052,22 SHADFORTH Street WESTMEADOWS 3049
53312959176,6 COLLINGS Court PASCOE VALE 3044
53312959192,27 ENDURANCE Way POINT COOK 3030
53312959274,3 LANHAM Street LUCAS 3350
53312959290,5 LANHAM Street LUCAS 3350
53312959324,9 HONEY EATER Drive WINTER VALLEY 3358
53312910932,5 TRANQUIL Road AINTREE 3336
53312911286,78 HOTHAM Road NIDDRIE 3042
53312911304,78 HOTHAM Road NIDDRIE 3042
53313077441,81 VALIANT Road SMYTHES CREEK 3351
53313077540,5 KYEAMBA Circuit BACCHUS MARSH 3340
53313077815,10 WARATAH Street WEST FOOTSCRAY 3012
53313077847,10 WARATAH Street WEST FOOTSCRAY 3012
53313077979,31-33 DAVIES Street HADFIELD 3046
53313077995,31-33 DAVIES Street HADFIELD 3046
53313078044,85B POWELL Street OCEAN GROVE 3226
53312954432,19 ROSE GUM Circuit BELLBRAE 3228
53312954458,32 ROSE GUM Circuit BELLBRAE 3228
53312954473,28 ROSE GUM Circuit BELLBRAE 3228
53312954630,3 JERSEY Court BELMONT 3216
53312954656,78 WINDERMERE Way CARDIGAN VILLAGE 3352
53312954721,61 MCCLELLAND Street BELL PARK 3215
53312954937,10 CURIE Avenue OAK PARK 3046
53313008661,40 CROPLEY Crescent LAVERTON 3028
53313384480,2 NOZAWA Street WINTER VALLEY 3358
53313384522,17 SCAEVOLA Road CRAIGIEBURN 3064
53313384589,26 DURWARD Avenue MADDINGLEY 3340
53313384639,55 LAFLIN Avenue TARNEIT 3029
53313384655,11 HIMALAYAS Street TRUGANINA 3029
53313384688,22 SUMAR Drive CRAIGIEBURN 3064
53313384886,12 LANGER Road DEANSIDE 3336
53313384904,10 WICKLOW Drive MELTON SOUTH 3338
53313384928,34 MCLEOD Crescent LUCAS 3350
53313384952,45 BUCHANAN Boulevard ARMSTRONG CREEK 3217
53313384985,2 CARFIN Circuit THORNHILL PARK 3335
53313385050,22 GIBSONS Circuit BONNIE BROOK 3335
53313385083,53 BOUQUET Circuit DIGGERS REST 3427
53313385119,50 FLAGSTAFF Street ARMSTRONG CREEK 3217
53313385141,11 SOUTHLANDS Loop STRATHTULLOH 3338
53313385182,25 STILO Crescent TRUGANINA 3029
53313385217,3 KARAKUL Street MAMBOURIN 3024
53313385249,27 STILO Crescent TRUGANINA 3029
53313385272,30 CONSTANT Avenue WERRIBEE 3030
53313385316,10 BRISBANE Street LARA 3212
53313385348,294A BLACKSHAWS Road ALTONA NORTH 3025
53313385364,286 BLACKSHAWS Road ALTONA NORTH 3025
53313385389,288 BLACKSHAWS Road ALTONA NORTH 3025
53313385415,290 BLACKSHAWS Road ALTONA NORTH 3025
53313385439,292 BLACKSHAWS Road ALTONA NORTH 3025
53313385488,39 LYNWOOD Drive THORNHILL PARK 3335
53313385514,10 SANDSPIT Walk ARMSTRONG CREEK 3217
53313385546,13 PIANA Road FRASER RISE 3336
53313385587,42 LUGANO Avenue ALFREDTON 3350
53313385645,44 SAMUEL Road WEIR VIEWS 3338
53313385678,4 VASTU Street WERRIBEE 3030
53313385694,15 TELOPEA Street MOUNT DUNEED 3217
53313385744,49 STEELE Street MOONEE PONDS 3039
53313385777,5 EUCALYPTUS Street JACKASS FLAT 3556
53313385827,15 WATTLEBIRD Drive KURUNJANG 3337
53313385843,13 ASTRONOMY Street GREENVALE 3059
53313343981,16 BELDI Street ALFREDTON 3350
53313344016,88 ALCOCK Road TRUGANINA 3029
53313344048,82 ALCOCK Road TRUGANINA 3029
53313344064,86 ALCOCK Road TRUGANINA 3029
53313344089,22 FARRIER Boulevard FRASER RISE 3336
53313344115,29 SEASCAPE Drive OCEAN GROVE 3226
53313344205,8 FRIENDSHIP Place TARNEIT 3029
53313344229,9 SEASCAPE Drive OCEAN GROVE 3226
53313344253,10 FRIENDSHIP Place TARNEIT 3029
53313344312,12 CORNFLOWER Way MOUNT DUNEED 3217
53313344352,24 FRIENDSHIP Place TARNEIT 3029
53313344385,1 STONEMORE Road CARDIGAN 3352
53313344403,14 FRIENDSHIP Place TARNEIT 3029
53313344427,12 FRIENDSHIP Place TARNEIT 3029
53313344476,4 CANARY Court LOVELY BANKS 3213
53313344526,28 REJOICE Street TARNEIT 3029
53313344550,4 RAMP Place LEOPOLD 3224
53313390110,10 PEMBERTON Street MOUNT DUNEED 3217
53313390134,1 NARRAWONG Avenue HIGHTON 3216
53313390168,6 BRIDLE Street MINERS REST 3352
53313390191,8 LEITRIM Street ALFREDTON 3350
53313390224,6 SANDPIPER Avenue WINTER VALLEY 3358
53313390240,52 CROWTHER Drive LUCAS 3350
53313390317,18 SKYPAC Drive TRUGANINA 3029
53313390331,60 WARUNDA Parade POINT COOK 3030
53313390365,61 HARRINGTON Terrace ST LEONARDS 3223
53313390471,1 PHIPPS Road WERRIBEE 3030
53313390521,14 RESPECT Way TARNEIT 3029
53313390679,75 GAWAN Loop COBURG NORTH 3058
53313390705,12 SINOPIA Street TARNEIT 3029
53313390737,5 NOTTING Walk WYNDHAM VALE 3024
53313390761,1 NOTTING Walk WYNDHAM VALE 3024
53313390786,89 COSGROVE Drive MADDINGLEY 3340
53313390804,58 FLEURIEU Circuit ARMSTRONG CREEK 3217
53313390836,56 VILLETTE Avenue TARNEIT 3029
53313390852,22 AMPERSAND Boulevard TRUGANINA 3029
53313390877,13 PETUNIA Way FRASER RISE 3336
53313390903,113 CARROLL Lane GREENVALE 3059
53312979902,15 HENRY Street ST ALBANS 3021
53312979926,15 HENRY Street ST ALBANS 3021
53312979991,70 VALIANT Road SMYTHES CREEK 3351
53312980034,7 DACELO Avenue BROADMEADOWS 3047
53312933189,101 WALKER Street SEBASTOPOL 3356
53312933386,1 HIMALAYA Drive DIGGERS REST 3427
53312933668,34 CABANE Circuit MOUNT DUNEED 3217
53313385902,43 MADIGAN Road LANCEFIELD 3435
53313385926,62 CROWTHER Drive LUCAS 3350
53313385950,155 FLINDERS Avenue LARA 3212
53313385975,10 BIBURY Street LARA 3212
53313385991,13 CHAMBERLAIN Drive ARMSTRONG CREEK 3217
53313386024,20 MIANDAD Street ROCKBANK 3335
53313386123,18 PECHORA Street TRUGANINA 3029
53313386157,6 ANNA Road FRASER RISE 3336
53313386180,8 MUSTANG Circuit BONNIE BROOK 3335
53313386215,24 BROWNLEE Boulevard WINTER VALLEY 3358
53313386239,10 KELMSCOTT Way WERRIBEE 3030
53313386314,10 CARDAMON Street ARMSTRONG CREEK 3217
53313386684,31 TELOPEA Road CRAIGIEBURN 3064
53313386710,55 ARNOLD Circuit CHARLEMONT 3217
53313386924,29 TERRACOTTA Avenue TARNEIT 3029
53313432289,28 PROVINCIAL Circuit DEANSIDE 3336
53313432406,20 RIVERSIDE Place BROWN HILL 3350
53313432420,14 RIVERSIDE Place BROWN HILL 3350
53313432454,5 RIVERSIDE Place BROWN HILL 3350
53313432487,17 RIVERSIDE Place BROWN HILL 3350
53313432513,8 RIVERSIDE Place BROWN HILL 3350
53313432537,9 RIVERSIDE Place BROWN HILL 3350
53313432553,4 RIVERSIDE Place BROWN HILL 3350
53313432586,2 RIVERSIDE Place BROWN HILL 3350
53313390927,11 LOUIE Street DEANSIDE 3336
53313391033,20 PEMBERTON Street MOUNT DUNEED 3217
53313391059,304 BOUNDARY Road MOUNT DUNEED 3217
53313391100,31 ERASMUS Avenue CRAIGIEBURN 3064
53313391132,2 TOBOL Street TRUGANINA 3029
53313391208,29 ERASMUS Avenue CRAIGIEBURN 3064
53313391230,4 WINTON Drive FRASER RISE 3336
53313391339,22 PEMBERTON Street MOUNT DUNEED 3217
53313391454,4 KINTAI Street CRAIGIEBURN 3064
53313391479,24 GILA Way TRUGANINA 3029
53313391537,7 BRISBANE Street LARA 3212
53313391636,57 CROWTHER Drive LUCAS 3350
53313391693,27 PLENITUDE Road TARNEIT 3029
53313391769,834 SAYERS Road TARNEIT 3029
53313391850,9 GREENPOINT Drive ROCKBANK 3335
53313391891,13 PLYMOUTH Way SMYTHES CREEK 3351
53313391941,19 GRETTA Street SMYTHES CREEK 3351
53313392039,26 VALROSE Road CHARLEMONT 3217
53313392063,19 ROOSEVELT Drive ROCKBANK 3335
53313392146,5 BONAVIA Street DEANSIDE 3336
53313392195,31 OMETEPE Walk CRAIGIEBURN 3064
53313392277,14 BLIGH Street CHARLEMONT 3217
53313392327,101 RESTFUL Way ROCKBANK 3335
53313392369,10 MERCY Street TRUGANINA 3029
53312981081,21 SUNSET Boulevard JACANA 3047
53312981684,21 HOLMAN Crescent BACCHUS MARSH 3340
53312981874,12 WENLYAN Drive GREENVALE 3059
53312982203,22 HUNTER Road ALTONA NORTH 3025
53312982375,9 WESTBURY Boulevard MAIDEN GULLY 3551
53312987234,15 STENNIS Street PASCOE VALE 3044
53312987424,1 WEINSTOCK Road TRUGANINA 3029
53312987509,5 BEST Drive DEANSIDE 3336
53312987715,1 HARCOMBE Crescent TORQUAY 3228
53312987820,22 HONEY EATER Drive WINTER VALLEY 3358
53312988317,10 JOHN Street OAK PARK 3046
53312988349,10 JOHN Street OAK PARK 3046
53312988372,10 TULIP Street NORLANE 3214
53312988398,10 TULIP Street NORLANE 3214
53312988448,101 HOLTS Lane DARLEY 3340
53312988521,19 HOLMAN Crescent BACCHUS MARSH 3340
53312988570,106 MOUNT PLEASANT Road BELMONT 3216
53312988679,5 EATON Parade LAVERTON 3028
53312988695,5 EATON Parade LAVERTON 3028
53312988903,12 PADLEY Street ST ALBANS 3021
53312988943,16 PADLEY Street ST ALBANS 3021
53312988976,10 PADLEY Street ST ALBANS 3021
53313432644,17 ACKERMAN Street ARMSTRONG CREEK 3217
53313432660,31 NORTHWATTLE Crescent CORIO 3214
53313432685,1 ROWANDS Street MOUNT DUNEED 3217
53313432735,9 FARGO Street THORNHILL PARK 3335
53313432826,10 HEYSEN Way HUNTLY 3551
53313432850,15 THRUMS Road MAMBOURIN 3024
53313432883,14 RICHARD Court CRESWICK 3363
53313432919,25 FRONTIER Circuit TARNEIT 3029
53313432933,14 BUKOVO Street TARNEIT 3029
53313432959,15 FLEURIEU Circuit ARMSTRONG CREEK 3217
53313432982,6 MELIA Street STRATHFIELDSAYE 3551
53313433049,4 SCAEVOLA Road CRAIGIEBURN 3064
53313433065,80 EAGLE Road ARMSTRONG CREEK 3217
53313433080,25 WALLANGARA Boulevard HARKNESS 3337
53313433171,3 WARDELL Street TARNEIT 3029
53313433197,22 VERDALE Drive ALFREDTON 3350
53313433246,32 CHLOE Street TARNEIT 3029
53313433262,97 BONNIEBROOK Road BONNIE BROOK 3335
53313433287,6 BAND Street SUNBURY 3429
53313433313,13 SCOTTSDALE Street CHARLEMONT 3217
53313433337,61 CORIDALE Boulevard LARA 3212
53313433353,46 HILLVIEW Road GREENVALE 3059
53313433386,3 LIPIZZAN Crescent TAYLORS LAKES 3038
53313433412,28 KENNARD Grove CHARLEMONT 3217
53313433460,18 ERASMUS Avenue CRAIGIEBURN 3064
53313433485,65 CORIDALE Boulevard LARA 3212
53313433511,14 GORKHA Way WERRIBEE 3030
53313433642,33 BUICK Road SMYTHES CREEK 3351
53313433675,61 ABERDEEN Drive JUNORTOUN 3551
53313433701,35 HARKNESS Road MADDINGLEY 3340
53313433725,25 SHACKELL Street COBURG 3058
53313433741,29 SHACKELL Street COBURG 3058
53313433774,7 MOUAT Street SAILORS GULLY 3556
53313433790,29 NORTHWATTLE Crescent CORIO 3214
53313433840,27 GOSFIELD Drive WERRIBEE 3030
53313433972,15 CORREA Street MOUNT DUNEED 3217
53313433998,3 ELM Drive FRASER RISE 3336
53313030260,15 WILLS Street WESTMEADOWS 3049
53313030369,60 LEANDER Street FOOTSCRAY 3011
53313030384,11 MORAY Street FAWKNER 3060
53313030434,30 MISTEN Avenue ALTONA NORTH 3025
53313031160,23 ALTO Crescent GREENVALE 3059
53313031301,8B BARNETT Street SUNSHINE 3020
53313031424,2 MURNANE Mews TRUGANINA 3029
53313031739,3 WILLIAM COOPER Street MARIBYRNONG 3032
53313031755,9 WILLIAM COOPER Street MARIBYRNONG 3032
53313031770,11 WILLIAM COOPER Street MARIBYRNONG 3032
53313031806,17 WILLIAM COOPER Street MARIBYRNONG 3032
53312983093,33 KYEAMBA Circuit BACCHUS MARSH 3340
53313036885,68 WIRELESS Drive AINTREE 3336
53313037131,55 WIRELESS Drive AINTREE 3336
53313037918,19 LAHINCH Street BROADMEADOWS 3047
53313038097,47 RAINIER Drive TRUGANINA 3029
53312989074,50 RESTFUL Way ROCKBANK 3335
53312989959,24 FLOURISH Drive MOUNT DUNEED 3217
53312989982,10A THE BROADWAY  ALTONA NORTH 3025
53312990118,20 GUIDANCE Way TARNEIT 3029
53313434047,9 ROLLS Road SMYTHES CREEK 3351
53313434106,7 HEMSWORTH Road WEIR VIEWS 3338
53313434343,24 PLOUGH Drive CURLEWIS 3222
53313434392,2 DAFFODIL Crescent DIGGERS REST 3427
53313434442,8 DAFFODIL Crescent DIGGERS REST 3427
53313434501,7 FORTH Court JUNORTOUN 3551
53313434541,12 CORVO Drive TRUGANINA 3029
53313434574,26 HARKNESS Road MADDINGLEY 3340
53313434772,18 HELENIC Drive GREENVALE 3059
53313434848,142 SHORTRIDGE Drive LUCAS 3350
53313434915,55 SAMUEL Road WEIR VIEWS 3338
53313434939,13 ALUTU Road TRUGANINA 3029
53313434988,2 MOON Crescent DEANSIDE 3336
53313435013,17 AVOCET Way ARMSTRONG CREEK 3217
53313435045,10 MOON Crescent DEANSIDE 3336
53313435061,37 FUCHSIA Drive ROCKBANK 3335
53313435086,14 MOON Crescent DEANSIDE 3336
53313435112,12 SKYPAC Drive TRUGANINA 3029
53313435144,87 NORMANBY Boulevard DEANSIDE 3336
53313435177,81 NORMANBY Boulevard DEANSIDE 3336
53313435210,35 VERDALE Drive ALFREDTON 3350
53313435242,29 JOEY Crescent DEANSIDE 3336
53313290202,20 HALLCROFT Road GREENVALE 3059
53313032118,69 GREVILLEA Drive MOUNT DUNEED 3217
53313032537,63 WEDGE TAIL Drive WINTER VALLEY 3358
53313032802,17 BEACON HILLS Crescent CRAIGIEBURN 3064
53313032875,2 KUNAT Street DEER PARK 3023
53313038377,9 ANNMAREE Road HIGHTON 3216
53313038724,36 TENBURY WELLS Avenue DRYSDALE 3222
53313038865,19 LAHINCH Street BROADMEADOWS 3047
53313038922,27B MOAMA Street BRAYBROOK 3019
53313039145,35 FRONTIER Circuit TARNEIT 3029
53313039368,34 FRONTIER Circuit TARNEIT 3029
53313039467,5 FANTAIL Street WINTER VALLEY 3358
53313039617,54 GREVILLEA Drive MOUNT DUNEED 3217
53313039672,12 COLE Street LAVERTON 3028
53313039722,24 MILAN Street BELL PARK 3215
53313039807,12 HONEY EATER Drive WINTER VALLEY 3358
53313039855,73 GREVILLEA Drive MOUNT DUNEED 3217
53312990513,59 GRANT Street SEBASTOPOL 3356
53312990545,59 GRANT Street SEBASTOPOL 3356
53312990578,36 MAHONEYS Road RIDDELLS CREEK 3431
53313477987,25 MADIGAN Road LANCEFIELD 3435
53313478004,34 JOEY Crescent DEANSIDE 3336
53313478028,11 SUPPER Street SUNBURY 3429
53313478052,11 GINKGO Street FRASER RISE 3336
53313478143,2 ALDAN Way TRUGANINA 3029
53313478169,22 BURBIDGE Street TRUGANINA 3029
53313478192,23 BEARTOOTH Drive WINTER VALLEY 3358
53313478282,49 DANDELION Crescent ROCKBANK 3335
53313478300,40 WARANGAL Way DEANSIDE 3336
53313478366,1 BOLD FRONT Court MINERS REST 3352
53313478417,26 ARRAN Street GISBORNE 3437
53313478465,5 STUBBERFIELD Road TARNEIT 3029
53313478548,806 MORRIS Road TRUGANINA 3029
53313478564,18 CHLOE Street TARNEIT 3029
53313478696,18 BOTANICAL Drive MOUNT DUNEED 3217
53313478795,1035 DOHERTYS Road TARNEIT 3029
53313478813,14 HUTCHINSON Drive LUCAS 3350
53313478861,16 COFFEY Street TARNEIT 3029
53313478928,30 LOGAN Street EYNESBURY 3338
53313478944,32 LOGAN Street EYNESBURY 3338
53313478960,60 VIOLA Drive ROCKBANK 3335
53313478993,25 SHINRONE Drive GISBORNE 3437
53313479026,16 APPALOOSA Avenue TAYLORS LAKES 3038
53313479050,2 PALMASTON Drive GREENVALE 3059
53313479125,28 BENSON Drive WERRIBEE 3030
53313479265,14 RUTHVEN Way MAMBOURIN 3024
53313290418,57 MAMIC Boulevard FRASER RISE 3336
53313290440,14 SCORPIO Road WEIR VIEWS 3338
53313290715,54 DANDELION Crescent ROCKBANK 3335
53313290854,5 PRINCE Street CRESWICK 3363
53313290913,33 SCHEFFLERA Street CRAIGIEBURN 3064
53313290986,13 HILLSBOROUGH Walk CHARLEMONT 3217
53313291092,25 SCORPIO Road WEIR VIEWS 3338
53313291200,21 STEVO Way FRASER RISE 3336
53313291224,22 CHERISH Drive TARNEIT 3029
53313291273,11 LILYBLOOM Way FRASER RISE 3336
53313291317,7 CHERRY Avenue ALTONA NORTH 3025
53313291489,40 CHISHOLM Street MARYBOROUGH 3465
53313291563,18 MEADOWS Drive DEANSIDE 3336
53313291596,19 EVANS Way LUCAS 3350
53313291654,23 RICKY Parade ARMSTRONG CREEK 3217
53313291695,34 COOK Road MELTON SOUTH 3338
53313078639,52 LAHINCH Street BROADMEADOWS 3047
53313078813,9 FANTAIL Street WINTER VALLEY 3358
53313078985,18 CORDHILL Circuit AINTREE 3336
53313079075,6 MCCUBBIN Street HUNTLY 3551
53313079141,3 LINACRE Crescent MELTON SOUTH 3338
53313079356,2 ADRIANUS Street ALFREDTON 3350
53313079653,9 PALMYRA Street GREENVALE 3059
53313079686,9 PALMYRA Street GREENVALE 3059
53313079712,9 PALMYRA Street GREENVALE 3059
53313079744,9 PALMYRA Street GREENVALE 3059
53313079760,9 PALMYRA Street GREENVALE 3059
53313079785,9 PALMYRA Street GREENVALE 3059
53313079827,70 STEIGLITZ Street BALLAN 3342
53313039979,54 ALTEZZE Drive TRUGANINA 3029
53313040137,43 ALTEZZE Drive TRUGANINA 3029
53313040153,45 ALTEZZE Drive TRUGANINA 3029
53313040383,16 ELLSON Street AINTREE 3336
53313040623,109 CARROLL Lane GREENVALE 3059
53313084159,60 SHORTRIDGE Drive LUCAS 3350
53313084174,13 OSWIN Street MADDINGLEY 3340
53313084661,12 WORCESTER Road GISBORNE 3437
53313084744,30 DOCKER Court ALTONA MEADOWS 3028
53313084843,16 HAYES Parade PASCOE VALE 3044
53313084910,28B DUNEDIN Street MAIDSTONE 3012
53313084942,6 SHINING Lane AINTREE 3336
53313084968,60A MACDONALD Avenue ALTONA NORTH 3025
53313084983,75 RESTFUL Way ROCKBANK 3335
53313479371,12 CAMPBELL Road HUNTLY 3551
53313479407,33 FORD Street NEWPORT 3015
53313479488,1317 PLUMPTON Road FRASER RISE 3336
53313479506,58 WHITFORDS Drive ARMSTRONG CREEK 3217
53313479562,9 STREAM Street MOUNT DUNEED 3217
53313479595,3 CROWTHER Drive LUCAS 3350
53313479613,3 PERIVALE Crescent WYNDHAM VALE 3024
53313479637,25 CHISHOLM Street MARYBOROUGH 3465
53313479694,3 DILWARRA Drive BONNIE BROOK 3335
53313479728,32 MADIGAN Road LANCEFIELD 3435
53313479752,22 RIDGEWAY Lane HIGHTON 3216
53313479777,7 CITRINUS Street MOUNT DUNEED 3217
53313479843,4 SPROUT Place MOUNT DUNEED 3217
53313479910,7 GRIBBLE Street LUCAS 3350
53313479934,29 HUNTINGTON Avenue BONNIE BROOK 3335
53313479968,54 NAVIGATION Road TARNEIT 3029
53313479991,11 CASELIN Street TARNEIT 3029
53313480026,2 HABITAT Way ARMSTRONG CREEK 3217
53313480091,7 ADAGIO Road STRATHTULLOH 3338
53313480125,13 BALLET Crescent SUNBURY 3429
53313480316,58 STELLAR Road BONNIE BROOK 3335
53313480397,99 ROBINSON Street ARMSTRONG CREEK 3217
53313480415,111 GREVILLEA Drive MOUNT DUNEED 3217
53313480447,7 PLYMOUTH Way SMYTHES CREEK 3351
53313480463,21 MAYOPARK Street DEANSIDE 3336
53313480514,18 NAGAR Street THORNHILL PARK 3335
53313480546,11 GILA Way TRUGANINA 3029
53313480595,30 CHAMBERLAIN Drive ARMSTRONG CREEK 3217
53313480704,67 JOURNEY Drive FRASER RISE 3336
53313291794,29 JOURNEY Drive FRASER RISE 3336
53313291812,27 AMBITION Street ROCKBANK 3335
53313291860,5 ELECTRA Drive WILLIAMS LANDING 3027
53313292080,6 FLANNERY Circuit CHARLEMONT 3217
53313292130,43 MAMIC Boulevard FRASER RISE 3336
53313292444,8 MAGNOLIA Street OAK PARK 3046
53313292493,22 HOLLYWOOD Drive ROXBURGH PARK 3064
53313292873,13 HOMELAND Way ARMSTRONG CREEK 3217
53313292899,17 SONATA Street WYNDHAM VALE 3024
53313292917,56 CHERRY FLAT Road SMYTHES CREEK 3351
53313293015,32 BRENTHAM Crescent WERRIBEE 3030
53313079934,19 WARRIGAL Drive AINTREE 3336
53313080629,13 HALLCROFT Road GREENVALE 3059
53313080653,5 HORSERADISH Walk TRUGANINA 3029
53313081024,35 LUGANO Avenue ALFREDTON 3350
53313081081,43 LUGANO Avenue ALFREDTON 3350
53312920360,53A ADELAIDE Street ALBION 3020
53313085099,115A FAWKNER Street ABERFELDIE 3040
53313085172,13 PADMA Boulevard TARNEIT 3029
53313085221,20 VEDA Street WERRIBEE 3030
53313085429,3 GAPSTOW Chase POINT COOK 3030
53313085445,20 CALLISTEMON Circuit LARA 3212
53313085775,26 ARBUCKLE Road WERRIBEE 3030
53313086352,16 HOLLYHOKE Drive MADDINGLEY 3340
53313086385,7 GAMBIA Street GREENVALE 3059
53313480744,13 GALLEY Way ARMSTRONG CREEK 3217
53313480777,51 CURTIN Drive DEANSIDE 3336
53313480934,6 HEYSEN Way HUNTLY 3551
53313332778,7 KIWARRA Court STRATHFIELDSAYE 3551
53313332828,24 CHAMBERLAIN Drive ARMSTRONG CREEK 3217
53313332943,183 CLARA Avenue TRUGANINA 3029
53313333001,194 CLARA Avenue TRUGANINA 3029
53313333025,190 CLARA Avenue TRUGANINA 3029
53313333041,196 CLARA Avenue TRUGANINA 3029
53313333074,18 CEDAR Road LARA 3212
53313333100,11 COMPUTE Street GREENVALE 3059
53313333321,3 STABLE Court MINERS REST 3352
53313333370,7 BLOOMFIELD Road THORNHILL PARK 3335
53313333487,16 PHIPPS Road WERRIBEE 3030
53313338833,3 GOODENIA Avenue LARA 3212
53313339022,4 WOOLSPINNER Crescent WYNDHAM VALE 3024
53313339056,31 FRAGRANT Crescent DIGGERS REST 3427
53313339139,67 STRATUS Street TARNEIT 3029
53313339328,42 RAINIER Drive TRUGANINA 3029
53313339385,23 IVORY Street EPSOM 3551
53313339591,7 DUFFY Road DEANSIDE 3336
53313339625,28 HARKNESS Road MADDINGLEY 3340
53313339659,8 STEADFIELD Circuit MELTON SOUTH 3338
53313339674,6 PHIPPS Road WERRIBEE 3030
53313339732,44 MULLINGAR Drive ALFREDTON 3350
53313339773,15 EVANS Way LUCAS 3350
53313339809,11 READMAN Road FRASER RISE 3336
53313339849,12 PETRONAS Drive FRASER RISE 3336
53313339872,13 EVANS Way LUCAS 3350
53313339908,83 CLARKES Road FYANSFORD 3218
53313339971,10 BANBURY Road BONNIE BROOK 3335
53313340008,39 PALMASTON Drive GREENVALE 3059
53313340048,4 DUMENILS Way DELACOMBE 3356
53313340229,17 ALKINGTON Street STRATHTULLOH 3338
53312920476,16 COBALT Walk CRAIGIEBURN 3064
53312920908,5 ERBA Road WYNDHAM VALE 3024
53312921524,102 RAILWAY Street ALTONA 3018
53312921599,11 GRANGE Road AIRPORT WEST 3042
53312921896,66 VALIANT Road SMYTHES CREEK 3351
53313086534,13 ASPIRING Drive HUNTLY 3551
53313086908,60 MACDONALD Avenue ALTONA NORTH 3025
53313087061,176 ELEVATION Boulevard CRAIGIEBURN 3064
53313087086,176 ELEVATION Boulevard CRAIGIEBURN 3064
53313087104,176 ELEVATION Boulevard CRAIGIEBURN 3064
53312927487,1 SREDNA Street WEST FOOTSCRAY 3012
53313333644,20 GRIFFITH Road DEANSIDE 3336
53313333743,45 WARDELL Street TARNEIT 3029
53313333834,18 SEASCAPE Drive OCEAN GROVE 3226
53313333925,6 READMAN Road FRASER RISE 3336
53313333990,15 RESPECT Way TARNEIT 3029
53313334108,24 KEEPING Terrace TARNEIT 3029
53313334122,16 BICTON Street WERRIBEE 3030
53313334148,10 BICTON Street WERRIBEE 3030
53313334171,12 BICTON Street WERRIBEE 3030
53313334206,2 BICTON Street WERRIBEE 3030
53313334246,42 CROWN Drive FRASER RISE 3336
53313334287,3 CHERISH Drive TARNEIT 3029
53313334345,8 ASHBY Street HUNTLY 3551
53313334378,47 VERDALE Drive ALFREDTON 3350
53313334394,8 BLUEWREN Street KURUNJANG 3337
53313334444,74 REGENT Street STRATHFIELDSAYE 3551
53313334511,7 PEMBERTON Street MOUNT DUNEED 3217
53313334569,13 GLEESON Way DEANSIDE 3336
53313334584,7 GLEESON Way DEANSIDE 3336
53313334832,7 TRIBUTARY Way WEIR VIEWS 3338
53313334998,14 PLUMSTEAD Street WYNDHAM VALE 3024
53313340278,32 PALARA Drive STRATHTULLOH 3338
53313340304,238 GUYS HILL Road STRATHFIELDSAYE 3551
53313340476,16 HOMELAND Way ARMSTRONG CREEK 3217
53313340542,26 LABICHEA Street CRAIGIEBURN 3064
53313340583,12 FREEDOM Drive MOUNT DUNEED 3217
53313340633,10 TOSCANA Street TRUGANINA 3029
53313340781,37 BUTTON Street STRATHDALE 3550
53313340849,54 MAMIC Boulevard FRASER RISE 3336
53313340872,31 PLOUGH Drive CURLEWIS 3222
53313340898,64 MAMIC Boulevard FRASER RISE 3336
53313340948,10 PONY Drive GREENVALE 3059
53313340971,46 MAMIC Boulevard FRASER RISE 3336
53313341014,62 MAMIC Boulevard FRASER RISE 3336
53313341342,20 KOOMBA Crescent GREENVALE 3059
53313338504,32 VALROSE Road CHARLEMONT 3217
53313338536,13 VIGNETTE Road DIGGERS REST 3427
53313338560,58 GIBSONS Circuit BONNIE BROOK 3335
53313338585,6 CLEAR Drive TARNEIT 3029
53313338603,36 VERDALE Drive ALFREDTON 3350
53313338635,4 NINEVEH Road CRAIGIEBURN 3064
53312923215,13 TRINCA Court WERRIBEE 3030
53312923247,36 ROLAND Avenue STRATHMORE 3041
53312976214,43 DAVID Avenue KEILOR EAST 3033
53312976238,8 WORN Road CHARLEMONT 3217
53312928072,35 FLOURISH Drive MOUNT DUNEED 3217
53312928543,19 VANGUARD Crescent POINT COOK 3030
53312929442,8 PERPETUAL Street TRUGANINA 3029
53313335138,21 PADMA Boulevard TARNEIT 3029
53313335154,24 TOSCANA Street TRUGANINA 3029
53313335187,17 SWAIN Walk ST LEONARDS 3223
53313335212,8 COMPANION Street TRUGANINA 3029
53313335369,5 LIME Crescent DIGGERS REST 3427
53313381091,11 MEWAT Circuit THORNHILL PARK 3335
53313381119,16 ERNE Mews WEIR VIEWS 3338
53313381141,12 HOLLYHOKE Drive MADDINGLEY 3340
53313381298,22 YEARLING Promenade WERRIBEE 3030
53313381316,27 HENLIX Court MOUNT CLEAR 3350
53313381348,23 VALBERG Street WINTER VALLEY 3358
53313381371,43 FLANAGAN Street TARNEIT 3029
53313381407,18 MOOMBIL Road TRUGANINA 3029
53313381421,48 ARNOLD Circuit CHARLEMONT 3217
53313381506,3 LAUNCESTON Street OCEAN GROVE 3226
53313381546,101 WEXFORD Street ALFREDTON 3350
53313381613,59 SAMUEL Road WEIR VIEWS 3338
53313381686,19 ERASMUS Avenue CRAIGIEBURN 3064
53313381704,7 COLMAR Street LARA 3212
53313381752,4 HIGHLANDER Drive CRAIGIEBURN 3064
53313381851,86 RESTFUL Way ROCKBANK 3335
53313381884,43 THOMAS Street CLIFTON SPRINGS 3222
53313338692,13 SPRINTER Way WINTER VALLEY 3358
53313387021,6 NETHERLEY Walk ARMSTRONG CREEK 3217
53313387047,2 NETHERLEY Walk ARMSTRONG CREEK 3217
53313387063,20 NETHERLEY Walk ARMSTRONG CREEK 3217
53313387096,10 NETHERLEY Walk ARMSTRONG CREEK 3217
53313387154,16 YEOMAN Street MELTON SOUTH 3338
53313387179,5 RICHARD Court CRESWICK 3363
53313387285,75 CORIDALE Boulevard LARA 3212
53313387303,5 ENRICA Drive MELTON SOUTH 3338
53313387335,20 NOSILLA Street SMYTHES CREEK 3351
53313387369,6 WICKLOW Drive MELTON SOUTH 3338
53313387402,4 HABERFIELD Street WARRNAMBOOL 3280
53313387501,88 SHELTERBELT Avenue WEIR VIEWS 3338
53313387574,11 AMBITION Street ROCKBANK 3335
53313387618,5 MERRITT Court ALTONA 3018
53313387673,18 CONONDALE Avenue TRUGANINA 3029
53313387717,18 COPPICE Street LARA 3212
53313387780,36 PISCES Crescent TRUGANINA 3029
53313387816,19 HENLIX Court MOUNT CLEAR 3350
53313387864,8 TURIN Avenue DEANSIDE 3336
53313387963,39 PROGRESS Drive FRASER RISE 3336
53313387996,9 PHELPS Street TARNEIT 3029
53313388037,28 TROOPER Avenue SUNBURY 3429
53313388061,17 BALLISTER Street WYNDHAM VALE 3024
53313388086,32 WATTLESEED Drive FRASER RISE 3336
53313388152,64 DANDELION Crescent ROCKBANK 3335
53313388202,13 PATRIOT Crescent SMYTHES CREEK 3351
53313388301,15 LILYPAD Way ROCKBANK 3335
53313388333,3 ABU Road TRUGANINA 3029
53312976404,17 WORN Road CHARLEMONT 3217
53312976592,6 MARSDEN Avenue PASCOE VALE SOUTH 3044
53312976782,60 GEELONG Road TORQUAY 3228
53312976965,5B JAGO Court WERRIBEE 3030
53312977566,33 RAINIER Drive TRUGANINA 3029
53312977623,6B MILLS Street SUNSHINE NORTH 3020
53312977680,19 MCLENNAN Street BRAYBROOK 3019
53312977716,15 LEWIS Street KINGSVILLE 3012
53312977748,17 HARRY Street MAIDSTONE 3012
53312977954,27 GORDON Street TULLAMARINE 3043
53312977987,377 GEELONG Road KINGSVILLE 3012
53312978004,377 GEELONG Road KINGSVILLE 3012
53312930162,313 CHARLEMONT Road ARMSTRONG CREEK 3217
53312930590,14 DISTINCTION Avenue CRAIGIEBURN 3064
53312983409,179-253 EXFORD Road WEIR VIEWS 3338
53312983861,34A PURNELL Street ALTONA 3018
53313382097,60 KINGDOM Boulevard WEIR VIEWS 3338
53313382147,12 IPSWICH Street STRATHTULLOH 3338
53313382163,42 JOEY Crescent DEANSIDE 3336
53313382213,5 LILYPAD Way ROCKBANK 3335
53313382237,5 SOHO Circuit BURNSIDE 3023
53313382312,15 BROWN Street BONNIE BROOK 3335
53313382411,36 BRAMFORD Crescent TRUGANINA 3029
53313382476,8 ESKDALE Street WERRIBEE 3030
53313382550,17 VERONA Crescent FRASER RISE 3336
53313382583,26 LUBEC Street LARA 3212
53313382619,4 STREETON Avenue HUNTLY 3551
53313382682,8 READMAN Road FRASER RISE 3336
53313382724,21 VERONA Crescent FRASER RISE 3336
53313382930,19 SPRINTER Way WINTER VALLEY 3358
53313382964,7 ISLAMABAD Crescent MOUNT COTTRELL 3024
53313383020,8 CANARY Court LOVELY BANKS 3213
53313383046,615 KLINE Street CANADIAN 3350
53313383153,87 RESTFUL Way ROCKBANK 3335
53313383194,4 KITE Street WINTER VALLEY 3358
53313383227,22 TERRACOTTA Avenue TARNEIT 3029
53313383269,23 ADANSONIA Circuit MICKLEHAM 3064
53313383310,219 OHALLORANS Road LARA 3212
53313383368,62 FLANAGAN Street TARNEIT 3029
53313388390,48 GIBSONS Circuit BONNIE BROOK 3335
53313388418,4 AMPERSAND Boulevard TRUGANINA 3029
53313388671,19 SILVAN Terrace GREENVALE 3059
53313388715,16 CHERRY Avenue CAMPBELLS CREEK 3451
53313388739,29 CORIDALE Boulevard LARA 3212
53313388788,32 DAFFODIL Crescent DIGGERS REST 3427
53313388929,58 RALEIGH Circuit ARMSTRONG CREEK 3217
53313388986,12 REVELSTOKE Way WINTER VALLEY 3358
53313389035,24 EUCALYPTUS Street JACKASS FLAT 3556
53313389084,36 CURTIN Drive DEANSIDE 3336
53313389142,99 ROHS Road EAST BENDIGO 3550
53313389232,12 SOCIAL Street TARNEIT 3029
53313389281,24 SPREE Street TARNEIT 3029
53313389489,16 PECHORA Street TRUGANINA 3029
53313389563,3 CORDHILL Circuit AINTREE 3336
53313389713,38 VALROSE Road CHARLEMONT 3217
53313389737,27 WALLANGARA Boulevard HARKNESS 3337
53313389804,12 MAKITI Crescent HARKNESS 3337
53313389877,578 MIDLAND Highway HUNTLY 3551
53312978318,24A MOUNT PLEASANT Road BELMONT 3216
53312978795,21 PROSPECT Street GLENROY 3046
53312979538,11 CORONADO Crescent TRUGANINA 3029
53312984231,8 OSWIN Street MADDINGLEY 3340
53312984678,2 ARGYLE Street GLENROY 3046
53312984694,2 ARGYLE Street GLENROY 3046
53312984728,711 BARKLY Street WEST FOOTSCRAY 3012
53312984752,711 BARKLY Street WEST FOOTSCRAY 3012
53312984793,711 BARKLY Street WEST FOOTSCRAY 3012
53312984811,711 BARKLY Street WEST FOOTSCRAY 3012
53312984869,711 BARKLY Street WEST FOOTSCRAY 3012
53312984892,711 BARKLY Street WEST FOOTSCRAY 3012
53312985379,2 OPAL Street ALFREDTON 3350
53312985635,2 MARLYN Court HIGHTON 3216
53312985669,66 TYQUIN Street LAVERTON 3028
53313383490,8 BIAS Way HOPPERS CROSSING 3029
53313383524,14 BIAS Way HOPPERS CROSSING 3029
53313383558,98 MOSSFIEL Drive HOPPERS CROSSING 3029
53313383573,102 MOSSFIEL Drive HOPPERS CROSSING 3029
53313383599,106 MOSSFIEL Drive HOPPERS CROSSING 3029
53313383623,112 MOSSFIEL Drive HOPPERS CROSSING 3029
53313383657,114C MOSSFIEL Drive HOPPERS CROSSING 3029
53313383722,6 CALA Street WEST FOOTSCRAY 3012
53313383756,6 CALA Street WEST FOOTSCRAY 3012
53313383771,6 CALA Street WEST FOOTSCRAY 3012
53313383863,5 BROCCHI Road NEW GISBORNE 3438
53313383896,20 SANDSPIT Walk ARMSTRONG CREEK 3217
53313383920,18 SANDSPIT Walk ARMSTRONG CREEK 3217
53313383979,6 SANDSPIT Walk ARMSTRONG CREEK 3217
53313429179,41 ESCARPMENT Drive FYANSFORD 3218
53313429204,29 LAFLIN Avenue TARNEIT 3029
53313429285,16 SHEEPYARD Way DIGGERS REST 3427
53313429335,9 WHITEGUM Street HARKNESS 3337
53313429410,16 GILA Way TRUGANINA 3029
53313429434,8 BUNNY Court FYANSFORD 3218
53313429450,29 PALMASTON Drive GREENVALE 3059
53313429864,40 MORELL Street GLENROY 3046
53313389935,62 ODYSSEY Boulevard TARNEIT 3029
53313390069,54 FLEURIEU Circuit ARMSTRONG CREEK 3217
53313390092,43 FRESHBROOK Avenue TRUGANINA 3029
53313435275,3 CUCKOO Way TARNEIT 3029
53313435325,33 JOEY Crescent DEANSIDE 3336
53313435341,35A JOEY Crescent DEANSIDE 3336
53313435473,55 VILLETTE Avenue TARNEIT 3029
53313435549,9 MEWAT Circuit THORNHILL PARK 3335
53313435608,35 CAMPBELL Road HUNTLY 3551
53313435648,3 PHOENIX Road ALTONA NORTH 3025
53313435671,5 PHOENIX Road ALTONA NORTH 3025
53313435707,11 PHOENIX Road ALTONA NORTH 3025
53313435739,21 LIGHT Street ALTONA NORTH 3025
53313435755,17 LIGHT Street ALTONA NORTH 3025
53313435806,53 HOLST Street ARMSTRONG CREEK 3217
53313435887,37B JOEY Crescent DEANSIDE 3336
53313435937,12 VALBERG Street WINTER VALLEY 3358
53313435978,3 SUPPER Street SUNBURY 3429
53313436027,13 EWDEN Drive BONNIE BROOK 3335
53313436043,9 CORREA Way NEW GISBORNE 3438
53313436175,82 HOLST Street ARMSTRONG CREEK 3217
53313436200,30 CORNFLOWER Way MOUNT DUNEED 3217
53313436266,12 SAPLING Boulevard TARNEIT 3029
53313436281,8 ARGENTA Parkway TARNEIT 3029
53313436331,12 MILSOM Avenue FRASER RISE 3336
53313436489,30 WATTLESEED Drive FRASER RISE 3336
53313033503,48 WEDGE TAIL Drive WINTER VALLEY 3358
53313033858,71B MELON Street BRAYBROOK 3019
53313034047,9 WOORIGOLEEN Drive KEILOR EAST 3033
53313034376,19 SOCORRO Way TRUGANINA 3029
53313034574,70 WIRELESS Drive AINTREE 3336
53313034590,72 WIRELESS Drive AINTREE 3336
53313034709,57 WIRELESS Drive AINTREE 3336
53313034723,61 WIRELESS Drive AINTREE 3336
53313034816,38 RIHANNA Street GREENVALE 3059
53313034848,59 WIRELESS Drive AINTREE 3336
53312985692,12B STANGER Street YARRAVILLE 3013
53312985750,30 SUTHERLAND Street HADFIELD 3046
53312986213,18 OPAL Street ALFREDTON 3350
53312986245,4 OPAL Street ALFREDTON 3350
53312986286,3 KAREN Court AVONDALE HEIGHTS 3034
53312986641,3 MCCRACKEN Avenue PASCOE VALE 3044
53312986667,3 MCCRACKEN Avenue PASCOE VALE 3044
53313040716,59 RESTFUL Way ROCKBANK 3335
53313040847,51 ALTEZZE Drive TRUGANINA 3029
53313040979,37 WARRIGAL Drive AINTREE 3336
53313430146,17 LANA Drive JACKASS FLAT 3556
53313430195,12 FROLIC Street TARNEIT 3029
53313430228,35 PLENITUDE Road TARNEIT 3029
53313430252,36 WALTERS Way ALFREDTON 3350
53313430277,6 ARRAN Street GISBORNE 3437
53313430402,3 FORESTMILL Chase WERRIBEE 3030
53313430426,22 SHEEPYARD Way DIGGERS REST 3427
53313430475,7 CORONADO Crescent TRUGANINA 3029
53313430491,38 GILLESPIE Avenue WERRIBEE 3030
53313430541,10 BAIRD Avenue TORQUAY 3228
53313430574,7 DAWSON Street THORNHILL PARK 3335
53313430640,36 PEMBERTON Street MOUNT DUNEED 3217
53313430673,4 CHERRY Avenue CAMPBELLS CREEK 3451
53313430749,7 ALDAN Way TRUGANINA 3029
53313430772,11 ALDAN Way TRUGANINA 3029
53313430808,68 TOWNLEY Boulevard WERRIBEE 3030
53313430822,7 WHITEGUM Street HARKNESS 3337
53313430939,97 INSHORE Drive TORQUAY 3228
53313430955,33 CAMPBELL Road HUNTLY 3551
53313431005,37 PALMASTON Drive GREENVALE 3059
53313431029,24 STILO Crescent TRUGANINA 3029
53313431078,92 COMPASS Drive GREENVALE 3059
53313431112,27 POPPETHEAD Road JACKASS FLAT 3556
53313431210,13 WHITEGUM Street HARKNESS 3337
53313431234,39 MAMIC Boulevard FRASER RISE 3336
53313431250,33 MADIGAN Road LANCEFIELD 3435
53313431283,9 APPALOOSA Avenue TAYLORS LAKES 3038
53313431319,26 LIDDERDALE Drive GISBORNE 3437
53313431367,19 ARRAN Street GISBORNE 3437
53313431418,20 BIBURY Street LARA 3212
53313431473,19 HEMSWORTH Road WEIR VIEWS 3338
53313436515,9 STACCATO Terrace STRATHTULLOH 3338
53313436563,3 DUFFY Road DEANSIDE 3336
53313436646,33 EREMAEA Road CRAIGIEBURN 3064
53313436695,7 AGAVE Street ROCKBANK 3335
53313436794,35 PUNT Lane WEST FOOTSCRAY 3012
53313436828,18 LAMONGAN Rise TRUGANINA 3029
53313436860,22 THE CROSSWAY  AVONDALE HEIGHTS 3034
53313437024,11 PERIDOT Way ALFREDTON 3350
53313437117,6 PETUNIA Way FRASER RISE 3336
53313437247,17 WATTLESEED Drive FRASER RISE 3336
53313437263,10 WINTON Drive FRASER RISE 3336
53313437296,42 CHERISH Street FRASER RISE 3336
53313437379,28 SPECTOR Walk WERRIBEE 3030
53313437429,8 VERNAL Circuit MOUNT DUNEED 3217
53313437512,15 CINDER Drive TARNEIT 3029
53313437536,25 EDITH Street TARNEIT 3029
53313437585,15 WHATMAN Street LUCAS 3350
53313437603,13 GENERATION Crescent MAMBOURIN 3024
53313437635,11 LIGHT Street ALTONA NORTH 3025
53313437651,20 GRAND VIEW Drive MCKENZIE HILL 3451
53313437768,16 POWLETT Street CARISBROOK 3464
53313437867,32 PALMASTON Drive GREENVALE 3059
53313437890,20 STONES Street CHARLEMONT 3217
53313034915,3 STONEWALL Road WEIR VIEWS 3338
53313034947,61 ATLANTIS Drive POINT COOK 3030
53313035128,174A BELL Street COBURG 3058
53313035630,11 ACOTANGO Avenue TRUGANINA 3029
53313035994,50 GOLDSMITH Avenue DELAHEY 3037
53313036281,41 TREMAIN Drive LUCAS 3350
53313041241,65 GREVILLEA Drive MOUNT DUNEED 3217
53313041340,49 ALTEZZE Drive TRUGANINA 3029
53313041516,110 LEITH Street REDAN 3350
53313041548,110 LEITH Street REDAN 3350
53313042486,742 BARKLY Street WEST FOOTSCRAY 3012
53313042512,742 BARKLY Street WEST FOOTSCRAY 3012
53313042536,742 BARKLY Street WEST FOOTSCRAY 3012
53313042552,742 BARKLY Street WEST FOOTSCRAY 3012
53313431622,27 CINDER Drive TARNEIT 3029
53313431697,11 MILSOM Avenue FRASER RISE 3336
53313431755,54 GOWAR Road TARNEIT 3029
53313431796,3 CLEF Street STRATHTULLOH 3338
53313431820,74 CURTIN Drive DEANSIDE 3336
53313431854,7 MAKITI Crescent HARKNESS 3337
53313431887,11 VENICE Drive WINTER VALLEY 3358
53313431929,7 COTTON Circuit GISBORNE 3437
53313431953,8 COTTON Circuit GISBORNE 3437
53313431986,26 MALTA Road CRAIGIEBURN 3064
53313432033,30 MEWAT Circuit THORNHILL PARK 3335
53313432059,16 MAY Drive GISBORNE 3437
53313432100,18 INVICTA Drive SMYTHES CREEK 3351
53313432124,5 COTTON Circuit GISBORNE 3437
53313432173,35 LIBERATION Drive ARMSTRONG CREEK 3217
53313481032,14 MAROON Way DIGGERS REST 3427
53313481099,102 BONNIEBROOK Road BONNIE BROOK 3335
53313481123,3 ISHERWOOD Road DEANSIDE 3336
53313481165,27 LORIKEET Circuit ROCKBANK 3335
53313481198,13 CUSP Drive TARNEIT 3029
53313481270,14 ALUTU Road TRUGANINA 3029
53313481296,14 CASELIN Street TARNEIT 3029
53313481387,21 SHADOW Street DEANSIDE 3336
53313481405,20 HEMSWORTH Road WEIR VIEWS 3338
53313481478,5 FRIESIAN Avenue TAYLORS LAKES 3038
53313481494,22 HONEYEATER Way MOUNT DUNEED 3217
53313481577,26 BELDI Street ALFREDTON 3350
53313481611,68 CONONDALE Avenue TRUGANINA 3029
53313438022,5 JEVONS Street MAMBOURIN 3024
53313438064,802 MORRIS Road TRUGANINA 3029
53313438163,3 LIGHTFOOT Way DEANSIDE 3336
53313438188,3 LORD Street THORNHILL PARK 3335
53313438245,37 SURROUND Drive MAMBOURIN 3024
53313293162,26 LOWE Avenue ALTONA 3018
53313293212,7 LAW Court WYNDHAM VALE 3024
53313293277,9 GUNAWAN Drive TARNEIT 3029
53313293475,26 GRAINGER Parade LUCAS 3350
53313293501,15 WELLARD Boulevard INVERMAY PARK 3350
53313293541,9 STREETON Avenue HUNTLY 3551
53313293574,21 SHACKELL Street WEIR VIEWS 3338
53313293590,31 JOURNEY Drive FRASER RISE 3336
53313293618,21 HILLSBOROUGH Walk CHARLEMONT 3217
53313293772,4 TASKER Street WYNDHAM VALE 3024
53313293856,34 ARGENTA Parkway TARNEIT 3029
53313293915,5 GILA Way TRUGANINA 3029
53313293947,62 KENSINGTON Boulevard SMYTHES CREEK 3351
53313293996,11 NIKOLAOS Street SMYTHES CREEK 3351
53313294045,10 WASHINGTON Drive THORNHILL PARK 3335
53313294061,3 ARCHIE Drive BONNIE BROOK 3335
53313081306,16 HALLCROFT Road GREENVALE 3059
53313081552,18 FREDERICK Street FAWKNER 3060
53313081593,1 CARNE Street COBBLEBANK 3338
53313081635,6 BALLOTA Street WYNDHAM VALE 3024
53313081651,5 CALLUNA Way WYNDHAM VALE 3024
53313081702,28A DUNEDIN Street MAIDSTONE 3012
53313081825,33A CLEMATIS Avenue ALTONA NORTH 3025
53313081859,57 COLDSTREAM Avenue WERRIBEE 3030
53313082006,29 ASPIRING Drive HUNTLY 3551
53313082137,21 HODGSON Street OCEAN GROVE 3226
53313082186,5 GROWTH Drive WEIR VIEWS 3338
53313082292,407 BLACK FOREST Road WERRIBEE 3030
53313082425,42 GREVILLEA Drive MOUNT DUNEED 3217
53313082459,36 MOONAH Circuit LARA 3212
53313043196,57 HENDERSON Circuit AINTREE 3336
53313087210,43 WOODMAN Drive MCKENZIE HILL 3451
53313087291,130 LANGTON Street JACANA 3047
53313087937,20 AYLESBURY Terrace WERRIBEE 3030
53313482087,30 DUNKERRIN Avenue GISBORNE 3437
53313482105,38 JOEY Crescent DEANSIDE 3336
53313482153,143 BATTEN Road ARMSTRONG CREEK 3217
53313482194,6 SHIPSTERN Street ARMSTRONG CREEK 3217
53313482227,101 WEDGE TAIL Drive WINTER VALLEY 3358
53313482243,2 JULES Street ST LEONARDS 3223
53313482269,11 PATHFIELD Street CORIO 3214
53313482350,13 BIBURY Street LARA 3212
53313482375,138 ASH Road LEOPOLD 3224
53313482391,17 DENMARK Drive MOUNT DUNEED 3217
53313482459,9 ZAC Street TARNEIT 3029
53313482482,20 CONSTANT Avenue WERRIBEE 3030
53313482500,10 RIVERVIEW Drive WINCHELSEA 3241
53313482532,29 MOOMBIL Road TRUGANINA 3029
53313482566,8 BRISBANE Street LARA 3212
53313482657,1035 DOHERTYS Road TARNEIT 3029
53313482722,22 HEMSWORTH Road WEIR VIEWS 3338
53313482797,43 CINDER Drive TARNEIT 3029
53313482815,10 BANCHORY Drive JUNORTOUN 3551
53313482847,22 CLEAR Drive TARNEIT 3029
53313482906,9 EVERGREEN Street ARMSTRONG CREEK 3217
53313482920,18 EVERGREEN Street ARMSTRONG CREEK 3217
53313482946,2 BIRDPORT Way ARMSTRONG CREEK 3217
53313482979,30 INGALLS Road MAMBOURIN 3024
53313483077,10 CALLICOMA Street MICKLEHAM 3064
53313483111,42 VALIANT Street DEANSIDE 3336
53313483143,8 BANCHORY Drive JUNORTOUN 3551
53313483219,27 HILLTOP Drive CURLEWIS 3222
53313483282,31 HARKNESS Road MADDINGLEY 3340
53313483318,80 HILLVIEW Road GREENVALE 3059
53313483332,3 ANNA Road FRASER RISE 3336
53313294275,29 GRAINGER Parade LUCAS 3350
53313294325,7 PECOS Place ROXBURGH PARK 3064
53313294359,5 ZIRCON Street ALFREDTON 3350
53313294458,12 INVICTA Drive SMYTHES CREEK 3351
53313294481,3 AVONBURY Drive ARMSTRONG CREEK 3217
53313294517,9 AVONBURY Drive ARMSTRONG CREEK 3217
53313294580,7 GRAND VIEW Drive MCKENZIE HILL 3451
53313294622,29 BASTEN Avenue DEANSIDE 3336
53313294656,1 NEW Street WHITE HILLS 3550
53313294671,3 SCATTER Road FRASER RISE 3336
53313294697,20 HOWKINS Avenue WINTER VALLEY 3358
53313294721,18 DIANCHI Drive WYNDHAM VALE 3024
53313294788,33 JURIFY Drive MINERS REST 3352
53313294887,26 ORIENTEERING Drive GREENVALE 3059
53313294913,8 PALMERSTON Walk WERRIBEE 3030
53313294937,14 JANTAR Way FRASER RISE 3336
53313294953,17 HELDER Drive MAMBOURIN 3024
53313295084,27 BASTEN Avenue DEANSIDE 3336
53313295134,12 PALMERSTON Walk WERRIBEE 3030
53313295200,22 PALMERSTON Walk WERRIBEE 3030
53313295232,14 PALMERSTON Walk WERRIBEE 3030
53313295266,9 KOOMBA Crescent GREENVALE 3059
53313295372,18 JURIFY Drive MINERS REST 3352
53313295497,16B PECK Avenue STRATHMORE 3041
53313295588,6 VALIANT Street DEANSIDE 3336
53313295662,24 PALMERSTON Walk WERRIBEE 3030
53313082716,18 WALDOCK Way WARRNAMBOOL 3280
53313082756,70 STEIGLITZ Street BALLAN 3342
53313083028,8 GALACTIC Avenue STRATHFIELDSAYE 3551
53313083219,6 HOLLYHOKE Drive MADDINGLEY 3340
53313083358,32 TALLENT Street WARRNAMBOOL 3280
53313083508,51 SWAN Boulevard WINTER VALLEY 3358
53313083720,14 ILA Street GLENROY 3046
53313083795,19-23 PANDORA Court DRYSDALE 3222
53313088570,27 CHARTERS Way HUNTLY 3551
53313088679,30 HANNAH Avenue HILLSIDE 3037
53313088705,16 YORK Street GLENROY 3046
53313089067,37 PERCY Street FAWKNER 3060
53313089321,14-16 MOONAH Circuit LARA 3212
53313089406,93 SUSPENSION Street ARDEER 3022
53313483498,37 SPOONBILL Avenue WINTER VALLEY 3358
53313483556,43 MAKEDONIA Street TARNEIT 3029
53313483589,46 STUBBERFIELD Road TARNEIT 3029
53313483607,47 MAKEDONIA Street TARNEIT 3029
53313483621,32 DURWARD Avenue MADDINGLEY 3340
53313483714,58 SURROUND Drive MAMBOURIN 3024
53313483738,62 CUZENS Road ALFREDTON 3350
53313483754,3 LANCASHIRE Drive WERRIBEE 3030
53313483787,5 LANCASHIRE Drive WERRIBEE 3030
53313483805,17 CAPRISE Road FRASER RISE 3336
53313483829,11 BUKOVO Street TARNEIT 3029
53313483878,48 JANSON Road BROWN HILL 3350
53313483894,33 GREENPOINT Drive ROCKBANK 3335
53313483952,18 SHIPSTERN Street ARMSTRONG CREEK 3217
53313484002,3 BROWN Street BONNIE BROOK 3335
53313484119,44 INGLENOOK Circuit ARMSTRONG CREEK 3217
53313484133,30 CHERISH Street FRASER RISE 3336
53313335491,12 DALRYMPLE Drive WARRNAMBOOL 3280
53313335632,2 BULLION Lane JACKASS FLAT 3556
53313335749,16 SUMAR Drive CRAIGIEBURN 3064
53313335848,3 SILVEREYE Street KURUNJANG 3337
53313335889,61 GRAINGER Parade LUCAS 3350
53313335915,16 HEREFORD Avenue TRUGANINA 3029
53313336013,38 CARFIN Circuit THORNHILL PARK 3335
53313295687,4 PALMERSTON Walk WERRIBEE 3030
53313295753,18 HEATHCOTE Street MOUNT DUNEED 3217
53313295911,8 DEBUT Avenue TARNEIT 3029
53313296019,6 DEBUT Avenue TARNEIT 3029
53313341566,51 DANDELION Crescent ROCKBANK 3335
53313341581,34 SOUTHLANDS Loop STRATHTULLOH 3338
53313341617,29 JURIFY Drive MINERS REST 3352
53313341665,3 CANARY Court LOVELY BANKS 3213
53313341680,8 JURIFY Drive MINERS REST 3352
53313341716,25 ROSEBANK Walk THORNHILL PARK 3335
53313341789,6 HAVEN Court ARMSTRONG CREEK 3217
53313341946,24 LABICHEA Street CRAIGIEBURN 3064
53313342010,4 RICHARD Court CRESWICK 3363
53313342042,30 MASSEY Crescent CURLEWIS 3222
53313342159,8 JOHN Street FOOTSCRAY 3011
53313342182,5 HAVEN Court ARMSTRONG CREEK 3217
53313342209,10 PILKINGTON Street WARRNAMBOOL 3280
53313342257,12 MALTA Road CRAIGIEBURN 3064
53313342308,30 BLACKWOOD Road LARA 3212
53313342389,3 JULES Street ST LEONARDS 3223
53313342455,59 ASPIRING Drive HUNTLY 3551
53313084075,30 LANGDON Drive WYNDHAM VALE 3024
53312923684,4 JERNIGAN Road TARNEIT 3029
53312923900,6 GLEN AVON Drive BANNOCKBURN 3331
53312924328,20A MARNOO Street BRAYBROOK 3019
53312924667,2B WARRAWEE Court CLIFTON SPRINGS 3222
53312924766,7 JOVIAL Avenue TARNEIT 3029
53313089545,32 NEIL Street HADFIELD 3046
53313089727,56 CORDHILL Circuit AINTREE 3336
53313089776,9 TELOPEA Road CRAIGIEBURN 3064
53313089842,11 TELOPEA Road CRAIGIEBURN 3064
53313089919,4 KANYA Avenue STRATHFIELDSAYE 3551
53313090307,3 THRIVE Crescent DIGGERS REST 3427
53313090479,23 WENLYAN Drive GREENVALE 3059
53313090545,65 CARROLL Lane GREENVALE 3059
53313090711,20 ATTADALE Avenue WERRIBEE 3030
53313336112,15 LAUTARET Road BROWN HILL 3350
53313336202,28 SANDSPIT Walk ARMSTRONG CREEK 3217
53313336234,32 SANDSPIT Walk ARMSTRONG CREEK 3217
53313336250,26 SANDSPIT Walk ARMSTRONG CREEK 3217
53313336275,30 SANDSPIT Walk ARMSTRONG CREEK 3217
53313336301,44 SANDSPIT Walk ARMSTRONG CREEK 3217
53313336374,8 CURRUMBIN Street ARMSTRONG CREEK 3217
53313336390,4 TOWERTREE Street TRUGANINA 3029
53313336440,60 CHERRY FLAT Road SMYTHES CREEK 3351
53313336523,5 ROOSEVELT Drive ROCKBANK 3335
53313336608,7 DALGLISH Street DEANSIDE 3336
53313336630,28 CAPRICORN Road TRUGANINA 3029
53313336671,43 DANDELION Crescent ROCKBANK 3335
53313336707,2 GENOA Way CURLEWIS 3222
53313336721,10 STEVO Way FRASER RISE 3336
53313336887,31 CODRINGTON Road TRUGANINA 3029
53313336913,21 MAROON Way DIGGERS REST 3427
53313336937,6 SPRINTER Way WINTER VALLEY 3358
53313337010,12 AZALEA Way ROCKBANK 3335
53313337042,16 JUMPS Street WINTER VALLEY 3358
53313337182,5 SHIRVA Crescent PORTLAND 3305
53313337371,30 LABICHEA Street CRAIGIEBURN 3064
53313337506,55 DANDELION Crescent ROCKBANK 3335
53313342661,18 RATHMINES Road TRUGANINA 3029
53313342694,20 POPLAR Drive ROMSEY 3434
53313342712,80 NATURALISTE Way ARMSTRONG CREEK 3217
53313342760,8 BETTALAN Court SPRING GULLY 3550
53313342785,6 TOPAZ Street ALFREDTON 3350
53313342851,8 CANOLA Court LOVELY BANKS 3213
53313342876,17 MIDGARD Road WEIR VIEWS 3338
53313342892,8 VALIANT Street DEANSIDE 3336
53313342983,1 CRESWELL Place STRATHTULLOH 3338
53313343117,30 GILA Way TRUGANINA 3029
53313343131,6 CLOCKWISE Street GREENVALE 3059
53313343157,4 CLOCKWISE Street GREENVALE 3059
53313343263,9 BLOOMFIELD Road THORNHILL PARK 3335
53313343338,32 GUSTAVE Avenue MICKLEHAM 3064
53313343387,22 VALROSE Road CHARLEMONT 3217
53313343405,56 KENSINGTON Boulevard SMYTHES CREEK 3351
53313343429,15 YELLOW GUM Way MOUNT DUNEED 3217
53313343453,15 SHELLEY Street KEILOR EAST 3033
53313343512,40 KEEPING Terrace TARNEIT 3029
53313343536,36 KEEPING Terrace TARNEIT 3029
53313343552,32 KEEPING Terrace TARNEIT 3029
53313343585,38 KEEPING Terrace TARNEIT 3029
53313343611,41 SASHA Crescent TRUGANINA 3029
53313343775,19 WHITEGUM Street HARKNESS 3337
53313343791,3 ALEXANDER Avenue COBURG NORTH 3058
53313343882,9 HILLSBOROUGH Walk CHARLEMONT 3217
53313343932,23 HONOUR Avenue WINTER VALLEY 3358
53312924964,38B DONGOLA Road WEST FOOTSCRAY 3012
53312925631,10 FURLONG Road SUNSHINE NORTH 3020
53312925708,14 LANIGAN Street FAWKNER 3060
53312925920,29 WATERBIRD Circuit WEIR VIEWS 3338
53312926259,9 SILVER LEAF Way WINTER VALLEY 3358
53312931037,2 BOARDWALK Rise CRAIGIEBURN 3064
53312931061,42 WACKETT Street LAVERTON 3028
53312931086,42 WACKETT Street LAVERTON 3028
53312931193,42 WACKETT Street LAVERTON 3028
53312932495,126 DERBY Street PASCOE VALE 3044
53312932537,8A WICKLOW Street PASCOE VALE 3044
53313337629,424 MAIN Road ST ALBANS 3021
53313337645,424 MAIN Road ST ALBANS 3021
53313337704,2 MASSEY Crescent CURLEWIS 3222
53313337744,14 CAMPBELL Road HUNTLY 3551
53313337811,12 GEORGE Street SUNSHINE 3020
53313337835,12 GEORGE Street SUNSHINE 3020
53313337851,12 GEORGE Street SUNSHINE 3020
53313337884,12 GEORGE Street SUNSHINE 3020
53313337902,12 LAW Court WYNDHAM VALE 3024
53313337950,6 BLOOMFIELD Road THORNHILL PARK 3335
53313338032,3 ADLINGTON Avenue GREENVALE 3059
53313338058,15 GINKGO Street FRASER RISE 3336
53313338081,21 SCHEFFLERA Street CRAIGIEBURN 3064
53313338117,23 EREMAEA Road CRAIGIEBURN 3064
53313338157,13 SCHEFFLERA Street CRAIGIEBURN 3064
53313338207,18 WENLYAN Drive GREENVALE 3059
53313338239,28 NATURALISTE Way ARMSTRONG CREEK 3217
53313338296,4 TATHRA Road WYNDHAM VALE 3024
53313338314,17 LAUNCESTON Street OCEAN GROVE 3226
53313338437,29 WALTERS Way ALFREDTON 3350
53313338453,8 STEVO Way FRASER RISE 3336
53313338478,17 STEVO Way FRASER RISE 3336
53313383995,14 SANDSPIT Walk ARMSTRONG CREEK 3217
53313384085,8 PEMBERTON Street MOUNT DUNEED 3217
53313384127,5 MILNE Street SUNBURY 3429
53313384282,98 BONNIEBROOK Road BONNIE BROOK 3335
53313384324,26 TERRACOTTA Avenue TARNEIT 3029
53313384358,15 ESTLLEY Court CANADIAN 3350
53313384373,39 CHLOE Street TARNEIT 3029
53313407670,25 HEMLEY Circuit MAIDEN GULLY 3551
53313407813,5 ESTRELLA Street BONSHAW 3352
53313407944,26 BRISBANE Street LARA 3212
53313407993,2 NAGAR Street THORNHILL PARK 3335
53313408026,3 BERRYMAN Lane FYANSFORD 3218
53313408075,4 GOLDSTRAW Esplanade WARRNAMBOOL 3280
53313408091,15 HAVEN Court ARMSTRONG CREEK 3217
53313453303,38 BRAMFORD Crescent TRUGANINA 3029
53313453327,43 WARDELL Street TARNEIT 3029
53313453343,41 WARDELL Street TARNEIT 3029
53313453402,5 JONQUIL Walk DIGGERS REST 3427
53313453434,9 JONQUIL Walk DIGGERS REST 3427
53313453450,48 EAGLE Road ARMSTRONG CREEK 3217
53313453475,1 JONQUIL Walk DIGGERS REST 3427
53313453501,18 KILTEELY Street GISBORNE 3437
53313453533,29 GOSFIELD Drive WERRIBEE 3030
53313453600,798 MORRIS Road TRUGANINA 3029
53313453632,22 BABACO Street TARNEIT 3029
53313453666,44 MAMIC Boulevard FRASER RISE 3336
53313453699,18 BABACO Street TARNEIT 3029
53313453717,10 BABACO Street TARNEIT 3029
53313453731,6 BABACO Street TARNEIT 3029
53313453765,51 JOEY Crescent DEANSIDE 3336
53313453808,81 MAKEDONIA Street TARNEIT 3029
53313453856,34 CONSTANT Avenue WERRIBEE 3030
53313453907,14 LILYPAD Way ROCKBANK 3335
53313453963,11 STABLE Court MINERS REST 3352
53313454005,3 SWALLOW Street WINTER VALLEY 3358
53313454037,4 ISHERWOOD Road DEANSIDE 3336
53313454061,22 CAULONIA Drive TRUGANINA 3029
53313454094,11 JONQUIL Walk DIGGERS REST 3427
53313454112,70 BALLET Crescent SUNBURY 3429
53313412571,6 BARNARDS Road BONNIE BROOK 3335
53313412647,30 STILO Crescent TRUGANINA 3029
53313412805,6 GRIFFITH Road DEANSIDE 3336
53313412829,14 CAPEK Street SUNBURY 3429
53313412845,29 SUNNY Street SUNBURY 3429
53313412878,34 PECHORA Street TRUGANINA 3029
53313412904,20 KILTEELY Street GISBORNE 3437
53313412952,10 SHEEPYARD Way DIGGERS REST 3427
53313412977,30 DURWARD Avenue MADDINGLEY 3340
53313413034,4 MILES Street DEER PARK 3023
53313413068,185 MOUNT PLEASANT Road HIGHTON 3216
53313413159,1061 BELLARINE Highway LEOPOLD 3224
53313413223,17 VALBERG Street WINTER VALLEY 3358
53313413330,7 TRAFALGAR Street STRATHTULLOH 3338
53313413439,5 GENERATION Crescent MAMBOURIN 3024
53313413506,26 DANDELION Crescent ROCKBANK 3335
53313413595,26 RESPECT Way TARNEIT 3029
53313413686,141 BONNIEBROOK Road BONNIE BROOK 3335
53313413777,22 CHERISH Street FRASER RISE 3336
53313413803,29 COMPUTE Street GREENVALE 3059
53313413869,12 GINKGO Street FRASER RISE 3336
53313413884,22 NEWELL Street LARA 3212
53313413902,54 VILLETTE Avenue TARNEIT 3029
53313413934,13 YARRA Drive WARRNAMBOOL 3280
53313300646,136 JUSCELINA Drive CRAIGIEBURN 3064
53313300745,7 FUCHSIA Drive ROCKBANK 3335
53313300844,1 HILLSBOROUGH Walk CHARLEMONT 3217
53313300877,3 OAKDALE Way ROCKBANK 3335
53313301033,5 SARAN Crescent DEANSIDE 3336
53313301059,9 WEDGE Circuit INVERMAY PARK 3350
53313301100,34 GILLESPIE Avenue WERRIBEE 3030
53313301307,15 GRIFFITH Road DEANSIDE 3336
53313301604,8 STONEWALL Road WEIR VIEWS 3338
53313301703,12 NYMAN Circuit TARNEIT 3029
53313301776,20 REVERENCE Drive ROCKBANK 3335
53313301834,7 HALLCROFT Road GREENVALE 3059
53313449325,31 MAPLE Walk MOONEE PONDS 3039
53313449359,23 MAPLE Walk MOONEE PONDS 3039
53313449374,17 MAPLE Walk MOONEE PONDS 3039
53313449390,19 MAPLE Walk MOONEE PONDS 3039
53313449424,23 MAPLE Walk MOONEE PONDS 3039
53313449440,23 MAPLE Walk MOONEE PONDS 3039
53313449466,12 THRUMS Road MAMBOURIN 3024
53313449517,23 ICONIC Drive TARNEIT 3029
53313449531,21 SCOTTSDALE Street CHARLEMONT 3217
53313449598,20 SONATA Street WYNDHAM VALE 3024
53313449697,4 BETTALAN Court SPRING GULLY 3550
53313449721,13 CORDHILL Circuit AINTREE 3336
53313449770,26 VIOLA Drive ROCKBANK 3335
53313449796,32 SEVENHILL Drive MOUNT DUNEED 3217
53313449820,6 WOOLEEN Court HUNTLY 3551
53313449854,10 NEVIS Place TRUGANINA 3029
53313449887,61 NORMAN Street WARRNAMBOOL 3280
53313449929,19 GRAY Court DEANSIDE 3336
53313449953,4 EWDEN Drive BONNIE BROOK 3335
53313449978,26 CANADIAN Avenue WERRIBEE 3030
53313449994,21 KAREN Road TARNEIT 3029
53313450029,20 KAREN Road TARNEIT 3029
53313450152,78B GEORGE Street ST ALBANS 3021
53313450185,9 BRIGHTON Rise MADDINGLEY 3340
53313450202,39C JOEY Crescent DEANSIDE 3336
53313450234,11 JEVONS Street MAMBOURIN 3024
53313305082,24 COFFEY Street TARNEIT 3029
53313305132,22 COFFEY Street TARNEIT 3029
53313305248,27 RIDLEY Street DRYSDALE 3222
53313305271,6 MASSEY Crescent CURLEWIS 3222
53313305339,41 DANDELION Crescent ROCKBANK 3335
53313305355,10 TAO Circuit GREENVALE 3059
53313305406,10 THIRLMERE Place TRUGANINA 3029
53313305454,5 BRANGUS Court ASCOT 3551
53313454136,30 GOWAR Road TARNEIT 3029
53313454160,30 ANNA Road FRASER RISE 3336
53313454193,7 BARNARDS Road BONNIE BROOK 3335
53313454268,12 WATTLESEED Drive FRASER RISE 3336
53313454319,52 MERULA Drive MAMBOURIN 3024
53313454333,1 CHERRY Avenue CAMPBELLS CREEK 3451
53313454382,14 AVOCET Way ARMSTRONG CREEK 3217
53313454400,62 GOWAR Road TARNEIT 3029
53313454531,26 PECHORA Street TRUGANINA 3029
53313454580,165 CLARA Avenue TRUGANINA 3029
53313454689,44 FEEHAN Avenue MOONEE PONDS 3039
53313454707,48 FEEHAN Avenue MOONEE PONDS 3039
53313454739,54 FEEHAN Avenue MOONEE PONDS 3039
53313454763,60 FEEHAN Avenue MOONEE PONDS 3039
53313454796,7 STONEPINE Drive MOONEE PONDS 3039
53313454814,3 STONEPINE Drive MOONEE PONDS 3039
53313454895,29 MATTHEWS Road LOVELY BANKS 3213
53313454961,3 ARRAN Street GISBORNE 3437
53313454986,11 VERDALE Drive ALFREDTON 3350
53313455011,18 PHELPS Street TARNEIT 3029
53313455043,19 STACCATO Terrace STRATHTULLOH 3338
53313455076,116 COMPASS Drive GREENVALE 3059
53313455092,14 MAROON Street TARNEIT 3029
53313455110,1 CHUTNEY Street MANOR LAKES 3024
53313455142,95 ROBINSON Street ARMSTRONG CREEK 3217
53313455200,134 MERINDAH Boulevard DEANSIDE 3336
53313455331,20 PHELPS Street TARNEIT 3029
53313455357,18 BLUEGRASS Way WINTER VALLEY 3358
53313455422,8 TOUR Lane TARNEIT 3029
53313455547,10 PROCTOR Street HUNTLY 3551
53313414149,379 PATULLOS Road LARA 3212
53313459399,37 AVONBURY Drive ARMSTRONG CREEK 3217
53313459423,7 FRANK Avenue TRUGANINA 3029
53313459457,29 ASTRONOMY Street GREENVALE 3059
53313459472,18 VALBERG Street WINTER VALLEY 3358
53313459522,18 BIBURY Street LARA 3212
53313459556,10 HIMALAYAS Street TRUGANINA 3029
53313459589,16 MANE Walk FRASER RISE 3336
53313459607,24 FAWKNER Crescent ARMSTRONG CREEK 3217
53313459688,23 LANA Drive JACKASS FLAT 3556
53313459746,3 FOLD Circuit BONNIE BROOK 3335
53313459762,26 LANA Drive JACKASS FLAT 3556
53313459813,23 AKASHI Crescent CRAIGIEBURN 3064
53313459837,27B RUPERT Street WEST FOOTSCRAY 3012
53313460012,10 BUNYIP Street GISBORNE 3437
53313460036,11 BUNYIP Street GISBORNE 3437
53313460169,29 CINDER Drive TARNEIT 3029
53313460225,24 PROVINCIAL Circuit DEANSIDE 3336
53313460259,27-29 FLANNERY Circuit CHARLEMONT 3217
53313460274,1 ASTREA Place GREENVALE 3059
53313460340,27 MAKEDONIA Street TARNEIT 3029
53313460366,29 MAKEDONIA Street TARNEIT 3029
53313460417,26 CHARLBURY Street THORNHILL PARK 3335
53313460431,2 MONTROSE Court GOLDEN SQUARE 3555
53313460508,7 SEVENHILL Drive MOUNT DUNEED 3217
53313460530,25 ACKERMAN Street ARMSTRONG CREEK 3217
53313302070,7 BRIGHTON Rise MADDINGLEY 3340
53313347644,42 SARATOGA Circuit DRYSDALE 3222
53313347693,3 EPSOM View DRYSDALE 3222
53313347834,7 WHEAT Street DIGGERS REST 3427
53313347850,10 TASKER Street WYNDHAM VALE 3024
53313347875,7 MAYOPARK Street DEANSIDE 3336
53313347901,5 CADILLAC Way SMYTHES CREEK 3351
53313348009,4 PERCEVAL Place MAMBOURIN 3024
53313348116,129 WEMBLEY Avenue STRATHTULLOH 3338
53313348238,40 WICHITA Grove LARA 3212
53313348295,21 HIMALAYAS Street TRUGANINA 3029
53313348452,6 IPSWICH Street STRATHTULLOH 3338
53313348485,3 MIDFORD Avenue WERRIBEE 3030
53313348569,14 LOUIE Street DEANSIDE 3336
53313348642,5 ISAACS Street DEANSIDE 3336
53313348719,18 GAINSBOROUGH Road WILLIAMS LANDING 3027
53313348741,14 GAINSBOROUGH Road WILLIAMS LANDING 3027
53313348858,18 CARDAMON Street ARMSTRONG CREEK 3217
53313348881,5 GOSFIELD Drive WERRIBEE 3030
53313305487,46 MOTION Drive MOUNT DUNEED 3217
53313305505,12 COLLIE Walk SUNBURY 3429
53313305561,5 LUSITANO Street TAYLORS LAKES 3038
53313305628,1 DEVLIN Drive HOPPERS CROSSING 3029
53313305644,1 DEVLIN Drive HOPPERS CROSSING 3029
53313305660,3B DEVLIN Drive HOPPERS CROSSING 3029
53313305693,7 TRICKETT Drive TRUGANINA 3029
53313305826,103 WILLOBY Drive ALFREDTON 3350
53313305850,25 BEATTIE Court COLAC 3250
53313305959,19 ELMWOOD Street DEANSIDE 3336
53313305974,27 RICKY Parade ARMSTRONG CREEK 3217
53313306065,4 DIXON Street DEANSIDE 3336
53313306156,5 GRETTA Street SMYTHES CREEK 3351
53313306197,9 WASHINGTON Drive THORNHILL PARK 3335
53313306254,19 KELMSCOTT Way WERRIBEE 3030
53313306305,160 ALTEZZE Drive TRUGANINA 3029
53313306329,15 TOWERTREE Street TRUGANINA 3029
53313306412,40 RATHMINES Road TRUGANINA 3029
53313306503,200 BUCKLEY Street FOOTSCRAY 3011
53313306527,204 BUCKLEY Street FOOTSCRAY 3011
53313306551,210 BUCKLEY Street FOOTSCRAY 3011
53313306576,214 BUCKLEY Street FOOTSCRAY 3011
53313306592,218 BUCKLEY Street FOOTSCRAY 3011
53313306626,224 BUCKLEY Street FOOTSCRAY 3011
53313306701,12 YELLOW GUM Way MOUNT DUNEED 3217
53313306725,10 BELLBIRD Street KURUNJANG 3337
53313306759,38 SIMMENTAL Street BONSHAW 3352
53313306832,3 SOCIAL Street TARNEIT 3029
53313306881,64 STRATUS Street TARNEIT 3029
53313455705,7 GASCOYNE Circuit LARA 3212
53313455927,29 CANARY Drive ARMSTRONG CREEK 3217
53313455951,42 SILVER WATTLE Road MOUNT DUNEED 3217
53313456025,15 MAGNIFICENT Grove MOUNT DUNEED 3217
53313456041,5 GUIDANCE Way TARNEIT 3029
53313456090,4 CARDAMON Street ARMSTRONG CREEK 3217
53313456124,18 PRIMULA Street DIGGERS REST 3427
53313456158,25 MASTERS Drive WINTER VALLEY 3358
53313456230,39 TRICKETT Drive TRUGANINA 3029
53313456297,15 VERDALE Drive ALFREDTON 3350
53313456315,20 BUKOVO Street TARNEIT 3029
53313311157,30 BRENTHAM Crescent WERRIBEE 3030
53313311255,3 PAGE Street MARYBOROUGH 3465
53313311314,39 GROWTH Drive WEIR VIEWS 3338
53313311354,11 YUCAMANE Drive TRUGANINA 3029
53313311387,34 CARFIN Circuit THORNHILL PARK 3335
53313311611,47 GIBSONS Circuit BONNIE BROOK 3335
53313311635,21 GILA Way TRUGANINA 3029
53313311669,98 MILLBROOK Drive WYNDHAM VALE 3024
53313311801,28 PALMASTON Drive GREENVALE 3059
53313311833,4 DUFFY Road DEANSIDE 3336
53313460663,22 PATTERSON Street BACCHUS MARSH 3340
53313460696,58 VILLETTE Avenue TARNEIT 3029
53313460746,20 SHEEPYARD Way DIGGERS REST 3427
53313460805,2 ROWANDS Street MOUNT DUNEED 3217
53313460829,3 CORREA Way NEW GISBORNE 3438
53313460845,10 VEDA Street WERRIBEE 3030
53313460894,7 AVION Crescent TRUGANINA 3029
53313460912,50 GOWAR Road TARNEIT 3029
53313461075,112 BONNIEBROOK Road BONNIE BROOK 3335
53313461091,53 PASKAS Drive FRASER RISE 3336
53313461119,69 PEAR Parade FRASER RISE 3336
53313461141,1 GATHERING Grove TARNEIT 3029
53313461174,9 SLOCUM Road TARNEIT 3029
53313461209,1 ANGUL Parade DEANSIDE 3336
53313461223,7 ANGUL Parade DEANSIDE 3336
53313461249,11 ANGUL Parade DEANSIDE 3336
53313461272,39 CALLANISH Street TRUGANINA 3029
53313461447,103 OLDBRIDGE Boulevard WEIR VIEWS 3338
53313461514,25 VULCAN Drive CRAIGIEBURN 3064
53313461587,40 ENRICA Drive MELTON SOUTH 3338
53313461613,6 LILIUM Street DIGGERS REST 3427
53313461645,6 SILVER SMITH Drive KYNETON 3444
53313461678,324 BOUNDARY Road MOUNT DUNEED 3217
53313461694,6 ADLINGTON Avenue GREENVALE 3059
53313461712,20 BRATAN Way TRUGANINA 3029
53313461827,38 PALMASTON Drive GREENVALE 3059
53313461975,8 PROVENCE Court BROWN HILL 3350
53313348965,36 CANARY Drive ARMSTRONG CREEK 3217
53313349070,113 BONNIEBROOK Road BONNIE BROOK 3335
53313349114,40 DANDELION Crescent ROCKBANK 3335
53313349146,16 SKYPAC Drive TRUGANINA 3029
53313349236,44 BRENTHAM Crescent WERRIBEE 3030
53313349252,12 CITRON Street TARNEIT 3029
53313349303,52 KING Street KOROIT 3282
53313349327,19 GREENPOINT Drive ROCKBANK 3335
53313349351,30 PIANTA Street GREENVALE 3059
53313349450,34 GREVILLEA Drive MOUNT DUNEED 3217
53313349501,3 LILYPAD Way ROCKBANK 3335
53313349567,25 CROP Drive FRASER RISE 3336
53313349640,13 LINACRE Crescent MELTON SOUTH 3338
53313349749,15 KELMSCOTT Way WERRIBEE 3030
53313349947,38 WHITE GUM Way WINTER VALLEY 3358
53313349963,4 SCATTER Road FRASER RISE 3336
53313350047,3 PEMBERTON Street MOUNT DUNEED 3217
53313350096,13 ROSS Street WHITE HILLS 3550
53313350114,6 CORK Street ALFREDTON 3350
53313350228,20 CANADIAN Avenue WERRIBEE 3030
53313350303,2 MYRTLE Street CAMPBELLS CREEK 3451
53313350335,42 SECTION Road GREENVALE 3059
53313350351,4 DIANELLA Court WOODEND 3442
53313350402,211 HIGHLANDER Drive CRAIGIEBURN 3064
53313306917,52 FAWKNER Crescent ARMSTRONG CREEK 3217
53313306949,50 DANTE Crescent BONSHAW 3352
53313307014,44 WICHITA Grove LARA 3212
53313307087,3 PRIMULA Street DIGGERS REST 3427
53313307129,9 DALGLISH Street DEANSIDE 3336
53313307186,16 DIRECTIONS Drive GREENVALE 3059
53313307269,26 HEMLEY Circuit MAIDEN GULLY 3551
53313307292,4 SARAN Crescent DEANSIDE 3336
53313307532,4 MAROON Way DIGGERS REST 3427
53313307609,6 ALDER Street MAIDSTONE 3012
53313307657,4 MERRIMACK Place ARMSTRONG CREEK 3217
53313307722,29 CONONDALE Avenue TRUGANINA 3029
53313307821,22 SCHEFFLERA Street CRAIGIEBURN 3064
53313307987,6 AKASHI Crescent CRAIGIEBURN 3064
53313308093,50 WIRELESS Drive AINTREE 3336
53313353719,16 LUSITANO Street TAYLORS LAKES 3038
53313353767,38 RACING Way WINTER VALLEY 3358
53313353899,27 GREENPOINT Drive ROCKBANK 3335
53313311958,1 PORTER Road WARRNAMBOOL 3280
53313311981,9 PALMASTON Drive GREENVALE 3059
53313312095,11 MARION Street DEANSIDE 3336
53313312227,95 GREVILLEA Drive MOUNT DUNEED 3217
53313312334,11 GRETTA Street SMYTHES CREEK 3351
53313312375,19 NOSILLA Street SMYTHES CREEK 3351
53313312524,16 DEVERELL Way WARRNAMBOOL 3280
53313312573,33 HOMAGE Avenue FRASER RISE 3336
53313312599,33 ISPARTA Mews ROXBURGH PARK 3064
53313312617,29 ISPARTA Mews ROXBURGH PARK 3064
53313312649,2 STANWELL Walk ROXBURGH PARK 3064
53313312672,8 STANWELL Walk ROXBURGH PARK 3064
53313312748,27 HEMLEY Circuit MAIDEN GULLY 3551
53313312839,13 RIMMINGTON Way ROCKBANK 3335
53313312962,25 HIGGINS Court BACCHUS MARSH 3340
53313313060,3 BRIDLE Street MINERS REST 3352
53313313093,25 HANLEY Street AVONDALE HEIGHTS 3034
53313313192,23 INGLEWOOD Drive WERRIBEE 3030
53313462097,6 PHELPS Street TARNEIT 3029
53313462115,8 PHELPS Street TARNEIT 3029
53313462170,17 ISAACS Street DEANSIDE 3336
53313462205,48 NORMANBY Boulevard DEANSIDE 3336
53313462278,3 ZAC Street TARNEIT 3029
53313462352,3 DEAN Street HOPPERS CROSSING 3029
53313462411,6 BROCCHI Road NEW GISBORNE 3438
53313317319,2 SKILBECK Street KOROIT 3282
53313317523,11 TOVA Avenue BELL POST HILL 3215
53313317557,9B TOVA Avenue BELL POST HILL 3215
53313317572,7B TOVA Avenue BELL POST HILL 3215
53313317622,27 CHERISH Drive TARNEIT 3029
53313317648,110 WANGOOM Road WARRNAMBOOL 3280
53313317664,7 ASTRONOMY Street GREENVALE 3059
53313317755,3 HILLSBOROUGH Walk CHARLEMONT 3217
53313317770,3 TOSCANA Street TRUGANINA 3029
53313317994,7 KNOWLES Street FYANSFORD 3218
53313318027,32 GREVILLEA Drive MOUNT DUNEED 3217
53313318273,6 INVICTA Drive SMYTHES CREEK 3351
53313350426,56 WALTON Street MELTON SOUTH 3338
53313350442,5 BLOOMFIELD Road THORNHILL PARK 3335
53313350475,40 SECTION Road GREENVALE 3059
53313350519,5 CELADON Court GREENVALE 3059
53313350541,59 FUCHSIA Drive ROCKBANK 3335
53313350574,10 SILVER OAK Way MOUNT DUNEED 3217
53313350600,12 STREETON Avenue HUNTLY 3551
53313396220,10 SILVEREYE Street KURUNJANG 3337
53313396254,14 MOOMBIL Road TRUGANINA 3029
53313396353,7 LOCH Entrance SUNSHINE NORTH 3020
53313396386,6 BUNNY Lane HUNTLY 3551
53313396404,47 ARNOLD Circuit CHARLEMONT 3217
53313396428,4 GUNAWAN Drive TARNEIT 3029
53313396477,11 CALLISTEMON Circuit LARA 3212
53313396725,98 VERDALE Drive ALFREDTON 3350
53313396800,5 LOCH Entrance SUNSHINE NORTH 3020
53313396881,18 CHIVE Walk TARNEIT 3029
53313396909,20 CHIVE Walk TARNEIT 3029
53313397054,8 SPREE Street TARNEIT 3029
53313397145,7 SUMAR Drive CRAIGIEBURN 3064
53313397276,9 MICICH Court ALFREDTON 3350
53313397310,4 CENTINELA Street TARNEIT 3029
53313354055,25 RIDLEY Street DRYSDALE 3222
53313354088,34 LABICHEA Street CRAIGIEBURN 3064
53313354162,58 LUGANO Avenue ALFREDTON 3350
53313354277,24 AZALEA Way ROCKBANK 3335
53313354303,7 CONDER Parade CLIFTON SPRINGS 3222
53313354402,14 BUNCE Court FYANSFORD 3218
53313354468,17 DOVE Avenue WINTER VALLEY 3358
53313354519,18 ORANGE Drive FRASER RISE 3336
53313354533,16 ORANGE Drive FRASER RISE 3336
53313354590,2 ORANGE Drive FRASER RISE 3336
53313354624,14 ORANGE Drive FRASER RISE 3336
53313354666,9 PATRIOT Crescent SMYTHES CREEK 3351
53313354731,7 BERESFORD Street TRUGANINA 3029
53313354765,13 ARNOLD Circuit CHARLEMONT 3217
53313354780,13 READMAN Road FRASER RISE 3336
53313354864,10 MECCA Court TARNEIT 3029
53313354921,48 GAWAN Loop COBURG NORTH 3058
53313354955,2 FARMINGTON Street CHARLEMONT 3217
53313354988,28 VALBERG Street WINTER VALLEY 3358
53313355053,2 CONRICK Way KOROIT 3282
53313355094,22 COLMAR Street LARA 3212
53313355128,4 STEAMBOAT Avenue WINTER VALLEY 3358
53313355152,3 PIANA Road FRASER RISE 3336
53313355185,30 STEVO Way FRASER RISE 3336
53313355202,20 GIBSONS Circuit BONNIE BROOK 3335
53313355250,3 CURRUMBIN Street ARMSTRONG CREEK 3217
53313355275,16 GUNAWAN Drive TARNEIT 3029
53313355291,4 SILVER LEAF Way WINTER VALLEY 3358
53313355341,10 JUMPS Street WINTER VALLEY 3358
53313313548,1 SELVA Street WINTER VALLEY 3358
53313313597,7 VENICE Drive WINTER VALLEY 3358
53313313615,5 VENICE Drive WINTER VALLEY 3358
53313313663,74 PASCOE VALE Road MOONEE PONDS 3039
53313313706,79 WEDGE TAIL Drive WINTER VALLEY 3358
53313313762,14 CORNFLOWER Way MOUNT DUNEED 3217
53313313795,43 GRAINGER Parade LUCAS 3350
53313313894,17 CURRUMBIN Street ARMSTRONG CREEK 3217
53313313944,62 OWARRA Boulevard MOUNT DUNEED 3217
53313313960,31 JEFFREY Avenue ALTONA NORTH 3025
53313359680,21 SOCIAL Street TARNEIT 3029
53313359708,20 HELENIC Drive GREENVALE 3059
53313359764,7 PETRONAS Drive FRASER RISE 3336
53313359815,4 CORONET Street EPSOM 3551
53313359863,33 CURRUMBIN Street ARMSTRONG CREEK 3217
53313360038,14 HIMALAYAS Street TRUGANINA 3029
53313360087,4A HUTTON Street MAIDSTONE 3012
53313360137,1 KIANA Way ROXBURGH PARK 3064
53313360235,19 BENTONS Way ARMSTRONG CREEK 3217
53313392475,25 OMETEPE Walk CRAIGIEBURN 3064
53313392491,27 OMETEPE Walk CRAIGIEBURN 3064
53313392519,36 FOLD Circuit BONNIE BROOK 3335
53313392541,6 BUNYIP Street GISBORNE 3437
53313392717,79 PRESENTATION Boulevard WINTER VALLEY 3358
53313392830,9 RICHARD Court CRESWICK 3363
53313392915,13 CHARLES Road ALTONA 3018
53313392947,13 NEVIS Place TRUGANINA 3029
53313392988,91 CLARKES Road FYANSFORD 3218
53313393013,4 BUNNY Lane HUNTLY 3551
53313393053,9 BULLION Lane JACKASS FLAT 3556
53313393086,28 CURRUMBIN Street ARMSTRONG CREEK 3217
53313438304,24 DAFFODIL Crescent DIGGERS REST 3427
53313438344,29 EVERGREEN Street ARMSTRONG CREEK 3217
53313438451,22 LANTANA Avenue HOPPERS CROSSING 3029
53313438601,40 CHERISH Street FRASER RISE 3336
53313438633,17 GREENPOINT Drive ROCKBANK 3335
53313438700,17 SCOTTSDALE Street CHARLEMONT 3217
53313438724,11 CANARY Drive ARMSTRONG CREEK 3217
53313438740,23 RIO Way TRUGANINA 3029
53313438809,3 SEVENHILL Drive MOUNT DUNEED 3217
53313438831,28 SADDLEBRED Avenue WERRIBEE 3030
53313438857,32 STUBBERFIELD Road TARNEIT 3029
53313438872,30 STUBBERFIELD Road TARNEIT 3029
53313438930,27 EDITH Street TARNEIT 3029
53313438964,80 ROTHSCHILD Road GISBORNE 3437
53313397425,8 SOCORRO Way TRUGANINA 3029
53313397518,26 APPALOOSA Avenue TAYLORS LAKES 3038
53313397581,31 COPPICE Street LARA 3212
53313397631,10 CROSBY Street TRUGANINA 3029
53313397665,34 CHERISH Street FRASER RISE 3336
53313397698,2 BROLGA Boulevard WINTER VALLEY 3358
53313397730,20 CROP Drive FRASER RISE 3336
53313397906,46 WARANGAL Way DEANSIDE 3336
53313397938,19 ICONIC Drive TARNEIT 3029
53313397987,1 DIEGO Place CHARLEMONT 3217
53313398036,30 CARFIN Circuit THORNHILL PARK 3335
53313398052,3 SHADOW Street DEANSIDE 3336
53313398103,69 RESTFUL Way ROCKBANK 3335
53313398274,31 MIANDAD Street ROCKBANK 3335
53313398332,18 FREEDOM Drive MOUNT DUNEED 3217
53313398381,24 MADIGAN Road LANCEFIELD 3435
53313398409,45 RALEIGH Circuit ARMSTRONG CREEK 3217
53313398655,14 PIANA Road FRASER RISE 3336
53313398762,15 MERAPI Grove TRUGANINA 3029
53313398787,9 SASHA Crescent TRUGANINA 3029
53313398805,7 KELMSCOTT Way WERRIBEE 3030
53313355509,49 CLYDESDALE Drive BONSHAW 3352
53313355616,13 POPLAR Drive ROMSEY 3434
53313355664,51 IONICA Loop TRUGANINA 3029
53313355763,11 SOHO Circuit BURNSIDE 3023
53313355838,3 WOOLSPINNER Crescent WYNDHAM VALE 3024
53313355887,22 GUSTAVE Avenue MICKLEHAM 3064
53313355905,4 KONARK Road BONNIE BROOK 3335
53313355994,16 VALIANT Street DEANSIDE 3336
53313356035,19 HONEYEATER Way MOUNT DUNEED 3217
53313356191,24 QUEENSRIDGE Grove FYANSFORD 3218
53313356224,12 EUCALYPTUS Street JACKASS FLAT 3556
53313356430,24 FLEURIEU Circuit ARMSTRONG CREEK 3217
53313356489,29 NARADA Road TRUGANINA 3029
53313356515,3 TRAVERSE Avenue TARNEIT 3029
53313356547,12 BRENTHAM Crescent WERRIBEE 3030
53313356614,8 FAITH Road TARNEIT 3029
53313356679,5 RAMP Place LEOPOLD 3224
53313402202,35 LYNWOOD Drive THORNHILL PARK 3335
53313402234,19 MURNONG Street LEOPOLD 3224
53313402275,32 ENGLAND Street WERRIBEE 3030
53313402301,28 ENGLAND Street WERRIBEE 3030
53313402325,24 ENGLAND Street WERRIBEE 3030
53313360292,9 BENTONS Way ARMSTRONG CREEK 3217
53313360326,3 BENTONS Way ARMSTRONG CREEK 3217
53313360401,12 MCKELL Street DEANSIDE 3336
53313360518,25 CONIFER Street ARMSTRONG CREEK 3217
53313360566,27 CARDAMON Street ARMSTRONG CREEK 3217
53313360599,18 COLMAR Street LARA 3212
53313360623,7 BENTONS Way ARMSTRONG CREEK 3217
53313360649,53 LANGDON Drive WYNDHAM VALE 3024
53313360807,44 WINGED FOOT Drive SUNSHINE NORTH 3020
53313360821,52 WINGED FOOT Drive SUNSHINE NORTH 3020
53313360896,10 BLUEWREN Street KURUNJANG 3337
53313360946,14 KENDALL Street COBURG 3058
53313361077,3 CORONADO Crescent TRUGANINA 3029
53313361093,12 BUNCE Court FYANSFORD 3218
53313361127,16 ASTRONOMY Street GREENVALE 3059
53313361225,21 BIBURY Street LARA 3212
53313361340,25 BRENTHAM Crescent WERRIBEE 3030
53313361366,3 DAPHNE Way ROCKBANK 3335
53313361472,4 ATTADALE Avenue WERRIBEE 3030
53313361589,8 ESATTO Walk WYNDHAM VALE 3024
53313361720,500-540 TORQUAY Road ARMSTRONG CREEK 3217
53313439186,35 SKYPAC Street WEIR VIEWS 3338
53313439251,2 TASMAN Place WARRNAMBOOL 3280
53313439302,23 COPPICE Street LARA 3212
53313439467,66 CLAUDIA Crescent KURUNJANG 3337
53313439518,2 HAVEN Court ARMSTRONG CREEK 3217
53313439599,34 BURBIDGE Street TRUGANINA 3029
53313439623,24 INGALLS Road MAMBOURIN 3024
53313439665,25 VEL Street DEANSIDE 3336
53313439698,16 SUNNY Street SUNBURY 3429
53313439716,60 WALTON Street MELTON SOUTH 3338
53313439730,20 HONEYEATER Way MOUNT DUNEED 3217
53313439764,22 SHADOW Street DEANSIDE 3336
53313439839,30 DAGLISH Way WERRIBEE 3030
53313439896,37 GALLANT Road ST LEONARDS 3223
53313439914,320 BOUNDARY Road MOUNT DUNEED 3217
53313439938,390 MCGEORGE Road GISBORNE 3437
53313439962,28 GOSFIELD Drive WERRIBEE 3030
53313440020,22 SPREE Street TARNEIT 3029
53313440186,5 MELROSE Street MOONEE PONDS 3039
53313440251,4 FOLD Circuit BONNIE BROOK 3335
53313440302,1 CONTE Close COBURG 3058
53313440326,4 BLACKWOOD Close COBURG 3058
53313440350,3 CONTE Close COBURG 3058
53313440391,37 PENTRIDGE Boulevard COBURG 3058
53313440425,8 SACRAMENTO Way COBURG 3058
53313440459,4 CONTE Close COBURG 3058
53313398944,10 GINKGO Street FRASER RISE 3336
53313398977,54-58 SYNNOT Street WERRIBEE 3030
53313399002,24 DOMA Drive TRUGANINA 3029
53313399050,28 STILO Crescent TRUGANINA 3029
53313399141,25 ESCARPMENT Drive FYANSFORD 3218
53313444401,11 PARKES Avenue CHARLEMONT 3217
53313444441,18 WALTER Street CHARLEMONT 3217
53313444532,103 MERINDAH Boulevard DEANSIDE 3336
53313444609,29 CANADIAN Avenue WERRIBEE 3030
53313444623,5 COOPER Street BALLAN 3342
53313444649,28 UNISON Road STRATHTULLOH 3338
53313444672,32 UNISON Road STRATHTULLOH 3338
53313444698,3 ADAMS Way MADDINGLEY 3340
53313444771,11 COLMAR Street LARA 3212
53313444855,57 GIBSONS Circuit BONNIE BROOK 3335
53313444914,67 SUMAR Drive MICKLEHAM 3064
53313444962,2 MCARTHUR Place WARRNAMBOOL 3280
53313444987,54 KINGDOM Boulevard WEIR VIEWS 3338
53313445184,20 HUTCHINSON Drive LUCAS 3350
53313445233,33 DOMA Drive TRUGANINA 3029
53313445259,39 LAFLIN Avenue TARNEIT 3029
53313445290,33 ROWANDS Street MOUNT DUNEED 3217
53313445324,43 BALLET Crescent SUNBURY 3429
53313402341,20 ENGLAND Street WERRIBEE 3030
53313402382,109 COUNTESS Drive ST LEONARDS 3223
53313402400,5 WICKLOW Drive MELTON SOUTH 3338
53313402458,11 EUCALYPTUS Street JACKASS FLAT 3556
53313402481,1 VERDANT Court KANGAROO FLAT 3555
53313402557,14 ENGLAND Street WERRIBEE 3030
53313402572,12 ENGLAND Street WERRIBEE 3030
53313402608,25 COOK Avenue TORQUAY 3228
53313402630,13 MULLAVEY Place WERRIBEE 3030
53313402664,5 MULLAVEY Place WERRIBEE 3030
53313402689,3 MULLAVEY Place WERRIBEE 3030
53313402707,2 MULLAVEY Place WERRIBEE 3030
53313402887,54 FLANAGAN Street TARNEIT 3029
53313402913,39 CHISHOLM Street MARYBOROUGH 3465
53313402986,34 MADIGAN Road LANCEFIELD 3435
53313403011,33 IVERSON Circuit DEANSIDE 3336
53313403043,12 LILIUM Street DIGGERS REST 3427
53313403076,26 MAREMMANO Crescent TAYLORS LAKES 3038
53313403142,4 ASTREA Place GREENVALE 3059
53313403240,1 DAKSHINA Court DELACOMBE 3356
53313403273,12 SPREE Street TARNEIT 3029
53313403357,19 LEE Road LUCAS 3350
53313403448,45 BRADFIELD Loop STRATHFIELDSAYE 3551
53313403547,23 MINNAUNS Road LOVELY BANKS 3213
53313403570,41 JOEY Crescent DEANSIDE 3336
53313403753,50 GREAVES Avenue DEANSIDE 3336
53313403778,76 SINCLAIRS Road DEANSIDE 3336
53313361746,6 ESATTO Walk WYNDHAM VALE 3024
53313361795,9 ESTRELLA Street BONSHAW 3352
53313361837,36 DURWARD Avenue MADDINGLEY 3340
53313361993,6 ELMWOOD Street DEANSIDE 3336
53313362018,10 VALIANT Street DEANSIDE 3336
53313362032,1 BICTON Street WERRIBEE 3030
53313362198,5 BICTON Street WERRIBEE 3030
53313362255,15 TARRNOOK Drive STRATHFIELDSAYE 3551
53313362270,298 BOUNDARY Road MOUNT DUNEED 3217
53313362395,18 VIGNETTE Road DIGGERS REST 3427
53313362445,12 VIOLA Drive ROCKBANK 3335
53313362478,14 VIOLA Drive ROCKBANK 3335
53313362603,9 BRISBANE Street LARA 3212
53313408298,49 LAFLIN Avenue TARNEIT 3029
53313408364,25 WHITEGUM Street HARKNESS 3337
53313408421,45 FLEURIEU Circuit ARMSTRONG CREEK 3217
53313408470,26 STOCKMANS Drive TRUGANINA 3029
53313408496,27 WINTON Drive FRASER RISE 3336
53313408520,21 WINTON Drive FRASER RISE 3336
53313440482,2 SACRAMENTO Way COBURG 3058
53313440500,43 PENTRIDGE Boulevard COBURG 3058
53313440524,3 BLACKWOOD Close COBURG 3058
53313440558,14 BLACKWOOD Close COBURG 3058
53313440581,26 BLACKWOOD Close COBURG 3058
53313440617,24 BLACKWOOD Close COBURG 3058
53313440631,8 BLACKWOOD Close COBURG 3058
53313440657,2 BLACKWOOD Close COBURG 3058
53313440680,46 UNISON Road STRATHTULLOH 3338
53313440821,47 DAFFODIL Crescent DIGGERS REST 3427
53313440870,21 SEVENHILL Drive MOUNT DUNEED 3217
53313441004,6 RUBENS Street TARNEIT 3029
53313441052,4 VEDA Street WERRIBEE 3030
53313441077,24 SONATA Street WYNDHAM VALE 3024
53313441103,4 FORTH Court JUNORTOUN 3551
53313441233,4 BERRYMAN Lane FYANSFORD 3218
53313441267,15 GREVILLEA Drive MOUNT DUNEED 3217
53313441290,93 OAKDEAN Boulevard OCEAN GROVE 3226
53313441318,104 ALCOCK Road TRUGANINA 3029
53313296173,5 SCATTER Road FRASER RISE 3336
53313296289,5B RIPVIEW Drive OCEAN GROVE 3226
53313296355,7 COMPANION Street TRUGANINA 3029
53313296420,21 GIBSONS Circuit BONNIE BROOK 3335
53313296495,6 CONTROL Street GREENVALE 3059
53313296553,18 DIRECTIONS Drive GREENVALE 3059
53313296628,30 FLANNERY Circuit CHARLEMONT 3217
53313296652,162 ALTEZZE Drive TRUGANINA 3029
53313296711,28 GOWAR Road TARNEIT 3029
53313445399,6 FAWKNER Crescent ARMSTRONG CREEK 3217
53313445423,15 ANNA Road FRASER RISE 3336
53313445457,61 JOEY Crescent DEANSIDE 3336
53313445508,42 KARACHI Avenue MOUNT COTTRELL 3024
53313445522,34 MASTERS Drive WINTER VALLEY 3358
53313445589,17 GRAND VIEW Drive MCKENZIE HILL 3451
53313445615,9 NAGAR Street THORNHILL PARK 3335
53313445639,3 GASCOYNE Circuit LARA 3212
53313445655,26 STEAMBOAT Avenue WINTER VALLEY 3358
53313445696,156 ALTEZZE Drive TRUGANINA 3029
53313445837,15 HARKNESS Boulevard ARMSTRONG CREEK 3217
53313445912,6 FORESTMILL Chase WERRIBEE 3030
53313445936,5 GINKGO Street FRASER RISE 3336
53313446091,20 WATTLESEED Drive FRASER RISE 3336
53313446125,14 WINTON Drive FRASER RISE 3336
53313446159,18 CORVO Drive TRUGANINA 3029
53313446265,46 SIRIANNI Boulevard FRASER RISE 3336
53313446298,29 MAROON Way DIGGERS REST 3427
53313446330,6 KANGAROO Way ARMSTRONG CREEK 3217
53313446364,8 REJOICE Street TARNEIT 3029
53313446421,4 BASS Close WARRNAMBOOL 3280
53313446447,4B STEPHENSON Street WINCHELSEA 3241
53313446463,5 BALLANTYNE Street WARRNAMBOOL 3280
53313446496,7 DALRYMPLE Drive WARRNAMBOOL 3280
53313446520,9 WHATMAN Street LUCAS 3350
53313403804,56 GREAVES Avenue DEANSIDE 3336
53313403836,38 GREAVES Avenue DEANSIDE 3336
53313403860,54 GREAVES Avenue DEANSIDE 3336
53313403935,22 LABICHEA Street CRAIGIEBURN 3064
53313404001,37 DANDELION Crescent ROCKBANK 3335
53313404025,7 PATHFIELD Street CORIO 3214
53313404158,43 CAMPBELL Road HUNTLY 3551
53313404173,47 PEAR Parade FRASER RISE 3336
53313404208,17 BALLET Crescent SUNBURY 3429
53313404230,26 ERASMUS Avenue CRAIGIEBURN 3064
53313404578,6 FRIENDSHIP Place TARNEIT 3029
53313404604,7 HERTALI Street TRUGANINA 3029
53313404685,9 NOTTING Walk WYNDHAM VALE 3024
53313404792,27 VERNAL Circuit MOUNT DUNEED 3217
53313404834,101 CLARKES Road FYANSFORD 3218
53313404868,3 NINEVEH Road CRAIGIEBURN 3064
53313404967,5 SUMMERS Court LANCEFIELD 3435
53313405017,2 RATHMINES Road TRUGANINA 3029
53313405072,42 ROWANDS Street MOUNT DUNEED 3217
53313405098,17 WARDELL Street TARNEIT 3029
53313405148,15 HUNTINGFIELD Street THORNHILL PARK 3335
53313405171,40 GALLANT Road ST LEONARDS 3223
53313450291,22 CANADIAN Avenue WERRIBEE 3030
53313408653,7 BLACKALL Street TRUGANINA 3029
53313408686,26 JOEY Crescent DEANSIDE 3336
53313408712,20 BRISBANE Street LARA 3212
53313408785,15-17 BACKELEI Crescent GROVEDALE 3216
53313408803,181 WARATAH Road HUNTLY 3551
53313408892,5 BEXLEY Way STRATHFIELDSAYE 3551
53313408926,63 VERDALE Drive ALFREDTON 3350
53313408983,72 PRESENTATION Boulevard WINTER VALLEY 3358
53313409000,41 WALTERS Way ALFREDTON 3350
53313409157,10 VALBERG Street WINTER VALLEY 3358
53313409180,14 SUNNY Street SUNBURY 3429
53313409215,3 MALTA Road CRAIGIEBURN 3064
53313409288,100 OAKDEAN Boulevard OCEAN GROVE 3226
53313409314,49 ATLANTIS Drive POINT COOK 3030
53313409354,142 BONNIEBROOK Road BONNIE BROOK 3335
53313409387,31 GILA Way TRUGANINA 3029
53313409405,4 BOSSINI Street TRUGANINA 3029
53313409494,18 WOODLET Street WEIR VIEWS 3338
53313409544,62 KILKENNY Drive ALFREDTON 3350
53313409676,6 VERDANT Court KANGAROO FLAT 3555
53313409734,117 FARM Road WERRIBEE 3030
53313409791,54 MESSENGER Parade LUCAS 3350
53313409819,56 MOTION Drive MOUNT DUNEED 3217
53313409867,6 FORTH Court JUNORTOUN 3551
53313409882,4 MONTEREY Street ARMSTRONG CREEK 3217
53313409900,2 MONTEREY Street ARMSTRONG CREEK 3217
53313296751,11 ELMWOOD Street DEANSIDE 3336
53313296802,21 VANBURN Road TRUGANINA 3029
53313296959,15 VIGNETTE Road DIGGERS REST 3427
53313296982,11 AVONBURY Drive ARMSTRONG CREEK 3217
53313297008,13 NOSILLA Street SMYTHES CREEK 3351
53313297022,14 DIANCHI Drive WYNDHAM VALE 3024
53313297115,108 WINIFRED Street OAK PARK 3046
53313297139,2 CHERISH Street FRASER RISE 3336
53313297245,50 JOHN Street GLENROY 3046
53313297393,134 OLDBRIDGE Boulevard WEIR VIEWS 3338
53313297469,22 YELLOW GUM Way MOUNT DUNEED 3217
53313297492,7 INVICTA Drive SMYTHES CREEK 3351
53313297526,41 MAMIC Boulevard FRASER RISE 3336
53313297542,10 COOLBINIA Avenue WERRIBEE 3030
53313297682,15 DEVONSHIRE Road THORNHILL PARK 3335
53313297700,25 EREMAEA Road CRAIGIEBURN 3064
53313297732,11 MURNONG Street LEOPOLD 3224
53313297766,53 MODESTO Drive TARNEIT 3029
53313297823,26 FRAGRANT Crescent DIGGERS REST 3427
53313297916,4 REEF Street CRAIGIEBURN 3064
53313297989,201 EXFORD Road MELTON SOUTH 3338
53313298014,19 BUD Street LARA 3212
53313298046,98 WEST Street GLENROY 3046
53313298079,35 HOMAGE Avenue FRASER RISE 3336
53313298113,46 FLANAGAN Street TARNEIT 3029
53313446827,2 KANGAROO Way ARMSTRONG CREEK 3217
53313446869,3 APPLE GUM Court LARA 3212
53313446926,8 MELIA Street STRATHFIELDSAYE 3551
53313447009,30 WESTBURY Avenue ROCKBANK 3335
53313447098,16 DURELL Road TRUGANINA 3029
53313447130,74 KENSINGTON Boulevard SMYTHES CREEK 3351
53313447164,16 DUNKERRIN Avenue GISBORNE 3437
53313447197,77 NORMANBY Boulevard DEANSIDE 3336
53313447220,65 NORMANBY Boulevard DEANSIDE 3336
53313447246,7 FROLIC Street TARNEIT 3029
53313447295,59 NORMANBY Boulevard DEANSIDE 3336
53313302106,178 LICENSE Road DIGGERS REST 3427
53313302146,26 SADDLEBRED Avenue WERRIBEE 3030
53313302179,3 ALTEZZE Drive TRUGANINA 3029
53313302195,1 STABLE Court MINERS REST 3352
53313302212,5 ELPIS Road WEIR VIEWS 3338
53313302244,26 ELMWOOD Street DEANSIDE 3336
53313302260,4 SHAWFAIR Place STRATHTULLOH 3338
53313302376,12 ARCHIE Drive BONNIE BROOK 3335
53313302410,87 CLARKES Road FYANSFORD 3218
53313302442,22 MULLINGAR Drive ALFREDTON 3350
53313302632,6 GILA Way TRUGANINA 3029
53313302798,18 PERCEVAL Place MAMBOURIN 3024
53313302822,11 COMPANION Street TRUGANINA 3029
53313302939,8 DESMOND Street LUCAS 3350
53313450319,19 SOCIAL Street TARNEIT 3029
53313450333,53 RALEIGH Circuit ARMSTRONG CREEK 3217
53313450424,4 MAHATMA Road WERRIBEE 3030
53313450473,22 ROOSEVELT Drive ROCKBANK 3335
53313450523,37 INVICTA Drive SMYTHES CREEK 3351
53313450572,5 KARAKUL Street MAMBOURIN 3024
53313450598,14 GALLEY Way ARMSTRONG CREEK 3217
53313450671,32 CALLANISH Street TRUGANINA 3029
53313450707,39 LIBERATION Drive ARMSTRONG CREEK 3217
53313450747,15 HARVEYS Lane JACKASS FLAT 3556
53313450770,18 LUBEC Street LARA 3212
53313450814,14 PATRIOT Crescent SMYTHES CREEK 3351
53313450862,30 CALLICOMA Street MICKLEHAM 3064
53313450887,21 MAROON Street TARNEIT 3029
53313450945,5 CONTE Close COBURG 3058
53313450978,12 CONTE Close COBURG 3058
53313450994,8 CONTE Close COBURG 3058
53313451011,15 CONTE Close COBURG 3058
53313451051,21 CONTE Close COBURG 3058
53313451076,14 CONTE Close COBURG 3058
53313451102,52 STELLAR Road BONNIE BROOK 3335
53313451175,3 MELIA Street STRATHFIELDSAYE 3551
53313451365,8 FAULKS Street BONNIE BROOK 3335
53313451430,20 DALGLISH Street DEANSIDE 3336
53313451521,32 LABICHEA Street CRAIGIEBURN 3064
53313451547,27 AKASHI Crescent CRAIGIEBURN 3064
53313451737,7 LORD Street THORNHILL PARK 3335
53313410073,21 HELDER Drive MAMBOURIN 3024
53313410099,22 MUSTANG Circuit BONNIE BROOK 3335
53313410117,6 HABERFIELD Street WARRNAMBOOL 3280
53313410379,4 DEAN Street LUCAS 3350
53313410395,28 VERDALE Drive ALFREDTON 3350
53313410429,5 HEDDITCH Street PORTLAND 3305
53313410445,4 DAGLISH Way WERRIBEE 3030
53313410461,7 DOVE Avenue WINTER VALLEY 3358
53313410494,52 IONICA Loop TRUGANINA 3029
53313410536,2 PHIPPS Road WERRIBEE 3030
53313410593,28 PIANTA Street GREENVALE 3059
53313410643,3 EUCALYPTUS Street JACKASS FLAT 3556
53313410783,5 WHITEGUM Street HARKNESS 3337
53313410833,49 REARDON Crescent ST LEONARDS 3223
53313410867,28 SILVER SMITH Drive KYNETON 3444
53313410890,177 STATION Street EPSOM 3551
53313411089,20 ARRAN Street GISBORNE 3437
53313411147,22 MALTA Road CRAIGIEBURN 3064
53313411196,386 MCGEORGE Road GISBORNE 3437
53313456363,50 VERDALE Drive ALFREDTON 3350
53313456495,24 SHEEPYARD Way DIGGERS REST 3427
53313456513,3 WHITEHOUSE Terrace THORNHILL PARK 3335
53313456537,9 WHITEHOUSE Terrace THORNHILL PARK 3335
53313456561,19 WHITEHOUSE Terrace THORNHILL PARK 3335
53313456586,15 WHITEHOUSE Terrace THORNHILL PARK 3335
53313456604,25 WHITEHOUSE Terrace THORNHILL PARK 3335
53313298145,16 VALROSE Road CHARLEMONT 3217
53313298243,10 SCAEVOLA Road CRAIGIEBURN 3064
53313298459,7 MARION Street DEANSIDE 3336
53313298617,31 GREVILLEA Drive MOUNT DUNEED 3217
53313298631,40 HEATHCOTE Street MOUNT DUNEED 3217
53313298680,9 BOLD FRONT Court MINERS REST 3352
53313298789,12 COMPANION Street TRUGANINA 3029
53313298962,40 LOONGANA Avenue GLENROY 3046
53313298987,40 LOONGANA Avenue GLENROY 3046
53313299052,44 MORNINGSIDE Drive THORNHILL PARK 3335
53313299085,16 SANDY Crescent INVERMAY PARK 3350
53313344682,12 LUBEC Street LARA 3212
53313344916,18 CROWTHER Drive LUCAS 3350
53313344930,42 ARNOLD Circuit CHARLEMONT 3217
53313345020,13 AKASHI Crescent CRAIGIEBURN 3064
53313302988,50 ALBERT Drive MELTON SOUTH 3338
53313303013,22 NECTAR Avenue MANOR LAKES 3024
53313303045,26 SASHA Crescent TRUGANINA 3029
53313303061,30 SASHA Crescent TRUGANINA 3029
53313303112,10 AMBITION Street ROCKBANK 3335
53313303382,29 GREVILLEA Drive MOUNT DUNEED 3217
53313303440,8 FARRIER Road WYNDHAM VALE 3024
53313303466,14 TAIPAN Circuit TARNEIT 3029
53313303689,10 TARRNOOK Drive STRATHFIELDSAYE 3551
53313303806,9 MCDONNELL Lane MAIDEN GULLY 3551
53313303887,12 CHAPPELL Avenue CLIFTON SPRINGS 3222
53313304232,5 ASGARD Street TRUGANINA 3029
53313304266,17 MAPSTONE Court MELTON SOUTH 3338
53313304309,27 FRAGRANT Drive LARA 3212
53313304331,38 ARMSTRONG Walk ST LEONARDS 3223
53313451761,17 MAYOPARK Street DEANSIDE 3336
53313451794,88 GREVILLEA Drive MOUNT DUNEED 3217
53313451812,9 BALLISTER Street WYNDHAM VALE 3024
53313451860,8 PECHORA Street TRUGANINA 3029
53313451992,5 STACCATO Terrace STRATHTULLOH 3338
53313452023,74 ERSKINE Road WINTER VALLEY 3358
53313452057,14 YEARLING Promenade WERRIBEE 3030
53313452122,3 THYANVER Court BROWN HILL 3350
53313452214,50 MOTION Drive MOUNT DUNEED 3217
53313452238,4 HAMLIN Road DEANSIDE 3336
53313452262,20 STACCATO Terrace STRATHTULLOH 3338
53313452394,18 VERDALE Drive ALFREDTON 3350
53313452452,13 MOOMBIL Road TRUGANINA 3029
53313452485,2 NOSILLA Street SMYTHES CREEK 3351
53313452503,15 SUNNY Street SUNBURY 3429
53313452527,13 BERESFORD Street TRUGANINA 3029
53313452584,9 HUNTINGFIELD Street THORNHILL PARK 3335
53313452634,123 PALMDALE Crescent MAMBOURIN 3024
53313452774,2 MCKECHNIE Street ST ALBANS 3021
53313452790,4 MCKECHNIE Street ST ALBANS 3021
53313452824,8 MCKECHNIE Street ST ALBANS 3021
53313452858,16 MCKECHNIE Street ST ALBANS 3021
53313452881,20A MCKECHNIE Street ST ALBANS 3021
53313452909,66 HEMINGWAY Drive ROCKBANK 3335
53313452957,4 GIRI Way WERRIBEE 3030
53313452998,19 BLUEWREN Street KURUNJANG 3337
53313453021,9 COFFEY Street TARNEIT 3029
53313453096,34 STOCKMANS Drive TRUGANINA 3029
53313453138,32 MASTERS Drive WINTER VALLEY 3358
53313453162,17 ALISTER Grove TARNEIT 3029
53313456636,40 MORNINGSIDE Drive THORNHILL PARK 3335
53313456792,83 ERSKINE Road WINTER VALLEY 3358
53313456842,27 MATTHEWS Road LOVELY BANKS 3213
53313456868,6 WOOLMAN Street LARA 3212
53313456891,46 FRONTIER Circuit TARNEIT 3029
53313456925,38 MINNAUNS Road LOVELY BANKS 3213
53313456974,4A MCCORMACKS Road MADDINGLEY 3340
53313457139,37 TRICKETT Drive TRUGANINA 3029
53313457261,54 KELLAWAY Street MARIBYRNONG 3032
53313457336,21 FOLD Circuit BONNIE BROOK 3335
53313457360,47 CURTIN Drive DEANSIDE 3336
53313457393,4 MAYOPARK Street DEANSIDE 3336
53313457411,10 MAYOPARK Street DEANSIDE 3336
53313457542,3 DALRYMPLE Drive WARRNAMBOOL 3280
53313457568,32 ARRAN Street GISBORNE 3437
53313457625,7 SANTAROSA Way EPSOM 3551
53313457718,16 WAVERLEY Street BROADMEADOWS 3047
53313457849,56 VALIANT Road SMYTHES CREEK 3351
53313457872,31 HOLYHEAD Drive TORQUAY 3228
53313457908,9 STEVO Way FRASER RISE 3336
53313457930,33 STEELE Street CHEWTON 3451
53313457964,25 PECHORA Street TRUGANINA 3029
53313457989,7 ABU Road TRUGANINA 3029
53313458046,18 BURBIDGE Street TRUGANINA 3029
53313458095,8 PURITY Way ARMSTRONG CREEK 3217
53313345087,47 AQUIVER Terrace MINERS REST 3352
53313345137,23 VULCAN Drive CRAIGIEBURN 3064
53313345153,51 SUMAR Drive CRAIGIEBURN 3064
53313345186,2 VIOLA Drive ROCKBANK 3335
53313345211,27A FREDERICK Street CAMPERDOWN 3260
53313345292,37 RESTFUL Way ROCKBANK 3335
53313345326,19 CORIDALE Boulevard LARA 3212
53313345350,22 FREEDOM Drive MOUNT DUNEED 3217
53313345419,11 VEDA Street WERRIBEE 3030
53313345482,41 CROWN Drive FRASER RISE 3336
53313345500,6 COUNSEL Road FRASER RISE 3336
53313345532,30 ARNOLD Circuit CHARLEMONT 3217
53313345573,49 PASKAS Drive FRASER RISE 3336
53313345609,51 ARNOLD Circuit CHARLEMONT 3217
53313345730,63 GRAINGER Parade LUCAS 3350
53313345821,53 BRANCHILLY Drive ROXBURGH PARK 3064
53313345847,12 THIRLMERE Place TRUGANINA 3029
53313345906,16 BLOOMFIELD Road THORNHILL PARK 3335
53313345954,51 CORIDALE Boulevard LARA 3212
53313346012,31 RICKY Parade ARMSTRONG CREEK 3217
53313346036,4 LA PEROUSE Way WARRNAMBOOL 3280
53313346052,11 CORIDALE Boulevard LARA 3212
53313346192,12 GOLDSTRAW Esplanade WARRNAMBOOL 3280
53313346267,16 CHISHOLM Street MARYBOROUGH 3465
53313346290,14 CHISHOLM Street MARYBOROUGH 3465
53313346358,9 TROOPER Avenue SUNBURY 3429
53313346373,10 CORONET Street EPSOM 3551
53313346399,24 PEMBERTON Street MOUNT DUNEED 3217
53313346423,56 ARNOLD Circuit CHARLEMONT 3217
53313346480,26 STEVO Way FRASER RISE 3336
53313304408,7 STARKE Street DEANSIDE 3336
53313304507,6 CANARY Court LOVELY BANKS 3213
53313304812,28 GRANVILLE Street GLENROY 3046
53313304903,10 BUNCE Court FYANSFORD 3218
53313304935,17 TERRACOTTA Avenue TARNEIT 3029
53313305001,10 GIBSON Way MADDINGLEY 3340
53313350709,2A GLADMAN Road MADDINGLEY 3340
53313350731,2A GLADMAN Road MADDINGLEY 3340
53313350757,2A GLADMAN Road MADDINGLEY 3340
53313350772,2A GLADMAN Road MADDINGLEY 3340
53313351136,24 CORIDALE Boulevard LARA 3212
53313351234,2 ARCHIE Drive BONNIE BROOK 3335
53313351268,18 DEVONSHIRE Road THORNHILL PARK 3335
53313351301,217 OHALLORANS Road LARA 3212
53313351367,16 FROLIC Street TARNEIT 3029
53313351390,5 ABBOTSWICK Circuit WILLIAMS LANDING 3027
53313351418,4 VIOLA Drive ROCKBANK 3335
53313351432,6 VIOLA Drive ROCKBANK 3335
53313453236,62 CURTIN Drive DEANSIDE 3336
53313308127,56 MARY Drive ALFREDTON 3350
53313308151,264 LEAKES Road TRUGANINA 3029
53313308233,10 ZELKOVA Place LAKE GARDENS 3355
53313308259,9 ZELKOVA Place LAKE GARDENS 3355
53313308282,5 ZELKOVA Place LAKE GARDENS 3355
53313308318,2 ZELKOVA Place LAKE GARDENS 3355
53313308340,29-33 MCARTHUR Crescent ARMSTRONG CREEK 3217
53313308366,6 RIVERVIEW Street AVONDALE HEIGHTS 3034
53313308381,6 RIVERVIEW Street AVONDALE HEIGHTS 3034
53313308472,9 LARK Street ALTONA 3018
53313308571,59 KILKENNY Drive ALFREDTON 3350
53313308607,5 INVICTA Drive SMYTHES CREEK 3351
53313308647,27 SCORPIO Road WEIR VIEWS 3338
53313308670,12 HALLCROFT Road GREENVALE 3059
53313308714,22 BETTALAN Court SPRING GULLY 3550
53313308813,25 ARNOLD Circuit CHARLEMONT 3217
53313309002,17 DANDELION Crescent ROCKBANK 3335
53313309159,58 PENEDREL Drive MOUNT DUNEED 3217
53313309298,27 ELECTRA Drive WILLIAMS LANDING 3027
53313309316,34 VEL Street DEANSIDE 3336
53313458161,1A CLARENDON Street COBURG 3058
53313458235,4 CELESTA Road LARA 3212
53313458251,7 DUGAN Street THORNHILL PARK 3335
53313458310,3 REEF Street CRAIGIEBURN 3064
53313458342,33 CANADIAN Avenue WERRIBEE 3030
53313458383,6 TRAVERSE Avenue TARNEIT 3029
53313458474,10 MARION Street DEANSIDE 3336
53313458524,56 ALTEZZE Drive TRUGANINA 3029
53313458558,8 GLENMORE Parkway ROCKBANK 3335
53313458657,12 HILDEBRANDT Street WARRNAMBOOL 3280
53313458680,5 EPSOM Road KENSINGTON 3031
53313458708,12 BOWERBIRD Grange WINTER VALLEY 3358
53313458946,6 NORMANDE Court ASCOT 3551
53313459127,6 MANE Walk FRASER RISE 3336
53313459151,16 MAROON Street TARNEIT 3029
53313459184,10 MANE Walk FRASER RISE 3336
53313459201,14 MANE Walk FRASER RISE 3336
53313459259,5 PLATERO Boulevard JACKASS FLAT 3556
53313459340,77 CORIDALE Boulevard LARA 3212
53313314217,14 LABICHEA Street CRAIGIEBURN 3064
53313346556,9 RIDLEY Street DRYSDALE 3222
53313346647,20 HEMLEY Circuit MAIDEN GULLY 3551
53313346720,7 DOMINIQUE Street TRUGANINA 3029
53313346754,6 MIDGARD Road WEIR VIEWS 3338
53313346779,21A CEDAR Road LARA 3212
53313346829,23 ELMWOOD Street DEANSIDE 3336
53313346886,8 LAVONA Street POINT COOK 3030
53313346904,18 PEMBERTON Street MOUNT DUNEED 3217
53313347033,19 APPALOOSA Avenue TAYLORS LAKES 3038
53313347264,124 WANGOOM Road WARRNAMBOOL 3280
53313347363,44 SOUTHLANDS Loop STRATHTULLOH 3338
53313347420,43 WALTON Street MELTON SOUTH 3338
53313347446,32 AQUIVER Terrace MINERS REST 3352
53313347462,7 PILKINGTON Street WARRNAMBOOL 3280
53313347529,62 CARFIN Circuit THORNHILL PARK 3335
53313347553,11 STEADFIELD Circuit MELTON SOUTH 3338
53313347628,40 SARATOGA Circuit DRYSDALE 3222
53313393104,41 RICKY Parade ARMSTRONG CREEK 3217
53313393210,80 EAGLEBAY Road ARMSTRONG CREEK 3217
53313393234,92 GIBSONS Circuit BONNIE BROOK 3335
53313393283,39 WALTON Street MELTON SOUTH 3338
53313393367,25 VALIANT Street DEANSIDE 3336
53313393382,10 READMAN Road FRASER RISE 3336
53313351531,7 TARRNOOK Drive STRATHFIELDSAYE 3551
53313351557,8 ATTADALE Avenue WERRIBEE 3030
53313351572,28 CROP Drive FRASER RISE 3336
53313351608,32 PEMBERTON Street MOUNT DUNEED 3217
53313351630,38 KAMALA Drive TARNEIT 3029
53313351664,17 MEREDITH Street ST LEONARDS 3223
53313351689,35 RACING Way WINTER VALLEY 3358
53313351763,34 FOLD Circuit BONNIE BROOK 3335
53313351814,14 AZALEA Way ROCKBANK 3335
53313351838,114 WANGOOM Road WARRNAMBOOL 3280
53313351895,40 KAMALA Drive TARNEIT 3029
53313351961,10 NEWLAND Street ALTONA MEADOWS 3028
53313351994,2 PERSANO Way TAYLORS LAKES 3038
53313352132,46270 WEDGE TAIL Court LARA 3212
53313352297,7 CADILLAC Way SMYTHES CREEK 3351
53313352321,5 AZALEA Way ROCKBANK 3335
53313352446,13 SANDY Crescent INVERMAY PARK 3350
53313352479,9 ARNOLD Circuit CHARLEMONT 3217
53313352513,4 GUSTAVE Avenue CRAIGIEBURN 3064
53313352545,221 OHALLORANS Road LARA 3212
53313352636,33 CORIDALE Boulevard LARA 3212
53313352693,9 SCORPIO Road WEIR VIEWS 3338
53313352751,34 VALROSE Road CHARLEMONT 3217
53313309506,8 SAMUEL Road WEIR VIEWS 3338
53313309554,43 JUSCELINA Drive CRAIGIEBURN 3064
53313309605,23 HENLIX Court MOUNT CLEAR 3350
53313309637,16 MURNONG Street LEOPOLD 3224
53313309694,9 SWANSEA Way ARMSTRONG CREEK 3217
53313309712,90 VERDALE Drive ALFREDTON 3350
53313309892,36 NARADA Road TRUGANINA 3029
53313309926,11 STARKE Street DEANSIDE 3336
53313309991,36 GREVILLEA Drive MOUNT DUNEED 3217
53313310034,34 REARDON Crescent ST LEONARDS 3223
53313310068,17 TALLIS Circuit TRUGANINA 3029
53313310190,15 PIANA Road FRASER RISE 3336
53313310322,19 GRAINGER Parade LUCAS 3350
53313310364,13 CURTIN Drive DEANSIDE 3336
53313310397,15 CURTIN Drive DEANSIDE 3336
53313310415,27 GRAINGER Parade LUCAS 3350
53313310629,2 ZAFFRE Place MOUNT DUNEED 3217
53313310678,28 SCAEVOLA Road CRAIGIEBURN 3064
53313310694,8 CHAMBERLAIN Drive ARMSTRONG CREEK 3217
53313310728,15 VERONA Crescent FRASER RISE 3336
53313310827,8 SAGRADA Way FRASER RISE 3336
53313310851,96 BONNIEBROOK Road BONNIE BROOK 3335
53313310876,11 CHAMBERLAIN Drive ARMSTRONG CREEK 3217
53313314316,94 WESTMORELAND Road SUNSHINE NORTH 3020
53313314348,94 WESTMORELAND Road SUNSHINE NORTH 3020
53313314415,24 PENNELL Avenue ST ALBANS 3021
53313314760,26 MURNONG Street LEOPOLD 3224
53313314843,75 LUGANO Avenue ALFREDTON 3350
53313314869,5 MEWAT Circuit THORNHILL PARK 3335
53313315058,46 BRENTHAM Crescent WERRIBEE 3030
53313315131,15 HOMELAND Way ARMSTRONG CREEK 3217
53313315198,48 WIRELESS Drive AINTREE 3336
53313315247,9 AMBITION Street ROCKBANK 3335
53313315270,7 BUNCE Court FYANSFORD 3218
53313315306,20 ELMWOOD Street DEANSIDE 3336
53313315379,7 ALTO Crescent GREENVALE 3059
53313315395,13 TOPAZ Street ALFREDTON 3350
53313315445,14 PLANTATION Walk DEANSIDE 3336
53313315593,2 ESCOTT Road AINTREE 3336
53313315611,17 VALROSE Road CHARLEMONT 3217
53313315643,36 NATURALISTE Way ARMSTRONG CREEK 3217
53313315684,43 FAWKNER Crescent ARMSTRONG CREEK 3217
53313315750,37 VETRANO Avenue ALFREDTON 3350
53313393418,8 COQUILLE Way ARMSTRONG CREEK 3217
53313393473,42 BRAMFORD Crescent TRUGANINA 3029
53313393517,33 VALIANT Street DEANSIDE 3336
53313393565,24 GALLEY Way ARMSTRONG CREEK 3217
53313393580,9 HEMLEY Circuit MAIDEN GULLY 3551
53313393656,5 GENOA Way CURLEWIS 3222
53313393689,15 PATTERDALE Street TARNEIT 3029
53313393747,61 ESCARPMENT Drive FYANSFORD 3218
53313393814,6 PATHFIELD Street CORIO 3214
53313393913,5 THACKER Court CARDIGAN 3352
53313393937,49 GROWTH Drive WEIR VIEWS 3338
53313393961,10 YUCAMANE Drive TRUGANINA 3029
53313393994,48 SAMUEL Road WEIR VIEWS 3338
53313394027,296 BOUNDARY Road MOUNT DUNEED 3217
53313394200,7 THRUMS Road MAMBOURIN 3024
53313394232,81 SHELTERBELT Avenue WEIR VIEWS 3338
53313394266,2 BOLD FRONT Court MINERS REST 3352
53313394299,5 AVION Crescent TRUGANINA 3029
53313394317,35 DANTE Crescent BONSHAW 3352
53313394331,7 APPLE GUM Court LARA 3212
53313394372,15 MILNE Street SUNBURY 3429
53313394430,13 HEMLEY Circuit MAIDEN GULLY 3551
53313394456,1 BROWN Street BONNIE BROOK 3335
53313394471,9 MORITZ Drive WINTER VALLEY 3358
53313394507,27 SEASCAPE Drive OCEAN GROVE 3226
53313394588,19 GOSFIELD Drive WERRIBEE 3030
53313394729,25 GILA Way TRUGANINA 3029
53313352925,80 RIPPLESIDE Drive TORQUAY 3228
53313353049,10 DIANCHI Drive WYNDHAM VALE 3024
53313353189,18 DOVE Avenue WINTER VALLEY 3358
53313353262,15 FARRIER Road WYNDHAM VALE 3024
53313353295,5 ASHBY Street HUNTLY 3551
53313353394,23 STEVO Way FRASER RISE 3336
53313353493,5 ARNOLD Circuit CHARLEMONT 3217
53313353527,9 EUCALYPTUS Street JACKASS FLAT 3556
53313353551,37 ETHEL Street OAK PARK 3046
53313399217,124A ASBURY Street OCEAN GROVE 3226
53313399308,13 BERNARD Street MAIDSTONE 3012
53313399348,10 YEARLING Promenade WERRIBEE 3030
53313399371,35 FOLD Circuit BONNIE BROOK 3335
53313399470,15 TERRACOTTA Avenue TARNEIT 3029
53313399506,15 MAREMMANO Crescent TAYLORS LAKES 3038
53313399587,5 HILL Street PORT FAIRY 3284
53313399653,10 SEASCAPE Drive OCEAN GROVE 3226
53313399728,55 ESCARPMENT Drive FYANSFORD 3218
53313399803,19 MILLIGAN Circuit CHARLEMONT 3217
53313311123,181 CLARA Avenue TRUGANINA 3029
53313356695,52 WALLANGARA Boulevard HARKNESS 3337
53313356745,10 BONAVIA Street DEANSIDE 3336
53313356804,8 BLACKALL Street TRUGANINA 3029
53313356828,6 TAWNY Court LARA 3212
53313356844,26 BIBURY Street LARA 3212
53313356877,5 PEMBERTON Street MOUNT DUNEED 3217
53313356893,97 CLARKES Road FYANSFORD 3218
53313356911,11 FREYCINET Court WARRNAMBOOL 3280
53313356943,2 LENA Crescent TRUGANINA 3029
53313356969,10 RUSTY Rise BROWN HILL 3350
53313357117,16 IPSWICH Street STRATHTULLOH 3338
53313357172,85 GREVILLEA Drive MOUNT DUNEED 3217
53313357270,4 TRAVERSE Avenue TARNEIT 3029
53313357306,23 SEVENHILL Drive MOUNT DUNEED 3217
53313357338,82 SECTION Road GREENVALE 3059
53313357354,8 BURBIDGE Street TRUGANINA 3029
53313357437,15 VERNAL Circuit MOUNT DUNEED 3217
53313357528,7 STEVO Way FRASER RISE 3336
53313357560,23 HEMLEY Circuit MAIDEN GULLY 3551
53313357627,9 FURANO Road WINTER VALLEY 3358
53313357643,68 KINGDOM Boulevard WEIR VIEWS 3338
53313357692,38 MULLINGAR Drive ALFREDTON 3350
53313315924,37 RICKY Parade ARMSTRONG CREEK 3217
53313315999,52 ASPIRING Drive HUNTLY 3551
53313316064,5 MONTROSE Court GOLDEN SQUARE 3555
53313316121,5 MEREDITH Street ST LEONARDS 3223
53313316147,98 NATURALISTE Way ARMSTRONG CREEK 3217
53313316294,16 NIKOLAOS Street SMYTHES CREEK 3351
53313316393,13C BURNS Street YARRAVILLE 3013
53313316443,20 BULLION Lane JACKASS FLAT 3556
53313316476,23 ARGYLL Drive JUNORTOUN 3551
53313316674,11 DOMINICO Street ST LEONARDS 3223
53313316690,7 STABLE Court MINERS REST 3352
53313316718,41 MULLINGAR Drive ALFREDTON 3350
53313316740,1 WELLARD Boulevard INVERMAY PARK 3350
53313316823,7 NESTOR Place JACKASS FLAT 3556
53313316956,7 DAISY Court BRAYBROOK 3019
53313317029,5 CACTI Street TARNEIT 3029
53313317045,11 CACTI Street TARNEIT 3029
53313317144,45 WESTBURY Boulevard MAIDEN GULLY 3551
53313317185,39 STRATUS Street TARNEIT 3029
53313362768,83 SYDNEY Way ALFREDTON 3350
53313394804,15 THOMAS Street LAVERTON 3028
53313394836,14 BLAKE Drive MADDINGLEY 3340
53313394877,11 TASKER Street WYNDHAM VALE 3024
53313394984,39 DURWARD Avenue MADDINGLEY 3340
53313395033,25 WATERBIRD Circuit WEIR VIEWS 3338
53313395199,14 GUSTAVE Avenue CRAIGIEBURN 3064
53313395505,19 CLOCKWISE Street GREENVALE 3059
53313395578,18 GIBBS Street DEANSIDE 3336
53313395644,38 CALLISTEMON Circuit LARA 3212
53313395660,9 WARANGAL Way DEANSIDE 3336
53313395711,57 BOUQUET Circuit DIGGERS REST 3427
53313395792,40 HOMAGE Avenue FRASER RISE 3336
53313395925,4 CHIVE Walk TARNEIT 3029
53313395967,10 CHIVE Walk TARNEIT 3029
53313395990,12 CHIVE Walk TARNEIT 3029
53313396023,20 CORNFLOWER Way MOUNT DUNEED 3217
53313396072,9 AKASHI Crescent CRAIGIEBURN 3064
53313396189,23 KURUNG Drive WYNDHAM VALE 3024
53313441366,40 SKYPAC Street WEIR VIEWS 3338
53313441381,12 LOUIE Street DEANSIDE 3336
53313441409,318 BOUNDARY Road MOUNT DUNEED 3217
53313441431,22 JOEY Crescent DEANSIDE 3336
53313399876,12 HUDDLE Road HUNTLY 3551
53313399934,53 ESCARPMENT Drive FYANSFORD 3218
53313399983,1 CARLOW Drive ALFREDTON 3350
53313400033,40 PROGRESS Drive FRASER RISE 3336
53313400090,11 NARADA Road TRUGANINA 3029
53313400118,13 MAKITI Crescent HARKNESS 3337
53313400166,7 NARADA Road TRUGANINA 3029
53313400208,48 CALLISTEMON Circuit LARA 3212
53313400230,23 MAY Drive GISBORNE 3437
53313400256,9 AZALEA Way ROCKBANK 3335
53313400271,374 MCGEORGE Road GISBORNE 3437
53313400315,14 HEMSWORTH Road WEIR VIEWS 3338
53313400347,2 FARGO Street THORNHILL PARK 3335
53313400479,3 DAFFODIL Crescent DIGGERS REST 3427
53313400505,25 CARFIN Circuit THORNHILL PARK 3335
53313400703,18 GUNAWAN Drive TARNEIT 3029
53313400727,3 BRASSWOOD Close WERRIBEE 3030
53313400776,384 MCGEORGE Road GISBORNE 3437
53313400842,30 WICKLOW Drive MELTON SOUTH 3338
53313400901,7 KARAKUL Street MAMBOURIN 3024
53313400925,2 KARDAK Street TARNEIT 3029
53313400941,4 BUKOVO Street TARNEIT 3029
53313400974,28 MALTA Road CRAIGIEBURN 3064
53313401108,45 CHISHOLM Street MARYBOROUGH 3465
53313401130,25 LAFLIN Avenue TARNEIT 3029
53313401164,7 WARDELL Street TARNEIT 3029
53313401189,44 COTTON Circuit GISBORNE 3437
53313401254,25 ADANSONIA Circuit MICKLEHAM 3064
53313357882,3 ROSEBANK Walk THORNHILL PARK 3335
53313358008,6 SHAWFAIR Place STRATHTULLOH 3338
53313358064,7 ROSEBANK Walk THORNHILL PARK 3335
53313358089,84-86 NATURALISTE Way ARMSTRONG CREEK 3217
53313358205,178 CLARA Avenue TRUGANINA 3029
53313358336,3 BARNARDS Road BONNIE BROOK 3335
53313358385,176 CLARA Avenue TRUGANINA 3029
53313358443,170 CLARA Avenue TRUGANINA 3029
53313358469,164 CLARA Avenue TRUGANINA 3029
53313358510,162 CLARA Avenue TRUGANINA 3029
53313358550,13 LUSITANO Street TAYLORS LAKES 3038
53313358583,2 BUNNY Lane HUNTLY 3551
53313358601,16 ESKDALE Street WERRIBEE 3030
53313358625,4 SCHOFIELD Street ESSENDON 3040
53313358659,4 SCHOFIELD Street ESSENDON 3040
53313358682,37 GILA Way TRUGANINA 3029
53313358817,85 CLARKES Road FYANSFORD 3218
53313358880,45 DANDELION Crescent ROCKBANK 3335
53313358916,13 CITRON Street TARNEIT 3029
53313358948,10 KAURI Walk MOUNT DUNEED 3217
53313358971,12 KAURI Walk MOUNT DUNEED 3217
53313359046,80 SHELTERBELT Avenue WEIR VIEWS 3338
53313359137,52 SIMMENTAL Street BONSHAW 3352
53313359186,17 VEL Street DEANSIDE 3336
53313359211,18 KAURI Walk MOUNT DUNEED 3217
53313359243,6 KAURI Walk MOUNT DUNEED 3217
53313362867,15 GALLEY Way ARMSTRONG CREEK 3217
53313362882,7 FURANO Road WINTER VALLEY 3358
53313362900,14 FREESTONE Avenue MELTON SOUTH 3338
53313362932,64 WALTON Street MELTON SOUTH 3338
53313363008,14 GALLERY Walk MOUNT DUNEED 3217
53313363030,20 GALLERY Walk MOUNT DUNEED 3217
53313363064,2 GALLERY Walk MOUNT DUNEED 3217
53313363089,29 YEARLING Promenade WERRIBEE 3030
53313363107,98 WHITES Road MOUNT DUNEED 3217
53313363139,64 GIBSONS Circuit BONNIE BROOK 3335
53313363237,12 BRYGEE Close SUNSHINE NORTH 3020
53313363253,4 BRYGEE Close SUNSHINE NORTH 3020
53313363286,24 BRYGEE Close SUNSHINE NORTH 3020
53313363312,28 BRYGEE Close SUNSHINE NORTH 3020
53313363344,34 BRYGEE Close SUNSHINE NORTH 3020
53313363360,8 BRYGEE Close SUNSHINE NORTH 3020
53313363385,40 WINGED FOOT Drive SUNSHINE NORTH 3020
53313363718,6 GALLEY Way ARMSTRONG CREEK 3217
53313363740,648 HOGANS Road TARNEIT 3029
53313363817,51 HARRINGTON Terrace ST LEONARDS 3223
53313363872,31 MILLIGAN Circuit CHARLEMONT 3217
53313363989,24 VALROSE Road CHARLEMONT 3217
53313364038,14 SHADOW Street DEANSIDE 3336
53313364087,23 SOCIAL Street TARNEIT 3029
53313364113,3 SONATA Street WYNDHAM VALE 3024
53313364145,46 REVERENCE Drive ROCKBANK 3335
53313364161,17 FREEDOM Drive MOUNT DUNEED 3217
53313364186,6 GALLERY Walk MOUNT DUNEED 3217
53313441508,21 CROSBY Street TRUGANINA 3029
53313441530,13 LIMESTONE Way OCEAN GROVE 3226
53313441564,96 ALCOCK Road TRUGANINA 3029
53313441589,46 JOEY Crescent DEANSIDE 3336
53313441639,10 UXBRIDGE Street WERRIBEE 3030
53313441762,3 SUNNY Street SUNBURY 3429
53313441795,62 JOEY Crescent DEANSIDE 3336
53313441845,7 DUNKERRIN Avenue GISBORNE 3437
53313441861,47 BUCHANAN Boulevard ARMSTRONG CREEK 3217
53313441912,7 GYMEA Street MOUNT DUNEED 3217
53313441936,19 TRICKETT Drive TRUGANINA 3029
53313441985,56 JOEY Crescent DEANSIDE 3336
53313442032,42 PEMBERTON Street MOUNT DUNEED 3217
53313442066,10 AVAWARD Street WYNDHAM VALE 3024
53313442149,36 LANA Drive JACKASS FLAT 3556
53313442207,6 KELMSCOTT Way WERRIBEE 3030