unique_id,address
53313442387,5 ODARA Mews TARNEIT 3029
53313442405,14 DUNKERRIN Avenue GISBORNE 3437
53313442437,3 COUNSEL Road FRASER RISE 3336
53313442504,16 WELLINGTON Crescent TORQUAY 3228
53313442544,73 NAVIGATION Road TARNEIT 3029
53313442585,3 LAUREL Court SUNBURY 3429
53313442611,8 BUKOVO Street TARNEIT 3029
53313442643,14 PERIDOT Way ALFREDTON 3350
53313442684,45 AVION Crescent TRUGANINA 3029
53313442710,20 HENLIX Court MOUNT CLEAR 3350
53313442742,8 WOOLMAN Street LARA 3212
53313442775,31 GIBSONS Circuit BONNIE BROOK 3335
53313442791,29 ROWANDS Street MOUNT DUNEED 3217
53313442841,16 VERDALE Drive ALFREDTON 3350
53313442874,13 TOWERTREE Street TRUGANINA 3029
53313442900,9 CHLOE Street TARNEIT 3029
53313401287,58 KINGDOM Boulevard WEIR VIEWS 3338
53313401313,23 ENDURANCE Way POINT COOK 3030
53313401337,56 KING Street KOROIT 3282
53313401444,17 ROWANDS Street MOUNT DUNEED 3217
53313401460,37 JOEY Crescent DEANSIDE 3336
53313401511,80 CLARKES Road FYANSFORD 3218
53313401543,8 POLMONT Avenue THORNHILL PARK 3335
53313401576,2 ALDERNEY Street TARNEIT 3029
53313401592,8 ALDERNEY Street TARNEIT 3029
53313401610,6 ALDERNEY Street TARNEIT 3029
53313401642,16 ALDERNEY Street TARNEIT 3029
53313401675,20 ALDERNEY Street TARNEIT 3029
53313401725,17 LIME Crescent DIGGERS REST 3427
53313401741,39 GRAINGER Parade LUCAS 3350
53313401774,37 BRENTHAM Crescent WERRIBEE 3030
53313401790,39 BRENTHAM Crescent WERRIBEE 3030
53313401818,43 BRENTHAM Crescent WERRIBEE 3030
53313401866,12 OAKWOOD Avenue JACKASS FLAT 3556
53313401949,3 RAHUL Street THORNHILL PARK 3335
53313401972,17 YELLOW GUM Way MOUNT DUNEED 3217
53313401998,15 NYON Road ALFREDTON 3350
53313402104,33 MUSHU Street DEANSIDE 3336
53313402128,8 DUNKERRIN Avenue GISBORNE 3437
53313402144,6 PATRIOT Crescent SMYTHES CREEK 3351
53313447313,49 NORMANBY Boulevard DEANSIDE 3336
53313447337,17 JOEY Crescent DEANSIDE 3336
53313447361,11 COOLBINIA Avenue WERRIBEE 3030
53313447386,13 JOEY Crescent DEANSIDE 3336
53313447404,9 JOEY Crescent DEANSIDE 3336
53313447436,19 JOEY Crescent DEANSIDE 3336
53313447460,3 JOEY Crescent DEANSIDE 3336
53313447493,44 FLEURIEU Circuit ARMSTRONG CREEK 3217
53313447511,7 MUSHU Street DEANSIDE 3336
53313447535,13 MUSHU Street DEANSIDE 3336
53313447569,15 MUSHU Street DEANSIDE 3336
53313447592,11 JOEY Crescent DEANSIDE 3336
53313447626,36 VILLETTE Avenue TARNEIT 3029
53313447691,4 BUNCE Court FYANSFORD 3218
53313447774,10 INVICTA Drive SMYTHES CREEK 3351
53313447824,18 JUNIPER Avenue LEOPOLD 3224
53313359269,8 KAURI Walk MOUNT DUNEED 3217
53313359482,36 RAINIER Drive TRUGANINA 3029
53313359566,16 HUTTON Street MAIDSTONE 3012
53313359599,21 FREEDOM Drive MOUNT DUNEED 3217
53313359631,17 CALLANISH Street TRUGANINA 3029
53313405220,49 FUCHSIA Drive ROCKBANK 3335
53313405337,21 CORVO Drive TRUGANINA 3029
53313405378,16 BROWN Street BONNIE BROOK 3335
53313405404,7 LAPIS Street ARMSTRONG CREEK 3217
53313405460,8 FROLIC Street TARNEIT 3029
53313405503,49 COTTON Circuit GISBORNE 3437
53313405576,28 CARDAMON Street ARMSTRONG CREEK 3217
53313405602,8 INVICTA Drive SMYTHES CREEK 3351
53313405626,25 COLMAR Street LARA 3212
53313405759,158 RYALLS Lane STRATHFIELDSAYE 3551
53313405774,41 VANBURN Road TRUGANINA 3029
53313405832,27 ROWANDS Street MOUNT DUNEED 3217
53313405866,12 BOTANICAL Drive MOUNT DUNEED 3217
53313405909,6 OVERALL Street LUCAS 3350
53313405949,84 CHERISH Drive TARNEIT 3029
53313406055,17 ELDRIDGE Court KANGAROO FLAT 3555
53313406146,26 BLUEWREN Street KURUNJANG 3337
53313406195,11 MERAPI Grove TRUGANINA 3029
53313406212,15 FAIRMONT Crescent FRASER RISE 3336
53313364243,20-22 MONCRIEFF Crescent WANDANA HEIGHTS 3216
53313364276,8 AMBITION Street ROCKBANK 3335
53313364292,10 PISCES Crescent TRUGANINA 3029
53313364433,20 SAMUEL Road WEIR VIEWS 3338
53313364459,10 BROWNLEE Boulevard WINTER VALLEY 3358
53313364482,22 INGLEWOOD Drive WERRIBEE 3030
53313364558,46 NARADA Road TRUGANINA 3029
53313364599,24 MAROON Way DIGGERS REST 3427
53313364623,24 BAXTERPARK Drive THORNHILL PARK 3335
53313364680,6 WARANGAL Way DEANSIDE 3336
53313364815,16 BULLION Lane JACKASS FLAT 3556
53313364855,34 DAGLISH Way WERRIBEE 3030
53313364987,29 MILLIGAN Circuit CHARLEMONT 3217
53313365012,19 STEAMBOAT Avenue WINTER VALLEY 3358
53313365052,23 VERONA Crescent FRASER RISE 3336
53313365267,5 WEDGE Street OCEAN GROVE 3226
53313365282,89 DRAPER Street OCEAN GROVE 3226
53313365431,32 HOMAGE Avenue FRASER RISE 3336
53313365589,6 SPREE Street TARNEIT 3029
53313365615,16 SPREE Street TARNEIT 3029
53313443048,6 SKYPAC Drive TRUGANINA 3029
53313443089,16 DIANCHI Drive WYNDHAM VALE 3024
53313443115,27 TRICKETT Drive TRUGANINA 3029
53313443147,35 EREMAEA Road CRAIGIEBURN 3064
53313443196,10 ADAGIO Road STRATHTULLOH 3338
53313443213,37 PLENITUDE Road TARNEIT 3029
53313443245,13 ICONIC Drive TARNEIT 3029
53313443304,28 KOOMBA Crescent GREENVALE 3059
53313443328,10 BETTALAN Court SPRING GULLY 3550
53313443377,13 CLYDE Court JUNORTOUN 3551
53313443403,37 WALTERS Way ALFREDTON 3350
53313443502,9 GRAY Court DEANSIDE 3336
53313443526,59 COTTON Circuit GISBORNE 3437
53313443542,20 MOOMBIL Road TRUGANINA 3029
53313443619,12 MANSELL Drive DENNINGTON 3280
53313443641,13 SUNNY Street SUNBURY 3429
53313443700,201 GEELONG Road WERRIBEE 3030
53313443740,19 SKYPAC Street WEIR VIEWS 3338
53313443773,93 ROBINSON Street ARMSTRONG CREEK 3217
53313443857,7 WICKLOW Drive MELTON SOUTH 3338
53313443908,3 FRANK Avenue TRUGANINA 3029
53313444006,18 PETUNIA Way FRASER RISE 3336
53313444137,14 CHERISH Drive TARNEIT 3029
53313444243,30 CHARLBURY Street THORNHILL PARK 3335
53313444292,77 PRESENTATION Boulevard WINTER VALLEY 3358
53313447840,60 NAVIGATION Road TARNEIT 3029
53313447931,12 CAHILL Street ST ALBANS 3021
53313447965,18 CAHILL Street ST ALBANS 3021
53313447998,24 CAHILL Street ST ALBANS 3021
53313448021,155 PRINCES Street FLEMINGTON 3031
53313448047,155 PRINCES Street FLEMINGTON 3031
53313448063,155 PRINCES Street FLEMINGTON 3031
53313448096,155 PRINCES Street FLEMINGTON 3031
53313448120,155 PRINCES Street FLEMINGTON 3031
53313448154,155 PRINCES Street FLEMINGTON 3031
53313448179,155 PRINCES Street FLEMINGTON 3031
53313448195,155 PRINCES Street FLEMINGTON 3031
53313448228,155 PRINCES Street FLEMINGTON 3031
53313448293,113 MERINDAH Boulevard DEANSIDE 3336
53313448311,22 FLAGSTONE Street WERRIBEE 3030
53313448335,22 ANNABEL Street DEANSIDE 3336
53313448384,6 BISHOPGATE Boulevard BONNIE BROOK 3335
53313448402,16 ANNABEL Street DEANSIDE 3336
53313448434,9 SKYPAC Street WEIR VIEWS 3338
53313448475,19 BOWERBIRD Grange WINTER VALLEY 3358
53313448501,16 PHELPS Street TARNEIT 3029
53313448600,55 TOWER Street THORNHILL PARK 3335
53313448666,53 TOWER Street THORNHILL PARK 3335
53313448822,6 GIBBS Street DEANSIDE 3336
53313448848,58 SUMAR Drive MICKLEHAM 3064
53313448864,16 PERIDOT Way ALFREDTON 3350
53313448915,5 BALLANRONG Road BONNIE BROOK 3335
53313449005,5 DARTER Way ARMSTRONG CREEK 3217
53313449136,27 MAPLE Walk MOONEE PONDS 3039
53313449160,62B HART Street COLAC 3250
53313449193,64B HART Street COLAC 3250
53313449226,64A HART Street COLAC 3250
53313449242,17 ELDRIDGE Court KANGAROO FLAT 3555
53313406303,30 BEARTOOTH Drive WINTER VALLEY 3358
53313406327,56 REVERENCE Drive ROCKBANK 3335
53313406343,1 CAMPBELL Road HUNTLY 3551
53313406434,10 LENA Crescent TRUGANINA 3029
53313406450,20 WINTON Drive FRASER RISE 3336
53313406475,12 ADRIANUS Street ALFREDTON 3350
53313406533,25 DOMINICO Street ST LEONARDS 3223
53313406632,17 STEAMBOAT Avenue WINTER VALLEY 3358
53313406808,190 MCCURDY Road FYANSFORD 3218
53313406907,24 INGLEWOOD Drive WERRIBEE 3030
53313406939,30 CONONDALE Avenue TRUGANINA 3029
53313406988,59 TERRACOTTA Avenue TARNEIT 3029
53313407004,11 ELECTRA Drive WILLIAMS LANDING 3027
53313407060,19 PLYMOUTH Way SMYTHES CREEK 3351
53313407093,5 ANNABEL Street DEANSIDE 3336
53313407176,172 LICENSE Road DIGGERS REST 3427
53313407219,1 LAUNCESTON Street OCEAN GROVE 3226
53313407267,20 CROSBY Street TRUGANINA 3029
53313407282,16 GATES Road BURNSIDE 3023
53313407324,81 CORIDALE Boulevard LARA 3212
53313407465,4 FROLIC Street TARNEIT 3029
53313407498,31 BASTEN Avenue DEANSIDE 3336
53313407522,16 HAVEN Court ARMSTRONG CREEK 3217
53313407621,19 CARDAMON Street ARMSTRONG CREEK 3217
53313411245,24 MALTA Road CRAIGIEBURN 3064
53313411278,85 TOWNLEY Boulevard WERRIBEE 3030
53313411304,4 CAROB Street MICKLEHAM 3064
53313411328,5 FOLD Circuit BONNIE BROOK 3335
53313411360,132 JUSCELINA Drive CRAIGIEBURN 3064
53313411550,4 FARGO Street THORNHILL PARK 3335
53313411659,130 JUSCELINA Drive CRAIGIEBURN 3064
53313411682,15 VENICE Drive WINTER VALLEY 3358
53313411740,15 TURIN Avenue DEANSIDE 3336
53313411766,50 GIBSONS Circuit BONNIE BROOK 3335
53313411817,31 ROHAB Crescent MOUNT COTTRELL 3024
53313411849,16 MCLEOD Crescent LUCAS 3350
53313411948,14 BURBIDGE Street TRUGANINA 3029
53313412004,1 MEREDITH Street BROADMEADOWS 3047
53313412028,44 GRAINGER Parade LUCAS 3350
53313412143,18 ABINGDON Boulevard LARA 3212
53313412169,40 FLEURIEU Circuit ARMSTRONG CREEK 3217
53313412274,5 SINOPIA Street TARNEIT 3029
53313412290,51 VILLETTE Avenue TARNEIT 3029
53313412318,357 MCGEORGE Road GISBORNE 3437
53313412373,9 STEADFIELD Circuit MELTON SOUTH 3338
53313412508,13 SHADOW Street DEANSIDE 3336
53313412556,38 MADIGAN Road LANCEFIELD 3435
53313299111,58 MORNINGSIDE Drive THORNHILL PARK 3335
53313299184,52 NATURALISTE Way ARMSTRONG CREEK 3217
53313299219,54 NATURALISTE Way ARMSTRONG CREEK 3217
53313299274,48 NATURALISTE Way ARMSTRONG CREEK 3217
53313299290,54 MORNINGSIDE Drive THORNHILL PARK 3335
53313299318,50 NATURALISTE Way ARMSTRONG CREEK 3217
53313299423,28 AVONBURY Drive ARMSTRONG CREEK 3217
53313299449,42 EMPRESS Boulevard OCEAN GROVE 3226
53313299472,16 AVONBURY Drive ARMSTRONG CREEK 3217
53313299498,10 AVONBURY Drive ARMSTRONG CREEK 3217
53313299516,8 AVONBURY Drive ARMSTRONG CREEK 3217
53313299548,22 AVONBURY Drive ARMSTRONG CREEK 3217
53313299564,14 AVONBURY Drive ARMSTRONG CREEK 3217
53313299615,27 HEATHCOTE Street MOUNT DUNEED 3217
53313299647,4 SINOPIA Street TARNEIT 3029
53313299779,9 STRATUS Street TARNEIT 3029
53313299829,6 LONGAN Street TRUGANINA 3029
53313299845,58 NATURALISTE Way ARMSTRONG CREEK 3217
53313300102,44 BARNARDS Road BONNIE BROOK 3335
53313300183,24 AVONBURY Drive ARMSTRONG CREEK 3217
53313300281,35 MAKEDONIA Street TARNEIT 3029
53313300349,14 CORIDALE Boulevard LARA 3212
53313300521,23 WENDORA Street STRATHMORE 3041
53300451675,10 HOPKINS Road WARRNAMBOOL 3280
53313465579,46 EMPRESS Boulevard OCEAN GROVE 3226
53313465605,7 TOUR Lane TARNEIT 3029
53313465661,4 GLEESON Way DEANSIDE 3336
53313465752,5 ASTREA Place GREENVALE 3059
53313465968,47 RESTFUL Way ROCKBANK 3335
53313466018,20 CHISHOLM Street MARYBOROUGH 3465
53313466073,18 STELLAR Road BONNIE BROOK 3335
53313466099,5 LAUNCESTON Street OCEAN GROVE 3226
53313466117,15 ARYA Road CHARLEMONT 3217
53313466314,8 SEFTON Street MAMBOURIN 3024
53313466346,28 REVERENCE Drive ROCKBANK 3335
53313466362,4 KERMEEN Place CARDIGAN 3352
53313466387,19 CONONDALE Avenue TRUGANINA 3029
53313466437,71 AMBROSIA Drive ARMSTRONG CREEK 3217
53313466486,7 CANOLA Court LOVELY BANKS 3213
53313466504,10 ATLANTIC Drive INDENTED HEAD 3223
53313466552,14 STEVO Way FRASER RISE 3336
53313466585,28 CINDER Drive TARNEIT 3029
53313466742,11 AVION Crescent TRUGANINA 3029
53313466819,383 PATULLOS Road LARA 3212
53313466841,42 VILLETTE Avenue TARNEIT 3029
53313466874,25 GENERATION Crescent MAMBOURIN 3024
53313466918,8 LINDQUIST Drive GISBORNE 3437
53313466940,21 YEARLING Promenade WERRIBEE 3030
53313466966,3 LEAFY Street LARA 3212
53313466981,11 BOSSINI Street TRUGANINA 3029
53313467039,24 NAMATJIRA Boulevard HUNTLY 3551
53313425292,44 RALEIGH Circuit ARMSTRONG CREEK 3217
53313425326,63 RALEIGH Circuit ARMSTRONG CREEK 3217
53313425391,48 NAVIGATION Road TARNEIT 3029
53313425500,7 ANNABEL Street DEANSIDE 3336
53313425599,14 LOMANDRA Drive STRATHFIELDSAYE 3551
53313425623,92 CLARKES Road FYANSFORD 3218
53313425649,21 SUNNY Street SUNBURY 3429
53313425665,6 LAUNCESTON Street OCEAN GROVE 3226
53313425698,23 ADVENTURE Avenue FRASER RISE 3336
53313425722,7 CROWN Drive FRASER RISE 3336
53313425771,29 ESCARPMENT Drive FYANSFORD 3218
53313425855,11 MILLBROOK Drive WYNDHAM VALE 3024
53313425888,26 PERCEVAL Place MAMBOURIN 3024
53313425954,19 ALVERTON Drive POINT COOK 3030
53313425987,8 THRUMS Road MAMBOURIN 3024
53313426036,13 BOUQUET Circuit DIGGERS REST 3427
53313426103,6 CLAPHAM Crescent WYNDHAM VALE 3024
53313471784,144 ASH Road LEOPOLD 3224
53313471810,51 VERDALE Drive ALFREDTON 3350
53313471868,54 LOUISVILLE Drive THORNHILL PARK 3335
53313471883,62 KINGDOM Boulevard WEIR VIEWS 3338
53313471919,21 BUCHANAN Drive LUCAS 3350
53313472096,10 WINDOW Road TARNEIT 3029
53313472146,37 BUCHANAN Boulevard ARMSTRONG CREEK 3217
53313472162,26 CORYMBIA Street MOUNT DUNEED 3217
53313472195,46 TOWNLEY Boulevard WERRIBEE 3030
53300452854,80 MT NAPIER Road HAMILTON 3300
53300452986,17 ABBOT Street HAMILTON 3300
53300469057,82 BALLARAT Road HAMILTON 3300
53301022187,129 HOTHLYN Drive CRAIGIEBURN 3064
53313467114,19 GOLDSTRAW Esplanade WARRNAMBOOL 3280
53313467212,28 GILA Way TRUGANINA 3029
53313467277,37 MAGNIFICENT Grove MOUNT DUNEED 3217
53313467303,7 MAHATMA Road WERRIBEE 3030
53313467327,21 WHATMAN Street LUCAS 3350
53313467410,19 HUNTINGFIELD Street THORNHILL PARK 3335
53313467442,13 REYNOLDS Parade SMYTHES CREEK 3351
53313467468,99 GREVILLEA Drive MOUNT DUNEED 3217
53313467533,4 HOOD Street TRUGANINA 3029
53313467559,103 BONNIEBROOK Road BONNIE BROOK 3335
53313467624,86 WILLOBY Drive ALFREDTON 3350
53313467681,42 RALLY Street TARNEIT 3029
53313467731,16 THEMEDA Avenue LARA 3212
53313467757,9 DUNKERRIN Avenue GISBORNE 3437
53313467871,46177 VERDANT Street LARA 3212
53313467915,37 HARRIER Circuit DEANSIDE 3336
53313468013,5 DREAMER Circuit MOUNT DUNEED 3217
53313468037,13 MAHATMA Road WERRIBEE 3030
53313468086,36 COPPICE Street LARA 3212
53313468104,4 SEVENHILL Drive MOUNT DUNEED 3217
53313468128,30 STOCKMANS Drive TRUGANINA 3029
53313468193,5 BURBIDGE Street TRUGANINA 3029
53313468226,20 HOVEA Grove NEW GISBORNE 3438
53313468250,26 MOOMBIL Road TRUGANINA 3029
53313468283,7 CASELLI Street BALLARAT EAST 3350
53313468301,3 SCORPIO Road WEIR VIEWS 3338
53313468325,36 CONSTANT Avenue WERRIBEE 3030
53313468359,4 ARRAN Street GISBORNE 3437
53313468382,5 SEFTON Street MAMBOURIN 3024
53313468466,12 HANCOCK Street ALTONA 3018
53313468499,12 HANCOCK Street ALTONA 3018
53313472252,7 MAGNIFICENT Grove MOUNT DUNEED 3217
53313472293,5 DIANELLA Court WOODEND 3442
53313472327,44 GASCOYNE Circuit LARA 3212
53313472402,24 FOLD Circuit BONNIE BROOK 3335
53313472519,6 SANTAROSA Way EPSOM 3551
53313472559,27 PROGRESS Drive FRASER RISE 3336
53313472582,35 BALLET Crescent SUNBURY 3429
53313472624,33 CALLICOMA Street MICKLEHAM 3064
53313472673,13 BUDDHA Walk TRUGANINA 3029
53313472723,20 STURT Street SUNBURY 3429
53313472757,34 AQUIVER Terrace MINERS REST 3352
53313472856,35 DURELL Road TRUGANINA 3029
53313472871,17 BUDDHA Walk TRUGANINA 3029
53313472915,7 BUDDHA Walk TRUGANINA 3029
53313472970,12 BANBURY Road BONNIE BROOK 3335
53313472996,9 UNISON Road STRATHTULLOH 3338
53313473045,4 KILTEELY Street GISBORNE 3437
53313473078,6 CAPEK Street SUNBURY 3429
53313473104,30 BISHOPGATE Boulevard BONNIE BROOK 3335
53313473144,15 SHIPSTERN Street ARMSTRONG CREEK 3217
53313473193,11 PERCY Street CARDIGAN 3352
53313473242,6 SELLS Road LUCAS 3350
53313473268,10 JAMAICAN Road SUNBURY 3429
53313473283,118 OAKDEAN Boulevard OCEAN GROVE 3226
53313473319,18 ACKERMAN Street ARMSTRONG CREEK 3217
53313473341,10 AKASHI Crescent CRAIGIEBURN 3064
53313473374,56 JAMAICAN Road SUNBURY 3429
53313473390,8 AVOCET Way ARMSTRONG CREEK 3217
53313473418,6 PECHORA Street TRUGANINA 3029
53313473473,13 PATHFIELD Street CORIO 3214
53313473509,44 MUSTANG Circuit BONNIE BROOK 3335
53313473523,53 MESSENGER Parade LUCAS 3350
53313473549,6 GINKGO Street FRASER RISE 3336
53313473630,13 BALLAD Street STRATHTULLOH 3338
53313473656,10 DANDELION Crescent ROCKBANK 3335
53313318662,75 WEDGE TAIL Drive WINTER VALLEY 3358
53313318812,7 DIANELLA Court WOODEND 3442
53313318844,24 CONONDALE Avenue TRUGANINA 3029
53313318885,13 NINEVEH Road CRAIGIEBURN 3064
53313318976,58 WALTON Street MELTON SOUTH 3338
53313319019,6 MCKAY Place MELTON SOUTH 3338
53313319132,17 GINKGO Street FRASER RISE 3336
53313319321,14 BOLD FRONT Court MINERS REST 3352
53313319454,9 KNOWLES Street FYANSFORD 3218
53313319561,6 ZELKOVA Place LAKE GARDENS 3355
53313319594,7 BELFAST Road ALFREDTON 3350
53313319727,37 KYEAMBA Circuit BACCHUS MARSH 3340
53313319743,28 KAREN Road TARNEIT 3029
53313468557,1 LIBERATION Drive ARMSTRONG CREEK 3217
53313323316,7 CORIDALE Boulevard LARA 3212
53313323389,40 ALCOCK Road TRUGANINA 3029
53313323415,20 QUEENSRIDGE Grove FYANSFORD 3218
53313323447,17 KOOMBA Crescent GREENVALE 3059
53313323463,12 AMPERSAND Boulevard TRUGANINA 3029
53313323736,9 HIMALAYAS Street TRUGANINA 3029
53313323785,27 CLEAR Drive TARNEIT 3029
53313323843,11 BUD Street LARA 3212
53313323975,6 SKILBECK Street KOROIT 3282
53313324109,69 CALLAWAY Street MAMBOURIN 3024
53313324215,33 PECHORA Street TRUGANINA 3029
53313324320,23 VEL Street DEANSIDE 3336
53313324405,24 ADRIANUS Street ALFREDTON 3350
53313324437,20 TARRNOOK Drive STRATHFIELDSAYE 3551
53313324478,109 FARM Road WERRIBEE 3030
53313324504,116 JUKES Road FAWKNER 3060
53313324603,20 CRESWICK Street FOOTSCRAY 3011
53313324635,25 SASHA Crescent TRUGANINA 3029
53313324702,56 MAREMMANO Crescent TAYLORS LAKES 3038
53313473707,10 ISAACS Street DEANSIDE 3336
53313473721,8 ISAACS Street DEANSIDE 3336
53313473879,20 ELM Drive FRASER RISE 3336
53313473905,300 BOUNDARY Road MOUNT DUNEED 3217
53313473978,24 PERCEVAL Place MAMBOURIN 3024
53313474051,6 BOLD FRONT Court MINERS REST 3352
53313474076,20 NOVA Street WEIR VIEWS 3338
53313474168,63 BLOSSOM Drive EPSOM 3551
53313474183,42 STELLAR Road BONNIE BROOK 3335
53313474323,12 JAMAICAN Road SUNBURY 3429
53313474365,19 ISHERWOOD Road DEANSIDE 3336
53313474398,92 WASHINGTON Drive THORNHILL PARK 3335
53313474456,15 SILVEREYE Street KURUNJANG 3337
53313474471,29 DENNISON Street DEANSIDE 3336
53313474497,30 INGLEWOOD Drive WERRIBEE 3030
53313474521,31 DENNISON Street DEANSIDE 3336
53313474555,41 HAWKESTONE Street MELTON SOUTH 3338
53313474588,24 NORMANBY Boulevard DEANSIDE 3336
53313474620,22 CONTROL Street GREENVALE 3059
53313474654,31 SHIPSTERN Street ARMSTRONG CREEK 3217
53313474713,10 HICKMAN Street BALLARAT CENTRAL 3350
53313474737,78 MAKEDONIA Street TARNEIT 3029
53313474753,27 BABINA Avenue MELTON SOUTH 3338
53313474786,39 AQUIVER Terrace MINERS REST 3352
53313329329,16 SINOPIA Street TARNEIT 3029
53313329353,25 KAMALA Drive TARNEIT 3029
53313329444,22 MEREDITH Street ST LEONARDS 3223
53313329576,41 GREVILLEA Drive MOUNT DUNEED 3217
53313329626,15 STABLE Court MINERS REST 3352
53313329642,42 WICHITA Grove LARA 3212
53313319810,46 WALTERS Way ALFREDTON 3350
53313319834,24 RESTFUL Way ROCKBANK 3335
53313319868,51 BOSTON Drive WARRNAMBOOL 3280
53313319941,6 MONTROSE Court GOLDEN SQUARE 3555
53313319967,3 MASSEY Crescent CURLEWIS 3222
53313320099,19 EDGAR Street KINGSVILLE 3012
53313320123,19 EDGAR Street KINGSVILLE 3012
53313320157,94 TOWNLEY Boulevard WERRIBEE 3030
53313320180,19 EDGAR Street KINGSVILLE 3012
53313320215,19 EDGAR Street KINGSVILLE 3012
53313320288,9 WARDELL Street TARNEIT 3029
53313365861,21 EFFICIENT Avenue MOUNT DUNEED 3217
53313365894,8 KELMSCOTT Way WERRIBEE 3030
53313366026,52 VIOLA Drive ROCKBANK 3335
53313366083,32 WICKLOW Drive MELTON SOUTH 3338
53313366101,24 ELMWOOD Street DEANSIDE 3336
53313366125,62 WINGED FOOT Drive SUNSHINE NORTH 3020
53313366159,56 WINGED FOOT Drive SUNSHINE NORTH 3020
53313366174,64 WINGED FOOT Drive SUNSHINE NORTH 3020
53313366190,68 WINGED FOOT Drive SUNSHINE NORTH 3020
53313366223,60 WINGED FOOT Drive SUNSHINE NORTH 3020
53313366249,15 MONTROSE Court GOLDEN SQUARE 3555
53313366298,38 SOUTHLANDS Loop STRATHTULLOH 3338
53313366322,56 RALEIGH Circuit ARMSTRONG CREEK 3217
53313366371,11 SENISE Street FRASER RISE 3336
53313366421,15 BONAVIA Street DEANSIDE 3336
53313366506,3 WHEATSHEAF Road WYNDHAM VALE 3024
53313366520,41 SUMAR Drive CRAIGIEBURN 3064
53313366554,35 SUMAR Drive CRAIGIEBURN 3064
53313366661,40 MULLINGAR Drive ALFREDTON 3350
53313366712,169 CLARA Avenue TRUGANINA 3029
53313366803,4 DEVONSHIRE Road THORNHILL PARK 3335
53313324726,5 TOPAZ Street ALFREDTON 3350
53313324775,19 METHERALL Street SUNSHINE NORTH 3020
53313324900,55 REVERENCE Drive ROCKBANK 3335
53313324981,11 COLT Mews TRUGANINA 3029
53313325097,54 GIBSONS Circuit BONNIE BROOK 3335
53313325188,13 NIKOLAOS Street SMYTHES CREEK 3351
53313325237,4 RIO Way TRUGANINA 3029
53313325253,9 LILYBLOOM Way FRASER RISE 3336
53313325278,8 STEAMBOAT Avenue WINTER VALLEY 3358
53313325304,20 SPECTOR Walk WERRIBEE 3030
53313325336,22 SPECTOR Walk WERRIBEE 3030
53313325385,17 FUCHSIA Drive ROCKBANK 3335
53313325403,16 SEVENHILL Drive MOUNT DUNEED 3217
53313325435,17 GIBSONS Circuit BONNIE BROOK 3335
53313325568,1 MORITZ Drive WINTER VALLEY 3358
53313325625,4 RUDHALL Street MADDINGLEY 3340
53313325667,62 GIBSONS Circuit BONNIE BROOK 3335
53313325732,6 CORONET Street EPSOM 3551
53313325809,34 HOMAGE Avenue FRASER RISE 3336
53313326020,11 KELMSCOTT Way WERRIBEE 3030
53313326129,5 HOWRAH Street CRAIGIEBURN 3064
53313329701,69 FLANNERY Circuit CHARLEMONT 3217
53313329733,61 FLANNERY Circuit CHARLEMONT 3217
53313329759,55 FLANNERY Circuit CHARLEMONT 3217
53313329774,124 MARADONA Boulevard DEANSIDE 3336
53313329800,43 BASTEN Avenue DEANSIDE 3336
53313329909,61 GREVILLEA Drive MOUNT DUNEED 3217
53313329965,24 GIBSONS Circuit BONNIE BROOK 3335
53313329998,8 EWDEN Drive BONNIE BROOK 3335
53313330017,13 RIDLEY Street DRYSDALE 3222
53313330031,7 BANBURY Road BONNIE BROOK 3335
53313330065,25 AMBITION Street ROCKBANK 3335
53313330080,31 TERRACOTTA Avenue TARNEIT 3029
53313330130,16 WEDGE TAIL Court LARA 3212
53313330171,45 REARDON Crescent ST LEONARDS 3223
53313330206,44 WALTERS Way ALFREDTON 3350
53313330238,12 BUNNY Court FYANSFORD 3218
53313330337,20 VIGNETTE Road DIGGERS REST 3427
53313330361,81 VERDALE Drive ALFREDTON 3350
53313330394,13 FARRIER Road WYNDHAM VALE 3024
53313330576,1 GINGELL Way LUCAS 3350
53313330840,1 MURUGAN Street DEANSIDE 3336
53313330866,2 TOBRUK Crescent WILLIAMSTOWN 3016
53313330881,53 LINDSAY Gardens POINT COOK 3030
53313330972,10 MECCA Court TARNEIT 3029
53313330998,6 DIANELLA Court WOODEND 3442
53313331120,29 LIME Crescent DIGGERS REST 3427
53301145717,75 CONNOLLY Avenue COBURG NORTH 3058
53313366902,35 MIANDAD Street ROCKBANK 3335
53313366968,97 NATURALISTE Way ARMSTRONG CREEK 3217
53313366983,20 KARACHI Avenue MOUNT COTTRELL 3024
53313367009,19 WOOLSPINNER Crescent WYNDHAM VALE 3024
53313367031,69 HARRIER Circuit DEANSIDE 3336
53313367197,266 LEAKES Road TRUGANINA 3029
53313367220,35 WALLANGARA Boulevard HARKNESS 3337
53313367246,13 SHEEPYARD Way DIGGERS REST 3427
53313367262,173 CAROLINE SPRINGS Boulevard CAROLINE SPRINGS 3023
53313367295,27 LAUNCESTON Street OCEAN GROVE 3226
53313367436,20 HEREFORD Avenue TRUGANINA 3029
53313367460,11 WOOLBRAE Place HIGHTON 3216
53313367493,24 PETUNIA Way FRASER RISE 3336
53313367511,10 PIANA Road FRASER RISE 3336
53313367535,30 GREVILLEA Drive MOUNT DUNEED 3217
53313367569,31 BEAUMONT Avenue CHARLEMONT 3217
53313367592,15 HELDER Drive MAMBOURIN 3024
53313367725,5 SCHEFFLERA Street CRAIGIEBURN 3064
53313367790,15 MAROON Way DIGGERS REST 3427
53313367824,13 MAROON Way DIGGERS REST 3427
53313367866,26 KAMALA Drive TARNEIT 3029
53313367899,7 MAROON Way DIGGERS REST 3427
53313367917,32 EREMAEA Road CRAIGIEBURN 3064
53313367965,33 LIME Crescent DIGGERS REST 3427
53313367998,9 MAGNIFICENT Grove MOUNT DUNEED 3217
53313326153,30 GILLIFLOWER Street TARNEIT 3029
53313326227,140 ALTEZZE Drive TRUGANINA 3029
53313326243,25 SUMAR Drive CRAIGIEBURN 3064
53313371927,8 HERTALI Street TRUGANINA 3029
53313372009,1 PERSANO Way TAYLORS LAKES 3038
53313372057,19 MAREMMANO Crescent TAYLORS LAKES 3038
53313372080,17 YUCAMANE Drive TRUGANINA 3029
53313372116,6 SENISE Street FRASER RISE 3336
53313372189,11 TYALLA Street WYNDHAM VALE 3024
53313372206,48 ENDURANCE Way POINT COOK 3030
53313372394,28 DOMINICO Street ST LEONARDS 3223
53313372412,15 POPLAR Drive ROMSEY 3434
53313372436,7C RODGERS Court CHARLEMONT 3217
53313372460,19 LANGER Road DEANSIDE 3336
53313372493,19 COLMAR Street LARA 3212
53313372543,3 NEW Street WHITE HILLS 3550
53313372569,20 CHERISH Drive TARNEIT 3029
53313372650,2 LUXFORD Court STRATHDALE 3550
53313372675,100 WANGOOM Road WARRNAMBOOL 3280
53313372774,28 MADIGAN Road LANCEFIELD 3435
53313372800,13 CORVO Drive TRUGANINA 3029
53313372840,27 CROWN Drive FRASER RISE 3336
53313372873,4 ELMWOOD Street DEANSIDE 3336
53313372931,5 MIDGARD Road WEIR VIEWS 3338
53313372957,12 TELOPEA Street MOUNT DUNEED 3217
53313372972,4 GATES Road BURNSIDE 3023
53313373106,13 HOLZER Crescent BRAYBROOK 3019
53313331146,27 LIME Crescent DIGGERS REST 3427
53313331179,21 LIME Crescent DIGGERS REST 3427
53313331195,19 LIME Crescent DIGGERS REST 3427
53313331212,14 LAUNCESTON Street OCEAN GROVE 3226
53313331260,45 RICKY Parade ARMSTRONG CREEK 3217
53313331311,4 BARNARDS Road BONNIE BROOK 3335
53313331376,6 WHEAT Street DIGGERS REST 3427
53313331410,10 MONDO Street ROCKBANK 3335
53313331442,11 ARCHIE Drive BONNIE BROOK 3335
53313331501,51 MOORE Way LUCAS 3350
53313331582,28 SOUTHLANDS Loop STRATHTULLOH 3338
53313331618,4 BELLVIEW Drive ROCKBANK 3335
53313331666,18 GATES Road BURNSIDE 3023
53313331757,13 DOMINIQUE Street TRUGANINA 3029
53313331780,176 ELEVATION Boulevard CRAIGIEBURN 3064
53313331808,11 DAFFODIL Crescent DIGGERS REST 3427
53313331822,32 FLANNERY Circuit CHARLEMONT 3217
53313331921,4 DANDELION Crescent ROCKBANK 3335
53313331996,24 BETTALAN Court SPRING GULLY 3550
53313332092,57 VALIANT Road SMYTHES CREEK 3351
53313332224,6 DURELL Road TRUGANINA 3029
53313332281,39 WARDELL Street TARNEIT 3029
53313332309,24 BEARTOOTH Drive WINTER VALLEY 3358
53313332331,22 SCATTER Road FRASER RISE 3336
53313378054,23 BENTONS Way ARMSTRONG CREEK 3217
53313378087,27 BENTONS Way ARMSTRONG CREEK 3217
53313378113,39 BENTONS Way ARMSTRONG CREEK 3217
53300325457,279 HEARN Street COLAC 3250
53300326182,40 CONNOR Street COLAC 3250
53313368228,26 YELLOW GUM Way MOUNT DUNEED 3217
53313368252,2 IPSWICH Street STRATHTULLOH 3338
53313368351,41 HARRINGTON Terrace ST LEONARDS 3223
53313368426,24 ADLINGTON Avenue GREENVALE 3059
53313368468,25 THRUMS Road MAMBOURIN 3024
53313368491,15 CACTI Street TARNEIT 3029
53313368525,13 TELOPEA Street MOUNT DUNEED 3217
53313368559,14 PECHORA Street TRUGANINA 3029
53313368681,27 COOK Road MELTON SOUTH 3338
53313368780,11 ANNABEL Street DEANSIDE 3336
53313414198,13 WOOLSPINNER Crescent WYNDHAM VALE 3024
53313414288,1 TAKEOFF Street DIGGERS REST 3427
53313414306,12 PURITY Way ARMSTRONG CREEK 3217
53313414405,15 LAMONGAN Rise TRUGANINA 3029
53313414429,12 CHERISH Street FRASER RISE 3336
53313414478,37 GASCOYNE Circuit LARA 3212
53313414536,10 BLOOMFIELD Road THORNHILL PARK 3335
53313414603,15 PETUNIA Way FRASER RISE 3336
53313414635,100 BONNIEBROOK Road BONNIE BROOK 3335
53313414702,9 BUNYIP Street GISBORNE 3437
53313414775,18 GORKHA Way WERRIBEE 3030
53313414801,16 ACKERMAN Street ARMSTRONG CREEK 3217
53313414825,85 ERSKINE Road WINTER VALLEY 3358
53313414841,7 FARGO Street THORNHILL PARK 3335
53313373138,1 HOLZER Crescent BRAYBROOK 3019
53313373162,3 HOLZER Crescent BRAYBROOK 3019
53313373212,6 BONAVIA Street DEANSIDE 3336
53313373293,4 HEYSEN Way HUNTLY 3551
53313373311,11 CONTROL Street GREENVALE 3059
53313373343,84 VERDALE Drive ALFREDTON 3350
53313373410,7 SOHO Circuit BURNSIDE 3023
53313373442,5 COLMAR Street LARA 3212
53313373541,23 GILA Way TRUGANINA 3029
53313373574,49 KEEPING Terrace TARNEIT 3029
53313373772,9 PILOT Way CURLEWIS 3222
53313373808,24A PARSONS Street KENSINGTON 3031
53313373915,98 CASCADE Drive AINTREE 3336
53313373947,4 COQUILLE Way ARMSTRONG CREEK 3217
53313373970,32 DOVE Avenue WINTER VALLEY 3358
53313374136,37 HOMAGE Avenue FRASER RISE 3336
53313374152,9 BINGHAM Street TARNEIT 3029
53313374283,8 BONAVIA Street DEANSIDE 3336
53313374301,20 SENISE Street FRASER RISE 3336
53313374473,6 HALFPENNY Place CORIO 3214
53313378292,29 EDMUND Drive BONSHAW 3352
53313378326,39 JOURNEY Drive FRASER RISE 3336
53313378342,51 WESTBURY Boulevard MAIDEN GULLY 3551
53313378425,5 CAMPBELL Road HUNTLY 3551
53313378518,4 VALIANT Street DEANSIDE 3336
53313378566,107 BONNIEBROOK Road BONNIE BROOK 3335
53313378672,38 PHELAN Street POINT LONSDALE 3225
53313378698,10 COQUILLE Way ARMSTRONG CREEK 3217
53313378716,55 FUCHSIA Drive ROCKBANK 3335
53313378748,9 CONIFER Street ARMSTRONG CREEK 3217
53313378821,11 ESTLLEY Court CANADIAN 3350
53313378896,15 FREESTONE Avenue MELTON SOUTH 3338
53313378946,109 WEXFORD Street ALFREDTON 3350
53313378962,26 MULLINGAR Drive ALFREDTON 3350
53313379012,17 BRAY Street DEANSIDE 3336
53313379093,103 JUSCELINA Drive CRAIGIEBURN 3064
53313379111,8 LUBEC Street LARA 3212
53313379176,1 DENHOLM Place ST LEONARDS 3223
53313379274,74 LINCOLN Drive KEILOR EAST 3033
53313379340,13 SOUTHLANDS Loop STRATHTULLOH 3338
53313379373,14 MALTA Road CRAIGIEBURN 3064
53313379399,14 SHEEPYARD Way DIGGERS REST 3427
53313379423,9 CREEK Court BALLAN 3342
53313379465,27 TIPPERARY Street ALFREDTON 3350
53313379564,18 READMAN Road FRASER RISE 3336
53313379607,19 DANDELION Crescent ROCKBANK 3335
53313379655,7 SHADOW Street DEANSIDE 3336
53300327909,79 STATION Street DENNINGTON 3280
53300328039,41 HURD Street PORTLAND 3305
53300328335,117 BROWNING Street PORTLAND 3305
53300328798,99999 PERTOBE Road WARRNAMBOOL 3280
53313414981,4 WANGIM Way COBURG NORTH 3058
53313415056,33 PALMASTON Drive GREENVALE 3059
53313415089,81 KENSINGTON Boulevard SMYTHES CREEK 3351
53313415107,30 VALBERG Street WINTER VALLEY 3358
53313415121,5 LOMANDRA Drive STRATHFIELDSAYE 3551
53313415286,28 RIMMINGTON Way ROCKBANK 3335
53313415304,32 VALBERG Street WINTER VALLEY 3358
53313415328,58 TROOPER Avenue SUNBURY 3429
53313415352,56 CURTIN Drive DEANSIDE 3336
53313415377,47 BRISBANE Street LARA 3212
53313415393,18 SCORPIO Road WEIR VIEWS 3338
53313415451,3 COQUILLE Way ARMSTRONG CREEK 3217
53313415484,10 KNOWLES Street FYANSFORD 3218
53313415502,15 SUPPER Street SUNBURY 3429
53313415526,17 SEVENHILL Drive MOUNT DUNEED 3217
53313415641,15 LUBEC Street LARA 3212
53313415690,72 GIBSONS Circuit BONNIE BROOK 3335
53313415724,76 GIBSONS Circuit BONNIE BROOK 3335
53313415773,50 MEWAT Circuit THORNHILL PARK 3335
53313415799,6 ALUTU Road TRUGANINA 3029
53313415823,35 GASCOYNE Circuit LARA 3212
53313415849,9 KALAN Way WARRNAMBOOL 3280
53313415898,4 RYEBANK Avenue WERRIBEE 3030
53313415916,40 RUTHVEN Way MAMBOURIN 3024
53313415930,66 GIBSONS Circuit BONNIE BROOK 3335
53313416020,23 BIBURY Street LARA 3212
53313416095,33 WESTBURY Avenue ROCKBANK 3335
53313416161,22 PHIPPS Road WERRIBEE 3030
53313416203,10 MOUNTAIN Avenue MANOR LAKES 3024
53313416235,25 PROGRESS Drive FRASER RISE 3336
53313416269,28 FOLD Circuit BONNIE BROOK 3335
53313416292,19 SEVENHILL Drive MOUNT DUNEED 3217
53313416310,15 ICONIC Drive TARNEIT 3029
53313374608,6 AZALEA Way ROCKBANK 3335
53313374630,52 LYNWOOD Drive THORNHILL PARK 3335
53313374664,5 SONATA Street WYNDHAM VALE 3024
53313374689,60 TOWNLEY Boulevard WERRIBEE 3030
53313374707,23 SOUTHDOWN Avenue TRUGANINA 3029
53313374739,8 ALUTU Road TRUGANINA 3029
53313374838,63 CARROLL Lane GREENVALE 3059
53313420229,25 HELDER Drive MAMBOURIN 3024
53313420245,2 HIGGINS Walk ST ALBANS 3021
53313420261,6 HIGGINS Walk ST ALBANS 3021
53313420294,10 HIGGINS Walk ST ALBANS 3021
53313420328,14 HIGGINS Walk ST ALBANS 3021
53313420352,10 HUDSON Walk ST ALBANS 3021
53313420377,6 HUDSON Walk ST ALBANS 3021
53313420393,25 FLEURIEU Circuit ARMSTRONG CREEK 3217
53313420469,1 HIGGINS Walk ST ALBANS 3021
53313420492,9 HIGGINS Walk ST ALBANS 3021
53313420510,37 LYNWOOD Drive THORNHILL PARK 3335
53313420534,3 MAKITI Crescent HARKNESS 3337
53313420568,5 HIGGINS Walk ST ALBANS 3021
53313420591,10 ANNABEL Street DEANSIDE 3336
53313420625,14 SKYPAC Street WEIR VIEWS 3338
53313420641,80 CURTIN Drive DEANSIDE 3336
53313420667,101 GREENPOINT Drive ROCKBANK 3335
53313420690,11 WATTLESEED Drive FRASER RISE 3336
53313420718,8 NOSILLA Street SMYTHES CREEK 3351
53313420916,44 ABBOTSWICK Circuit WILLIAMS LANDING 3027
53313420930,31 WARDELL Street TARNEIT 3029
53313421020,42 KINGDOM Boulevard WEIR VIEWS 3338
53313379746,37 EREMAEA Road CRAIGIEBURN 3064
53313379813,196 BOWEN Street CAMPERDOWN 3260
53313379845,26 EREMAEA Road CRAIGIEBURN 3064
53313379912,26 EUCALYPTUS Street JACKASS FLAT 3556
53313379985,30 MCCUBBIN Drive TAYLORS LAKES 3038
53313380077,53 FLEURIEU Circuit ARMSTRONG CREEK 3217
53313380176,5 GIBBS Street DEANSIDE 3336
53313380274,27 MORELLO Way EPSOM 3551
53313380300,1 MYRTLE Street CAMPBELLS CREEK 3451
53313380332,210 SOVEREIGN Drive MOUNT DUNEED 3217
53313380813,13 PERIVALE Crescent WYNDHAM VALE 3024
53313380878,64 CHERRY FLAT Road SMYTHES CREEK 3351
53313380894,11 LAPIS Street ARMSTRONG CREEK 3217
53313380912,13 LUBEC Street LARA 3212
53313380944,30 DOVE Avenue WINTER VALLEY 3358
53313426127,41 ADANSONIA Circuit MICKLEHAM 3064
53313426151,6 EARHART Street DIGGERS REST 3427
53313416401,36 DAGLISH Way WERRIBEE 3030
53313416433,4 ESKDALE Street WERRIBEE 3030
53313416459,3 ESKDALE Street WERRIBEE 3030
53313416581,12 SAMUEL Road WEIR VIEWS 3338
53313416609,14 RUBENS Street TARNEIT 3029
53313416698,8 LILYPAD Way ROCKBANK 3335
53313416764,41 DURWARD Avenue MADDINGLEY 3340
53313416979,12 MILLIGAN Circuit CHARLEMONT 3217
53313416995,1 LANGER Road DEANSIDE 3336
53313417011,9 LANGER Road DEANSIDE 3336
53313417043,13 LANGER Road DEANSIDE 3336
53313417076,29 MAIDSTONE Way CHARLEMONT 3217
53313417102,16 MILLIGAN Circuit CHARLEMONT 3217
53313417126,9 LOMANDRA Drive STRATHFIELDSAYE 3551
53313462476,35 MAGNIFICENT Grove MOUNT DUNEED 3217
53313462510,32 GILA Way TRUGANINA 3029
53313462542,99 CARROLL Lane GREENVALE 3059
53313462568,7 LOCH Street THORNHILL PARK 3335
53313462583,15 SANTAROSA Way EPSOM 3551
53313462732,18-20 DREAMER Circuit MOUNT DUNEED 3217
53313462799,1 SENECIO Place LEOPOLD 3224
53313462865,18 ROSEWOOD Drive OCEAN GROVE 3226
53313462922,110 CARTHEW Road BONSHAW 3352
53313462964,23 LE MAITRE Drive BANNOCKBURN 3331
53313462997,27 LANA Drive JACKASS FLAT 3556
53313463095,52 CURTIN Drive DEANSIDE 3336
53313421310,13 SOCIAL Street TARNEIT 3029
53313421334,21 ICONIC Drive TARNEIT 3029
53313421441,21 GENERATION Crescent MAMBOURIN 3024
53313421524,34 WATTLESEED Drive FRASER RISE 3336
53313421599,49 ADANSONIA Circuit MICKLEHAM 3064
53313421657,33 LANA Drive JACKASS FLAT 3556
53313421722,78 CURTIN Drive DEANSIDE 3336
53313421847,17 HONEYEATER Way MOUNT DUNEED 3217
53313421863,103 GREENPOINT Drive ROCKBANK 3335
53313421896,16 SCOTTSDALE Street CHARLEMONT 3217
53313421995,16 GREVILLEA Drive MOUNT DUNEED 3217
53313422026,6 COQUILLE Way ARMSTRONG CREEK 3217
53313422182,53 SUMAR Drive CRAIGIEBURN 3064
53313422217,5 TURIN Avenue DEANSIDE 3336
53313422231,29 ARMAGH Street ALFREDTON 3350
53313422257,9 TURIN Avenue DEANSIDE 3336
53313422356,23 SCATTER Road FRASER RISE 3336
53313422389,28 WATTLESEED Drive FRASER RISE 3336
53313422407,14 HURON Road CRAIGIEBURN 3064
53313422439,6 HURON Road CRAIGIEBURN 3064
53313422463,4 HURON Road CRAIGIEBURN 3064
53313422496,84 GREVILLEA Drive MOUNT DUNEED 3217
53313426282,22 AMBITION Street ROCKBANK 3335
53313426300,4 AVOCET Way ARMSTRONG CREEK 3217
53313426324,19 GRECO Street DEANSIDE 3336
53313426358,13 GRECO Street DEANSIDE 3336
53313426381,5 GRECO Street DEANSIDE 3336
53313426457,11 FOWLER Walk SUNBURY 3429
53313426480,10 LA PEROUSE Way WARRNAMBOOL 3280
53313426516,37 FRAGRANT Drive LARA 3212
53313426615,56 VIOLA Drive ROCKBANK 3335
53313426639,5 FOWLER Walk SUNBURY 3429
53313426655,23 BEAUMONT Avenue CHARLEMONT 3217
53313426688,1 FOWLER Walk SUNBURY 3429
53313426706,40 RESTFUL Way ROCKBANK 3335
53313426720,29 RATHMINES Road TRUGANINA 3029
53313426787,56 KILLARA Circuit BACCHUS MARSH 3340
53313426878,31 SOCIAL Street TARNEIT 3029
53313426912,14 FLANNERY Circuit CHARLEMONT 3217
53313426977,4 BUNNY Court FYANSFORD 3218
53313427019,7 FRAGRANT Drive LARA 3212
53313427074,17 LABICHEA Street CRAIGIEBURN 3064
53313427100,64 PALMDALE Crescent MAMBOURIN 3024
53313427124,12 MAGARA Walk TARNEIT 3029
53313427158,10 HALCYON Road DEANSIDE 3336
53313427181,7 FARRINGTON Avenue ALTONA NORTH 3025
53313427264,4A AUSTIN Street WERRIBEE 3030
53313427289,4B AUSTIN Street WERRIBEE 3030
53313427307,6 ESTRELLA Street BONSHAW 3352
53313427339,9 CANARY Court LOVELY BANKS 3213
53313427414,15 VALIANT Street DEANSIDE 3336
53313427438,17 VALIANT Street DEANSIDE 3336
53313427529,17 SILVEREYE Street KURUNJANG 3337
53313427594,7 AMBITION Street ROCKBANK 3335
53313427628,19 THRUMS Road MAMBOURIN 3024
53313427652,25 CODRINGTON Road TRUGANINA 3029
53300459726,10 HOPKINS Road WARRNAMBOOL 3280
53313463161,7 DREAMER Circuit MOUNT DUNEED 3217
53313463211,41 ZIPPY Circuit TARNEIT 3029
53313463235,10 DAGLISH Way WERRIBEE 3030
53313463269,6 BROWN Street BONNIE BROOK 3335
53313463292,16 ROOSEVELT Drive ROCKBANK 3335
53313463326,81 RONDO Drive MANOR LAKES 3024
53313463368,19 WINDOW Road TARNEIT 3029
53313463425,14 PURITY Way ARMSTRONG CREEK 3217
53313463459,18 STONE PINE Court CONNEWARRE 3227
53313463474,62 HEMINGWAY Drive ROCKBANK 3335
53313463558,12 BRISBANE Street LARA 3212
53313463581,16 AVION Crescent TRUGANINA 3029
53313463623,15 BUNNY Court FYANSFORD 3218
53313463657,55 MARY Drive ALFREDTON 3350
53313463698,3 FORTH Court JUNORTOUN 3551
53313463722,9 ELDENWOOD Mews CANADIAN 3350
53313463748,11 ELDENWOOD Mews CANADIAN 3350
53313463764,13 ELDENWOOD Mews CANADIAN 3350
53313463797,16 ELDENWOOD Mews CANADIAN 3350
53313463821,19 ELDENWOOD Mews CANADIAN 3350
53313463855,22 ELDENWOOD Mews CANADIAN 3350
53313463870,26 ELDENWOOD Mews CANADIAN 3350
53313463896,24 ELDENWOOD Mews CANADIAN 3350
53313463920,4 ELDENWOOD Mews CANADIAN 3350
53313463954,1 ELDENWOOD Mews CANADIAN 3350
53313464012,17 BURRIDGE Street DEANSIDE 3336
53313464036,14 VALIANT Street DEANSIDE 3336
53313464052,28 MASTERS Drive WINTER VALLEY 3358
53313464085,22 SOUTHDOWN Avenue TRUGANINA 3029
53313464111,8 EVERGREEN Street ARMSTRONG CREEK 3217
53313464143,10 SAMWELL Street CHARLEMONT 3217
53313464184,44 REVERENCE Drive ROCKBANK 3335
53313464219,61 STRATUS Street TARNEIT 3029
53313464233,52 BROWNHILL Ridge WANDANA HEIGHTS 3216
53313464259,3 FARRIER Road WYNDHAM VALE 3024
53313464282,81 ERSKINE Road WINTER VALLEY 3358
53313464300,19 LIGHTFOOT Way DEANSIDE 3336
53313464358,33 MAGNIFICENT Grove MOUNT DUNEED 3217
53313464516,82 SAMPHIRE Drive CONNEWARRE 3227
53313464548,11 CASELLI Street BALLARAT EAST 3350
53313422678,8 BLOODSWORTH Road DEANSIDE 3336
53313422777,18 CURTIN Drive DEANSIDE 3336
53313422934,5 RATHMINES Road TRUGANINA 3029
53313423066,78 SHELTERBELT Avenue WEIR VIEWS 3338
53313423081,22 CLOCKWISE Street GREENVALE 3059
53313468622,24 HILLTOP Drive CURLEWIS 3222
53313468648,22 BRISBANE Street LARA 3212
53313468763,3 RARITY Street ARMSTRONG CREEK 3217
53313468937,9 RANCE Road DELACOMBE 3356
53313469092,11 GRECO Street DEANSIDE 3336
53313469134,117 MERINDAH Boulevard DEANSIDE 3336
53313469168,10 KASHMIR Road CHARLEMONT 3217
53313469200,64 BLOSSOM Drive EPSOM 3551
53313469258,27 JUNIPER Avenue LEOPOLD 3224
53313469331,19 PROGRESS Drive FRASER RISE 3336
53313469365,37 SHEARWATER Drive ARMSTRONG CREEK 3217
53313469497,19 SANTAROSA Way EPSOM 3551
53313469515,32 CANARY Drive ARMSTRONG CREEK 3217
53313427677,13 YEARLING Promenade WERRIBEE 3030
53313427693,13 MERAPI Grove TRUGANINA 3029
53313427727,24 JOEY Crescent DEANSIDE 3336
53313427743,3 GOSFIELD Drive WERRIBEE 3030
53313427769,48 JOEY Crescent DEANSIDE 3336
53313427792,24 ESKDALE Street WERRIBEE 3030
53313427810,29 REARDON Crescent ST LEONARDS 3223
53313427868,32 INGLEWOOD Drive WERRIBEE 3030
53313427891,8 DIATREME Street CRAIGIEBURN 3064
53313427925,11 CODRINGTON Road TRUGANINA 3029
53313427941,5 AMBITION Street ROCKBANK 3335
53313428072,7 GILA Way TRUGANINA 3029
53313428164,11 KANGAS Walk TRUGANINA 3029
53313428197,28 COOK Road MELTON SOUTH 3338
53313428238,2 DIRECTIONS Drive GREENVALE 3059
53313428279,20 MERAPI Grove TRUGANINA 3029
53313428313,27 STUBBERFIELD Road TARNEIT 3029
53313428386,45 INGLEWOOD Drive WERRIBEE 3030
53313428412,22 KENNARD Grove CHARLEMONT 3217
53313428477,12 ARRAN Street GISBORNE 3437
53313428511,8 GUSTAVE Avenue CRAIGIEBURN 3064
53313428602,53 REVERENCE Drive ROCKBANK 3335
53313428626,47 EIFFEL Avenue BONNIE BROOK 3335
53313428642,36 GASCOYNE Circuit LARA 3212
53313428701,32 KINGDOM Boulevard WEIR VIEWS 3338
53313428774,4 KINGDOM Boulevard WEIR VIEWS 3338
53313428824,8 KINGDOM Boulevard WEIR VIEWS 3338
53313428840,16 KINGDOM Boulevard WEIR VIEWS 3338
53313428899,20 KINGDOM Boulevard WEIR VIEWS 3338
53313428917,26 KINGDOM Boulevard WEIR VIEWS 3338
53313464589,8 BLOOMFIELD Road THORNHILL PARK 3335
53313464615,9 CONTROL Street GREENVALE 3059
53313464670,29 LANGER Road DEANSIDE 3336
53313464696,15 DELL Boulevard FYANSFORD 3218
53313464746,17 LIBERATION Drive ARMSTRONG CREEK 3217
53313464762,62 WALLANGARA Boulevard HARKNESS 3337
53313464787,13 CORREA Street MOUNT DUNEED 3217
53313464837,26-30 FAWKNER Crescent ARMSTRONG CREEK 3217
53313464936,4 KANGAROO Way ARMSTRONG CREEK 3217
53313464960,21 ARRAN Street GISBORNE 3437
53313465034,20 VERDALE Drive ALFREDTON 3350
53313465119,66 HOLST Street ARMSTRONG CREEK 3217
53313465133,5 SELLS Road LUCAS 3350
53313465167,10 PHIPPS Road WERRIBEE 3030
53313465231,29 CALLISTEMON Circuit LARA 3212
53313465257,4 PLATERO Boulevard JACKASS FLAT 3556
53313465308,17 BRATAN Way TRUGANINA 3029
53313465397,16 MCKELL Street DEANSIDE 3336
53313465470,1 PEPPERCORN Court AVONDALE HEIGHTS 3034
53313320306,5 WARDELL Street TARNEIT 3029
53313320338,1 FRIESIAN Avenue TAYLORS LAKES 3038
53313320405,194 MCCURDY Road FYANSFORD 3218
53313320461,3 DEVENISH Way ST LEONARDS 3223
53313320504,5 REEF Street CRAIGIEBURN 3064
53313320536,20 ESTLLEY Court CANADIAN 3350
53313320593,21 RACING Way WINTER VALLEY 3358
53313320643,8 PELICAN Drive WINTER VALLEY 3358
53313320734,20 PASCOE Street WESTMEADOWS 3049
53313469563,5 GRAY Court DEANSIDE 3336
53313469596,40 COTTON Circuit GISBORNE 3437
53313469885,25 ERASMUS Avenue CRAIGIEBURN 3064
53313470142,18 YEARLING Promenade WERRIBEE 3030
53313470317,27 LABICHEA Street CRAIGIEBURN 3064
53313470398,44 CROWN Drive FRASER RISE 3336
53313470555,29 STELLING Drive LUCAS 3350
53313470588,46 STELLING Drive LUCAS 3350
53313470786,218 MANOR LAKES Boulevard MANOR LAKES 3024
53313470836,8 EPSOM View DRYSDALE 3222
53313470877,1 SWAIN Walk ST LEONARDS 3223
53313470976,22 COOLBINIA Avenue WERRIBEE 3030
53313470992,19 MANSELL Drive DENNINGTON 3280
53313471041,17 BLACKSCROFT Road THORNHILL PARK 3335
53313471067,15 BLACKSCROFT Road THORNHILL PARK 3335
53313471082,7 SENECIO Place LEOPOLD 3224
53313471118,8 WELLINGTON Crescent TORQUAY 3228
53313471140,18 BRISBANE Street LARA 3212
53313429106,4 TOSCANA Way FRASER RISE 3336
53313429138,3 SKYPAC Street WEIR VIEWS 3338
53313474828,20 GREVILLEA Drive MOUNT DUNEED 3217
53313474852,43 CORIDALE Boulevard LARA 3212
53313474877,58 CONSERVATORY Drive DEANSIDE 3336
53313474893,26 NOVA Street WEIR VIEWS 3338
53313474927,62 CONSERVATORY Drive DEANSIDE 3336
53313474984,5 GATHERING Grove TARNEIT 3029
53313475082,2 CITRINUS Street MOUNT DUNEED 3217
53313475118,45 BALLET Crescent SUNBURY 3429
53313475181,87 SUFFOLK Street WEST FOOTSCRAY 3012
53313475216,6B DEVONSHIRE Street WEST FOOTSCRAY 3012
53313475248,36 WINDOW Road TARNEIT 3029
53313475264,20 KELLEHER Way DENNINGTON 3280
53313475315,11 CORVO Drive TRUGANINA 3029
53313475462,60 CONSERVATORY Drive DEANSIDE 3336
53313475636,64 LYNWOOD Drive THORNHILL PARK 3335
53313475769,28 JOEY Crescent DEANSIDE 3336
53313475802,51 BRISBANE Street LARA 3212
53313475891,50 CHERISH Street FRASER RISE 3336
53313475919,7 MELIA Street STRATHFIELDSAYE 3551
53313475933,48 CHERISH Street FRASER RISE 3336
53313475982,177 STATION Street EPSOM 3551
53313476009,114 ALCOCK Road TRUGANINA 3029
53313476031,110 ALCOCK Road TRUGANINA 3029
53313476057,39 CORNFLOWER Way MOUNT DUNEED 3217
53313476072,27 SUNNY Street SUNBURY 3429
53313476108,44 UNISON Road STRATHTULLOH 3338
53313476130,21 STUBBERFIELD Road TARNEIT 3029
53313476164,11 CONDER Parade CLIFTON SPRINGS 3222
53313476206,4A ALIWAL Street WEST FOOTSCRAY 3012
53313476238,12 ANNABEL Street DEANSIDE 3336
53313320841,4 MYRTLE Street CAMPBELLS CREEK 3451
53313320940,16 WEINSTOCK Road TRUGANINA 3029
53313321155,23 EFFICIENT Avenue MOUNT DUNEED 3217
53313321286,4 OVERALL Street LUCAS 3350
53313321411,200 HIGHLANDER Drive CRAIGIEBURN 3064
53313321451,1 COLT Mews TRUGANINA 3029
53313321568,27 CHAMBERLAIN Drive ARMSTRONG CREEK 3217
53313321619,30 FARRIER Road WYNDHAM VALE 3024
53313321758,11 SATCHVILLE Road HARKNESS 3337
53313321823,49 ATKINSON Street BALLAN 3342
53313321849,49 ATKINSON Street BALLAN 3342
53313321898,15 WARDELL Street TARNEIT 3029
53313321916,9 ELMWOOD Street DEANSIDE 3336
53313321930,25 CONONDALE Avenue TRUGANINA 3029
53313321989,4 FIERO Court GREENVALE 3059
53313322135,37 GREVILLEA Drive MOUNT DUNEED 3217
53313322241,5 POLLEN Street MOUNT DUNEED 3217
53313471199,30 CANARY Drive ARMSTRONG CREEK 3217
53313471271,5 NORTHWATTLE Crescent CORIO 3214
53313471339,17 BUCHANAN Drive LUCAS 3350
53313471355,9 GRIFFITH Road DEANSIDE 3336
53313471388,1 HUDDLE Road HUNTLY 3551
53313471414,21 MUSTANG Circuit BONNIE BROOK 3335
53313471537,10 CARFIN Circuit THORNHILL PARK 3335
53313471553,5 BLACKSCROFT Road THORNHILL PARK 3335
53313471586,7 BLACKSCROFT Road THORNHILL PARK 3335
53313471604,21 BLACKSCROFT Road THORNHILL PARK 3335
53313471628,56 LOUISVILLE Drive THORNHILL PARK 3335
53313471652,27 STELLING Drive LUCAS 3350
53313471685,21 KALAN Way WARRNAMBOOL 3280
53313471711,5 BARNARDS Road BONNIE BROOK 3335
53313326401,58 CARFIN Circuit THORNHILL PARK 3335
53313326500,9 LILIUM Street DIGGERS REST 3427
53313326609,4A MCARTHURS Road ALTONA NORTH 3025
53313326631,4 FARMINGTON Street CHARLEMONT 3217
53313326789,9 ORIENTEERING Drive GREENVALE 3059
53313326807,21 KYEAMBA Circuit BACCHUS MARSH 3340
53313326855,3 FRESHBROOK Avenue TRUGANINA 3029
53313326870,5 JOVIAL Avenue TARNEIT 3029
53313326938,6 WARDELL Street TARNEIT 3029
53313326962,3 HURON Road CRAIGIEBURN 3064
53313326987,4 NEWTON Street GLENROY 3046
53313327069,9 CORONET Street EPSOM 3551
53313476378,3 BUDDHA Walk TRUGANINA 3029
53313476428,44 IONICA Loop TRUGANINA 3029
53313476477,38 WICHITA Grove LARA 3212
53313476493,20 CHARLBURY Street THORNHILL PARK 3335
53313476543,13 PERNONIE Street LUCAS 3350
53313476576,10 ISHERWOOD Road DEANSIDE 3336
53313476602,42 GASCOYNE Circuit LARA 3212
53313476675,7 CROSBY Street TRUGANINA 3029
53313476759,27 RIMMINGTON Way ROCKBANK 3335
53313476774,67 CHALCOT Circuit FRASER RISE 3336
53313476800,93 SHORTRIDGE Drive LUCAS 3350
53313476832,40 STUBBERFIELD Road TARNEIT 3029
53313476909,19 VENICE Drive WINTER VALLEY 3358
53313476965,48 TOWNLEY Boulevard WERRIBEE 3030
53313476998,23 WARWARICK Court LEOPOLD 3224
53313477014,3 CITRINUS Street MOUNT DUNEED 3217
53313477178,50 ALSTONVILLE Avenue TRUGANINA 3029
53313477194,1 NATASHA Close DARLEY 3340
53313477251,21 PARKSIDE Boulevard STRATHDALE 3550
53313477326,18 ANNABEL Street DEANSIDE 3336
53313477558,11 SILVER SMITH Drive KYNETON 3444
53313477599,5 KASAI Walk TRUGANINA 3029
53313477623,9 KASAI Walk TRUGANINA 3029
53313477649,1 KASAI Walk TRUGANINA 3029
53313477665,15 MELIA Street STRATHFIELDSAYE 3551
53313477698,27 STONES Street CHARLEMONT 3217
53313477730,20 COURTENAY Promenade FRASER RISE 3336
53300000590,99999 KOROROIT CREEK Road ALTONA NORTH 3025
53300000907,99999 OLD GEELONG Road LAVERTON 3028
53300001005,99999 BEVERAGE Drive TULLAMARINE 3043
53300001078,189 CAMP Road BROADMEADOWS 3047
53300001319,1585 HUME Highway CAMPBELLFIELD 3061
53300006935,99999 BEACH Road AVALON 3212
53300007117,99999 FINN Street WHITE HILLS 3550
53300007247,99999 AIRPORT Drive MELBOURNE AIRPORT 3045
53300007338,99999 QUARRY Road PORTLAND 3305
53300008633,99999 SHARON Street FLORA HILL 3550
53300020052,99999 LOWER GRAYLANDS Road COBDEN 3266
53300020127,99999 HOPPERS Lane WERRIBEE 3030
53300020225,99999 FISHER Parade ASCOT VALE 3032
53300200124,14 VIEWPOINT Street ARARAT 3377
53313322324,15 EUCALYPTUS Street JACKASS FLAT 3556
53313322366,7 ADVENTURE Avenue FRASER RISE 3336
53313322381,19 ADVENTURE Avenue FRASER RISE 3336
53313322409,11 ADVENTURE Avenue FRASER RISE 3336
53313322431,17 ADVENTURE Avenue FRASER RISE 3336
53313322457,13 ADVENTURE Avenue FRASER RISE 3336
53313322508,12 COOK Avenue TORQUAY 3228
53313322548,17 POWELL Street TORQUAY 3228
53313322787,52 REVERENCE Drive ROCKBANK 3335
53313322845,14 LONGAN Street TRUGANINA 3029
53313322904,1 AMBITION Street ROCKBANK 3335
53313322928,12 VENICE Drive WINTER VALLEY 3358
53313322944,10 PETERLEE Walk WERRIBEE 3030
53313322993,8 PETERLEE Walk WERRIBEE 3030
53313323075,58 TOWNLEY Boulevard WERRIBEE 3030
53313323159,27 BOWENIA Avenue CRAIGIEBURN 3064
53313323257,4 BINGHAM Street TARNEIT 3029
53313323280,8 TRAVERSE Avenue TARNEIT 3029
53313368871,6 COLMAR Street LARA 3212
53313368921,38 CHERISH Street FRASER RISE 3336
53313369005,11 PATRIOT Crescent SMYTHES CREEK 3351
53313369078,2 SWANSEA Way ARMSTRONG CREEK 3217
53313369177,95 CLARKES Road FYANSFORD 3218
53313369234,8 ASGARD Street TRUGANINA 3029
53313327240,5 HURON Road CRAIGIEBURN 3064
53313327299,28 NOLITA Walk POINT COOK 3030
53313327317,26 NOLITA Walk POINT COOK 3030
53313327331,34 NOLITA Walk POINT COOK 3030
53313327365,53 LAFLIN Avenue TARNEIT 3029
53313327380,11 STREETON Avenue HUNTLY 3551
53313327408,48 NOLITA Walk POINT COOK 3030
53313327430,28 CARFIN Circuit THORNHILL PARK 3335
53313327515,5 FREYCINET Court WARRNAMBOOL 3280
53313327606,13 YELLOW GUM Way MOUNT DUNEED 3217
53313327679,27 ROSEBANK Walk THORNHILL PARK 3335
53313327761,23 EVANS Way LUCAS 3350
53313327804,91 CALLAGHAN Street EPSOM 3551
53313327844,6 BRANGUS Court ASCOT 3551
53313327860,4A NEWTON Street GLENROY 3046
53313327885,7 LOMANDRA Drive STRATHFIELDSAYE 3551
53313327911,80 LAUNCHLEY Drive CARDIGAN 3352
53313327935,17 RIDLEY Street DRYSDALE 3222
53313327984,2269 MELTON Highway MELTON 3337
53313328090,12 BROBERG Street WYNDHAM VALE 3024
53313328124,33 FAWKNER Crescent ARMSTRONG CREEK 3217
53313328297,4 READMAN Road FRASER RISE 3336
53313328339,17 JULES Street ST LEONARDS 3223
53313328414,9 CHISHOLM Street MARYBOROUGH 3465
53313328438,6 GASKELL Street EAGLEHAWK 3556
53313328505,6 CHERISH Street FRASER RISE 3336
53313328529,21 HARKNESS Road MADDINGLEY 3340
53313477821,14 ENRICA Drive MELTON SOUTH 3338
53313477855,67 NAVIGATION Road TARNEIT 3029
53313477870,13 AVION Crescent TRUGANINA 3029
53313369283,25 CORIDALE Boulevard LARA 3212
53313369333,25 LUBEC Street LARA 3212
53313369367,19 CANADIAN Avenue WERRIBEE 3030
53313369390,23 VALROSE Road CHARLEMONT 3217
53313369418,2 ESTLLEY Court CANADIAN 3350
53313369509,7 MUNOZ Walk WYNDHAM VALE 3024
53313369531,3 MUNOZ Walk WYNDHAM VALE 3024
53313369572,14 BARNARDS Road BONNIE BROOK 3335
53313369608,5 MUNOZ Walk WYNDHAM VALE 3024
53313369630,18 LIPIZZAN Crescent TAYLORS LAKES 3038
53313369796,8 MONTVIEW Court CORIO 3214
53313369838,14 PERCEVAL Place MAMBOURIN 3024
53313369895,7 NOZAWA Street WINTER VALLEY 3358
53313369961,39 GILA Way TRUGANINA 3029
53313370029,20 BETTALAN Court SPRING GULLY 3550
53313370045,17 BIBURY Street LARA 3212
53313370144,6 CORIDALE Boulevard LARA 3212
53313370177,11 JANTAR Way FRASER RISE 3336
53313370202,32 NARADA Road TRUGANINA 3029
53313370226,27 VEL Street DEANSIDE 3336
53313370250,34 NARADA Road TRUGANINA 3029
53313370325,49 SAMUEL Road WEIR VIEWS 3338
53313370382,13 TRICKETT Drive TRUGANINA 3029
53313370432,3 BOARDMAN Street TRUGANINA 3029
53313370466,20 ROLLS Road SMYTHES CREEK 3351
53313370648,60 CAULONIA Drive TRUGANINA 3029
53313370664,12 CARFIN Circuit THORNHILL PARK 3335
53313328644,22 NORMANBY Boulevard DEANSIDE 3336
53313328660,20 NORMANBY Boulevard DEANSIDE 3336
53313328727,19 AMBITION Street ROCKBANK 3335
53313328792,25 FUCHSIA Drive ROCKBANK 3335
53313328974,33 MORNINGTON Avenue TARNEIT 3029
53313328990,35 MORNINGTON Avenue TARNEIT 3029
53313329049,240 GUYS HILL Road STRATHFIELDSAYE 3551
53313329065,183 WARATAH Road HUNTLY 3551
53313374862,24 CONSTANT Avenue WERRIBEE 3030
53313374937,30 PECHORA Street TRUGANINA 3029
53313374978,6 DISTINCTIVE Drive ROCKBANK 3335
53313375003,49 WALTON Street MELTON SOUTH 3338
53313375069,18 ELM Drive FRASER RISE 3336
53313375084,8 AMPERSAND Boulevard TRUGANINA 3029
53313375102,9 DOMINIQUE Street TRUGANINA 3029
53313375737,2A AUGUSTA Close SUNBURY 3429
53313375761,19 METHERALL Street SUNSHINE NORTH 3020
53300204711,6 QUEEN Street ARARAT 3377
53313370747,51 WATTLEBIRD Court SUNSHINE NORTH 3020
53313370770,43 WATTLEBIRD Court SUNSHINE NORTH 3020
53313370796,41 WATTLEBIRD Court SUNSHINE NORTH 3020
53313370814,45 WATTLEBIRD Court SUNSHINE NORTH 3020
53313370887,5 PAGE Street MARYBOROUGH 3465
53313371150,3 WATTLEBIRD Drive KURUNJANG 3337
53313371200,5 TRICKETT Drive TRUGANINA 3029
53313371258,12 BLUEWREN Street KURUNJANG 3337
53313371331,24 WALTERS Way ALFREDTON 3350
53313371596,16 PETUNIA Way FRASER RISE 3336
53313371687,2B AUGUSTA Close SUNBURY 3429
53313371753,29 CONIFER Street ARMSTRONG CREEK 3217
53313371852,2 COQUILLE Way ARMSTRONG CREEK 3217
53313417273,14 MANSELL Drive DENNINGTON 3280
53313417309,10 MILLIGAN Circuit CHARLEMONT 3217
53313417365,8 MAY Drive GISBORNE 3437
53313417380,50 DIANCHI Drive WYNDHAM VALE 3024
53313375794,18 INGLEWOOD Drive WERRIBEE 3030
53313375828,17 ESKDALE Street WERRIBEE 3030
53313375860,16 ANGHOR Drive FRASER RISE 3336
53313376025,6 RED WATTLE Way GREENVALE 3059
53313376100,6 STREETON Avenue HUNTLY 3551
53313376158,27 MILLIGAN Circuit CHARLEMONT 3217
53313376264,24 PROGRESS Drive FRASER RISE 3336
53313376297,46082 ALFRED Court OCEAN GROVE 3226
53313376370,27 HIMALAYAS Street TRUGANINA 3029
53313376529,197 HUMMINGBIRD Boulevard TARNEIT 3029
53313376553,63 WATTLEBIRD Court SUNSHINE NORTH 3020
53313376586,73 WATTLEBIRD Court SUNSHINE NORTH 3020
53313376612,75 WATTLEBIRD Court SUNSHINE NORTH 3020
53313376636,79 WATTLEBIRD Court SUNSHINE NORTH 3020
53313376652,83 WATTLEBIRD Court SUNSHINE NORTH 3020
53313376685,17 CARLOW Drive ALFREDTON 3350
53313376751,121 NEROWIE Road PARWAN 3340
53313376792,32 CROP Drive FRASER RISE 3336
53313376810,5 SAGRADA Way FRASER RISE 3336
53313376875,84 ERSKINE Road WINTER VALLEY 3358
53313376901,6 AVION Crescent TRUGANINA 3029
53313376925,8 AVION Crescent TRUGANINA 3029
53313376941,8 RICHARD Court CRESWICK 3363
53313377008,99 BONNIEBROOK Road BONNIE BROOK 3335
53313377030,3 BOWENIA Avenue CRAIGIEBURN 3064
53313377056,101 BONNIEBROOK Road BONNIE BROOK 3335
53313377115,7 FAIRMONT Crescent FRASER RISE 3336
53313377196,4 APPALOOSA Avenue TAYLORS LAKES 3038
53300316754,48 EDDINGTON Street WARRNAMBOOL 3280
53300317420,16 HESSE Street COLAC 3250
53300317487,1098 RAGLAN Parade WARRNAMBOOL 3280
53300318023,383 RAGLAN Parade WARRNAMBOOL 3280
53300335258,33 MT NAPIER Road HAMILTON 3300
53300337809,51 BARKLY Street PORTLAND 3305
53313417408,13 SKYPAC Street WEIR VIEWS 3338
53313417471,39 EREMAEA Road CRAIGIEBURN 3064
53313417521,8 MILLIGAN Circuit CHARLEMONT 3217
53313417547,19 WESTBURY Avenue ROCKBANK 3335
53313417606,9 PAMPAS Street ROCKBANK 3335
53313417638,57 GORDON Street NEWPORT 3015
53313417654,42 SHEARWATER Drive ARMSTRONG CREEK 3217
53313417687,20 SHADOW Street DEANSIDE 3336
53313417713,16 BELLBIRD Street KURUNJANG 3337
53313417778,27 HARVEYS Lane JACKASS FLAT 3556
53313417844,41B BOTANICAL Drive LARA 3212
53313417877,11 PERIVALE Crescent WYNDHAM VALE 3024
53313417927,42 CAHILL Street ST ALBANS 3021
53313417943,5 LUBEC Street LARA 3212
53313417976,13 GREENPOINT Drive ROCKBANK 3335
53313418019,113 WEXFORD Street ALFREDTON 3350
53313418041,52 COTTON Circuit GISBORNE 3437
53313418067,8 LAPIS Street ARMSTRONG CREEK 3217
53313418118,168 LICENSE Road DIGGERS REST 3427
53313418140,14 ADRIANUS Street ALFREDTON 3350
53313418173,27 BEATTIE Court COLAC 3250
53313418199,10 ZIDANE Avenue DEANSIDE 3336
53313418271,23 MUSHU Street DEANSIDE 3336
53313418321,29 WINTON Drive FRASER RISE 3336
53313418370,15 BLOOMFIELD Road THORNHILL PARK 3335
53313418406,60 FLANNERY Circuit CHARLEMONT 3217
53313418529,20 CALLANISH Street TRUGANINA 3029
53313418578,10 ALDAN Way TRUGANINA 3029
53313418711,2 BRETTIM Boulevard GROVEDALE 3216
53313418769,26 CAPRICORN Road TRUGANINA 3029
53313418792,38 CAHILL Street ST ALBANS 3021
53313377245,650 LEAKES Road TARNEIT 3029
53313377352,24 TROOPER Avenue SUNBURY 3429
53313377385,25 SOCIAL Street TARNEIT 3029
53313377411,7 DELL Boulevard FYANSFORD 3218
53313377443,20 MAREMMANO Crescent TAYLORS LAKES 3038
53313377469,10 ENRICA Drive MELTON SOUTH 3338
53313377510,20 CORRIEDALE Avenue TRUGANINA 3029
53313377542,17 MELIA Street STRATHFIELDSAYE 3551
53313377619,18 BULLION Lane JACKASS FLAT 3556
53313377674,5 MERAPI Grove TRUGANINA 3029
53313377700,16 BANBURY Road BONNIE BROOK 3335
53313377740,47 KARACHI Avenue MOUNT COTTRELL 3024
53313377857,40 WALTERS Way ALFREDTON 3350
53313377872,11 VERNAL Circuit MOUNT DUNEED 3217
53313377898,22 BROOKES Street FYANSFORD 3218
53313423198,36 COTTON Circuit GISBORNE 3437
53313423215,29 VINCENT Street DEER PARK 3023
53313423354,28 ELDENWOOD Mews CANADIAN 3350
53313423379,30 ELDENWOOD Mews CANADIAN 3350
53313423405,32 ELDENWOOD Mews CANADIAN 3350
53313423429,35 ELDENWOOD Mews CANADIAN 3350
53313423445,37 ELDENWOOD Mews CANADIAN 3350
53313423504,18 CORRIEDALE Avenue TRUGANINA 3029
53313423552,61 HEMINGWAY Drive ROCKBANK 3335
53313423611,8 BAND Street SUNBURY 3429
53313423635,48 VIOLA Drive ROCKBANK 3335
53313423651,17 MILLBROOK Drive WYNDHAM VALE 3024
53313423684,21 MUNOZ Walk WYNDHAM VALE 3024
53313423710,17 MUNOZ Walk WYNDHAM VALE 3024
53313423742,24 PLYMOUTH Way SMYTHES CREEK 3351
53300318733,13 CRAIG Street HAMILTON 3300
53300320401,173 BROMFIELD Street COLAC 3250
53300463884,40 THOMPSON Street HAMILTON 3300
53300464165,1 GARABALDI Lane ALLANSFORD 3277
53313419023,22 PETUNIA Way FRASER RISE 3336
53313419072,39 GREVILLEA Drive MOUNT DUNEED 3217
53313419098,14 GARDANNE Court SUNBURY 3429
53313419164,78 SINCLAIRS Road DEANSIDE 3336
53313419238,3 SOMERDALE Avenue WYNDHAM VALE 3024
53313419287,16 SONATA Street WYNDHAM VALE 3024
53313419305,28 PROGRESS Drive FRASER RISE 3336
53313419337,20 CURRUMBIN Street ARMSTRONG CREEK 3217
53313419394,7 FORESTMILL Chase WERRIBEE 3030
53313419412,11 LUSITANO Street TAYLORS LAKES 3038
53313419436,37 CALLICOMA Street MICKLEHAM 3064
53313419460,26 KARACHI Avenue MOUNT COTTRELL 3024
53313419493,12 NAGAR Street THORNHILL PARK 3335
53313419527,1323 PLUMPTON Road FRASER RISE 3336
53313419543,58 EAGLEBAY Road ARMSTRONG CREEK 3217
53313419592,4 HERTALI Street TRUGANINA 3029
53313419691,2 PLATERO Boulevard JACKASS FLAT 3556
53313419719,2 PATRIOT Crescent SMYTHES CREEK 3351
53313419917,7 ALLANWOOD Street OCEAN GROVE 3226
53313419965,25 GOSFIELD Drive WERRIBEE 3030
53313419998,9 PIANA Road FRASER RISE 3336
53313420022,21 PRINCES Highway NORLANE 3214
53313420056,21 PRINCES Highway NORLANE 3214
53313420089,15 KALAN Way WARRNAMBOOL 3280
53313465546,81 SAMPHIRE Drive CONNEWARRE 3227
53313423783,74 SHELTERBELT Avenue WEIR VIEWS 3338
53313423841,5 VASTU Street WERRIBEE 3030
53313423874,5 ORANGE Drive FRASER RISE 3336
53313423981,72 KINGDOM Boulevard WEIR VIEWS 3338
53313424016,25 CURRUMBIN Street ARMSTRONG CREEK 3217
53313424089,9 WATTLESEED Drive FRASER RISE 3336
53313424147,35 MULLINGAR Drive ALFREDTON 3350
53313424245,43 ZIPPY Circuit TARNEIT 3029
53313424278,24 SUMAR Drive CRAIGIEBURN 3064
53313424344,7 SUPPER Street SUNBURY 3429
53313424403,10 TOUR Lane TARNEIT 3029
53313424427,6 TANBAR Street FRASER RISE 3336
53313424443,27 CURRUMBIN Street ARMSTRONG CREEK 3217
53313424550,7 SECLUDED Place KANGAROO FLAT 3555
53313424625,6 APPLE GUM Court LARA 3212
53313424682,9 LUCHE Way MAIDEN GULLY 3551
53313424700,191 CLARA Avenue TRUGANINA 3029
53313424857,5 MOUNTAIN ASH Circuit WINTER VALLEY 3358
53313424916,34 CONIFER Street ARMSTRONG CREEK 3217
53313424964,5 PECHORA Street TRUGANINA 3029
53313424989,50 ODYSSEY Boulevard TARNEIT 3029
53313425046,6 MERAPI Grove TRUGANINA 3029
53313425095,17 AKASHI Crescent CRAIGIEBURN 3064
53313425113,5 ELM Drive FRASER RISE 3336
53313425161,5 SUNNY Street SUNBURY 3429
53300250367,134 FIREBRACE Street HORSHAM 3400
53300250466,26 PEARL Street HORSHAM 3400
53300252262,42 VIEWPOINT Street ARARAT 3377
53300268234,12 VIEWPOINT Street ARARAT 3377
53300268616,20 MCLEAN Street ARARAT 3377
53300351901,10 JUBILEE PARK Road ALLANSFORD 3277
53300353005,9 LORD Street HAMILTON 3300
53300238817,11 WOOD Street STAWELL 3380
53300254319,89 BREWSTER Road ARARAT 3377
53300380676,80 QUEEN Street COLAC 3250
53300365791,34 BALMORAL Street PORTLAND 3305
53300366510,224 MERRI Street WARRNAMBOOL 3280
53300367838,171 FAIRY Street WARRNAMBOOL 3280
53300368515,41 HURD Street PORTLAND 3305
53300382696,99999 CRAMER Street WARRNAMBOOL 3280
53300398676,140A MT NAPIER Road HAMILTON 3300
53300386756,13 THOMPSON Street WARRNAMBOOL 3280
53300388321,47 JENNINGS Street COLAC 3250
53300509845,118 TIMOR Street WARRNAMBOOL 3280
53300498188,79 MT NAPIER Road HAMILTON 3300
53300514004,70 MT BAIMBRIDGE Road HAMILTON 3300
53300500029,60 BAYNES Street DENNINGTON 3280
53301054362,2 SAMUEL Drive CAMPBELLFIELD 3061
53300517640,231 MERRI Street WARRNAMBOOL 3280
53300517723,99999 SPRING CREEK Road KOROIT 3282
53301057471,1 ROTHESAY Place GREENVALE 3059
53301057614,108 LORNE Street FAWKNER 3060
53300212077,37 HIGH Street ARARAT 3377
53300225649,27 HIGH Street ARARAT 3377
53301077792,21 LANIGAN Street FAWKNER 3060
53300340358,18 MURRAY Street WARRNAMBOOL 3280
53300241085,22 WOOD Street STAWELL 3380
53300243403,170 BARKLY Street ARARAT 3377
53300259259,7 WOOD Street STAWELL 3380
53300260787,18 VIEWPOINT Street ARARAT 3377
53300261389,170 BARKLY Street ARARAT 3377
53300263350,31 QUEEN Street ARARAT 3377
53300347392,21 CHAMBERLAIN Court HAMILTON 3300
53300469818,79 DRUMMOND Street DENNINGTON 3280
53300363036,14 MOORE Street WARRNAMBOOL 3280
53300363607,40 CONNOR Street COLAC 3250
53300375098,119 ROONEYS Road WARRNAMBOOL 3280
53300390378,5 EVERSLEY Street HAMILTON 3300
53300393230,1 ECCLES Street WARRNAMBOOL 3280
53300476061,13 OLD PT CAMPBELL Road COBDEN 3266
53300487941,70 MT BAIMBRIDGE Road HAMILTON 3300
53300491367,114 MT NAPIER Road HAMILTON 3300
53300491630,9 OLD PT CAMPBELL Road COBDEN 3266
53300377894,10 HOPKINS Road WARRNAMBOOL 3280
53300378645,7 ROBERTSON Street COLAC 3250
53300379320,24 ARTHUR Street PORTLAND 3305
53300380486,15 TARHOOK Road WARRNAMBOOL 3280
53300502683,10 COOPER Court COLAC 3250
53300396005,38 MT NAPIER Road HAMILTON 3300
53300518440,99999 PERTOBE Road WARRNAMBOOL 3280
53301029728,2A LAKE Grove COBURG NORTH 3058
53300491707,78 HIGH Street KOROIT 3282
53300493197,44 QUEEN Street COLAC 3250
53300505497,47 GRAY Street HAMILTON 3300
53300506834,2 COOPER Court COLAC 3250
53300506974,8 COOPER Court COLAC 3250
53300518887,10 MURRAY Street COLAC 3250
53300520694,10 HOPKINS Road WARRNAMBOOL 3280
53300521734,103 BENTINCK Street PORTLAND 3305
53301047480,89 MCBRYDE Street FAWKNER 3060
53301061939,1708 HUME Highway CAMPBELLFIELD 3061
53300849167,60 JENNINGS Street COLAC 3250
53300213934,99999 REEFS Road STAWELL 3380
53300214536,5 VIEWPOINT Street ARARAT 3377
53301082025,87 CONNOLLY Avenue COBURG NORTH 3058
53301084450,22 IRENE Street COBURG NORTH 3058
53300235013,13 QUEEN Street ARARAT 3377
53300235086,7 QUEEN Street ARARAT 3377
53301070328,6 MONTECARLO Court GREENVALE 3059
53300248146,43 KALKEE Road HORSHAM 3400
53301087874,83 CONNOLLY Avenue COBURG NORTH 3058
53300265174,14 VIEWPOINT Street ARARAT 3377
53300222101,6 MCLEAN Street ARARAT 3377
53300347907,1 MOFFAT Court PORTLAND 3305
53301403591,55 MACKENZIE Street GOLDEN SQUARE 3555
53301403997,21 HILL Street KANGAROO FLAT 3555
53301527779,99999 STRICKLAND Road EAST BENDIGO 3550
53301419318,7 JUDE Court SPRING GULLY 3550
53300431454,15 MAXWELL Grove WARRNAMBOOL 3280
53301545864,99999 WADE Street GOLDEN SQUARE 3555
53301546333,61 WADE Street GOLDEN SQUARE 3555
53300417511,56 MT NAPIER Road HAMILTON 3300
53300419509,2 HELPMANN Court WARRNAMBOOL 3280
53301533595,70 TAYLOR Street EPSOM 3551
53301533661,82 TAYLOR Street EPSOM 3551
53301533728,102 TAYLOR Street EPSOM 3551
53301533793,128 TAYLOR Street EPSOM 3551
53300857301,21 VIEWPOINT Street ARARAT 3377
53300857715,82 BALLARAT Road HAMILTON 3300
53300864090,22-24 HEWITT Street ARARAT 3377
53300869073,218 LAMBERT Street ARARAT 3377
53300870073,1 WALNUT Avenue HORSHAM 3400
53300894674,9 WOOD Street STAWELL 3380
53300964444,16 COLQUHOUN Street STAWELL 3380
53300965501,40 VIEWPOINT Street ARARAT 3377
53300982967,82-84 BREWSTER Road ARARAT 3377
53301682468,44 KOROROIT CREEK Road WILLIAMSTOWN 3016
53300917674,196 BAILLIE Street HORSHAM 3400
53300923078,19 OCALLAGHANS Parade HORSHAM 3400
53300947894,110 BREWSTER Road ARARAT 3377
53300968775,55 PATRICK Street STAWELL 3380
53300984673,15 HIGH Street ARARAT 3377
53300985029,3 FERGUSON Close HORSHAM 3400
53300985193,2 LYONS Court HORSHAM 3400
53300985291,30 GERTRUDE Street STAWELL 3380
53300985572,3 EVANS PARK Drive ARARAT 3377
53300985715,1 ARTHUR Drive HORSHAM 3400
53300985788,13 STEPHENS Street HORSHAM 3400
53300985978,4 LANGI VIEW Court ARARAT 3377
53300986110,12 STEPHENS Street HORSHAM 3400
53300986240,29 TECOMA Street ARARAT 3377
53300986317,51 RIVER Road HORSHAM 3400
53300986448,51 MCLEAN Drive HORSHAM 3400
53300986507,6 WARNIES Lane ARARAT 3377
53300986654,7 ARTHUR Drive HORSHAM 3400
53300987018,25 STEPHENS Street HORSHAM 3400
53300987247,4 MULLER Street HORSHAM 3400
53300972595,17 HIGH Street HORSHAM 3400
53301107475,1726 HUME Highway CAMPBELLFIELD 3061
53301108152,236 REYNARD Street COBURG 3058
53301108814,1657-1659 HUME Highway CAMPBELLFIELD 3061
53301109331,25 THE AVENUE  COBURG 3058
53300274380,5 HIGH Street ARARAT 3377
53300277046,7 VIEWPOINT Street ARARAT 3377
53300292374,16 HIGH Street ARARAT 3377
53300281791,13 HIGH Street ARARAT 3377
53300281859,11 MCLEAN Street ARARAT 3377
53300281981,8 HIGH Street ARARAT 3377
53300404574,76 CARMICHAEL Street HAMILTON 3300
53300294628,99999 VIEWPOINT Street ARARAT 3377
53300294919,53 PATRICK Street STAWELL 3380
53300295116,99999 TOBIN Street ARARAT 3377
53300295197,24 DIMBOOLA Road HORSHAM 3400
53300295279,99999 GIRDLESTONE Street ARARAT 3377
53300295832,13 MCLEAN Street ARARAT 3377
53300295909,99999 GRANO Street ARARAT 3377
53300295965,99999 GRANO Street ARARAT 3377
53300313453,126 MT NAPIER Road HAMILTON 3300
53301409937,16 HOPETOUN Street BENDIGO 3550
53300405707,250-252 EDGAR Street PORTLAND 3305
53300422872,155 ROONEYS Road WARRNAMBOOL 3280
53300423038,99999 BALLARAT Road HAMILTON 3300
53300423524,140 KENNY Street HAMILTON 3300
53300437609,128 DIGBY Road HAMILTON 3300
53300438720,215 GRAY Street HAMILTON 3300
53300439209,131 ROONEYS Road WARRNAMBOOL 3280
53300410995,134 MT NAPIER Road HAMILTON 3300
53300411282,70 MT BAIMBRIDGE Road HAMILTON 3300
53300411358,70 MT BAIMBRIDGE Road HAMILTON 3300
53300425308,57 DIGBY Road HAMILTON 3300
53300425447,66 BALLARAT Road HAMILTON 3300
53300425653,23 BAYVIEW Terrace WARRNAMBOOL 3280
53300426692,10 HELPMANN Court WARRNAMBOOL 3280
53300427798,79 DRUMMOND Street DENNINGTON 3280
53300428005,66 BALLARAT Road HAMILTON 3300
53300442771,79A BENTINCK Street PORTLAND 3305
53300956292,6 GREVILLIA Court HORSHAM 3400
53300443779,31 JULIA Street PORTLAND 3305
53300444415,4 WADE Street PORTLAND 3305
53300444892,63 DALTONS Road WARRNAMBOOL 3280
53301151623,22 CLARKE Street CAMPBELLFIELD 3061
53300960220,257 NAVARRE Road STAWELL 3380
53300960725,11 SMITH Street STAWELL 3380
53301674977,99999 GARDEN Street WILLIAMSTOWN 3016
53301676603,151 CIVIC Parade ALTONA 3018
53301100012,1702 HUME Highway CAMPBELLFIELD 3061
53301676768,122 RAILWAY Street ALTONA 3018
53301118060,13 DYMOCK Court CRAIGIEBURN 3064
53301269506,1505 HUME Highway CAMPBELLFIELD 3061
53301269653,110 GAFFNEY Street COBURG 3058
53301269892,1141 SYDNEY Road COBURG NORTH 3058
53301288520,38 HAMILTON Street CRAIGIEBURN 3064
53301288678,1164 SYDNEY Road FAWKNER 3060
53300282401,1 WOOD Street STAWELL 3380
53300282482,2 HAITTS Lane STAWELL 3380
53300284257,35 OCONNOR Street HORSHAM 3400
53300284455,22 MCLEAN Street ARARAT 3377
53300284595,25 MCLEAN Street ARARAT 3377
53300284653,47 VIEWPOINT Street ARARAT 3377
53300284991,115 BARKLY Street ARARAT 3377
53300300675,25 FLINDERS Street PORTLAND 3305
53300287234,12 QUEEN Street ARARAT 3377
53300290355,99999 GEORGE Road ARARAT 3377
53301398313,260 HIGH Street BENDIGO 3550
53301399624,392 HIGH Street GOLDEN SQUARE 3555
53301399780,392 HIGH Street GOLDEN SQUARE 3555
53301400863,99999 HIGH Street KANGAROO FLAT 3555
53301401143,44 HIGH Street KANGAROO FLAT 3555
53301198747,22 BUDDS Street COBURG 3058
53301302371,27 ARMS Street LONG GULLY 3550
53301303207,217 ARNOLD Street NORTH BENDIGO 3550
53301304469,2 NORMA Street GOLDEN SQUARE 3555
53301219865,1671 HUME Highway CAMPBELLFIELD 3061
53301428548,3 LATHAM Street NORTH BENDIGO 3550
53301430141,61 LETHEBYS Road SAILORS GULLY 3556
53301332205,5696 CALDER Highway BIG HILL 3555
53301332278,5758 CALDER Highway BIG HILL 3555
53301347764,9 COTSWOLD Crescent KENNINGTON 3550
53301349249,99999 CROOK Street KENNINGTON 3550
53301432087,99999 LILY Street BENDIGO 3550
53301434257,99999 LOCKWOOD Road KANGAROO FLAT 3555
53301435081,174 LOCKWOOD Road KANGAROO FLAT 3555
53301435239,177 LODDON VALLEY Highway EAGLEHAWK 3556
53301435306,216 LODDON VALLEY Highway EAGLEHAWK 3556
53301435362,232 LODDON VALLEY Highway EAGLEHAWK 3556
53301320053,59 BOOTH Street GOLDEN SQUARE 3555
53301334564,1 CAROLIN Street FLORA HILL 3550
53301351354,72 CUNNEEN Street LONG GULLY 3550
53301448174,230-236 MARONG Road GOLDEN SQUARE 3555
53301462349,24 MOON Street EAGLEHAWK 3556
53301155789,122 SYDNEY Road COBURG 3058
53301562751,143 VICTORIA Street EAGLEHAWK 3556
53301563543,26 BAYNE Street BENDIGO 3550
53301564947,14A EWING Avenue FLORA HILL 3550
53301451633,86 MACDOUGALL Road GOLDEN SQUARE 3555
53301451700,110 MACDOUGALL Road GOLDEN SQUARE 3555
53301451773,128 MACDOUGALL Road GOLDEN SQUARE 3555
53301452571,2 MCINNES Street BIG HILL 3555
53301466557,1 MURRAY Street FLORA HILL 3550
53301466755,99999 MYERS Street BENDIGO 3550
53301467851,383-407 NAPIER Street BENDIGO 3550
53301468768,382 NAPIER Street BENDIGO 3550
53301468867,404 NAPIER Street BENDIGO 3550
53301468932,415A NAPIER Street BENDIGO 3550
53301580473,164 RUPERT Street WEST FOOTSCRAY 3012
53301469016,426 NAPIER Street BENDIGO 3550
53301469071,433 NAPIER Street BENDIGO 3550
53301469147,440 NAPIER Street BENDIGO 3550
53301594928,32 PICKETT Street FOOTSCRAY 3011
53301582917,24 EVANS Street BRAYBROOK 3019
53301599372,99999 MCARTHUR Street WEST FOOTSCRAY 3012
53301293506,99999 LORNE Street FAWKNER 3060
53301180814,1 URQUHART Street COBURG 3058
53301206419,15 HOMESTEAD Way ROXBURGH PARK 3064
53301207035,207 MORELAND Road COBURG 3058
53301309632,86 BARKLY Terrace BENDIGO 3550
53301310252,212 BARNARD Street BENDIGO 3550
53301421118,18 KENNEDY Street EAST BENDIGO 3550
53301313444,21 BAYNE Street BENDIGO 3550
53301313503,26 BAYNE Street BENDIGO 3550
53301313576,30 BAYNE Street BENDIGO 3550
53301313650,39 BAYNE Street BENDIGO 3550
53301313733,51 BAYNE Street BENDIGO 3550
53301313790,63 BAYNE Street BENDIGO 3550
53301313866,71 BAYNE Street BENDIGO 3550
53301313923,79 BAYNE Street BENDIGO 3550
53301338630,99999 CHAPPLE Street EAGLEHAWK 3556
53301428219,57 LANSELL Street EAST BENDIGO 3550
53301439479,4 MACKENZIE Street GOLDEN SQUARE 3555
53301439537,14 MACKENZIE Street GOLDEN SQUARE 3555
53301439604,20 MACKENZIE Street GOLDEN SQUARE 3555
53301439677,23 MACKENZIE Street GOLDEN SQUARE 3555
53301439743,30A MACKENZIE Street GOLDEN SQUARE 3555
53301439802,36 MACKENZIE Street GOLDEN SQUARE 3555
53301439883,46 MACKENZIE Street GOLDEN SQUARE 3555
53301439941,51 MACKENZIE Street GOLDEN SQUARE 3555
53301440033,61 MACKENZIE Street GOLDEN SQUARE 3555
53301440100,69 MACKENZIE Street GOLDEN SQUARE 3555
53301440173,74 MACKENZIE Street GOLDEN SQUARE 3555
53301440248,81 MACKENZIE Street GOLDEN SQUARE 3555
53301440315,89 MACKENZIE Street GOLDEN SQUARE 3555
53301440388,100 MACKENZIE Street GOLDEN SQUARE 3555
53301440454,122 MACKENZIE Street GOLDEN SQUARE 3555
53301440513,127 MACKENZIE Street GOLDEN SQUARE 3555
53301440586,133 MACKENZIE Street GOLDEN SQUARE 3555
53301440652,143A MACKENZIE Street GOLDEN SQUARE 3555
53301440727,154 MACKENZIE Street GOLDEN SQUARE 3555
53301440802,162 MACKENZIE Street GOLDEN SQUARE 3555
53301440875,171 MACKENZIE Street GOLDEN SQUARE 3555
53301440933,177 MACKENZIE Street GOLDEN SQUARE 3555
53301441009,188 MACKENZIE Street GOLDEN SQUARE 3555
53301442226,28 MAFEKING Street KENNINGTON 3550
53301442283,35 MAFEKING Street KENNINGTON 3550
53301442359,40 MAFEKING Street KENNINGTON 3550
53301442424,42 MAFEKING Street KENNINGTON 3550
53301442499,46 MAFEKING Street KENNINGTON 3550
53301327964,54 BULL Street BENDIGO 3550
53301342434,4 EBONY Place KENNINGTON 3550
53301344943,99999 COLLINS Street KANGAROO FLAT 3555
53301552613,3 WHITTAKER Street SPRING GULLY 3550
53301567445,99999 LYTTLETON Terrace BENDIGO 3550
53301453803,145 MCIVOR Road BENDIGO 3550
53301453869,151 MCIVOR Road BENDIGO 3550
53301454000,172 MCIVOR Road BENDIGO 3550
53301454073,188 MCIVOR Road BENDIGO 3550
53301454149,207 MCIVOR Road BENDIGO 3550
53301454215,213 MCIVOR Road BENDIGO 3550
53301454288,237 MCIVOR Road BENDIGO 3550
53301469443,477 NAPIER Street BENDIGO 3550
53301469502,481A NAPIER Street BENDIGO 3550
53301469641,497 NAPIER Street BENDIGO 3550
53301469724,507 NAPIER Street BENDIGO 3550
53301469781,514 NAPIER Street BENDIGO 3550
53301469857,518 NAPIER Street BENDIGO 3550
53301469922,531 NAPIER Street BENDIGO 3550
53301470008,542 NAPIER Street BENDIGO 3550
53301470188,565 NAPIER Street BENDIGO 3550
53301558378,78 WOODWARD Road GOLDEN SQUARE 3555
53301558436,157 WOODWARD Road GOLDEN SQUARE 3555
53301568898,201 MCIVOR Road BENDIGO 3550
53301569178,6 ROWAN Street BENDIGO 3550
53301569581,505 NAPIER Street BENDIGO 3550
53301570419,16 MIDAS Street STRATHFIELDSAYE 3551
53301457778,617 MIDLAND Highway EPSOM 3551
53301460080,2 RAILWAY Place BENDIGO 3550
53301558511,190 WOODWARD Road GOLDEN SQUARE 3555
53301573107,82 NICHOLSON Street FOOTSCRAY 3011
53301573163,78 GEELONG Road FOOTSCRAY 3011
53301573336,259 NELSON Place WILLIAMSTOWN 3016
53301587403,133 GEELONG Road FOOTSCRAY 3011
53301298074,24 ALDER Street KANGAROO FLAT 3555
53301298132,30 ALDER Street KANGAROO FLAT 3555
53301298264,44 ALDER Street KANGAROO FLAT 3555
53301298339,52 ALDER Street KANGAROO FLAT 3555
53301299452,195 ALLINGHAM Street KANGAROO FLAT 3555
53302244011,298 BOUNDARY Road WHITTINGTON 3219
53302244084,26 GODFREY Street THOMSON 3219
53302244281,10 MILES Street NEWTOWN 3220
53302246485,30 FOREST Road LARA 3212
53301690975,100 HANMER Street WILLIAMSTOWN 3016
53301255231,53 CONNOLLY Avenue COBURG NORTH 3058
53301697053,106 RAILWAY Street ALTONA 3018
53301839265,84 RAILWAY Street ALTONA 3018
53301839520,308 MELBOURNE Road WILLIAMSTOWN 3016
53301839704,1 ALTONA Road ALTONA 3018
53301823665,15 DOBSON Crescent BRAYBROOK 3019
53301368050,8 EMMA Place BENDIGO 3550
53301369726,16 EWING Avenue FLORA HILL 3550
53301383586,15 GROWLER Street EAGLEHAWK 3556
53301827491,134 SUFFOLK Street WEST FOOTSCRAY 3012
53301828061,170A VICTORIA Street FOOTSCRAY 3011
53301828953,85 SUMMERHILL Road FOOTSCRAY 3011
53301480757,144 OLYMPIC Parade KANGAROO FLAT 3555
53301480822,154 OLYMPIC Parade KANGAROO FLAT 3555
53301483592,14A PALL Mall BENDIGO 3550
53301483675,66 PALL Mall BENDIGO 3550
53301483733,92 PALL Mall BENDIGO 3550
53301498228,76 RACECOURSE Road EPSOM 3551
53301973741,1 HERMITAGE Court MEADOW HEIGHTS 3048
53301501042,99999 RESERVE Street EAGLEHAWK 3556
53301631558,31 MULGA Street ALTONA 3018
53301631764,84A SUFFOLK Street WEST FOOTSCRAY 3012
53301515059,30 SIBLEY Place STRATHDALE 3550
53301515181,99999 SIMPSONS Road EAGLEHAWK 3556
53301515769,96 SIMPSONS Road EAGLEHAWK 3556
53301633221,174 CECIL Street WILLIAMSTOWN 3016
53301634922,14 STATION Street ALTONA 3018
53301636829,127 GORDON Street FOOTSCRAY 3011
53301637173,20 CIVIC Parade ALTONA 3018
53302108804,13 DUNN Street BROADMEADOWS 3047
53302110025,99999 AIRSIDE Road MELBOURNE AIRPORT 3045
53302110875,10 TEMPY Court BROADMEADOWS 3047
53301639533,137 FERGUSON Street WILLIAMSTOWN 3016
53301244144,1657-1659 HUME Highway CAMPBELLFIELD 3061
53301244301,1657-1659 HUME Highway CAMPBELLFIELD 3061
53302251387,206 KILGOUR Street EAST GEELONG 3219
53301259240,1708 HUME Highway CAMPBELLFIELD 3061
53301260051,1730 HUME Highway CAMPBELLFIELD 3061
53301829687,346 KOROROIT CREEK Road WILLIAMSTOWN NORTH 3016
53301358372,26 DOWDING Street CALIFORNIA GULLY 3556
53301374932,1 FROG HOLLOW Road STRATHDALE 3550
53301375016,9 FROG HOLLOW Road STRATHDALE 3550
53301375286,82 FURNESS Street KANGAROO FLAT 3555
53301387803,226A HARGREAVES Street BENDIGO 3550
53301389139,611 HARGREAVES Street GOLDEN SQUARE 3555
53301389857,46301 HARLEY Street STRATHDALE 3550
53301394170,8 HAVLIN Street BENDIGO 3550
53301394237,16 HAVLIN Street BENDIGO 3550
53301394360,32 HAVLIN Street BENDIGO 3550
53301978245,47 BECKET Street GLENROY 3046
53301490079,2 PETHERICK Street KANGAROO FLAT 3555
53301394568,62 HAVLIN Street QUARRY HILL 3550
53301394724,82 HAVLIN Street QUARRY HILL 3550
53301394857,96 HAVLIN Street QUARRY HILL 3550
53301394916,102 HAVLIN Street QUARRY HILL 3550
53301520834,4 STANLEY Avenue SPRING GULLY 3550
53301982726,89 BOX FOREST Road GLENROY 3046
53301983690,30 INVERLOCH Crescent DALLAS 3047
53301524173,33 STANLEY Crescent KANGAROO FLAT 3555
53302114792,41 THE Loop HADFIELD 3046
53301626325,1 LILY Street BRAYBROOK 3019
53301626390,1 LILY Street BRAYBROOK 3019
53301660341,111 ASHLEY Street MAIDSTONE 3012
53302117077,69 WOODBURN Crescent MEADOW HEIGHTS 3048
53301650482,66 SUFFOLK Street WEST FOOTSCRAY 3012
53301666529,33 LATROBE Street FOOTSCRAY 3011
53302121582,83 THE Loop HADFIELD 3046
53302121765,13 CARDINAL Road GLENROY 3046
53302121915,67 THE Loop HADFIELD 3046
53301251407,1711 HUME Highway CAMPBELLFIELD 3061
53301668276,48 MCBAIN Street ALTONA 3018
53302034149,65 THE Loop HADFIELD 3046
53301912484,60 WATT Street SPOTSWOOD 3015
53302019159,195 SOMERTON Road ROXBURGH PARK 3064
53302038166,21 THE Loop HADFIELD 3046
53302052554,65 JACANA Avenue BROADMEADOWS 3047
53302053504,4 THE Loop HADFIELD 3046
53302151960,11 AVALON Avenue BROADMEADOWS 3047
53302040197,13 HILLCREST Road GLENROY 3046
53302055839,99 HILTON Street GLENROY 3046
53302155762,89 THE Loop HADFIELD 3046
53302173797,15 HILLCREST Road GLENROY 3046
53301712330,213 NICHOLSON Street FOOTSCRAY 3011
53301726785,128 KOROROIT CREEK Road WILLIAMSTOWN 3016
53301745190,83 BAYVIEW Road YARRAVILLE 3013
53301841073,9 ASHLEY Street WEST FOOTSCRAY 3012
53301860669,353 BALLARAT Road BRAYBROOK 3019
53301861393,27 MEPHAN Street FOOTSCRAY 3011
53301861542,33 LATROBE Street FOOTSCRAY 3011
53301746932,300 BARKLY Street FOOTSCRAY 3011
53301847481,43 CECIL Street WILLIAMSTOWN 3016
53301847796,99999 FOGARTY Avenue YARRAVILLE 3013
53301866251,48 ALEXANDER Street SEDDON 3011
53301895283,44 SUFFOLK Street WEST FOOTSCRAY 3012
53301882308,19 LARK Street ALTONA 3018
53302009951,3 ST AGNES Court GLENROY 3046
53302011388,36 PLUMPTON Avenue GLENROY 3046
53301885459,40 KOROROIT CREEK Road WILLIAMSTOWN 3016
53301903402,68 KOROROIT CREEK Road WILLIAMSTOWN 3016
53302124386,15 CARDINAL Road GLENROY 3046
53302128296,25 JOHNSTONE Street BROADMEADOWS 3047
53302143650,170 WATERLOO Road GLENROY 3046
53302043230,129 JOHNSTONE Street BROADMEADOWS 3047
53302045384,18 TERANG Street BROADMEADOWS 3047
53302131251,202 ERINBANK Crescent ATTWOOD 3049
53302132133,1315 PASCOE VALE Road BROADMEADOWS 3047
53302031781,81 JOHNSTONE Street BROADMEADOWS 3047
53302049831,121 JOHNSTONE Street BROADMEADOWS 3047
53301699363,333 BARKLY Street FOOTSCRAY 3011
53302163632,1 COOMA Street BROADMEADOWS 3047
53302178580,83 HILTON Street GLENROY 3046
53302179035,144 WATERLOO Road GLENROY 3046
53301703297,19 QUEEN Street ALTONA 3018
53301703933,89 MAIDSTONE Street ALTONA 3018
53301705369,70 SYDNEY Street FOOTSCRAY 3011
53302168194,21 TERANG Street BROADMEADOWS 3047
53301735588,9 PARK Crescent WILLIAMSTOWN NORTH 3016
53302183549,7 THE Loop HADFIELD 3046
53302186485,136 RIGGALL Street DALLAS 3047
53301739201,36 MEPHAN Street FOOTSCRAY 3011
53301740085,103 AITKEN Street WILLIAMSTOWN 3016
53301740787,33 LATROBE Street FOOTSCRAY 3011
53301756404,66 WATT Street SPOTSWOOD 3015
53301756477,18 AUSTIN Crescent YARRAVILLE 3013
53301853448,9 PARK Crescent WILLIAMSTOWN NORTH 3016
53301855972,101 ASHLEY Street MAIDSTONE 3012
53301856673,99999 BELLAIRS Avenue FOOTSCRAY 3011
53301742930,53 VERDON Street WILLIAMSTOWN 3016
53301759785,319 BALLARAT Road BRAYBROOK 3019
53301875021,2 MCDONALD Road BROOKLYN 3012
53301876177,9 MITFORD Parade WEST FOOTSCRAY 3012
53301890955,33 LATROBE Street FOOTSCRAY 3011
53301906644,11 BALLARAT Road FOOTSCRAY 3011
53301907377,99999 MILLERS Road SEAHOLME 3018
53301907724,69 SOMERVILLE Road YARRAVILLE 3013
53302001330,408 CAMP Road BROADMEADOWS 3047
53302004829,39 BUSHFIELD Crescent COOLAROO 3048
53301968782,90 BOX FOREST Road GLENROY 3046
53302781375,93 BURNS Street MARYBOROUGH 3465
53302782538,2 SHADFORTH Street CASTLEMAINE 3450
53302782803,21 ASCOT Street BALLARAT CENTRAL 3350
53302784016,99999 MINERAL SPRINGS Crescent HEPBURN SPRINGS 3461
53302664183,30 OVEREND Court BELL PARK 3215
53302664258,27 OVEREND Court BELL PARK 3215
53302256773,3 SAPPHIRE Loop GROVEDALE 3216
53302786805,53 CHARTER Road SUNBURY 3429
53302786878,1 HARDING Grove CARDIGAN 3352
53302261072,16 CANTERBURY Road LARA 3212
53302261404,72 ST GEORGES Road NORLANE 3214
53302093235,2 THE Loop HADFIELD 3046
53302093581,80 GLEN Street GLENROY 3046
53302096165,115 JOHNSTONE Street BROADMEADOWS 3047
53302376878,75 MITCHELL Drive LARA 3212
53302207959,21 MILLEWA Crescent DALLAS 3047
53302210798,26 GODFREY Street THOMSON 3219
53302224234,52 MCKILLOP Street GEELONG 3220
53302227245,6 TURQUOISE Place GROVEDALE 3216
53301767656,213 MELBOURNE Road NEWPORT 3015
53302228863,97 COPPARDS Road MOOLAP 3224
53302513969,223 MOUNT PLEASANT Road HIGHTON 3216
53302514118,191 MOUNT PLEASANT Road HIGHTON 3216
53302515197,324 ABERDEEN Street GEELONG WEST 3218
53301785526,48 MADDOX Road NEWPORT 3015
53301789098,42 CIVIC Parade ALTONA 3018
53302517219,5 YALA Court NORTH GEELONG 3215
53301914290,10 LITTLE FERGUSON Street WILLIAMSTOWN 3016
53301791154,88 RAILWAY Street ALTONA 3018
53301791765,28 LINNET Street ALTONA 3018
53301933110,10 CARLTON Street BRAYBROOK 3019
53301810490,62 KOROROIT CREEK Road WILLIAMSTOWN 3016
53302648524,4 BRADSHAW Court ST ALBANS PARK 3219
53302650985,4 SEPIA Court GROVEDALE 3216
53301918359,64 PARKER Street WILLIAMSTOWN 3016
53301921215,15 QUEEN Street ALTONA 3018
53301935972,12 BERRY Street YARRAVILLE 3013
53301937423,16 LITTLE FERGUSON Street WILLIAMSTOWN 3016
53301937829,28 AUSTIN Crescent YARRAVILLE 3013
53301953396,97 HILTON Street GLENROY 3046
53302652550,205 LITTLE MALOP Street GEELONG 3220
53302653500,127 ST ALBANS Road EAST GEELONG 3219
53302656123,6 HANIGAN Street MARSHALL 3216
53302789402,5 MAY Court WENDOUREE 3355
53302064856,150A WATERLOO Road GLENROY 3046
53302065838,9 LIZA Court OAK PARK 3046
53302067775,65-67 JACANA Avenue BROADMEADOWS 3047
53302083039,12 MITCHELL Street GLENROY 3046
53302084913,6 TERANG Street BROADMEADOWS 3047
53302097772,42 THE Loop HADFIELD 3046
53302099092,69 DALLAS Drive DALLAS 3047
53302100439,119 JOHNSTONE Street BROADMEADOWS 3047
53302100645,10 KYABRAM Street COOLAROO 3048
53302791806,16 CHARLES ANDERSON Grove LAKE GARDENS 3355
53302792271,18 CHARLES ANDERSON Grove LAKE GARDENS 3355
53302793295,1 MARTIN Street CASTLEMAINE 3450
53302068700,53 CARDINAL Road GLENROY 3046
53302197440,105 HILTON Street GLENROY 3046
53302102623,164 WATERLOO Road GLENROY 3046
53302103670,1 HILGAY Street COOLAROO 3048
53302795846,213 LYONS Street BALLARAT CENTRAL 3350
53302796547,12 RAGLAN Street BALLARAT CENTRAL 3350
53302383116,70 BALLARAT Road NORTH GEELONG 3215
53302200377,87 THE Loop HADFIELD 3046
53302200799,2 TEMPY Court BROADMEADOWS 3047
53302201954,99999 SOUTH CENTRE Road MELBOURNE AIRPORT 3045
53302232484,97 COPPARDS Road MOOLAP 3224
53302386927,28 TRUSCOTT Street WHITTINGTON 3219
53302388989,215 YARRA Street GEELONG 3220
53302205235,47 SUNSET Boulevard JACANA 3047
53301774041,87 RAILWAY Place WILLIAMSTOWN 3016
53302221596,1 PINETREE Court BELMONT 3216
53302221753,4 TURQUOISE Place GROVEDALE 3216
53302236255,30 NOBLE Street NEWTOWN 3220
53302520998,1 VICTORY Way HIGHTON 3216
53302522224,128 HIGH Street BELMONT 3216
53301778506,84 WATT Street SPOTSWOOD 3015
53301780239,237 HYDE Street YARRAVILLE 3013
53301795541,11 RAILWAY Street ALTONA 3018
53301796565,2 COXS Garden WILLIAMSTOWN 3016
53301796806,1 SYME Street WILLIAMSTOWN 3016
53301813403,135 SOMERVILLE Road YARRAVILLE 3013
53301813781,46 KOROROIT CREEK Road WILLIAMSTOWN 3016
53301814532,15 BELLAIRS Avenue FOOTSCRAY 3011
53301814623,95 MAIDSTONE Street ALTONA 3018
53302523901,187 MOUNT PLEASANT Road HIGHTON 3216
53301781205,6 UREN Court NEWPORT 3015
53301798198,27 AUSTIN Crescent YARRAVILLE 3013
53301941948,46 KINGSVILLE Street KINGSVILLE 3012
53301942176,9 HOTHAM Street WILLIAMSTOWN 3016
53301817733,58 WATT Street SPOTSWOOD 3015
53301818162,31 RAVENHALL Street BRAYBROOK 3019
53302527562,182 ST ALBANS Road EAST GEELONG 3219
53301926997,2 LITTLE FERGUSON Street WILLIAMSTOWN 3016
53301927580,5 LITTLE FERGUSON Street WILLIAMSTOWN 3016
53301942985,22 AUSTIN Crescent YARRAVILLE 3013
53301943050,135 NELSON Place WILLIAMSTOWN 3016
53301943975,275 MELBOURNE Road WILLIAMSTOWN 3016
53301945056,27 LINNET Street ALTONA 3018
53301945163,11 BALLARAT Road FOOTSCRAY 3011
53301946730,260 NELSON Place WILLIAMSTOWN 3016
53301961194,79 THE Loop HADFIELD 3046
53302661019,360 ABERDEEN Street GEELONG WEST 3218
53302662063,1 TUMBLETREE Court HIGHTON 3216
53302662138,42 MOYLAN Loop MARSHALL 3216
53302662195,115 FOREST Road LARA 3212
53302662335,14 MOYLAN Loop MARSHALL 3216
53302662410,8 MOYLAN Loop MARSHALL 3216
53302662871,257 MOUNT PLEASANT Road HIGHTON 3216
53301947951,19 HANMER Street WILLIAMSTOWN 3016
53302440262,159 THOMPSON Road NORTH GEELONG 3215
53302440759,20 OVEREND Court BELL PARK 3215
53302674760,3 BOUNDARY Road NEWCOMB 3219
53302591099,7 CYAN Court GROVEDALE 3216
53302676583,68 MOUNT PLEASANT Road BELMONT 3216
53302678515,79 FOREST Road LARA 3212
53302562080,71 FOREST Road LARA 3212
53302578689,260 MOUNT PLEASANT Road HIGHTON 3216
53302707066,10 MOUNT PLEASANT Road BELMONT 3216
53302594348,5 CYAN Court GROVEDALE 3216
53302679347,64 ST GEORGES Road NORLANE 3214
53302679711,99999 MCCLELLAND Street BELL PARK 3215
53302273752,50 MOUNT PLEASANT Road BELMONT 3216
53302691484,18 SCENIC Road HIGHTON 3216
53302691619,11 MAGENTA Street GROVEDALE 3216
53302693942,168 KILGOUR Street EAST GEELONG 3219
53302694221,48 BATMAN Crescent LARA 3212
53302695071,20 TANGERINE Street GROVEDALE 3216
53302709425,9 MULALLY Court MARSHALL 3216
53302723401,4 SHERLOCK Close MARSHALL 3216
53302725231,7 SPRING Street BELMONT 3216
53302725950,10 SHERLOCK Close MARSHALL 3216
53302726024,11 SHERLOCK Close MARSHALL 3216
53302696863,163 BELLARINE Highway NEWCOMB 3219
53302696962,147 TORQUAY Road GROVEDALE 3216
53302711358,255 MOUNT PLEASANT Road HIGHTON 3216
53302712247,7 BLUEGUM Place GROVEDALE 3216
53302714243,78 MITCHELL Drive LARA 3212
53302714383,39 MOUNT PLEASANT Road BELMONT 3216
53302281525,99999 REYNOLDS Road BELMONT 3216
53302281600,99999 MARSHALLTOWN Road MARSHALL 3216
53302281808,11 ANAKIE Road BELL POST HILL 3215
53302295113,3 CANTERBURY Road LARA 3212
53302295334,10 TANGERINE Street GROVEDALE 3216
53302394391,79 MOUNT PLEASANT Road BELMONT 3216
53302297414,82 BALLARAT Road NORTH GEELONG 3215
53302425626,7 CRIMSON Mall GROVEDALE 3216
53302426709,62 MOUNT PLEASANT Road BELMONT 3216
53302312017,304 BOUNDARY Road WHITTINGTON 3219
53302314598,93 MOUNT PLEASANT Road BELMONT 3216
53302314664,8 SEPIA Court GROVEDALE 3216
53302529022,10A MUNDY Street GEELONG 3220
53302415875,115 MOUNT PLEASANT Road BELMONT 3216
53302547918,38 CHALLAMBRA Crescent HIGHTON 3216
53302427861,3 MOUNT PLEASANT Road BELMONT 3216
53302430783,19 MOUNT PLEASANT Road BELMONT 3216
53302443321,2 LINDEL Street NEWCOMB 3219
53302443479,56 BALLARAT Road NORTH GEELONG 3215
53302446185,165 MCKILLOP Street EAST GEELONG 3219
53302446242,240 ST ALBANS Road EAST GEELONG 3219
53302534682,170 MCKILLOP Street EAST GEELONG 3219
53302550815,76 FOREST Road LARA 3212
53302551184,215 MOUNT PLEASANT Road HIGHTON 3216
53302432480,71 MCKILLOP Street GEELONG 3220
53302433125,68 ST ALBANS Road EAST GEELONG 3219
53302433686,8 GRAHAM Street NORTH GEELONG 3215
53302665230,15 COOPER Drive ST ALBANS PARK 3219
53302665446,1 BRIDGEVIEW Street BELMONT 3216
53302553328,3 CHARLES Street BELMONT 3216
53302564333,19 DALYSTON Street GROVEDALE 3216
53302565547,272 MOUNT PLEASANT Road HIGHTON 3216
53302567237,98 BALLARAT Road NORTH GEELONG 3215
53302667573,89 ST ALBANS Road EAST GEELONG 3219
53302667863,8 CLEVERDON Court ST ALBANS PARK 3219
53302668004,5 CLEVERDON Court ST ALBANS PARK 3219
53302668564,356A ABERDEEN Street GEELONG WEST 3218
53302669407,51 BATMAN Crescent LARA 3212
53302683935,2 MINT Court GROVEDALE 3216
53302698406,10 TURQUOISE Place GROVEDALE 3216
53302689387,9 TURQUOISE Place GROVEDALE 3216
53302281907,99999 SEPARATION Street NORTH GEELONG 3215
53302282539,90 BALLARAT Road NORTH GEELONG 3215
53302701481,363 BACCHUS MARSH Road LARA 3212
53302702339,5 MANLEY Court MARSHALL 3216
53302702594,26 MOYLAN Loop MARSHALL 3216
53302702660,7 MANLEY Court MARSHALL 3216
53302702735,1 MULALLY Court MARSHALL 3216
53302702802,4 COOLOCK Court MARSHALL 3216
53302717917,178 SEPARATION Street NORTH GEELONG 3215
53302718327,10 MUNDY Street GEELONG 3220
53302718468,46 JAMES Street BELMONT 3216
53302718618,161 THOMPSON Road NORTH GEELONG 3215
53302268190,37 CLARKE Street NEWTOWN 3220
53302268330,7 ASHBOURNE Street HERNE HILL 3218
53302286005,32 BAY Street RIPPLESIDE 3215
53302298965,177 BELLERINE Street GEELONG 3220
53302720597,1 WILLOW Drive LARA 3212
53302721942,48-50 CANTERBURY Road LARA 3212
53302273182,5 ALAMO Close HIGHTON 3216
53302400274,127 MOUNT PLEASANT Road BELMONT 3216
53302400571,49 SWANSTON Street GEELONG 3220
53302401223,9 SYCAMORE Street HAMLYN HEIGHTS 3215
53302401934,38 FOREST Road LARA 3212
53302299915,21 TURQUOISE Place GROVEDALE 3216
53302301449,2 BALLIANG Street SOUTH GEELONG 3220
53302302882,5 MOUNT PLEASANT Road BELMONT 3216
53302317601,7 YALA Court NORTH GEELONG 3215
53302318105,52 MCKILLOP Street GEELONG 3220
53302406255,84 GHERINGHAP Street GEELONG 3220
53302419010,84 MOUNT PLEASANT Road BELMONT 3216
53302420339,59 MOUNT PLEASANT Road BELMONT 3216
53302420406,59 MOUNT PLEASANT Road BELMONT 3216
53302305274,6 PINETREE Court BELMONT 3216
53302306678,24 MAGENTA Street GROVEDALE 3216
53302306744,18 MAGENTA Street GROVEDALE 3216
53302319985,17 THOMSON Street BELMONT 3216
53302322212,185 SWANSTON Street GEELONG 3220
53302406973,94A ST ALBANS Road EAST GEELONG 3219
53302537802,1 SHAMROCK Place GROVEDALE 3216
53302424248,224 KILGOUR Street EAST GEELONG 3219
53302424604,7 WATERLOO Street GEELONG WEST 3218
53302435682,3 GATEHOUSE Place ST ALBANS PARK 3219
53302436631,232 ST ALBANS Road EAST GEELONG 3219
53302438264,226 ST ALBANS Road EAST GEELONG 3219
53302438479,38A FENWICK Street GEELONG 3220
53302641794,13 THE Walk THOMSON 3219
53303051382,639 MAIN Road GOLDEN POINT 3350
53303051523,99999 CAMP Street BALLARAT CENTRAL 3350
53303051945,6 HILL VIEW Road DAYLESFORD 3460
53303052140,30 MALDON Road CASTLEMAINE 3450
53303052628,34 FOURTEENTH Street HEPBURN 3461
53303053098,14 DOVETON Street BALLARAT CENTRAL 3350
53302612794,53 OLYMPIC Avenue NORLANE 3214
53302628542,159 ST ALBANS Road EAST GEELONG 3219
53302647700,138 BOUNDARY Road EAST GEELONG 3219
53303054897,1 KENMARE Crescent INVERMAY PARK 3350
53302630292,5 HIGHVIEW Court WANDANA HEIGHTS 3216
53302630764,111 ST ALBANS Road EAST GEELONG 3219
53302630847,111 ST ALBANS Road EAST GEELONG 3219
53302729497,18 CANTERBURY Road LARA 3212
53302729563,18 FOREST Road LARA 3212
53302730464,80 MARSHALLTOWN Road GROVEDALE 3216
53302742609,165 THOMPSON Road NORTH GEELONG 3215
53302743706,14 OVEREND Court BELL PARK 3215
53302746048,12 WALSGOTT Street NORTH GEELONG 3215
53302758777,99999 SOMMERS Street BELMONT 3216
53302759117,214 BAY CITY Plaza GEELONG 3220
53302759180,140 LITTLE MALOP Street GEELONG 3220
53302762085,2 TURQUOISE Place GROVEDALE 3216
53302746492,163 THOMPSON Road NORTH GEELONG 3215
53302340933,99999 PARK Crescent SOUTH GEELONG 3220
53302342664,12 FOREST Road LARA 3212
53302763265,206 MOUNT PLEASANT Road HIGHTON 3216
53302357877,81 FOREST Road LARA 3212
53303286647,5 COLOMBARD Court WENDOUREE 3355
53303287019,99999 CURTIS Street BALLARAT CENTRAL 3350
53303288965,108 GREENHALGHS Road DELACOMBE 3356
53303289277,122 LYDIARD Street BALLARAT 3350
53303290228,612 MAIR Street BALLARAT 3350
53303290351,99999 STEWARTS Lane SUNBURY 3429
53302327672,8 AUBURN Way GROVEDALE 3216
53302327888,5 CLIVE Court CORIO 3214
53302330538,126 WELLER Street GEELONG WEST 3218
53303292553,99999 NIMMO Street ESSENDON 3040
53302912459,214 KLINE Street BALLARAT EAST 3350
53302912665,56 MELBA Avenue SUNBURY 3429
53302462347,87 MOUNT PLEASANT Road BELMONT 3216
53302462743,344 ABERDEEN Street GEELONG WEST 3218
53302479104,25 MIDNIGHT Loop GROVEDALE 3216
53302914298,4 LAURISTON Walk SUNBURY 3429
53302916872,412 DRUMMOND Street BALLARAT 3350
53302916956,311 DRUMMOND Street BALLARAT 3350
53302481398,16-18 BRUNEL Close LARA 3212
53302484473,5 HARLEQUIN Court GROVEDALE 3216
53302498622,87 FRANCIS Street BELMONT 3216
53302499299,87 FRANCIS Street BELMONT 3216
53302918183,411 LYDIARD Street BALLARAT 3350
53302486001,2 APRICOT Court GROVEDALE 3216
53302614691,22 OVEREND Court BELL PARK 3215
53302616094,186 KILGOUR Street GEELONG 3220
53302631928,53-55 MOUNT PLEASANT Road BELMONT 3216
53303044393,28 RAGLAN Street BALLARAT CENTRAL 3350
53303044451,18 TOWONG Street ALFREDTON 3350
53303046861,36A DOVETON Street BALLARAT CENTRAL 3350
53302604669,20 LEHMANN Avenue GROVEDALE 3216
53302617562,169 ST ALBANS Road EAST GEELONG 3219
53302620658,152 BELLARINE Highway NEWCOMB 3219
53302634186,14 GRAHAM Street NORTH GEELONG 3215
53302636514,17 MARSHALLTOWN Road GROVEDALE 3216
53303164853,208B DANA Street BALLARAT CENTRAL 3350
53302605758,87 FRANCIS Street BELMONT 3216
53302731727,150 MALOP Street GEELONG 3220
53302731802,191-209 BELLARINE Highway NEWCOMB 3219
53302732114,163 BELLARINE Highway NEWCOMB 3219
53302732351,239 THOMPSON Road NORTH GEELONG 3215
53302621820,56 IONA Avenue BELMONT 3216
53302750256,11 TANGERINE Street GROVEDALE 3216
53302638963,210 ST ALBANS Road EAST GEELONG 3219
53303166958,99999 BRADSHAW Street GOLDEN POINT 3350
53302737038,45 BUCKINGHAM Street LARA 3212
53302751080,228 MOUNT PLEASANT Road HIGHTON 3216
53302751767,141 ST ALBANS Road EAST GEELONG 3219
53302753035,16 TUCKER Place LARA 3212
53302753323,75 PIGDONS Road HIGHTON 3216
53302753416,193 MALOP Street GEELONG 3220
53302768685,7 KOOYONG Road GEELONG 3220
53302769626,138A ORMOND Road THOMSON 3219
53302769840,99999 BARWON HEADS Road BELMONT 3216
53302770031,210 BAY CITY Plaza GEELONG 3220
53302770108,99999 COX Road NORLANE 3214
53302770675,99999 LITTLE MALOP Street GEELONG 3220
53303169331,801 MACARTHUR Street BALLARAT CENTRAL 3350
53302754933,73 SEPARATION Street NORTH GEELONG 3215
53302755759,21 BIRDWOOD Avenue NORLANE 3214
53302349131,129 MOUNT PLEASANT Road BELMONT 3216
53302336732,40 BALLARAT Road NORTH GEELONG 3215
53302338662,155 KILGOUR Street EAST GEELONG 3219
53302352779,100 MOUNT PLEASANT Road BELMONT 3216
53302353777,61 MITCHELL Drive LARA 3212
53302355336,45 SAPPHIRE Loop GROVEDALE 3216
53302368494,221 MOUNT PLEASANT Road HIGHTON 3216
53302371748,23 PARK Street GEELONG 3220
53302372182,8A MUNDY Street GEELONG 3220
53302470764,1 MINT Court GROVEDALE 3216
53302487469,48 ELIZABETH Street GEELONG WEST 3218
53302372488,334 ABERDEEN Street GEELONG WEST 3218
53302372843,204 ST ALBANS Road EAST GEELONG 3219
53302372983,81 MOUNT PLEASANT Road BELMONT 3216
53302373900,192 ST ALBANS Road EAST GEELONG 3219
53302504042,50 TOWNSEND Road WHITTINGTON 3219
53302504678,175 ST ALBANS Road EAST GEELONG 3219
53302922480,8 ARMSTRONG Street BALLARAT CENTRAL 3350
53302490639,3 CERISE Court GROVEDALE 3216
53302492718,247 ANAKIE Road BELL POST HILL 3215
53302505669,328A ABERDEEN Street GEELONG WEST 3218
53302507565,82 MOUNT PLEASANT Road BELMONT 3216
53302924940,511 LYDIARD Street BALLARAT 3350
53302925229,21 RIPON Street BALLARAT CENTRAL 3350
53302925740,216 LYONS Street BALLARAT CENTRAL 3350
53302925930,335 LYDIARD Street BALLARAT 3350
53302477899,2 INGRID Court HERNE HILL 3218
53302607372,74 MOUNT PLEASANT Road BELMONT 3216
53302608339,32 ROLLINS Road BELL POST HILL 3215
53302493870,3 WALLACE Street NEWTOWN 3220
53302623108,116 MOUNT PLEASANT Road BELMONT 3216
53302624723,78 TOWNSEND Road WHITTINGTON 3219
53302625301,165 ST ALBANS Road EAST GEELONG 3219
53302509883,169A MOUNT PLEASANT Road HIGHTON 3216
53303217171,3034 BALLAN Road DAYLESFORD 3460
53303232590,219A DRUMMOND Street BALLARAT 3350
53302825000,2 BEDDGOOD Court SEBASTOPOL 3356
53302827268,1 MOORE Place MARYBOROUGH 3465
53302839032,9 ELSWORTH Street BALLARAT 3350
53302839768,99999 BROOK Street SUNBURY 3429
53302839981,807 LYDIARD Street BALLARAT 3350
53303236404,44 ARMSTRONG Street BALLARAT CENTRAL 3350
53302854345,2 LANGSLOW Street CASTLEMAINE 3450
53302941474,7A ELSWORTH Street BALLARAT 3350
53302828654,520 LYDIARD Street BALLARAT 3350
53302953818,519 DRUMMOND Street BALLARAT 3350
53302844552,509 DRUMMOND Street BALLARAT 3350
53302858643,426 JOSEPH Street CANADIAN 3350
53302860139,5 VICTOR Court MARYBOROUGH 3465
53302860948,23 HARDING Grove CARDIGAN 3352
53303069250,11 ELSWORTH Street BALLARAT 3350
53302969268,10 LYTTLETON Street CASTLEMAINE 3450
53302970086,31 STANHOPE Street DAYLESFORD 3460
53302985364,125 FARNSWORTH Street CASTLEMAINE 3450
53303069466,25 FOREST Street CASTLEMAINE 3450
53303070481,1 HUBBLE Street MARYBOROUGH 3465
53303072957,9 EDWARD Street CASTLEMAINE 3450
53302958542,33 SIMPSON Street KYNETON 3444
53302958823,73 MAIN Road CAMPBELLS CREEK 3451
53303082451,25 FOREST Street CASTLEMAINE 3450
53303083532,6A ERRARD Street BALLARAT CENTRAL 3350
53302975035,99 MACEDON Street SUNBURY 3429
53302975654,3029 BALLAN Road DAYLESFORD 3460
53302975794,108 DRUMMOND Street BALLARAT 3350
53302975877,314 DRUMMOND Street BALLARAT 3350
53303187820,65 GILLIES Street ALFREDTON 3350
53303189462,18 COLLES Road MOONLIGHT FLAT 3450
53303189604,27 ANDERSON Street BALLARAT CENTRAL 3350
53303084300,8 BEDDGOOD Court SEBASTOPOL 3356
53303086867,508 DRUMMOND Street BALLARAT 3350
53303087055,209 LYONS Street BALLARAT CENTRAL 3350
53303087567,54 MOSCRIPT Street CAMPBELLS CREEK 3451
53303098845,26 FAIRBAIRN Street CHEWTON 3451
53303099348,69 PEEL Street BALLARAT 3350
53303177046,35 SIMPSON Street KYNETON 3444
53303177276,22 YALDWYN Street KYNETON 3444
53303178457,820 RIPON Street REDAN 3350
53302797081,520 DRUMMOND Street BALLARAT 3350
53303190933,1710 STURT Street ALFREDTON 3350
53303191626,7 EAST Street BAKERY HILL 3350
53303192814,39 LOCH Avenue BALLARAT CENTRAL 3350
53303194487,25 YARCK Court SUNBURY 3429
53303089416,99999 ORMOND Road WALLACE 3352
53303204483,304 FOREST Street WENDOUREE 3355
53303204955,19 LYONS Street BALLARAT CENTRAL 3350
53303103126,2 CHARLES ANDERSON Grove LAKE GARDENS 3355
53302797651,25 YALDWYN Street KYNETON 3444
53302799161,803 LYDIARD Street BALLARAT 3350
53302800424,26 DRUMMOND Street BALLARAT 3350
53302800630,54 LYDIARD Street BALLARAT 3350
53303195262,1208 MAIR Street BALLARAT 3350
53302813946,618 LYDIARD Street BALLARAT 3350
53302815308,13 ST GEORGE Court SEBASTOPOL 3356
53303205557,15 PRINCES Street BALLARAT EAST 3350
53303207453,1210 MAIR Street BALLARAT 3350
53303208872,408 LYDIARD Street BALLARAT 3350
53302803666,203 DRUMMOND Street BALLARAT 3350
53302803996,15 COLOMBARD Court WENDOUREE 3355
53302817402,526 LYDIARD Street BALLARAT 3350
53302817699,18 ERRARD Street BALLARAT CENTRAL 3350
53302818913,112 ARMSTRONG Street BALLARAT CENTRAL 3350
53302829990,1 CHARTER Road SUNBURY 3429
53303224556,76 MAIN Road CHEWTON 3451
53303225397,1104 DANA Street BALLARAT CENTRAL 3350
53302928041,2 ST GEORGE Court SEBASTOPOL 3356
53302929023,621 LYDIARD Street BALLARAT 3350
53302930057,219 LYONS Street BALLARAT CENTRAL 3350
53302930551,14 WATTLE Avenue WENDOUREE 3355
53302930626,15 WATTLE Avenue WENDOUREE 3355
53302930972,611 LYDIARD Street BALLARAT 3350
53302931047,108 LYONS Street BALLARAT CENTRAL 3350
53302931384,52 LONGLEY Street ALFREDTON 3350
53302945087,522 LYDIARD Street BALLARAT 3350
53302946746,203 SMYTHES Road DELACOMBE 3356
53302832697,1724 STURT Street ALFREDTON 3350
53302848074,2 COLISEUM Walk BALLARAT CENTRAL 3350
53302848636,412 DRUMMOND Street BALLARAT 3350
53302849683,13 LYONS Street BALLARAT CENTRAL 3350
53302849881,7 TALBOT Street BALLARAT CENTRAL 3350
53302947826,79 PEEL Street BALLARAT 3350
53302947891,71 PEEL Street BALLARAT 3350
53302948378,118 LYTTLETON Street CASTLEMAINE 3450
53302949590,12 CHARLES ANDERSON Grove LAKE GARDENS 3355
53302835246,311 SKIPTON Street BALLARAT CENTRAL 3350
53302837192,99999 WILLIAMSON Street DELACOMBE 3356
53302837409,3 HARDING Grove CARDIGAN 3352
53302961184,6 QUEEN Street BALLARAT EAST 3350
53302852273,1001 TALBOT Street REDAN 3350
53302853901,19 DOVETON Street BALLARAT CENTRAL 3350
53303060821,15 GILLIES Street ALFREDTON 3350
53303075365,130 MAIN Road CAMPBELLS CREEK 3451
53302962966,12A TALBOT Street BALLARAT CENTRAL 3350
53302965111,16 MITCHELL Drive CARDIGAN 3352
53302965192,12 MITCHELL Drive CARDIGAN 3352
53302965399,25 VINCENT Street DAYLESFORD 3460
53302854057,1208 GEELONG Road MOUNT CLEAR 3350
53302979762,31 BUTTS HILL Road CANADIAN 3350
53303065952,101 HUMFFRAY Street BALLARAT 3350
53303077022,5 HIBBERT Street MARYBOROUGH 3465
53303080639,25 FOREST Street CASTLEMAINE 3450
53302980861,15 RECKLEBEN Street CASTLEMAINE 3450
53302982510,304 FOREST Street WENDOUREE 3355
53303179752,105 DRUMMOND Street BALLARAT 3350
53303179975,4 QUEEN Street BALLARAT EAST 3350
53303180950,13 RIPON Street BALLARAT CENTRAL 3350
53303184421,56 ALMA Street MARYBOROUGH 3465
53303187136,502 DOVETON Street SOLDIERS HILL 3350
53303106187,609 WILSON Street BALLARAT EAST 3350
53303110494,9 SHARPES Road MINERS REST 3352
53303111121,48 ELIZABETH Street CAMPBELLS CREEK 3451
53303112556,5 BEDDGOOD Court SEBASTOPOL 3356
53303112762,8 BROWN Street CASTLEMAINE 3450
53302805258,18 RAGLAN Street BALLARAT CENTRAL 3350
53302806264,45 GRANA Drive DELACOMBE 3356
53302807352,312 DRUMMOND Street BALLARAT 3350
53303202271,455 BUNGAREE-WALLACE Road WALLACE 3352
53303203164,115 SMYTHES Road DELACOMBE 3356
53303203719,901 DOVETON Street BALLARAT NORTH 3350
53303203782,54 KURUC Road CARDIGAN 3352
53303203931,99999 RUBICON Street REDAN 3350
53303204015,301B DRUMMOND Street BALLARAT 3350
53303215373,24 DOVETON Street BALLARAT CENTRAL 3350
53303215449,134 ELSWORTH Street BALLARAT 3350
53303230126,36 KEITH Avenue SUNBURY 3429
53302809300,205 DRUMMOND Street BALLARAT 3350
53302810036,618 DRUMMOND Street BALLARAT 3350
53302812476,121 STAWELL Street BALLARAT EAST 3350
53302904317,12 ERRARD Street BALLARAT CENTRAL 3350
53302904380,8 ERRARD Street BALLARAT CENTRAL 3350
53302906238,18 RECKLEBEN Street CASTLEMAINE 3450
53303442397,18 MERCHISTON Grove STRATHMORE 3041
53302909869,523 DRUMMOND Street BALLARAT 3350
53302876430,7 REDFEARN Street CASTLEMAINE 3450
53302878071,521 LYDIARD Street BALLARAT 3350
53303002146,4 DAWSON Street BALLARAT CENTRAL 3350
53303002757,4 HALFORD Street CASTLEMAINE 3450
53303002889,6 TURNER Street CASTLEMAINE 3450
53302894234,421 DRUMMOND Street BALLARAT 3350
53303036473,821 EUREKA Street BALLARAT EAST 3350
53303036549,821 EUREKA Street BALLARAT EAST 3350
53303037026,821 EUREKA Street BALLARAT EAST 3350
53302988177,42 YALDWYN Street KYNETON 3444
53302988664,40 EPPING Street KYNETON 3444
53303005124,15 RIPON Street BALLARAT CENTRAL 3350
53303006917,8 HILL VIEW Road DAYLESFORD 3460
53303019173,205 SPENCER Street SEBASTOPOL 3356
53303020882,702 EYRE Street BALLARAT CENTRAL 3350
53303037942,16 ERRARD Street BALLARAT CENTRAL 3350
53303038018,319 ARMSTRONG Street BALLARAT 3350
53303039443,91 MAIN Road CHEWTON 3451
53303040008,79 ADELAIDE Street CHEWTON 3451
53303040542,612 LYDIARD Street BALLARAT 3350
53303115163,15 LANGDON Court DAYLESFORD 3460
53303116914,802 LYDIARD Street BALLARAT 3350
53303117266,601 SOUTH Street BALLARAT CENTRAL 3350
53303132025,57 HUMFFRAY Street BALLARAT 3350
53303022324,301 DRUMMOND Street BALLARAT 3350
53303023159,616 DRUMMOND Street BALLARAT 3350
53303024819,159 KENNY Street BALLARAT EAST 3350
53303024882,60 TEMPLETON Street CASTLEMAINE 3450
53303025427,23 ARMSTRONG Street BALLARAT CENTRAL 3350
53303147873,15 HARRISON Street MARYBOROUGH 3465
53303118297,821 EUREKA Street BALLARAT EAST 3350
53303119361,29 CHARLOTTE Street SEBASTOPOL 3356
53303151464,99999 WENDOUREE Parade LAKE WENDOUREE 3350
53303238621,29 LOFVEN Street NERRINA 3350
53303137024,703 SOMERVILLE Street BUNINYONG 3357
53303138542,99999 BURRALL Street DAYLESFORD 3460
53303240546,626 DRUMMOND Street BALLARAT 3350
53303242178,3 HEARN Street BROWN HILL 3350
53303254082,99999 OLD CALDER Highway DIGGERS REST 3427
53303269412,153 LAURISTON-RESERVOIR Road KYNETON 3444
53303431567,527 KEILOR-MELTON Road SYDENHAM 3037
53303244002,99999 WENDOUREE Parade LAKE WENDOUREE 3350
53303244364,9 CASTLEBAR Close INVERMAY PARK 3350
53302862835,1A QUEEN Street BALLARAT EAST 3350
53302863032,6 GLENO Court CARDIGAN 3352
53302863819,145 PYRENEES Highway CARISBROOK 3464
53302864097,46303 SUTTON Road MARYBOROUGH 3465
53303259131,99999 GREVILLEA Road WENDOUREE 3355
53303259270,1 PARKER Street CASTLEMAINE 3450
53303259413,99999 GILLIES Street WENDOUREE 3355
53303259676,38A VICTORIA Street MARYBOROUGH 3465
53303260123,301 GILLIES Street WENDOUREE 3355
53302878690,2 PRINCES Street BALLARAT EAST 3350
53302878898,500 HUMFFRAY Street GOLDEN POINT 3350
53303272786,209 STAWELL Street BALLARAT EAST 3350
53303569737,27 CORIO Street MOONEE PONDS 3039
53302865006,511 DRUMMOND Street BALLARAT 3350
53302866103,317 LAL LAL Street CANADIAN 3350
53302881151,106 LYTTLETON Street CASTLEMAINE 3450
53302881290,3 DALMA Avenue CASTLEMAINE 3450
53303576719,58 WAVERLEY Street ESSENDON 3040
53303712329,7 OAKMONT Court SYDENHAM 3037
53303027273,1161 GEELONG Road MOUNT CLEAR 3350
53302999514,6 HARDING Grove CARDIGAN 3352
53303000515,5 RIPON Street BALLARAT CENTRAL 3350
53303124682,9 MUIRHEAD Street CASTLEMAINE 3450
53303015593,7 HEARN Street BROWN HILL 3350
53303015669,240 LYDIARD Street SOLDIERS HILL 3350
53303016427,209 DRUMMOND Street BALLARAT 3350
53303016568,524 DRUMMOND Street BALLARAT 3350
53303140383,610 KLINE Street CANADIAN 3350
53303859483,21 VIEW Street PASCOE VALE 3044
53303141696,5 LYDIARD Street BALLARAT 3350
53303142405,813 HOWITT Street WENDOUREE 3355
53303144482,6 CHARLES ANDERSON Grove LAKE GARDENS 3355
53303156158,21 INGROW Lane DAYLESFORD 3460
53303864212,7 GREYBOX Court SYDENHAM 3037
53303246064,320 PLEASANT Street NEWINGTON 3350
53303145028,40 ALEXANDRA Street SEBASTOPOL 3356
53303260255,41 CHARTER Road SUNBURY 3429
53303260395,83 MOSCRIPT Street CAMPBELLS CREEK 3451
53303159845,11 ASCOT Street BALLARAT CENTRAL 3350
53303277587,601 GILLIES Street WENDOUREE 3355
53303277811,106 MAIN Road BALLARAT EAST 3350
53303278157,46-48 PLUMPTON Road DIGGERS REST 3427
53303278215,616 GILLIES Street WENDOUREE 3355
53303437520,48 WAVERLEY Street ESSENDON 3040
53303438437,16 WAVERLEY Street ESSENDON 3040
53302886811,205 HUMFFRAY Street BALLARAT 3350
53303280667,99999 DORNOCH Drive SUNBURY 3429
53303280989,27 LYONS Street BALLARAT CENTRAL 3350
53303281054,304 DRUMMOND Street BALLARAT 3350
53303281350,99999 YORK Street BALLARAT EAST 3350
53303281789,19 CAMPBELL Street CASTLEMAINE 3450
53303282231,99999 GILLIES Street WENDOUREE 3355
53303282752,133 MAIN Road CAMPBELLS CREEK 3451
53303283172,63 BERKELEY Street CASTLEMAINE 3450
53303283379,41 WEBSTER Street BALLARAT CENTRAL 3350
53303768924,120 WESTERN Avenue TULLAMARINE 3043
53303316999,12 BRADDON Court SYDENHAM 3037
53303453206,10 FARLEY Court GLADSTONE PARK 3043
53303333349,13 PASCOE Avenue ESSENDON NORTH 3041
53303346748,54 VAYNOR Street NIDDRIE 3042
53303347349,31 PASCOE Avenue ESSENDON NORTH 3041
53303347570,3 BRADDON Court SYDENHAM 3037
53303457593,46305 GILLIES Street ESSENDON NORTH 3041
53303351212,920 KEILOR-MELTON Road TAYLORS LAKES 3038
53303368701,66 SCOTT Street ESSENDON 3040
53303369640,6 EAGLE FARM Court KEILOR PARK 3042
53303474945,13 SUNRISE Drive SYDENHAM 3037
53303722195,99999 COOPER Street ESSENDON 3040
53303741493,558 KEILOR-MELTON Road SYDENHAM 3037
53303727815,62 HUME Drive DELAHEY 3037
53303745931,2 WAVERLEY Street ESSENDON 3040
53303620276,12 MELALEUCA Court HILLSIDE 3037
53303757408,5 RONALD Close TULLAMARINE 3043
53303319507,8 AUSTRAL Place HILLSIDE 3037
53303321099,4 THE Link KEILOR PARK 3042
53303758901,666 OLD CALDER Highway KEILOR 3036
53303761450,3 ROSE HEDGE Drive DELAHEY 3037
53303337480,241 KEILOR Road ESSENDON NORTH 3041
53303337564,241 KEILOR Road ESSENDON NORTH 3041
53303778485,251 KEILOR Road ESSENDON NORTH 3041
53303463492,3 CADRONA Court SYDENHAM 3037
53303340833,68 HUME Drive DELAHEY 3037
53303452727,15 HOLMES Road MOONEE PONDS 3039
53303588471,4 KITTYHAWK Court AIRPORT WEST 3042
53303468501,59 GALLIPOLI Parade PASCOE VALE SOUTH 3044
53303345261,241 KEILOR Road ESSENDON NORTH 3041
53303479571,45 WIRRAWAY Road ESSENDON FIELDS 3041
53303359568,745 MT ALEXANDER Road MOONEE PONDS 3039
53303361211,12 MASCOMA Street STRATHMORE 3041
53303481083,8 EVANS Street MOONEE PONDS 3039
53303482427,35 PARK Crescent MOONEE PONDS 3039
53303483995,64 SCOTT Street ESSENDON 3040
53303732145,44 HUME Drive DELAHEY 3037
53303613437,595 KEILOR-MELTON Road SYDENHAM 3037
53303613819,527 KEILOR-MELTON Road SYDENHAM 3037
53303625465,324 KEILOR Road NIDDRIE 3042
53303626793,110 CUMBERLAND Road PASCOE VALE 3044
53303643186,70 DELBRIDGE Drive SYDENHAM 3037
53303645554,4 OVERNEWTON Close KEILOR 3036
53303647681,18 ROSE HEDGE Drive DELAHEY 3037
53303313532,43 PASCOE Avenue ESSENDON NORTH 3041
53304124772,133 KENT Street ASCOT VALE 3032
53304124856,99999 MYRNONG Crescent ASCOT VALE 3032
53303382791,99999 WINIFRED Street ESSENDON 3040
53303383155,399 KEILOR-MELTON Road TAYLORS LAKES 3038
53303401082,45 VANESSA Way DELAHEY 3037
53303419289,7 TREADWELL Road ESSENDON NORTH 3041
53303401454,15 CHATTERTON Drive DELAHEY 3037
53303403862,3 KEILOR-MELTON Road TAYLORS LAKES 3038
53303527019,1A BERYL Street ESSENDON WEST 3040
53303406493,237 KEILOR Road ESSENDON NORTH 3041
53303407540,29 PASCOE Avenue ESSENDON NORTH 3041
53303561356,333 KEILOR Road ESSENDON NORTH 3041
53303561514,10 GILLIES Street ESSENDON NORTH 3041
53303566207,69 MICKLEHAM Road TULLAMARINE 3043
53303567468,229 MASCOMA Street STRATHMORE 3041
53303668051,99999 ROYAL Crescent HILLSIDE 3037
53303549128,135 KEILOR-MELTON Road TAYLORS LAKES 3038
53303549557,99999 BRISTOL Street ESSENDON FIELDS 3041
53303685502,5 BRADDON Court SYDENHAM 3037
53303704211,54 WAVERLEY Street ESSENDON 3040
53303705184,50 WAVERLEY Street ESSENDON 3040
53303673168,57 KERFERD Street ESSENDON NORTH 3041
53303709517,20 LAWSON Street MOONEE PONDS 3039
53303372792,21 PASCOE Avenue ESSENDON NORTH 3041
53303814011,9 BUNARONG Court KEILOR DOWNS 3038
53303815792,941A MT ALEXANDER Road ESSENDON 3040
53303829702,11 BUNARONG Court KEILOR DOWNS 3038
53303374369,243 KEILOR Road ESSENDON NORTH 3041
53303376539,2 BUNARONG Court KEILOR DOWNS 3038
53303833902,34 BALMORAL Avenue PASCOE VALE SOUTH 3044
53303836020,5 TOWNSEND Avenue GLADSTONE PARK 3043
53303519759,1 VAN Court TULLAMARINE 3043
53303535177,30B ROBERTS Avenue AIRPORT WEST 3042
53303414653,60 PATTISON Street MOONEE PONDS 3039
53303551614,127 WESTERN Avenue TULLAMARINE 3043
53303992500,248 GREAVES Street WERRIBEE 3030
53303993960,57 EPSOM Road FLEMINGTON 3031
53304119312,227 GREAVES Street WERRIBEE 3030
53303665073,189 HOLMES Road MOONEE PONDS 3039
53303697613,99999 BOEING Road STRATHMORE HEIGHTS 3041
53303697835,85 BOLINGBROKE Street PASCOE VALE 3044
53304121838,46 EPSOM Road FLEMINGTON 3031
53304122462,61 EPSOM Road FLEMINGTON 3031
53303804508,3 DELMAR Court KEILOR LODGE 3038
53303684702,541 KEILOR Road NIDDRIE 3042
53303700467,22 VIDA Street ABERFELDIE 3040
53304023959,12 NORTH GATEWAY  WYNDHAM VALE 3024
53304143120,99999 SOUTH Road WERRIBEE 3030
53304025343,5 BISSETT Court HOPPERS CROSSING 3029
53304041689,99999 HOPPERS Lane WERRIBEE 3030
53304145903,14 THE CROSSWAY  AVONDALE HEIGHTS 3034
53304267686,2 PEARCE Street LAVERTON 3028
53304268040,36 DUNCANS Road WERRIBEE 3030
53304270071,1 GLENARA FORD  SEABROOK 3028
53304270492,345 HEATHS Road HOPPERS CROSSING 3029
53304048196,280 MT ALEXANDER Road ASCOT VALE 3032
53304166023,227 GREAVES Street WERRIBEE 3030
53304166295,227 GREAVES Street WERRIBEE 3030
53304166832,263 GREAVES Street WERRIBEE 3030
53304178786,99999 LAKE Street AVONDALE HEIGHTS 3034
53304386792,26 BAYSWATER Road KENSINGTON 3031
53303882189,7 COLE Street POINT COOK 3030
53303882610,4 COLE Street POINT COOK 3030
53304301322,231 GREAVES Street WERRIBEE 3030
53304390556,13 EPSOM Road FLEMINGTON 3031
53303999181,15 CASSELL Street HOPPERS CROSSING 3029
53303886693,9 WERRIBEE Street WERRIBEE 3030
53304303672,34 EPSOM Road FLEMINGTON 3031
53304000257,12 NATALIE Court HOPPERS CROSSING 3029
53304006476,277 GREAVES Street WERRIBEE 3030
53304017904,30 EPSOM Road FLEMINGTON 3031
53304134914,8 THE Mews HOPPERS CROSSING 3029
53304137116,7 LIDDY Street KENSINGTON 3031
53304140458,5 RATTRAY Court ALTONA MEADOWS 3028
53304141408,131 MOOLTAN Street TRAVANCORE 3032
53304038394,25 MACNEIL Drive ALTONA MEADOWS 3028
53304052833,3 THE Mews HOPPERS CROSSING 3029
53304261047,239 WATTON Street WERRIBEE 3030
53304157921,115 CANTERBURY Street FLEMINGTON 3031
53304276300,1C GLENDALE Court WERRIBEE 3030
53304276530,20 SKEWES Street AVONDALE HEIGHTS 3034
53304277082,27 STOCKMANS Way KENSINGTON 3031
53304279106,2 HEATHS Road WERRIBEE 3030
53304185957,10 TARNEIT Road WERRIBEE 3030
53303874716,99999 MELROSE Drive TULLAMARINE 3043
53304174884,5 THE Mews HOPPERS CROSSING 3029
53304175306,271 GREAVES Street WERRIBEE 3030
53304292123,129 GREAVES Street WERRIBEE 3030
53304293849,1 SMITHFIELD Road FLEMINGTON 3031
53303895496,72 POINT COOK Road SEABROOK 3028
53304309398,35 NORTH GATEWAY  WYNDHAM VALE 3024
53304312533,99999 SHAWS Road WERRIBEE 3030
53304513545,245 MAIN Road ST ALBANS 3021
53304645315,277 TAYLORS Road ST ALBANS 3021
53304646287,123 ANDERSON Road SUNSHINE 3020
53303980877,50 PIN OAK Crescent FLEMINGTON 3031
53304071579,31 GRAHAM Street KENSINGTON 3031
53304077889,99999 GREG NORMAN Drive POINT COOK 3030
53304093449,36 EPSOM Road FLEMINGTON 3031
53304081561,1150 ROSAMOND Road MARIBYRNONG 3032
53304114551,154 VICTORIA Street ALTONA MEADOWS 3028
53304198118,285 GREAVES Street WERRIBEE 3030
53304198868,10 CLARENDON Street AVONDALE HEIGHTS 3034
53304227401,1 BLAXLAND Street WERRIBEE 3030
53304242531,74 TARNEIT Road WERRIBEE 3030
53304242854,17 TAMARIND Crescent WERRIBEE 3030
53304216850,126 CAMBRIDGE Crescent WERRIBEE 3030
53304230793,99999 MT ALEXANDER Road FLEMINGTON 3031
53304246402,21 WERRIBEE Street WERRIBEE 3030
53304334165,20 THE Mews HOPPERS CROSSING 3029
53304334239,4 GABO Street HOPPERS CROSSING 3029
53304336807,107 GREAVES Street WERRIBEE 3030
53304232672,11 CLARENCE Street FLEMINGTON 3031
53304351251,307 QUEEN Street ALTONA MEADOWS 3028
53304367478,3 GRACE Street LAVERTON 3028
53304352322,293 HEATHS Road HOPPERS CROSSING 3029
53303949672,99999 CLARKS Road KEILOR EAST 3033
53304062790,13 HOWARD Street ALTONA MEADOWS 3028
53303968038,157 GREAVES Street WERRIBEE 3030
53304083572,5 SMITHFIELD Road FLEMINGTON 3031
53303971686,2 LITTLE PRINCES Street FLEMINGTON 3031
53303972261,50 FLEMINGTON Street TRAVANCORE 3032
53304090595,9 CASSELL Street HOPPERS CROSSING 3029
53304104577,247 GREAVES Street WERRIBEE 3030
53304130482,145 WATTON Street WERRIBEE 3030
53304203360,32 MARKET Road WERRIBEE 3030
53304219267,70 TARNEIT Road WERRIBEE 3030
53304224422,9 THE CROSSWAY  AVONDALE HEIGHTS 3034
53304237887,168 GREAVES Street WERRIBEE 3030
53304921105,374 MAIN Road ST ALBANS 3021
53304225396,131 MOOLTAN Street TRAVANCORE 3032
53304343025,55A KOOKABURRA Avenue WERRIBEE 3030
53304923676,30 RIDLEY Street ALBION 3020
53304331170,56 WILLIS Street KENSINGTON 3031
53304361128,3 DEBORAH Street WERRIBEE 3030
53304362834,138 GREAVES Street WERRIBEE 3030
53304692926,44 RIDLEY Street ALBION 3020
53304824775,2 WINIFRED Street ST ALBANS 3021
53304811603,482 MAIN Road ST ALBANS 3021
53304813111,44-46 WELWYN Parade DEER PARK 3023
53304825550,2 GREGORY Street SUNSHINE 3020
53304827596,301 TAYLORS Road ST ALBANS 3021
53304397154,278 GREAVES Street WERRIBEE 3030
53304843478,123 ANDERSON Road SUNSHINE 3020
53304845474,28 OXFORD Way WYNDHAM VALE 3024
53304846324,142 DEVONSHIRE Road SUNSHINE 3020
53304528492,7 KYNETON Circuit CAROLINE SPRINGS 3023
53304846985,143 DEVONSHIRE Road SUNSHINE 3020
53304442041,35 BALACLAVA Avenue ALTONA MEADOWS 3028
53304534888,1 THE Mews SUNSHINE WEST 3020
53304415701,99999 ARCHER Avenue ASCOT VALE 3032
53304647558,123 ANDERSON Road SUNSHINE 3020
53304648548,2 BELMORE Road SUNSHINE 3020
53304664919,291 TAYLORS Road ST ALBANS 3021
53304545992,1 DALPURA Drive SUNSHINE WEST 3020
53304562410,20 BELMORE Road SUNSHINE 3020
53304563937,462 MAIN Road ST ALBANS 3021
53304564456,445 FITZGERALD Road DERRIMUT 3026
53304652153,305 TAYLORS Road ST ALBANS 3021
53304652375,303 TAYLORS Road ST ALBANS 3021
53304781985,131 WRIGHT Street SUNSHINE WEST 3020
53304568431,141 ANDERSON Road SUNSHINE 3020
53304783048,271 TAYLORS Road ST ALBANS 3021
53304784756,11 ORFORD Street ST ALBANS 3021
53304786902,380 MAIN Road ST ALBANS 3021
53304682258,370 BALLARAT Road SUNSHINE 3020
53304683025,139 ANDERSON Road SUNSHINE 3020
53304684881,376 BALLARAT Road SUNSHINE 3020
53304697370,492 MAIN Road ST ALBANS 3021
53304698361,150 WRIGHT Street SUNSHINE WEST 3020
53304686806,99999 RUTH Street ST ALBANS 3021
53304928602,61 MAIN Road ST ALBANS 3021
53304806295,432 BALLARAT Road SUNSHINE 3020
53304402269,12 KIELY Avenue WERRIBEE 3030
53304818828,486 MAIN Road ST ALBANS 3021
53304820207,221 MAIN Road ST ALBANS 3021
53304820270,462 MAIN Road ST ALBANS 3021
53304820494,1 ARDOYNE Street SUNSHINE 3020
53304833414,38 BLACK FOREST Road WYNDHAM VALE 3024
53304404026,21 NORTH GATEWAY  WYNDHAM VALE 3024
53304405165,3 GLENDALE Court WERRIBEE 3030
53304406550,141 WATTON Street WERRIBEE 3030
53304832218,11 BELMORE Road SUNSHINE 3020
53304523122,26 MATHEWS Street SUNSHINE 3020
53304537998,28 BELMORE Road SUNSHINE 3020
53304434008,5 HOLDSWORTH Street ASCOT VALE 3032
53304425021,327 HOGANS Road HOPPERS CROSSING 3029
53304438551,161 GREAVES Street WERRIBEE 3030
53304658497,99999 KERMEEN Street SUNSHINE WEST 3020
53304673793,142 WRIGHT Street SUNSHINE WEST 3020
53304673942,116 WRIGHT Street SUNSHINE WEST 3020
53304790086,171 MAIN Road ST ALBANS 3021
53304675294,3 JEFFREY Street NEWPORT 3015
53304676137,452 MAIN Road ST ALBANS 3021
53304572623,69 MILLAWA Avenue ST ALBANS 3021
53304573184,325 TAYLORS Road ST ALBANS 3021
53304807821,99999 JAMIESON Street ST ALBANS 3021
53304706118,7 VARSITY Court ST ALBANS 3021
53304706553,32 KYNOCH Street DEER PARK 3023
53304796941,4 TELFORD Court DEER PARK 3023
53304761194,20 GRANT Street ST ALBANS 3021
53304778196,253 MAIN Road ST ALBANS 3021
53304860020,145 FURLONG Road ST ALBANS 3021
53304875398,1 NORTH GATEWAY  WYNDHAM VALE 3024
53304779920,130 WRIGHT Street SUNSHINE WEST 3020
53304909000,99999 MASON Street ALTONA NORTH 3025
53304863121,30 RIDLEY Street ALBION 3020
53304878631,156 WRIGHT Street SUNSHINE WEST 3020
53304447603,508 MT ALEXANDER Road ASCOT VALE 3032
53304462899,456 MAIN Road ST ALBANS 3021
53304577656,19 WHITTY Street SUNSHINE 3020
53304464359,374 MAIN Road ST ALBANS 3021
53304467115,387 TAYLORS Road ST ALBANS 3021
53304580553,486 MAIN Road ST ALBANS 3021
53304596797,20 BELMORE Road SUNSHINE 3020
53304611755,83 SUSPENSION Street ARDEER 3022
53304612173,14 JOHN Street ST ALBANS 3021
53304628680,25 NORTH GATEWAY  WYNDHAM VALE 3024
53304630805,191 MAIN Road ST ALBANS 3021
53304601161,2 IRONBARK Street ST ALBANS 3021
53304615432,99999 MCSHANE Drive KEALBA 3021
53304615862,135 ANDERSON Road SUNSHINE 3020
53304715447,117 WRIGHT Street SUNSHINE WEST 3020
53304717120,3 THE Mews SUNSHINE WEST 3020
53304733911,3 ROBINSONS Road DEER PARK 3023
53304748974,365 TAYLORS Road ST ALBANS 3021
53304764690,74 MAXWELD Street ARDEER 3022
53304767396,27 ROBINSONS Road DEER PARK 3023
53304848790,69 MAIN Road ST ALBANS 3021
53304734208,99999 MILLS Street ALTONA NORTH 3025
53304734901,466 MAIN Road ST ALBANS 3021
53304736369,225 MAIN Road ST ALBANS 3021
53304769384,3 TELFORD Court DEER PARK 3023
53304770114,62 MILLERS Road ALTONA NORTH 3025
53304770402,121 WRIGHT Street SUNSHINE WEST 3020
53304865878,313 TAYLORS Road ST ALBANS 3021
53304867189,430 MAIN Road ST ALBANS 3021
53304867262,470 MAIN Road ST ALBANS 3021
53304902598,75 MAIN Road ST ALBANS 3021
53304855177,30 ORFORD Street ST ALBANS 3021
53304856043,315 TAYLORS Road ST ALBANS 3021
53304856705,933 BALLARAT Road DEER PARK 3023
53304903200,2 THE Mews SUNSHINE WEST 3020
53304904883,25 BELMORE Road SUNSHINE 3020
53304905156,346A MAIN Road ST ALBANS 3021
53304452750,61 EPSOM Road FLEMINGTON 3031
53304454722,374 MT ALEXANDER Road ASCOT VALE 3032
53304467385,18 TULLOCH Street DEER PARK 3023
53304467601,185 MAIN Road ST ALBANS 3021
53304467667,185 MAIN Road ST ALBANS 3021
53304467799,18 TULLOCH Street DEER PARK 3023
53304889183,8 LODDEN Street SUNSHINE NORTH 3020
53304484547,401 TAYLORS Road ST ALBANS 3021
53304504405,279 TAYLORS Road ST ALBANS 3021
53304457782,273 GREAVES Street WERRIBEE 3030
53304473178,155 DEVONSHIRE Road SUNSHINE 3020
53304474267,4 CAREN Court SUNSHINE 3020
53304486148,4 BELMORE Road SUNSHINE 3020
53304506920,229 MAIN Road ST ALBANS 3021
53304507456,468 MAIN Road ST ALBANS 3021
53304507588,4 VARSITY Court ST ALBANS 3021
53304586475,34 CORNHILL Street ST ALBANS 3021
53304474993,24 BELMORE Road SUNSHINE 3020
53304602133,39 THEODORE Street ST ALBANS 3021
53304619855,130 WRIGHT Street SUNSHINE WEST 3020
53304509130,454 MAIN Road ST ALBANS 3021
53304509404,22 BELMORE Road SUNSHINE 3020
53304636841,498 MAIN Road ST ALBANS 3021
53304638531,109 WRIGHT Street SUNSHINE WEST 3020
53304638747,8 NORTH GATEWAY  WYNDHAM VALE 3024
53304591740,16 PRIMULA Avenue BROOKLYN 3012
53304606480,38 BUCKLEY Avenue SUNSHINE NORTH 3020
53304622543,99999 MULHALL Drive ST ALBANS 3021
53304641644,3 NUTTALL Court SUNSHINE 3020
53304643078,11 ROBINSONS Road DEER PARK 3023
53304726393,407 TAYLORS Road ST ALBANS 3021
53304738851,21 ADELAIDE Street ST ALBANS 3021
53304739131,64 SIXTH Avenue ALTONA NORTH 3025
53304739437,3 EATON Court ST ALBANS 3021
53304644035,265 TAYLORS Road ST ALBANS 3021
53304727440,486 MAIN Road ST ALBANS 3021
53304728011,16 QUINN Street DEER PARK 3023
53304728456,99999 MILLERS Road ALTONA 3018
53304959044,5 BELLEVUE Drive OCEAN GROVE 3226
53304945093,8 LITTLE HESSE Street QUEENSCLIFF 3225
53304960571,175 MELALUKA Road LEOPOLD 3224
53304962740,13 FELLOWS Road POINT LONSDALE 3225
53304975660,226 THACKER Street OCEAN GROVE 3226
53305065217,53 FIELD Street OCEAN GROVE 3226
53305065280,93 ASBURY Street OCEAN GROVE 3226
53305075406,64 LERDERDERG Street BACCHUS MARSH 3340
53305077186,2 STUART Avenue JAN JUC 3228
53305242472,41 THE ESPLANADE  OCEAN GROVE 3226
53305079777,76-82 RESERVE Road MELTON 3337
53305081165,41 THE ESPLANADE  OCEAN GROVE 3226
53305081395,59 OCEAN THROUGHWAY  OCEAN GROVE 3226
53305094271,56 POWELL Street OCEAN GROVE 3226
53305352711,51 ROSSACK Drive WAURN PONDS 3216
53305379060,555 KEILOR-MELTON Road SYDENHAM 3037
53305379201,555 KEILOR-MELTON Road SYDENHAM 3037
53305379332,555 KEILOR-MELTON Road SYDENHAM 3037
53305435770,134 TAYLOR Street EPSOM 3551
53306003167,1 BURKE Square DAYLESFORD 3460
53305681383,266 HIGH Street KANGAROO FLAT 3555
53306007191,250 HUME Highway SOMERTON 3062
53306014386,10 THE Link SUNBURY 3429
53306014767,112 ALDER Street KANGAROO FLAT 3555
53305716049,266-270 HIGH Street KANGAROO FLAT 3555
53305722341,3 CLUNY Court ST ALBANS PARK 3219
53306021382,419 ROBINSONS Road TRUGANINA 3029
53306023130,52 LITTLE BRIDGE Street BALLARAT CENTRAL 3350
53304938411,123 OCEAN THROUGHWAY  OCEAN GROVE 3226
53304941060,20 KENSINGTON Road LEOPOLD 3224
53305770730,100 PARK Crescent WILLIAMSTOWN NORTH 3016
53305773740,4 SILVERTREE Grove DELAHEY 3037
53305775060,266 HIGH Street KANGAROO FLAT 3555
53305775571,266 HIGH Street KANGAROO FLAT 3555
53305054466,37 WYNDHAM Street DRYSDALE 3222
53305055168,1085 BELLARINE Highway WALLINGTON 3222
53304967335,5 SWAN BAY Road WALLINGTON 3222
53304967624,68 BELLARINE Highway QUEENSCLIFF 3225
53305224470,16 GREENSTEAD Amble KURUNJANG 3337
53305225867,99999 KURUNJANG Drive KURUNJANG 3337
53305071181,21 HESSE Street QUEENSCLIFF 3225
53304971199,27 POWELL Street OCEAN GROVE 3226
53304973359,105 OCEAN THROUGHWAY  OCEAN GROVE 3226
53305230842,87 OCEAN THROUGHWAY  OCEAN GROVE 3226
53305232814,1 CYPRESS Crescent LEOPOLD 3224
53305234173,17 BAKER Street OCEAN GROVE 3226
53305235108,99999 BOWEN Road POINT LONSDALE 3225
53305235569,312-320 BAWTREE Road WALLINGTON 3222
53305356069,212 NORMAN Street BALLARAT NORTH 3350
53305363880,17 TURRUN Street NIDDRIE 3042
53305085306,55 FIELD Street OCEAN GROVE 3226
53305087177,127 CENTRAL Road DRYSDALE 3222
53305099461,162 TOWNSEND Road MOOLAP 3224
53305101491,39 CAROLANNE Drive DRYSDALE 3222
53305101996,50 ASBURY Street OCEAN GROVE 3226
53305240288,15 WATERFORD Way MELTON 3337
53305090396,91 ASBURY Street OCEAN GROVE 3226
53305407332,207 MAIN Road ST ALBANS 3021
53305104238,40 FIELD Street OCEAN GROVE 3226
53305690780,729 REMEMBRANCE Drive WINDERMERE 3352
53305107455,21 HESSE Street QUEENSCLIFF 3225
53305447485,33 MEADOW Way TARNEIT 3029
53306023800,355 AUTUMN Street HERNE HILL 3218
53305422744,31 AYRVALE Avenue LAKE GARDENS 3355
53305451150,25 CASSELL Street HOPPERS CROSSING 3029
53306036316,253 MOUNT PLEASANT Road HIGHTON 3216
53306038450,200 MILLEARA Road AVONDALE HEIGHTS 3034
53305706461,194 BARWARRE Road MARSHALL 3216
53304941480,3 IAIN Court MELTON 3337
53304941688,15 WHITEHORSE Road MOOLAP 3224
53305462016,16 JOHNSTON Way SYDENHAM 3037
53306041588,66 NORTH VALLEY Road HIGHTON 3216
53305942527,12 LOCHARD Place WARRNAMBOOL 3280
53305942881,7 WALTER Street HADFIELD 3046
53305989833,44 HAMILTON Place HAMILTON 3300
53305997191,50 FAIRWAY Drive WALLINGTON 3222
53304994256,58 ORTON Street OCEAN GROVE 3226
53304995917,21 HESSE Street QUEENSCLIFF 3225
53305007746,203 MAIN Street BACCHUS MARSH 3340
53305998289,9 SMITH Street PORTLAND 3305
53305030519,99999 THRICE Lane KURUNJANG 3337
53305030731,8 GREENSTEAD Amble KURUNJANG 3337
53305112506,1 KINGSLEY Place MELTON WEST 3337
53305126034,46 FIELD Street OCEAN GROVE 3226
53305467195,14 EAST Street BALLARAT EAST 3350
53305131620,31 CHURCH Street MELTON 3337
53305478060,31 GEELONG-PORTARLINGTON Road PORTARLINGTON 3223
53305478508,25 WESTGATE Drive ALTONA NORTH 3025
53305507892,200 MOUNT PLEASANT Road HIGHTON 3216
53305158004,18 AQUILAE Street OCEAN GROVE 3226
53305551883,323 MELBOURNE Road WILLIAMSTOWN 3016
53305552212,266 HIGH Street KANGAROO FLAT 3555
53305552392,266 HIGH Street KANGAROO FLAT 3555
53305482540,235 MCIVOR Road BENDIGO 3550
53305483399,99 ST ALBANS Road EAST GEELONG 3219
53305521274,265 BOUNDARY Road NEWCOMB 3219
53305554620,190 LAURISTON-RESERVOIR Road KYNETON 3444
53305603485,9 EVANDALE Avenue PORTARLINGTON 3223
53305606266,64 SUFFOLK Street WEST FOOTSCRAY 3012
53305952619,66 NEW QUAY Promenade DOCKLANDS 3008
53305907448,106 STERLING Drive KEILOR EAST 3033
53305958136,6 THE Link SUNBURY 3429
53305869241,13B GUINEVEVE Street NERRINA 3350
53305871587,141 HIGH Street BENDIGO 3550
53305876165,37 DANDARRIGA Drive CLIFTON SPRINGS 3222
53305973169,132 GEELONG-PORTARLINGTON Road PORTARLINGTON 3223
53304988646,162 ASBURY Street OCEAN GROVE 3226
53305016490,1 BORDEAUX Court OCEAN GROVE 3226
53305116714,6 FIELD Street OCEAN GROVE 3226
53305005980,87 OCEAN THROUGHWAY  OCEAN GROVE 3226
53305038667,99 OCEAN THROUGHWAY  OCEAN GROVE 3226
53305118171,5 IAIN Court MELTON 3337
53305119491,99 ASBURY Street OCEAN GROVE 3226
53305133772,45 ASBURY Street OCEAN GROVE 3226
53305197661,63 LAKE Avenue OCEAN GROVE 3226
53305122536,5 SOUTH MADDINGLEY Road MADDINGLEY 3340
53305123229,31 CHURCH Street MELTON 3337
53305164793,88 FIELD Street OCEAN GROVE 3226
53305165882,31-33 OLD MELBOURNE Road BALLAN 3342
53305202072,136 DARE Street OCEAN GROVE 3226
53305203039,77 OCEAN THROUGHWAY  OCEAN GROVE 3226
53305204707,12 OSBORNE Street OCEAN GROVE 3226
53305489802,38 NETHERTON Place CAROLINE SPRINGS 3023
53305532642,7 GHOST GUM Boulevard MARYBOROUGH 3465
53305172862,99999 WESTMELTON Drive MELTON WEST 3337
53305619160,204 GILLIES Street WENDOUREE 3355
53305621843,92 ROBERTSONS Road TAYLORS LAKES 3038
53305501285,193 GREAVES Street WERRIBEE 3030
53305538153,399 KEILOR-MELTON Road TAYLORS LAKES 3038
53305539151,533 HIGH Street MELTON 3337
53305575675,3 CLARK Street COLAC 3250
53305837067,63 EASTGATE Street PASCOE VALE SOUTH 3044
53305843098,96 TAYLOR Street EPSOM 3551
53305585056,99999 DOCKLANDS Drive DOCKLANDS 3008
53305586079,11 PARK Street FOOTSCRAY 3011
53305588834,51 WATERVIEW Drive CAIRNLEA 3023
53305979883,40 JERSEY Street COBURG 3058
53305982210,2 ROSE Street BURNSIDE 3023
53305985148,14 ELLESMERE Court TRUGANINA 3029
53304991610,13 WALLINGTON Road OCEAN GROVE 3226
53305934979,7 LANCELEY Green CAROLINE SPRINGS 3023
53306968092,531 KEILOR-MELTON Road SYDENHAM 3037
53306968258,531 KEILOR-MELTON Road SYDENHAM 3037
53306969001,1360 PASCOE VALE Road COOLAROO 3048
53306971642,6 MEDINAH Walk DEER PARK 3023
53307354697,99999 MURNONG Street POINT COOK 3030
53307359928,48 CENTRAL Parkway CAROLINE SPRINGS 3023
53307360423,104 KOROROIT CREEK Road WILLIAMSTOWN 3016
53307024186,15 KILMORE-LANCEFIELD Road LANCEFIELD 3435
53307028889,2 ST PATRICK Link GROVEDALE 3216
53307638002,54 BATMAN Crescent LARA 3212
53307638902,139 GEELONG-PORTARLINGTON Road PORTARLINGTON 3223
53306457277,48A CHARTER Road SUNBURY 3429
53306090726,130 VINCENT Street DAYLESFORD 3460
53306127718,93 WRIGHT Street SUNSHINE WEST 3020
53306132344,3 BRODIE Court ST ALBANS PARK 3219
53306143466,99999 NEWCOMBE Street PORTARLINGTON 3223
53306148219,1310 PORTARLINGTON Road CURLEWIS 3222
53306505995,1 IVAN JAMES Place CAROLINE SPRINGS 3023
53307290893,220A EPSOM Road ASCOT VALE 3032
53306525183,2 ANSLOW Street WOODEND 3442
53306929160,38 RICHARDSON Street PORTLAND 3305
53306570165,14 LYNROSE Close SEBASTOPOL 3356
53305218887,2 IAIN Court MELTON 3337
53307299942,20 STAWELL Street BALLARAT EAST 3350
53306579917,11 ALKOOMI Court ASCOT 3551
53306982714,21 TUSMORE Rise CRAIGIEBURN 3064
53306946544,1 COVENTRY Street TULLAMARINE 3043
53306946981,1 COVENTRY Street TULLAMARINE 3043
53306947138,1 COVENTRY Street TULLAMARINE 3043
53307333511,1 COVENTRY Street TULLAMARINE 3043
53306051231,138 MT NAPIER Road HAMILTON 3300
53306059003,72B KOROROIT CREEK Road WILLIAMSTOWN 3016
53307374150,761 SYDNEY Road COBURG 3058
53306070034,132-136 MASON Street NEWPORT 3015
53306070322,132 MASON Street NEWPORT 3015
53306070455,132 MASON Street NEWPORT 3015
53307350747,28 LOVEGROVE Avenue SUNSHINE WEST 3020
53307384851,9 PEPPERMINT Walk MELTON 3337
53306480158,104 ASBURY Street OCEAN GROVE 3226
53306157721,33B THE ESPLANADE  INDENTED HEAD 3223
53306488884,7 EAGLESNEST Way POINT COOK 3030
53306489512,85 FRANCIS Street BELMONT 3216
53306490750,6 WALLACE Court ST ALBANS PARK 3219
53306166640,40 JACKSON Street SUNBURY 3429
53306865439,2 BURKE Street WOODEND 3442
53306910700,899 SHERRARD Street BLACK HILL 3350
53306584774,7 CASTLEREAGH Close WARRNAMBOOL 3280
53306867871,53 SCOTT Parade BALLARAT EAST 3350
53306869753,46 KOROROIT CREEK Road WILLIAMSTOWN 3016
53306915863,2 GREY Street WOODEND 3442
53306543978,10 BURRENDONG Street WYNDHAM VALE 3024
53306593710,13 MELBA Mews TARNEIT 3029
53306599939,12 MENTHA Court CORIO 3214
53307280878,12 THE BROADWAY  CAROLINE SPRINGS 3023
53307282469,12 BUCHAN Street MEADOW HEIGHTS 3048
53307317588,85 OCEAN THROUGHWAY  OCEAN GROVE 3226
53306966411,48-58 CENTRAL Parkway CAROLINE SPRINGS 3023
53306605192,15 BROOKSIDE Drive MOUNT CLEAR 3350
53307006671,1 COVENTRY Street TULLAMARINE 3043
53307228868,9 WILLS Street MARYBOROUGH 3465
53307479833,24-28 MERCY Street BENDIGO 3550
53307238504,102 DRUMMOND Street BALLARAT CENTRAL 3350
53307244213,12 POWELL Street OCEAN GROVE 3226
53307448862,41 GRACEFIELD Drive BROWN HILL 3350
53307533481,20 MOUNT DERRIMUT Road DERRIMUT 3026
53306187223,25 BUTLER Street CALIFORNIA GULLY 3556
53306341061,308A DRUMMOND Street BALLARAT 3350
53306344996,176 ORMOND Road EAST GEELONG 3219
53306195863,3 THE Rise SUNBURY 3429
53306198965,67 ASHLEY Street WEST FOOTSCRAY 3012
53306244972,99999 STATION Road DEER PARK 3023
53306248801,3 DUNBAR Road ST ALBANS PARK 3219
53306293573,4 RICHARDSON Court BACCHUS MARSH 3340
53306299935,76 GEELONG-PORTARLINGTON Road PORTARLINGTON 3223
53306355639,3 SKYE Court ST ALBANS PARK 3219
53306621446,51 BARRY Street ROMSEY 3434
53306306048,122 SURF COAST Highway TORQUAY 3228
53306308778,2 BELLAIRS Avenue FOOTSCRAY 3011
53306716872,475 MOUNT DERRIMUT Road DERRIMUT 3026
53306358673,3 ROBERTS Court ST ALBANS PARK 3219
53306358871,32 HILL Street CLIFTON SPRINGS 3222
53306362206,4 BLUEBIRD Way ROXBURGH PARK 3064
53306626214,1 NORTHVIEW Court RIDDELLS CREEK 3431
53307043251,543 MORRIS Road TARNEIT 3029
53306730452,36 VICTORIA Street CARISBROOK 3464
53306735351,35 KOROIT Street WARRNAMBOOL 3280
53306739229,16 HOCKING Drive MARCUS HILL 3222
53306785950,6 BOND Avenue ST ALBANS 3021
53307050357,24 STAWELL Street BALLARAT EAST 3350
53307413296,163 HARRINGTON Road WARRNAMBOOL 3280
53307094790,1 COVENTRY Street TULLAMARINE 3043
53307102208,44 LEANDER Street FOOTSCRAY 3011
53307422643,1 ELGAR Road DERRIMUT 3026
53307422958,189 SOUTH CENTRE Road MELBOURNE AIRPORT 3045
53307105608,8 GRANGE MOUTH Place GREENVALE 3059
53307161732,9 CHANCERY Lane BENDIGO 3550
53307222373,52 KABJO Drive LEOPOLD 3224
53307540811,36 PANTON Street EAGLEHAWK 3556
53307541040,4 DELLBRIDGE Street GOLDEN SQUARE 3555
53307543192,230 KILGOUR Street EAST GEELONG 3219
53307551485,46208 ARTHUR Street ST ALBANS 3021
53307475279,4A ASCOT Street BALLARAT CENTRAL 3350
53306263818,3 ARCHIBOLD Street CHEWTON 3451
53306265953,320-322 JOSEPH Street CANADIAN 3350
53307508484,102 CALLOW Street BALLARAT EAST 3350
53307508619,102 CALLOW Street BALLARAT EAST 3350
53307516316,1 ELGAR Road DERRIMUT 3026
53306364953,106 MACKENZIE Street GOLDEN SQUARE 3555
53306268229,2 NICHOLLS Street MACEDON 3440
53306322638,50 BARWARRE Road GROVEDALE 3216
53306379620,130 BALLARAT Road CRESWICK 3363
53306636690,2132-2140 BELLARINE Highway MARCUS HILL 3222
53306638069,431 GRUBB Road DRYSDALE 3222
53306281422,2 ANDERSON Road SUNBURY 3429
53306287261,16 MANLANGI Court MACEDON 3440
53306694006,35 ELIZABETH Street PORT FAIRY 3284
53306332686,13J CAMBRIDGE Street CRESWICK 3363
53306335459,6 OLD PT CAMPBELL Road COBDEN 3266
53306381537,32 CHERRY Lane GISBORNE 3437
53306336720,117 NAPIER Street CRESWICK 3363
53306338098,1A HEARN Street BROWN HILL 3350
53306747967,6 THE Rise SUNBURY 3429
53306802838,13 NICK Street LEOPOLD 3224
53307058135,1 COVENTRY Street TULLAMARINE 3043
53306715215,84 FIELD Street OCEAN GROVE 3226
53306754212,82 HILLCREST Drive WESTMEADOWS 3049
53306758107,406 COBDEN Street MOUNT PLEASANT 3350
53306759161,41 BALMORAL Street PORTLAND 3305
53307069181,47 SHANNAHAN Drive NORLANE 3214
53307077960,10 EAGLESNEST Way POINT COOK 3030
53307124417,26 STAWELL Street BALLARAT EAST 3350
53307128517,1 KURUNG Court GISBORNE 3437
53311101750,9 TARONGA Road TRUGANINA 3029
53311103324,54 MACKENZIE Street GOLDEN SQUARE 3555
53307648216,1 KATE Way HILLSIDE 3037
53308130141,30 JOHNSTONE Street BROADMEADOWS 3047
53308137580,9 TARONGA Road TRUGANINA 3029
53307654049,126 SPENCER Street SEBASTOPOL 3356
53307654171,21 MAIDSTONE Street ALTONA 3018
53307695168,205 WIDFORD Street BROADMEADOWS 3047
53311376012,9 TARONGA Road TRUGANINA 3029
53307729583,9 MELALEUCA Court HILLSIDE 3037
53307700613,32 FAIRVIEW Street BELMONT 3216
53307734155,48 CENTRAL Parkway CAROLINE SPRINGS 3023
53307737297,48 CENTRAL Parkway CAROLINE SPRINGS 3023
53307737479,48 CENTRAL Parkway CAROLINE SPRINGS 3023
53307737743,48 CENTRAL Parkway CAROLINE SPRINGS 3023
53307741359,8 MCIVOR FOREST Drive JUNORTOUN 3551
53308267196,9 TARONGA Road TRUGANINA 3029
53308270977,94-100 KEILOR Road ESSENDON NORTH 3041
53308280596,9 TARONGA Road TRUGANINA 3029
53308280828,9 TARONGA Road TRUGANINA 3029
53308389825,42309 SILVERDALE Drive DARLEY 3340
53308390768,1 YEWYA Street WARRNAMBOOL 3280
53309983361,83-85 BULLA Road ESSENDON NORTH 3041
53309984963,8 OVEREND Court BELL PARK 3215
53307573396,43 WILMOTT Street GOLDEN SQUARE 3555
53307577389,1 FREELANDS Drive BURNSIDE HEIGHTS 3023
53309996803,79 THE Rise PORTARLINGTON 3223
53311009258,4 WINIFRED Street ESSENDON 3040
53311009380,4 WINIFRED Street ESSENDON 3040
53309321028,149 HIGH Street WOODEND 3442
53311021206,9 TARONGA Road TRUGANINA 3029
53309356917,13 ROSSACK Drive WAURN PONDS 3216
53306410840,11 SUNSHINE Street CAMPBELLFIELD 3061
53311778859,8 CURTIN Avenue HADFIELD 3046
53311137181,87A GALLIPOLI Parade PASCOE VALE SOUTH 3044
53311153427,6 KILMALEY Street CAMPERDOWN 3260
53311794311,2 RAWLINGS Drive WARRNAMBOOL 3280
53311277051,21 OLD CRESWICK Road WENDOUREE 3355
53308185136,11 TOOHEY Drive WARRNAMBOOL 3280
53307674574,74 KOROROIT CREEK Road WILLIAMSTOWN 3016
53311314499,12 COOLUM Close MOOLAP 3224
53311314622,13 MASTERS Way MOOLAP 3224
53308217597,2355 PORTARLINGTON Road BELLARINE 3223
53308218002,9 TARONGA Road TRUGANINA 3029
53308223612,41 PEARL Drive CRAIGIEBURN 3064
53307716582,3 KURUNG Court GISBORNE 3437
53304258297,6 CROWTHER Drive LUCAS 3350
53308441974,9 TARONGA Road TRUGANINA 3029
53307579336,64 BUCKLEY Street FOOTSCRAY 3011
53307580385,22 CLARKE Street CAMPBELLFIELD 3061
53307583288,48 CENTRAL Parkway CAROLINE SPRINGS 3023
53307585419,25A BECKET Street GLENROY 3046
53307587264,31 GERBERA Avenue NORLANE 3214
53311057604,45 MACKENZIE Street GOLDEN SQUARE 3555
53309303271,56 EDWARDS Street SEBASTOPOL 3356
53307596828,99999 LA SCALA Avenue MARIBYRNONG 3032
53311712684,111 MITCHELL Street BENDIGO 3550
53311714665,36 MASTERS Way MOOLAP 3224
53311714807,8 SILTY Way MOOLAP 3224
53309315609,9 TARONGA Road TRUGANINA 3029
53311565893,2 CHARLTON Avenue EYNESBURY 3338
53309874742,285 FITZGERALD Road DERRIMUT 3026
53311579812,9 TARONGA Road TRUGANINA 3029
53311497921,29 AUGUSTA Drive MOOLAP 3224
53311501207,14 LANGTON Street GLENROY 3046
53311505859,23 GILLIES Street ALFREDTON 3350
53308504573,581 PASCOE VALE Road OAK PARK 3046
53308508955,273-281 SHEEDY Road GISBORNE 3437
53308521628,27 MOUNT PLEASANT Road BELMONT 3216
53308521941,27 MOUNT PLEASANT Road BELMONT 3216
53308628744,8 WELLINGTON Street MARYBOROUGH 3465
53308631344,808 SYDNEY Road COBURG 3058
53307873449,48 PEEL Street BALLARAT 3350
53308849110,2195 PORTARLINGTON Road BELLARINE 3223
53308529167,2 FRESHWATER Drive ARMSTRONG CREEK 3217
53308876468,9 TARONGA Road TRUGANINA 3029
53308879215,201 MILL Street LAKE WENDOUREE 3350
53309534959,144C MASCOMA Street STRATHMORE HEIGHTS 3041
53309539585,9 TARONGA Road TRUGANINA 3029
53308771850,172 MCCRAE Street BENDIGO 3550
53308789919,2 HUNT Street NORTH BENDIGO 3550
53309466194,11 DEEP LEAD Road HUNTLY 3551
53309554345,6 AUGUSTA Drive MOOLAP 3224
53309560865,83 KULMANI Street JACKASS FLAT 3556
53309568345,46 BISHOP Street KINGSVILLE 3012
53309587602,549 MORRIS Road TARNEIT 3029
53309697540,182 STATION Road GISBORNE 3437
53309606551,85 ASBURY Street OCEAN GROVE 3226
53311416733,2A LONDREW Court TULLAMARINE 3043
53311453512,16 SALTASH Court SUNBURY 3429
53311525501,19 TENBURY WELLS Avenue DRYSDALE 3222
53311525632,200 EASTWOOD Crescent DRYSDALE 3222
53311604603,48 THE Rise PORTARLINGTON 3223
53311606797,52A LYDIARD Street BALLARAT NORTH 3350
53311472603,33 ARMSTRONG Street BALLARAT CENTRAL 3350
53311545104,6 HELEN Street ST ALBANS 3021
53311621854,21 MASTERS Way MOOLAP 3224
53307767872,30-54 JOHNSTONE Street BROADMEADOWS 3047
53307890859,167 PRINCES Highway WERRIBEE 3030
53308695595,132 WOODWARD Road GOLDEN GULLY 3555
53308702005,10 FISHBURN Grove HARKNESS 3337
53307987554,265 BROUGHAM Street GEELONG 3220
53307991540,22 BREWERY Road SAILORS GULLY 3556
53308591259,13 ORMESBY Place DEER PARK 3023
53308716839,709 TRESS Street GOLDEN POINT 3350
53309479724,4 SHELL GRIT Circuit MOOLAP 3224
53309495152,59 MITCHELL Drive LARA 3212
53308743674,9 TARONGA Road TRUGANINA 3029
53309618794,95 NICHOLSON Street WARRNAMBOOL 3280
53308838269,9 TARONGA Road TRUGANINA 3029
53309741168,100 HARVEY Road ST LEONARDS 3223
53309860553,27 APOLLO Crescent DALLAS 3047
53311419371,12 MAXWELL Street CARDIGAN VILLAGE 3352
53309662560,135 COLAC Road WAURN PONDS 3216
53309761959,5B DOVETON Street BALLARAT CENTRAL 3350
53312305678,159 GREAVES Street WERRIBEE 3030
53312582664,73B GILLIES Street ALFREDTON 3350
53312342309,88 LA SCALA Avenue MARIBYRNONG 3032
53312344148,6 PUTTERS Street MOOLAP 3224
53313105600,15 TULLOCH Street DEER PARK 3023
53312837595,39 ZETA Crescent POINT COOK 3030
53312838255,11 STIRLING Avenue SEAHOLME 3018
53312587077,63 MAYNE Street SUNSHINE WEST 3020
53312592853,27 LYNCH Road FAWKNER 3060
53312622818,18 LADY NELSON Drive RIPPLESIDE 3215
53312622949,3 LADY NELSON Drive RIPPLESIDE 3215
53313106440,75 WOODSWALLOW Entrance SUNSHINE NORTH 3020
53313108123,18 ARBUCKLE Road WERRIBEE 3030
53313109510,2 GOBLE Street LAVERTON 3028
53313109641,51 WOODSWALLOW Entrance SUNSHINE NORTH 3020
53313109916,10 ASPIRING Drive HUNTLY 3551
53313110196,36 MOORE Way LUCAS 3350
53313110336,16 BARINA Road OAK PARK 3046
53313111459,37 GROWTH Drive WEIR VIEWS 3338
53313111599,112 WOODSWALLOW Entrance SUNSHINE NORTH 3020
53313111722,26 ASPIRING Drive HUNTLY 3551
53313113239,110 LEITH Street REDAN 3350
53313113512,9 BOURNE Boulevard DENNINGTON 3280
53312841292,6 GRACE Street ST ALBANS 3021
53312847321,40 SEVENTH Avenue ALTONA NORTH 3025
53312874656,5A HAMILTON Street NIDDRIE 3042
53312875003,34 LINACRE Crescent MELTON SOUTH 3338
53312875877,21 NUGGET Street DIGGERS REST 3427
53312877237,54 ALBERT Drive MELTON SOUTH 3338
53312878153,2 HEATHER Avenue KEILOR EAST 3033
53312879431,2 HILBERT Road AIRPORT WEST 3042
53312879845,3 ROSE GUM Circuit BELLBRAE 3228
53312629878,116B ASBURY Street OCEAN GROVE 3226
53312909924,6 GROWTH Drive WEIR VIEWS 3338
53313114469,64 CALLISTEMON Circuit LARA 3212
53313116233,20 FALLON Street AINTREE 3336
53313117454,3 SOCORRO Way TRUGANINA 3029
53312848923,20 NAVARRE Court MEADOW HEIGHTS 3048
53312879993,5 BOWYER Street CAMPERDOWN 3260
53312880431,31 ORMOND Road MOONEE PONDS 3039
53312881613,3 SUTTON Street RIDDELLS CREEK 3431
53312882344,336-380 MCIVOR Highway JUNORTOUN 3551
53312884472,11 SILVER LEAF Way WINTER VALLEY 3358
53312888671,99999 AIRSIDE Road MELBOURNE AIRPORT 3045
53311898815,11 WIMBLEDON Close MOOLAP 3224
53311899282,38 SILTY Way MOOLAP 3224
53311663806,9 TARONGA Road TRUGANINA 3029
53312253133,47-61 BYRON Street FOOTSCRAY 3011
53311845427,12 GANTON Court WILLIAMSTOWN NORTH 3016
53311912490,9 TARONGA Road TRUGANINA 3029
53312279491,34 THE Rise PORTARLINGTON 3223
53312286976,84 NAPIER Street AVOCA 3467
53312312822,35 CHARLES ANDERSON Grove LAKE GARDENS 3355
53308980344,210 MELROSE Drive TULLAMARINE 3043
53312287932,20 RAILWAY Street ALTONA 3018
53312818893,373 MYERS Street GEELONG 3220
53312819438,5 NORTHUMBERLAND Road PASCOE VALE 3044
53312819693,74 JETTY Road WERRIBEE SOUTH 3030
53312820263,80 JETTY Road WERRIBEE SOUTH 3030
53312820437,75 AQUATIC Drive WERRIBEE SOUTH 3030
53312823653,53 HALL Street SUNSHINE WEST 3020
53312824180,34 ALBERT Road SYDENHAM 3037
53312824585,3 WOOD GUM Court BELLBRAE 3228
53312564142,8 DAWSON Avenue FOOTSCRAY 3011
53312566965,37-39 CLARKE Street NEWTOWN 3220
53312568530,37 GARFIELD Street ST ALBANS 3021
53312601129,47A COLLETT Street KENSINGTON 3031
53312825583,40 MERRIJIG Drive TORQUAY 3228
53312828347,17 JUSTIN Avenue GLENROY 3046
53312829065,35 OMAR Street MAIDSTONE 3012
53312829214,1 TEASDALE Avenue LUCAS 3350
53312829345,14 POWELL Street OCEAN GROVE 3226
53312830214,94A THIRD Avenue ALTONA NORTH 3025
53312830909,85 BELLEVIEW Drive SUNBURY 3429
53312572459,38 RIGGALL Street DALLAS 3047
53312579339,24 FAIRBRIDGE Road POINT COOK 3030
53312602167,9 SARATOGA Circuit DRYSDALE 3222
53312603058,2 FOGARTY Street WILLIAMS LANDING 3027
53312607990,29 MCCRACKEN Street SUNSHINE 3020
53312608122,8 GILSON Place SUNSHINE 3020
53312608254,24 WILKINSON Road SUNSHINE 3020
53312609590,38 NOLAN Street NIDDRIE 3042
53309954346,10 TESSELAAR Avenue MADDINGLEY 3340
53312833685,47 EUMARELLA Street TULLAMARINE 3043
53312834130,78 HAWKER Street AIRPORT WEST 3042
53313121267,11 REJOICE Street TARNEIT 3029
53313122494,14 WESTDAHL Street TRUGANINA 3029
53313122882,18 HENDREN Avenue ALTONA NORTH 3025
53313123170,3 GOYA Court GLADSTONE PARK 3043
53313123724,53 ABBOTSWICK Circuit WILLIAMS LANDING 3027
53313124269,11 BRANDON Mews GROVEDALE 3216
53313125201,39 SILVER LEAF Way WINTER VALLEY 3358
53313126308,5 TAO Circuit GREENVALE 3059
53313126463,16A ALMA Street MAIDSTONE 3012
53313126876,4 HALLENSTEIN Street FOOTSCRAY 3011
53312856258,54A CHURCHILL Avenue TULLAMARINE 3043
53312856969,26 CARLYLE Street MAIDSTONE 3012
53312858568,14 LORIKEET Close OCEAN GROVE 3226
53312858724,16 TASSELL Street TORQUAY 3228
53312859863,50 MERRIJIG Drive TORQUAY 3228
53312613931,1 MARKER Avenue MOOLAP 3224
53312892146,77 DEBONAIR Parade CRAIGIEBURN 3064
53309964774,157 RESORT Boulevard MOOLAP 3224
53309965195,7 SANTA ANNA Street MOOLAP 3224
53311670704,46327 TROWARD HARVEY Way CRAIGIEBURN 3064
53311670835,46327 TROWARD HARVEY Way CRAIGIEBURN 3064
53313127148,32 HALLETTS Way BACCHUS MARSH 3340
53313127279,21 TAO Circuit GREENVALE 3059
53313128369,196 HIGHLANDER Drive CRAIGIEBURN 3064
53313128541,20 ROBERTSON Crescent LAVERTON 3028
53313128830,2 BOWENIA Avenue CRAIGIEBURN 3064
53313128963,12 KNIGHT Street MADDINGLEY 3340
53313129104,5 OLEARIA Court LARA 3212
53313129234,89 EDOLS Street BALLAN 3342
53313129788,29 SILVER LEAF Way WINTER VALLEY 3358
53313130608,5 CORDHILL Circuit AINTREE 3336
53313131011,42522 ANDERSON Road SUNBURY 3429
53313131142,6 ANDERSON Road SUNBURY 3429
53313131812,14 DEBUT Avenue TARNEIT 3029
53313132378,40 CABANE Circuit MOUNT DUNEED 3217
53313132503,17 ASPIRING Drive HUNTLY 3551
53313134094,7 APPLE GUM Circuit BELLBRAE 3228
53312866330,63A TRUMAN Street SOUTH KINGSVILLE 3015
53312868015,3 COHUNA Street BROADMEADOWS 3047
53312898219,35 YORK Street AIRPORT WEST 3042
53312899050,32-36 FLOURISH Drive MOUNT DUNEED 3217
53312900982,49 CABANE Circuit MOUNT DUNEED 3217
53312902160,22 PENNINGTON Street KEILOR EAST 3033
53312903281,31 MONMOUTH Street NEWPORT 3015
53313135011,104 WELCOME Parade WYNDHAM VALE 3024
53313135943,24 DHALLA Street THORNHILL PARK 3335
53313136074,1 HAIGH Place MOUNT PLEASANT 3350
53313136479,23 FRONTIER Circuit TARNEIT 3029
53313137304,145 GARONNE Drive BANNOCKBURN 3331
53312260378,34D HAVLIN Street BENDIGO 3550
53312261228,36D HAVLIN Street BENDIGO 3550
53312904959,3 SHOREBREAK Way OCEAN GROVE 3226
53312906376,1 CUPAR Place GREENVALE 3059
53312907093,31 MACKELLAR Drive ROXBURGH PARK 3064
53312907225,53 STINTON Avenue NEWTOWN 3220
53312264361,18 COUPLING Way GLENROY 3046
53312264527,11 COUPLING Way GLENROY 3046
53312268999,70 RIDGE Drive AVONDALE HEIGHTS 3034
53311945920,30 TURNER Drive WARRNAMBOOL 3280
53311954709,9 TARONGA Road TRUGANINA 3029
53308083802,16 KENT MANOR  HAMILTON 3300
53312546834,36 STELLING Drive LUCAS 3350
53312295366,36 HEATHER Avenue KEILOR EAST 3033
53311968624,1 LARKIN Street ESSENDON FIELDS 3041
53308097636,1 CLARENDON Avenue CRAIGIEBURN 3064
53312443436,11 STEPHENSON Street WINCHELSEA 3241
53312417259,26 COUPLING Way GLENROY 3046
53312417663,132 ASBURY Street OCEAN GROVE 3226
53312452973,45901 COMMERCIAL Road CAROLINE SPRINGS 3023
53312481297,80 UNITY Drive MOUNT DUNEED 3217
53312482120,69 MAIDSTONE Street ALTONA 3018
53312660479,18 GUIDANCE Way TARNEIT 3029
53312687217,22 MARKER Avenue MOOLAP 3224
53312689948,617 TARNEIT Road HOPPERS CROSSING 3029
53312693643,21 LANGTON Street GLENROY 3046
53312728927,3 FRAMPTON Street LUCAS 3350
53312731782,1 SPOTTED GUM Court CRAIGIEBURN 3064
53312733515,49 TENBURY WELLS Avenue DRYSDALE 3222
53312911427,2 KAROL Street ALFREDTON 3350
53312912241,189 DALEY Street GLENROY 3046
53312912409,27 TERMINUS Street TARNEIT 3029
53312914702,30 AZOLLA Avenue WERRIBEE 3030
53312916482,8 IRIS Avenue BROOKLYN 3012
53312918082,83 BINDI Street GLENROY 3046
53312666434,2 CARRICK Lane STRATHMORE 3041
53312946876,10 CYPRESS Avenue BROOKLYN 3012
53312947189,52 ALBERT Drive MELTON SOUTH 3338
53312948327,34 ESSEX Street SUNSHINE NORTH 3020
53312950319,617 TARNEIT Road HOPPERS CROSSING 3029
53312734810,4 DONALD Street HADFIELD 3046
53313021375,58 MASTERS Way MOOLAP 3224
53312921342,8 COBALT Walk CRAIGIEBURN 3064
53312923207,13 TRINCA Court WERRIBEE 3030
53312923859,572 MIDLAND Highway HUNTLY 3551
53312951547,12 HOLMAN Crescent BACCHUS MARSH 3340
53312952782,20 EDGEWOOD Court DELACOMBE 3356
53312954424,18 ROSE GUM Circuit BELLBRAE 3228
53312956173,1 QUIRK Road LUCAS 3350
53312959036,22 SHADFORTH Street WESTMEADOWS 3049
53312959373,5A MACADAM Street DAYLESFORD 3460
53312702701,46 HERTFORD Road SUNSHINE 3020
53312704424,1A BEN THANH Place SUNSHINE NORTH 3020
53312984421,23 BEACONSFIELD Lane CAROLINE SPRINGS 3023
53312984785,711 BARKLY Street WEST FOOTSCRAY 3012
53312984910,711 BARKLY Street WEST FOOTSCRAY 3012
53312985742,12 SAMSON Street HADFIELD 3046
53312986139,20 SILVER LEAF Way WINTER VALLEY 3358
53312986278,127 WEMBLEY Avenue STRATHTULLOH 3338
53312988331,10 JOHN Street OAK PARK 3046
53312988893,8 PADLEY Street ST ALBANS 3021
53313024880,10 AMAK Grove TRUGANINA 3029
53313025490,1032-1036 MT ALEXANDER Road ESSENDON 3040
53313026127,34 KYEAMBA Circuit BACCHUS MARSH 3340
53313026373,437 GORDON Street MARIBYRNONG 3032
53313026530,504 BELL Street REDAN 3350
53313026746,25 CHARTERS Way HUNTLY 3551
53313027307,62 BURSA Drive WYNDHAM VALE 3024
53313027578,42 BURSA Drive WYNDHAM VALE 3024
53313029277,83B DELBRIDGE Drive SYDENHAM 3037
53313029864,30A MISTEN Avenue ALTONA NORTH 3025
53313030179,2 CASHIN Court MELTON 3337
53313030351,23 PRINCESS Street PASCOE VALE 3044
53312959853,93 GRAINGER Parade LUCAS 3350
53312962278,5 CAREY Court KEILOR EAST 3033
53312962659,72 GLEN Street GLENROY 3046
53312963979,47A WOOD Street AVONDALE HEIGHTS 3034
53312991675,66 PERCY Street NEWPORT 3015
53312992128,13 VINKO Court FRASER RISE 3336
53312992390,10 ZIRCON Street ALFREDTON 3350
53312994339,49 VOLGA Street HADFIELD 3046
53312997589,5 MUNRO Street ASCOT VALE 3032
53312997738,15 IGNEOUS Road CRAIGIEBURN 3064
53312998803,9B LEANDER Street FOOTSCRAY 3011
53313031721,1 WILLIAM COOPER Street MARIBYRNONG 3032
53313032868,2 KUNAT Street DEER PARK 3023
53313035656,13 ACOTANGO Avenue TRUGANINA 3029
53313038476,62 WIRELESS Drive AINTREE 3336
53311993929,22 HARRISON Rise DRYSDALE 3222
53312006022,102 OVERTON Road WILLIAMS LANDING 3027
53312151101,21 SPIKE BAR Way MOOLAP 3224
53312151249,54 BECKET Street GLENROY 3046
53312151704,24 STELLING Drive LUCAS 3350
53312119170,336-380 MCIVOR Highway JUNORTOUN 3551
53312402161,28-30 STONELEIGH Crescent HIGHTON 3216
53312463709,76 MOREILLON Boulevard BANNOCKBURN 3331
53312641173,14 MARKER Avenue MOOLAP 3224
53312644281,7 THE Mews SUNSHINE WEST 3020
53312676129,52 PRIMROSE Street MARYBOROUGH 3465
53312434690,4 DRIVER Street MOOLAP 3224
53312931210,42 WACKETT Street LAVERTON 3028
53312932529,8 WICKLOW Street PASCOE VALE 3044
53312933741,7 ISAACS Street LAVERTON 3028
53312681195,23 EDENDERRY Street TRUGANINA 3029
53312683414,4 METAR Place MOUNT DUNEED 3217
53312751731,48 JETTY Road WERRIBEE SOUTH 3030
53312752547,41 AQUATIC Drive WERRIBEE SOUTH 3030
53312754818,31 ROBINSON Street JACANA 3047
53312936027,8 HUNTER Avenue TORQUAY 3228
53312938121,66 MASTERS Way MOOLAP 3224
53312941176,8 NORWICH Street WERRIBEE 3030
53312942867,3 SILVER LEAF Way WINTER VALLEY 3358
53312942999,27 SILVER LEAF Way WINTER VALLEY 3358
53312966362,32 BANJO PATERSON Circle POINT COOK 3030
53312967392,153 MELBOURNE Avenue GLENROY 3046
53312968739,573 PASCOE VALE Road OAK PARK 3046
53312969844,17 ANDERSON Street WERRIBEE 3030
53312971074,46210 BRIGHT Street TORQUAY 3228
53312973275,44 WEST Street HADFIELD 3046
53312973499,6 MELWOOD Court MEADOW HEIGHTS 3048
53312973905,5 TIME Lane WESTMEADOWS 3049
53312974168,3 BEST Drive DEANSIDE 3336
53312974638,31 CASTLEHILL Avenue GREENVALE 3059
53312721362,27 WOODS Street ST ALBANS 3021
53313040863,5 BERNARD Court KEILOR EAST 3033
53313040995,9 RED WATTLE Way GREENVALE 3059
53313042504,742 BARKLY Street WEST FOOTSCRAY 3012
53313044302,7 ZIRCON Street ALFREDTON 3350
53313044708,37 PENNELL Avenue ST ALBANS 3021
53313045151,13 ROLLS Street COBURG 3058
53313045944,92 ROWLANDS Street SEBASTOPOL 3356
53312944896,3 NORMANDE Court ASCOT 3551
53312945944,21 HONEY EATER Drive WINTER VALLEY 3358
53312022606,9 TARONGA Road TRUGANINA 3029
53312976049,8 SILVER LEAF Way WINTER VALLEY 3358
53312976683,377 GEELONG Road KINGSVILLE 3012
53312977243,4 KYEAMBA Circuit BACCHUS MARSH 3340
53312977730,15 LEWIS Street KINGSVILLE 3012
53312977979,377 GEELONG Road KINGSVILLE 3012
53312979356,7 KYEAMBA Circuit BACCHUS MARSH 3340
53312980407,20 AMAK Grove TRUGANINA 3029
53312980546,4 SUNSET Place OCEAN GROVE 3226
53312981073,21 SUNSET Boulevard JACANA 3047
53312983787,50 TREMAIN Drive LUCAS 3350
53313009040,18 CHISHOLM Drive LANCEFIELD 3435
53313010198,34 TALLIS Street NORLANE 3214
53313010544,4 ISLA Avenue GLENROY 3046
53313011625,22 CONIFER Avenue BROOKLYN 3012
53313012381,4 EARHART Street DIGGERS REST 3427
53313013827,56 ANDREW Road ST ALBANS 3021
53313014900,3 ETHEL Street OAK PARK 3046
53313015229,12 DADSWELL Way MINERS REST 3352
53313046579,8 LUGANO Avenue ALFREDTON 3350
53313046983,14 TOTTERDOWN Way WERRIBEE 3030
53313047116,16 INVERIE Court GREENVALE 3059
53313047923,200 MILLERS Road ALTONA NORTH 3025
53313049094,17 BOURNE Boulevard DENNINGTON 3280
53313049622,11 CORDHILL Circuit AINTREE 3336
53313049755,11 WINDS Walk GREENVALE 3059
53313049887,188 BOWEN Street CAMPERDOWN 3260
53313050432,7 WINDS Walk GREENVALE 3059
53313050747,10 GUNNERSBURY Road WYNDHAM VALE 3024
53313051943,15 MOASCAR Street PASCOE VALE SOUTH 3044
53313054185,4 RIHANNA Street GREENVALE 3059
53312082864,9 TARONGA Road TRUGANINA 3029
53312090119,188 MCBRYDE Street FAWKNER 3060
53313015831,56 WIRELESS Drive AINTREE 3336
53313017183,62 RESTFUL Way ROCKBANK 3335
53313017786,30 KYEAMBA Circuit BACCHUS MARSH 3340
53313018693,12 JERNIGAN Road TARNEIT 3029
53313018982,68A MAY Street ALTONA NORTH 3025
53313020312,8 WITHERS Street HUNTLY 3551
53313021137,375-381 DOCKLANDS Drive DOCKLANDS 3008
53312125961,61 WACKETT Street LAVERTON 3028
53313055836,60 GEELONG Road TORQUAY 3228
53313057056,3 THE CRESCENT  ASCOT VALE 3032
53312173004,6 DAYLESFORD Lane DRYSDALE 3222
53312175387,11 HUNTINGDALE Drive MOOLAP 3224
53312091651,5 STELLING Drive LUCAS 3350
53312092433,47 GOODALL Street WARRNAMBOOL 3280
53312098893,30-32 RESCHKE Court LAVERTON 3028
53312131621,322-326 PASCOE VALE Road ESSENDON 3040
53312187409,388 LARTER Street CANADIAN 3350
53312144242,336-380 MCIVOR Highway JUNORTOUN 3551
53313405725,45 COTTON Circuit GISBORNE 3437
53313406162,197 SHORTRIDGE Drive LUCAS 3350
53313406955,9 ESKDALE Street WERRIBEE 3030
53313407085,3 ANNABEL Street DEANSIDE 3336
53313407233,10 CAPEK Street SUNBURY 3429
53313407516,39 BASTEN Avenue DEANSIDE 3336
53313408042,3 AQUITANIA Way DOCKLANDS 3008
53313646253,166 SINCLAIRS Road DEANSIDE 3336
53313646393,29 DELIA Avenue SUNBURY 3429
53313646534,99 WILLIAMS LANDING Boulevard WILLIAMS LANDING 3027
53313646948,100 CROWN Street SEBASTOPOL 3356
53313647086,5 MANRESH Mews FRASER RISE 3336
53313647210,10 ART DECO Drive DEANSIDE 3336
53313647648,57 SHOREBREAK Way OCEAN GROVE 3226
53313647770,14 KING GEORGE Street ST LEONARDS 3223
53313648051,1005 SHERRARD Street BALLARAT NORTH 3350
53313648183,13 MOSSMAN Street LARA 3212
53313648317,28 GENERATION Crescent MAMBOURIN 3024
53313648588,6 REFEREE Way TARNEIT 3029
53313648713,13 ITALIANATE Avenue DEANSIDE 3336
53313648844,12 MESTON Street TRUGANINA 3029
53313648984,10 BUTLER Street LUCAS 3350
53313649396,28 SAMPFORD Street ARMSTRONG CREEK 3217
53313649529,15 BEARTOOTH Drive WINTER VALLEY 3358
53313649660,52 ROHAB Crescent MOUNT COTTRELL 3024
53313649792,188 SARIC Street FRASER RISE 3336
53313649925,57 BEARTOOTH Drive WINTER VALLEY 3358
53313650199,492 PASCOE VALE Road STRATHMORE 3041
53313650586,17 FAIRMONT Crescent FRASER RISE 3336
53313650727,17 READMAN Road FRASER RISE 3336
53313431466,22 THRUMS Road MAMBOURIN 3024
53313431747,55 RALEIGH Circuit ARMSTRONG CREEK 3217
53313431879,76 CURTIN Drive DEANSIDE 3336
53313432140,3 GENERATION Crescent MAMBOURIN 3024
53313432505,3 RIVERSIDE Place BROWN HILL 3350
53313433305,10 FAWKNER Crescent ARMSTRONG CREEK 3217
53313433436,44 TROOPER Avenue SUNBURY 3429
53313433569,11 ANGHOR Drive FRASER RISE 3336
53313433832,4 BOUNTIFUL Place MOUNT DUNEED 3217
53313433965,3 AKASHI Crescent CRAIGIEBURN 3064
53313434228,370 MCGEORGE Road GISBORNE 3437
53313434765,16 OAKWOOD Avenue JACKASS FLAT 3556
53313434907,4 SHADOW Street DEANSIDE 3336
53313435037,6 MOON Crescent DEANSIDE 3336
53313435160,83 NORMANBY Boulevard DEANSIDE 3336
53313435598,63 CURTIN Drive DEANSIDE 3336
53313435721,23 LIGHT Street ALTONA NORTH 3025
53313435994,10 SUPPER Street SUNBURY 3429
53313436258,115 PALMDALE Crescent MAMBOURIN 3024
53313436380,4 PURITY Way ARMSTRONG CREEK 3217
53313436539,16 ADANSONIA Circuit MICKLEHAM 3064
53313436662,16 HUTCHINSON Drive LUCAS 3350
53313437081,11 WHITEGUM Street HARKNESS 3337
53313437215,2 FIERO Court GREENVALE 3059
53313437478,13 CINDER Drive TARNEIT 3029
53313437627,14 MIGHTY Road SUNBURY 3429
53313437882,18 STONES Street CHARLEMONT 3217
53313438155,114 BRIGHTVALE Boulevard WYNDHAM VALE 3024
53313438294,27 APPALOOSA Avenue TAYLORS LAKES 3038
53313438550,10 ASHBY Street HUNTLY 3551
53313438690,45 ODYSSEY Boulevard TARNEIT 3029
53313080968,41 LUGANO Avenue ALFREDTON 3350
53313081123,17 GIBSON Way MADDINGLEY 3340
53313081544,18 FREDERICK Street FAWKNER 3060
53313081841,53 COLDSTREAM Avenue WERRIBEE 3030
53313083184,68 VALIANT Road SMYTHES CREEK 3351
53313084793,16 WALDOCK Way WARRNAMBOOL 3280
53313085461,105 CARROLL Lane GREENVALE 3059
53313086700,64 OWARRA Boulevard MOUNT DUNEED 3217
53313086857,25 HORSESHOE Circuit BACCHUS MARSH 3340
53313088011,7 NABRO Street TRUGANINA 3029
53313088695,16 YORK Street GLENROY 3046
53313625629,23 VOLT Street WINTER VALLEY 3358
53313625752,101 INSHORE Drive TORQUAY 3228
53313626024,17 YOUYANGS Street TRUGANINA 3029
53313626296,68 JOURNEY Drive FRASER RISE 3336
53313626429,40 GOWAR Road TARNEIT 3029
53313626560,19 LAKELAND Drive LUCAS 3350
53313626966,8 POLLEN Road TARNEIT 3029
53313627120,7 AVALON Walk ARMSTRONG CREEK 3217
53313627519,15 BANKSIA Court CAMPBELLS CREEK 3451
53313627658,8 CHLOE Street TARNEIT 3029
53313628045,9 CROWN Drive FRASER RISE 3336
53313628440,9 ISOLA Mews TARNEIT 3029
53313628572,1 COBBLEFIELD Street AINTREE 3336
53313628747,8 SKYPAC Drive TRUGANINA 3029
53313629043,198 BONNIEBROOK Road BONNIE BROOK 3335
53313629331,16 POLMONT Avenue THORNHILL PARK 3335
53313629464,37 MADISONS Avenue DIGGERS REST 3427
53313629596,138 ATHERSTONE Boulevard STRATHTULLOH 3338
53313629737,48 SANKURU Road TRUGANINA 3029
53313630011,9 RATHMINES Road TRUGANINA 3029
53313630142,5 SHALE Road WERRIBEE 3030
53313853312,58 PORTEOUS Retreat SYDENHAM 3037
53313853443,8 PORTEOUS Retreat SYDENHAM 3037
53313853583,15 COTTESMORE Street FRASER RISE 3336
53313853718,27 KOORA Drive SUNBURY 3429
53313854113,34 PORTEOUS Retreat SYDENHAM 3037
53313854518,7 RYEBANK Avenue WERRIBEE 3030
53313854657,23 ENRICA Drive MELTON SOUTH 3338
53313854789,30 MOLLYAN Avenue CHARLEMONT 3217
53313854914,18 EDGEMEAD Rise WERRIBEE 3030
53313855184,2 BRADFIELD Street WERRIBEE 3030
53313855318,19 CARLINGFORD Crescent BONNIE BROOK 3335
53313855571,24 EMPTY Road SUNBURY 3429
53313650990,9 WHITECROSS Drive THORNHILL PARK 3335
53313651262,2 DAINTREE Drive WINCHELSEA 3241
53313651527,31 GRANDVIEW Crescent DARLEY 3340
53313651650,15 CROWLANDS Circuit EYNESBURY 3338
53313651800,11 CANAL Street FRASER RISE 3336
53313651949,1 DARTMOOR Street BONNIE BROOK 3335
53313652202,34 KYLE Road ALTONA NORTH 3025
53313652341,103 SHELTERBELT Avenue WEIR VIEWS 3338
53313652473,46 PHOENIX Road ALTONA NORTH 3025
53313652608,26 GENERATION Crescent MAMBOURIN 3024
53313652739,13 BUTCHERBIRD Parade WINTER VALLEY 3358
53313653134,18 GENERATION Crescent MAMBOURIN 3024
53313653273,13 PROSPECT Walk ALTONA NORTH 3025
53313653422,13 BETTALAN Court SPRING GULLY 3550
53313653555,37 PHOENIX Road ALTONA NORTH 3025
53313653695,6 KARMEN Court LANCEFIELD 3435
53313653828,29 IVORY Street COBBLEBANK 3338
53313654248,5 ERVINE Drive WYNDHAM VALE 3024
53313654370,11 DOLLARBIRD Drive DEANSIDE 3336
53313654529,15 VOLANT Drive ARMSTRONG CREEK 3217
53313654792,67 DOVE Avenue WINTER VALLEY 3358
53313654933,40 JARLATH Drive MAMBOURIN 3024
53313655080,71 PIENZA Road FRASER RISE 3336
53313655214,95 MARADONA Boulevard DEANSIDE 3336
53313655345,32 VIOLA Drive ROCKBANK 3335
53313655485,9 TOUR Lane TARNEIT 3029
53313655634,32 SLAVKO Drive FRASER RISE 3336
53313655767,10 ESK Street LARA 3212
53313655899,70 PETUNIA Avenue TARNEIT 3029
53313656021,4 TAXON Road WEIR VIEWS 3338
53313656162,29 NOVA Street WEIR VIEWS 3338
53313656293,34 WARANGAL Way DEANSIDE 3336
53313656426,16 HORSESHOE Parade FRASER RISE 3336
53313656559,46270 ROWANDS Street MOUNT DUNEED 3217
53313656699,4 HORSESHOE Parade FRASER RISE 3336
53313656830,48 VASSE Circuit MOUNT DUNEED 3217
53313656963,30 KYLE Road ALTONA NORTH 3025
53313657233,5 GAO Circuit DARLEY 3340
53313657373,18 COLERAINE Drive ROMSEY 3434
53313658050,6 QUEST Drive FRASER RISE 3336
53313439087,1 EMPRESS Street WYNDHAM VALE 3024
53313439227,12 KILTEELY Street GISBORNE 3437
53313678000,54 BIRREGURRA Drive TARNEIT 3029
53313678131,5 GREGSON Street HUNTLY 3551
53313678263,29 LOLLIPOP Crescent SUNBURY 3429
53313678676,42 CASTLECRAG Way STRATHTULLOH 3338
53313678801,33 EVERGREEN Street ARMSTRONG CREEK 3217
53313678932,116 SUMAC Street BROOKFIELD 3338
53313679089,21 STONNEYBURN Road THORNHILL PARK 3335
53313679674,12 MOOLORT Crescent EYNESBURY 3338
53313679809,28 STONNEYBURN Road THORNHILL PARK 3335
53313679930,26 STEADFIELD Circuit MELTON SOUTH 3338
53313680064,24 ESHAL Crescent WYNDHAM VALE 3024
53313680205,55 MICROPORA Drive WYNDHAM VALE 3024
53313680336,5 PILOT Way CURLEWIS 3222
53313680469,40 REVELSTOKE Way WINTER VALLEY 3358
53313680880,34 BALLET Crescent SUNBURY 3429
53313681145,40 CONRICK Way KOROIT 3282
53313681425,44 NAMATJIRA Boulevard HUNTLY 3551
53313681566,68 HOLST Street ARMSTRONG CREEK 3217
53313682249,35 MERVYN Drive GREENVALE 3059
53313682389,43 PENVER Terrace WERRIBEE 3030
53313682514,2 BUCKLAND Court BALLARAT EAST 3350
53313682645,15 MILLBROOK Drive WYNDHAM VALE 3024
53313682910,72 SAMPHIRE Drive CONNEWARRE 3227
53313683040,148 BRAMLEY Avenue CHARLEMONT 3217
53313683306,7 MAIDMENT Street LUCAS 3350
53313683445,26 DAFFODIL Crescent DIGGERS REST 3427
53313683577,37 DREAMER Circuit MOUNT DUNEED 3217
53313683702,61 GERLZONDA Avenue DEANSIDE 3336
53313683833,12 GERLZONDA Avenue DEANSIDE 3336
53313684107,93 OPAL Drive LEOPOLD 3224
53313684237,10 MOONAMBEL Road EYNESBURY 3338
53313089420,93 SUSPENSION Street ARDEER 3022
53313855845,20 CHILULA Street HUNTLY 3551
53313855977,30 SICILY Avenue DEANSIDE 3336
53313856101,18 KENNING Road TARNEIT 3029
53313856249,64 MARYANNE Way FRASER RISE 3336
53313856371,12 TUPPAL Drive WYNDHAM VALE 3024
53313856506,3 SIANG Road DEANSIDE 3336
53313857057,50 SUMAC Street BROOKFIELD 3338
53313857197,13 TARNAGULLA Street EYNESBURY 3338
53313857337,8 CASSATA Road MANOR LAKES 3024
53313857460,3 ALDGATE Street FRASER RISE 3336
53313857592,9 LUPTON Street WERRIBEE 3030
53313857866,742 GRAND Boulevard MICKLEHAM 3064
53313858120,51 HARRIOTT Road ARMSTRONG CREEK 3217
53313858723,9 FRUIT Street TARNEIT 3029
53313859268,60 SNOWBIRD Road WINTER VALLEY 3358
53313859390,76 GRAPPENHALL Avenue STRATHTULLOH 3338
53313859549,37 BAYVIEW Walk THORNHILL PARK 3335
53313859806,4 LEAF Street MICKLEHAM 3064
53313859937,11 WILDLIFE Circuit FRASER RISE 3336
53313860078,211 BONNIEBROOK Road BONNIE BROOK 3335
53313860210,20 NANKEEN Grove DEANSIDE 3336
53313860473,31 STRICTA Circuit FRASER RISE 3336
53313860616,7 GOKULA Street WERRIBEE 3030
53313860879,7 WONDROUS Boulevard TARNEIT 3029
53313861011,40 MAIN Street AINTREE 3336
53313861150,97 NAPIER Street ESSENDON 3040
53313861281,97 NAPIER Street ESSENDON 3040
53313861416,17 STINGRAY Street ARMSTRONG CREEK 3217
53313861547,6 BOTANY Street LARA 3212
53313861951,49 MUSHU Street DEANSIDE 3336
53313862080,40 GIOVANNI Drive CHARLEMONT 3217
53313862220,38 SENDOCK Parade HUNTLY 3551
53313862353,7 BATLOW Street ARMSTRONG CREEK 3217
53313862485,6 WOLVERING Crescent TRUGANINA 3029
53313862767,26 CASTLECRAG Way STRATHTULLOH 3338
53313862899,16 AKROYDON Street WERRIBEE 3030
53313863021,8 WALLOWA Street MICKLEHAM 3064
53313863154,16 PEASNELL Street LUCAS 3350
53313863293,49 GIOVANNI Drive CHARLEMONT 3217
53313658463,97 GREYJOY Road CHARLEMONT 3217
53313658744,13 DOBRE Walk TRUGANINA 3029
53313658884,13 CROWLANDS Circuit EYNESBURY 3338
53313659149,5 GRIMSHAW Street HUNTLY 3551
53313659270,10 SMETHURST Road TARNEIT 3029
53313659692,41 DAFFODIL Crescent DIGGERS REST 3427
53313659825,59 FOAL Circuit FRASER RISE 3336
53313660109,11 RAHUL Street THORNHILL PARK 3335
53313660255,32 AUBURN Crescent BACCHUS MARSH 3340
53313660405,12 DAWSON Street THORNHILL PARK 3335
53313660552,3 SINCLAIR Close WINCHELSEA 3241
53313660819,9 KINDRED Way TARNEIT 3029
53313661089,6 AKRON Street MANOR LAKES 3024
53313661237,5 SUNLIGHT Circuit LARA 3212
53313661659,3 LORIKEET Circuit ROCKBANK 3335
53313661781,5 CHERRY Avenue CAMPBELLS CREEK 3451
53313885173,71 HAWKESTONE Street MELTON SOUTH 3338
53313885307,3 OSAGE Street MADDINGLEY 3340
53313885578,7 HAPPINESS Way WYNDHAM VALE 3024
53313885703,358 CHARLEMONT Road ARMSTRONG CREEK 3217
53313885974,13 PEBBLE Street GREENVALE 3059
53313886116,3 ROEHAMPTON Crescent WERRIBEE 3030
53313886378,29 ROEHAMPTON Crescent WERRIBEE 3030
53313886503,3 MISO Road WYNDHAM VALE 3024
53313886774,20 HESTER Street HUNTLY 3551
53313886909,13 AMUKTA Road TRUGANINA 3029
53313887038,36 REED Court DEANSIDE 3336
53313887178,3 WINTON Drive FRASER RISE 3336
53313887302,15 VELVET Way TARNEIT 3029
53313887441,261 MARACANA Avenue MANOR LAKES 3024
53313887581,69 MUNRO Drive CHARLEMONT 3217
53313887722,120 ASHBURY Boulevard ARMSTRONG CREEK 3217
53313887863,5 BAXTER Street MAMBOURIN 3024
53313887995,9 ARENAL Drive TRUGANINA 3029
53313888127,15 PRATHAM Street TARNEIT 3029
53313888522,24 CONFERTA Road TARNEIT 3029
53313888829,70 FRENCH Road GREENVALE 3059
53313888960,10 ALTEZZE Drive TRUGANINA 3029
53313889101,5 MARGIE Street WYNDHAM VALE 3024
53313684641,19 MESTON Street TRUGANINA 3029
53313684773,49 HIGHLINE Boulevard TRUGANINA 3029
53313684908,23 BOUQUET Circuit DIGGERS REST 3427
53313685046,22 YEOMAN Street MELTON SOUTH 3338
53313685186,5 DUNDALK Way ROCKBANK 3335
53313685467,2 ZENITH Walk GREENVALE 3059
53313685748,18 SHADDOCK Street TARNEIT 3029
53313685888,1 MUSTANG Circuit BONNIE BROOK 3335
53313686169,62 BIRREGURRA Drive TARNEIT 3029
53313686431,37 SHOREBREAK Way OCEAN GROVE 3226
53313686589,14 GOLF VIEW Street ST LEONARDS 3223
53313686861,15 SHEBA Street DEANSIDE 3336
53313686993,34 DASHING Road CRAIGIEBURN 3064
53313687124,8 KOBE Street DEANSIDE 3336
53313687264,3 ADAGIO Road STRATHTULLOH 3338
53313687406,3 MAKYBE Street BONNIE BROOK 3335
53313687660,19 KOBE Street DEANSIDE 3336
53313687933,18 TRELLIS Grove ROCKBANK 3335
53313688197,14 SOCIAL Street TARNEIT 3029
53313688337,8 MULLINS Way SUNBURY 3429
53313688460,23 BAKANOVI Drive TRUGANINA 3029
53313688733,5 SWANTON Avenue MADDINGLEY 3340
53313688873,15 GANSHA Street WEIR VIEWS 3338
53313689007,10 GRANDVIEW Crescent DARLEY 3340
53313689138,3 BEXLEY Way STRATHFIELDSAYE 3551
53313689681,81 AMBROSIA Drive ARMSTRONG CREEK 3217
53313689816,27 FUSION Drive WYNDHAM VALE 3024
53313690063,18 MOOLORT Crescent EYNESBURY 3338
53313690195,21 VIOLETTA Boulevard DIGGERS REST 3427
53313690343,27 JOURNEY Crescent MOUNT DUNEED 3217
53313690618,8 NEON Crescent STRATHFIELDSAYE 3551
53313690749,20 GRASSY Street WINTER VALLEY 3358
53313690871,66 BAXTERPARK Drive THORNHILL PARK 3335
53313691005,20 CLOVERTREE Street TARNEIT 3029
53313691152,19 SAMPFORD Street ARMSTRONG CREEK 3217
53313691283,100 LOLLIPOP Crescent SUNBURY 3429
53313691424,5 SEMOLINA Street MANOR LAKES 3024
53313691854,30 ARMSTRONG Street LAVERTON 3028
53313691994,62 YELLOWSTONE Drive TRUGANINA 3029
53313692124,44 WOODBURY Street WILLIAMS LANDING 3027
53313692271,55 REED Court DEANSIDE 3336
53312227137,20 GULL Drive MOOLAP 3224
53313863434,12 BAVARIAN Avenue WERRIBEE 3030
53313863567,49 RYDER Street CHARLEMONT 3217
53313863848,71 ABSALOM Street MOUNT DUNEED 3217
53313863970,55 NECTAR Drive MOUNT DUNEED 3217
53313864250,70 WHITES Lane CRAIGIEBURN 3064
53313864390,5 MAUVELOUS Avenue TARNEIT 3029
53313864523,30 CRIB Street TARNEIT 3029
53313864697,68 PLYMOUTH Drive ROCKBANK 3335
53313864820,70 BUCKINGHAM Boulevard STRATHTULLOH 3338
53313864978,7 RIVULET Road BONSHAW 3352
53313865102,4 LAVAL Street WYNDHAM VALE 3024
53313865232,21 ALDGATE Street FRASER RISE 3336
53313865372,31 SALTGRASS Avenue TARNEIT 3029
53313865515,40 HOLSTEIN Crescent TARNEIT 3029
53313865646,50 ROTUNNO Drive CHARLEMONT 3217
53313865778,22 ATHLON Avenue LEOPOLD 3224
53313865903,4 GRANADA Drive TARNEIT 3029
53313866041,191 CALLAWAY Street MAMBOURIN 3024
53313866173,49 SALTAIRE Drive STRATHTULLOH 3338
53313866307,30 PLAINS Circuit AINTREE 3336
53313866446,132 POLLY Parade TARNEIT 3029
53313866711,38 RAMBLER Boulevard TARNEIT 3029
53313866842,5 COTTESMORE Street FRASER RISE 3336
53313866974,719 GRAND Boulevard MICKLEHAM 3064
53313867115,3 STEVENAGE Way WERRIBEE 3030
53313867510,17 HAMMERMILL Drive SUNBURY 3429
53313867659,9 HARWICH Street ROCKBANK 3335
53313867916,26 ARARAT Street TRUGANINA 3029
53313868046,4 KARNDELI Promenade STRATHFIELDSAYE 3551
53313868186,23 MANCHADO Street TARNEIT 3029
53313868310,7 REDLEAF Way GREENVALE 3059
53313868441,7 JESSUP Street HUNTLY 3551
53313868581,9 ADDAI Street GREENVALE 3059
53313868870,75 ABSALOM Street MOUNT DUNEED 3217
53313869004,13 ERIN Drive FRASER RISE 3336
53313869135,10 TRANQUILITY Crescent ARMSTRONG CREEK 3217
53314113072,3 YUCCA Street WYNDHAM VALE 3024
53314113337,26 CHEPSTOW Street CRAIGIEBURN 3064
53314113460,2 CREAM Street TARNEIT 3029
53314113602,23 SKYPAC Drive TRUGANINA 3029
53314113733,76 ALCOCK Road TRUGANINA 3029
53314114015,110 WALLANGARA Boulevard HARKNESS 3337
53314114162,8 WINDJAMMER Street TARNEIT 3029
53314114303,28 KINGSTON Drive LARA 3212
53314114434,13 BLYTON Road DEANSIDE 3336
53314114574,112 WALLANGARA Boulevard HARKNESS 3337
53314114717,8 NEWCASTLE Road ROCKBANK 3335
53313889231,32 TROOPER Drive AINTREE 3336
53313889371,86 DOMINION Drive BURNSIDE 3023
53313889506,4 RESERVOIR Road FRASER RISE 3336
53313889637,6 SPARLAND Street MANOR LAKES 3024
53313889760,37 TABULA Road TARNEIT 3029
53313889902,3 YARDLEY Road TARNEIT 3029
53313890034,8 GRADED Street MANOR LAKES 3024
53313890439,66 MCKINLEY Drive TRUGANINA 3029
53313890694,6 DOWNLEY Loop STRATHTULLOH 3338
53313890827,16 FORBES Street ARMSTRONG CREEK 3217
53313890968,3 HADFIELD Road HARKNESS 3337
53313891099,8 VELVET Avenue ROCKBANK 3335
53313891221,734 GRAND Boulevard MICKLEHAM 3064
53313891494,3 FUSION Drive WYNDHAM VALE 3024
53313891635,2 TREGONING Street MADDINGLEY 3340
53313891768,4 CRUSADE Street TARNEIT 3029
53313892186,7 MALONEY Road GISBORNE 3437
53313892310,62 MONTMARTE Boulevard BURNSIDE 3023
53313892467,21 ELOQUENCE Road TARNEIT 3029
53313892906,28 BRENDAN Road GREENVALE 3059
53313893036,60 MONTEGO Boulevard SUNBURY 3429
53313893184,14 COUSINS Road WARRNAMBOOL 3280
53313893449,5 TARRABOOL Road TRUGANINA 3029
53313893571,546 BROOKFIELD Boulevard MICKLEHAM 3064
53313893714,21 MAIN Street AINTREE 3336
53313893845,13 BRONZEWING Street OCEAN GROVE 3226
53313894101,62 STAKES Boulevard MANOR LAKES 3024
53313894257,2 REDHAVEN Place EPSOM 3551
53313894389,57 TRANQUILITY Crescent ARMSTRONG CREEK 3217
53313894514,30 RIVETING Road WYNDHAM VALE 3024
53313894793,24 YOUYANGS Street TRUGANINA 3029
53313894975,31 SEARS Avenue WARRNAMBOOL 3280
53313895109,25 COLACHI Road TRUGANINA 3029
53313895239,7 ROMANESQUE Drive DEANSIDE 3336
53313895387,37 ELOQUENCE Road TARNEIT 3029
53313895528,29 MAIN Road CAMPBELLS CREEK 3451
53313895651,15 GARDENVALE Avenue MAMBOURIN 3024
53313895783,24 MOUNTAIN Avenue MANOR LAKES 3024
53313895932,2 PARDALOTE Place CASTLEMAINE 3450
53313896196,56 KILCUNDA Drive TRUGANINA 3029
53313896328,1 THIRLMERE Place TRUGANINA 3029
53313896484,12 PROPHECY Road BONSHAW 3352
53313896619,7 NANKEEN Grove DEANSIDE 3336
53313692406,9 ABARTH Grove BURNSIDE 3023
53313692561,54 HOLSTEIN Crescent TARNEIT 3029
53313692982,432 BLACKSHAWS Road ALTONA NORTH 3025
53313693404,5 HEALY Drive TRUGANINA 3029
53313693543,7 SURROUND Circuit BONNIE BROOK 3335
53313693691,48 XENOLITH Drive CRAIGIEBURN 3064
53313917356,20 MASON Street WARRNAMBOOL 3280
53313917629,13 THYRIDIA Street MICKLEHAM 3064
53313917752,9 NANKEEN Grove DEANSIDE 3336
53313917892,6 TONAL Street MAMBOURIN 3024
53313918024,17 FENDY Street TARNEIT 3029
53313918552,52 GILROY Crescent CHARLEMONT 3217
53313918684,17 BUSHRANGER Drive SUNBURY 3429
53313918958,13 ELOQUENCE Road TARNEIT 3029
53313919213,59 BUCKINGHAM Boulevard STRATHTULLOH 3338
53313919484,695 GRAND Boulevard MICKLEHAM 3064
53313919619,5 SPINIFEX Road FRASER RISE 3336
53313919740,16 CHIPPERFIELD Avenue SUNBURY 3429
53313920021,18 BRUSHTON Street MANOR LAKES 3024
53313920162,53 GRANGEHILL Mews WYNDHAM VALE 3024
53313920582,43 RIHANNA Street GREENVALE 3059
53313920717,46 SNOWBIRD Road WINTER VALLEY 3358
53313920988,40 PENVER Terrace WERRIBEE 3030
53313921250,12 CLEF Street STRATHTULLOH 3338
53313921382,3 ALCYONE Street ARMSTRONG CREEK 3217
53313921517,16 AMUKTA Road TRUGANINA 3029
53313921656,6 ROMANESQUE Drive DEANSIDE 3336
53313921788,10 COBUNGRA Road WEIR VIEWS 3338
53313922041,2 VELVET Avenue ROCKBANK 3335
53313922222,11 TERAI Street WYNDHAM VALE 3024
53313922355,3 SURROUND Circuit BONNIE BROOK 3335
53313922487,19 BABINA Avenue MELTON SOUTH 3338
53313922612,23 BOXER Drive WYNDHAM VALE 3024
53313922751,35 ABINGDON Boulevard LARA 3212
53313922883,10 PIGEON Street CHARLEMONT 3217
53313923017,23 BOXER Drive WYNDHAM VALE 3024
53313923171,41 FUSION Drive WYNDHAM VALE 3024
53312510569,3 ZIRCONIA Mews COBBLEBANK 3338
53314114856,9 TALENCE Street GREENVALE 3059
53314114988,10 TRIESTE Crescent DEANSIDE 3336
53314115128,4 KIRNER Road MELTON SOUTH 3338
53314115268,12 LIALI Avenue TRUGANINA 3029
53314115390,478 BLACK FOREST Road MAMBOURIN 3024
53314115656,19 PIGMENT Drive MAMBOURIN 3024
53314115796,58 KOODYA Street MAMBOURIN 3024
53314115945,7 THORNY Street ROCKBANK 3335
53314116084,10 FRENCH Road GREENVALE 3059
53314116497,33 LANYON Crescent TARNEIT 3029
53314116620,25 JAGGED Circuit TARNEIT 3029
53314117172,30 ELMHURST Avenue AINTREE 3336
53314117306,82 WALLANGARA Boulevard HARKNESS 3337
53314117445,21 RUMBEE Crescent TARNEIT 3029
53314117841,15 SHIRAZ Avenue FRASER RISE 3336
53314117981,55 BURRAWANG Loop MICKLEHAM 3064
53314118147,10 WONDROUS Boulevard TARNEIT 3029
53314118278,36 KAILASH Road WERRIBEE 3030
53314118403,9 VICOSA Drive ARMSTRONG CREEK 3217
53314118542,1 KAVERI Street TARNEIT 3029
53314118674,24 MAREMMANO Crescent TAYLORS LAKES 3038
53314118809,25 LOWRIE Street TARNEIT 3029
53314118930,68 ROMULEA Circuit DIGGERS REST 3427
53314119087,21 ARDSLEY Street MANOR LAKES 3024
53314119211,45 NORTHSTOWE Crescent STRATHTULLOH 3338
53314119482,27 SIDDELL Road GREENVALE 3059
53314119623,76 SNOWBIRD Road WINTER VALLEY 3358
53314119756,14 MODULAR Street CHARLEMONT 3217
53314119896,11 BURRAWANG Loop MICKLEHAM 3064
53314120029,23 ESMERALDA Avenue TARNEIT 3029
53314120319,9 TOPOGRAPHICAL Crescent GREENVALE 3059
53314120440,15 BUTTERCUP Crescent ARMSTRONG CREEK 3217
53314120572,63 FRENCH Road GREENVALE 3059
53314120715,58 WHITES Road MOUNT DUNEED 3217
53314120846,1 CRANBERRY Crescent THORNHILL PARK 3335
53314120978,20 GLORY Street THORNHILL PARK 3335
53314121240,152 BRIGHTVALE Boulevard WYNDHAM VALE 3024
53314121380,19 SHEOAK Court COLAC 3250
53314121515,7 PIGMENT Drive MAMBOURIN 3024
53314121646,18 DAVENPORT Drive SUNBURY 3429
53314121794,74 WALTON Street MELTON SOUTH 3338
53314121927,17 FLORIBUNDA Road TARNEIT 3029
53314122057,18 PINE CONE Walk FRASER RISE 3336
53314122189,86 WALLANGARA Boulevard HARKNESS 3337
53313896740,5 OAKDALE Way ROCKBANK 3335
53313896872,433 MARACANA Avenue MANOR LAKES 3024
53313897152,18 VISION Street AINTREE 3336
53313897291,9 BARLOW Street SUNBURY 3429
53313897424,7 SCOTTY Road DEANSIDE 3336
53313897565,28 TINTAGEL Way WERRIBEE 3030
53313897707,6 MONFERRATO Avenue TARNEIT 3029
53313898240,63 WATTLEBIRD Drive LARA 3212
53313898380,47 ARISTIDES Crescent THORNHILL PARK 3335
53313898662,19 AMBIENT Street MOUNT DUNEED 3217
53313898935,24 WILDLIFE Circuit FRASER RISE 3336
53313899067,49 MUNRO Drive CHARLEMONT 3217
53313899208,8 LANDMARK Road WEIR VIEWS 3338
53313899339,7 ASHTON Avenue WINTER VALLEY 3358
53313899479,6 COMPANY Avenue SUNBURY 3429
53313899604,30 LEGER Street MANOR LAKES 3024
53313899743,23 LILLYPILLY Street FRASER RISE 3336
53313900018,30 RYDER Street CHARLEMONT 3217
53313900320,44 PRANA Way WERRIBEE 3030
53313900585,22 ZLATAN Way FRASER RISE 3336
53313900726,11 SODERSTROM Street LUCAS 3350
53313901008,16 JUDD Street MANOR LAKES 3024
53313153630,24B KANOWNA Street WILLIAMSTOWN 3016
53313154323,22 KANOWNA Street WILLIAMSTOWN 3016
53313154729,26 ABBOTSWICK Circuit WILLIAMS LANDING 3027
53313154852,32 HOWKINS Avenue WINTER VALLEY 3358
53313154984,18 HOWKINS Avenue WINTER VALLEY 3358
53313155784,9 ERASMUS Avenue CRAIGIEBURN 3064
53312762827,2 HOLBROOK Street WARRNAMBOOL 3280
53312762950,54-60 SMITH Street KENSINGTON 3031
53312763791,18 PRINCES Terrace JAN JUC 3228
53312763973,49 ZETA Crescent POINT COOK 3030
53312764115,138 DUNNINGS Road POINT COOK 3030
53312523477,30 MCKENZIE Way MCKENZIE HILL 3451
53314122329,10 URQUHART Road TARNEIT 3029
53314122452,10 BRONWYN Way WYNDHAM VALE 3024
53314122584,36 LOGAN Street EYNESBURY 3338
53314122719,25 TRIESTE Crescent DEANSIDE 3336
53314122858,24 BLACKWOOD Drive HUNTLY 3551
53314122980,68 BURRAWANG Loop MICKLEHAM 3064
53314123114,46 KEYSTONE Drive SUNBURY 3429
53314123244,21 HOWELL Crescent TRUGANINA 3029
53314123525,37 POTALA Avenue BONNIE BROOK 3335
53314123666,15 LYNWOOD Street MANOR LAKES 3024
53314123798,5 WINDJAMMER Street TARNEIT 3029
53314123939,30 GYMEA Street MOUNT DUNEED 3217
53314124210,51 DELIA Avenue SUNBURY 3429
53314124341,76 COURTENAY Promenade FRASER RISE 3336
53314124648,3 LEGACY Court SUNBURY 3429
53314124770,34 KILCUNDA Drive TRUGANINA 3029
53314124905,112 DUTCHELM Avenue WERRIBEE 3030
53314125175,16 REDWOOD Drive ROCKBANK 3335
53314125317,43 TRIESTE Crescent DEANSIDE 3336
53314125448,29 MARYANNE Way FRASER RISE 3336
53314125588,117 DAYBREAK Vista MICKLEHAM 3064
53314125713,34 BLUEBOTTLE Parade ROCKBANK 3335
53314125844,18 PARKLEA Way THORNHILL PARK 3335
53314125984,24 FULHAM Circuit BACCHUS MARSH 3340
53314126264,68 SNOWBIRD Road WINTER VALLEY 3358
53314126537,18 BUTTERCUP Crescent ARMSTRONG CREEK 3217
53314126677,8 ALCYONE Street ARMSTRONG CREEK 3217
53314126810,8 DYMOCK Street HUNTLY 3551
53314126941,2 ATTRACTION Way MAMBOURIN 3024
53314127115,37 BIRDWOOD Drive ST LEONARDS 3223
53314127253,24 RUMBEE Crescent TARNEIT 3029
53314127385,7 HOWELL Crescent TRUGANINA 3029
53314127526,18 TERRIGAL Road TRUGANINA 3029
53314127659,12 MONDEGREEN Close WYNDHAM VALE 3024
53314127799,36 FRASER Street MOUNT PLEASANT 3350
53314127922,15 ANEMONE Walk ARMSTRONG CREEK 3217
53314128054,38 DEANSIDE Drive DEANSIDE 3336
53314128186,36 THYME Crescent FRASER RISE 3336
53314128350,14 KARKALLA Avenue MICKLEHAM 3064
53314128482,19 MONTENEGRO Crescent MOUNT DUNEED 3217
53314128617,16 ESMERALDA Avenue TARNEIT 3029
53314112933,38 BAYBERRY Street ARMSTRONG CREEK 3217
53313376479,68 LYNWOOD Drive THORNHILL PARK 3335
53313376604,67 WATTLEBIRD Court SUNSHINE NORTH 3020
53313376743,9 LIME Crescent DIGGERS REST 3427
53313376891,5 LUCHE Way MAIDEN GULLY 3551
53313377163,13 MAKEDONIA Street TARNEIT 3029
53313156980,10 DANA Drive TRUGANINA 3029
53313157129,28 BLACKWOOD Road LARA 3212
53313158597,78 ROYAL Road BRAYBROOK 3019
53313158853,8 COLE Street BRAYBROOK 3019
53313159950,90 LUGANO Avenue ALFREDTON 3350
53313160364,124 ESSEX Street PASCOE VALE 3044
53313160760,23 ADORI Street MARIBYRNONG 3032
53313161024,78 LUGANO Avenue ALFREDTON 3350
53313161165,4 BONSALLO Walk TARNEIT 3029
53313161296,16 BONSALLO Walk TARNEIT 3029
53313161429,5 OAK Grove ROMSEY 3434
53313161692,42 FRONTIER Circuit TARNEIT 3029
53313161958,10 OLEARIA Court LARA 3212
53313162087,156 LICENSE Road DIGGERS REST 3427
53313163036,9 STEWART Street BRAYBROOK 3019
53313163300,8 DHALLA Street THORNHILL PARK 3335
53313163977,26 SARATOGA Circuit DRYSDALE 3222
53313164231,4 THORN Road FRASER RISE 3336
53312766028,46A DUDLEY Street FOOTSCRAY 3011
53312768428,44 ALEXANDER Street AVONDALE HEIGHTS 3034
53312769187,2 ENFIELD Avenue WERRIBEE 3030
53312773972,17 PRATT Street MOONEE PONDS 3039
53312805140,15 DRINA Street STRATHMORE 3041
53313377568,14 BRASSWOOD Close WERRIBEE 3030
53313378105,37 BENTONS Way ARMSTRONG CREEK 3217
53313378235,7 BOLD FRONT Court MINERS REST 3352
53313378383,15 DOMINIQUE Street TRUGANINA 3029
53313378797,4 ENRICA Drive MELTON SOUTH 3338
53313379192,8 HEYSEN Way HUNTLY 3551
53313379621,28 MOONAH Circuit LARA 3212
53313380861,58 WALLANGARA Boulevard HARKNESS 3337
53313380993,19 ANGUL Parade DEANSIDE 3336
53313381397,41 PECHORA Street TRUGANINA 3029
53313381934,29 CURRUMBIN Street ARMSTRONG CREEK 3217
53313382205,22 CORVO Drive TRUGANINA 3029
53313382336,26 BROOKES Street FYANSFORD 3218
53313382880,7 GOSFIELD Drive WERRIBEE 3030
53313383540,6 JULIER Crescent HOPPERS CROSSING 3029
53313383672,2 MCCUBBIN Street HUNTLY 3551
53313383815,23 EUCALYPTUS Street JACKASS FLAT 3556
53313383946,4 SANDSPIT Walk ARMSTRONG CREEK 3217
53313384077,43 CHLOE Street TARNEIT 3029
53313384340,13 OVERALL Street LUCAS 3350
53313164902,41 NICHOLSON Crescent MEADOW HEIGHTS 3048
53313166107,5 TOWNLEY Boulevard WERRIBEE 3030
53313166245,27 ALTO Crescent GREENVALE 3059
53313166659,22 BLACKWOOD Road LARA 3212
53313167185,9 TYALLA Street WYNDHAM VALE 3024
53313167319,473 BLACKSHAWS Road ALTONA NORTH 3025
53313167440,94 RENNIE Street COBURG 3058
53313167580,9 WITHERS Street HUNTLY 3551
53313167846,17 WAVERTREE Crescent WERRIBEE 3030
53313167978,131 ALCOCK Road TRUGANINA 3029
53313168240,19 BOURNE Boulevard DENNINGTON 3280
53313168372,140 QUEEN Street ALTONA 3018
53313168507,1 TOURMALINE Street TARNEIT 3029
53313168654,68 EVERARD Street GLENROY 3046
53313408447,40 VERDALE Drive ALFREDTON 3350
53313409109,33 ELECTRA Drive WILLIAMS LANDING 3027
53313409924,28 SCATTER Road FRASER RISE 3336
53313410066,4 SILVER SMITH Drive KYNETON 3444
53313410207,380 MCGEORGE Road GISBORNE 3437
53313410486,8 MONTEREY Street ARMSTRONG CREEK 3217
53312776266,73 WESTGATE Street PASCOE VALE SOUTH 3044
53312779433,7 SPOTTED GUM Court CRAIGIEBURN 3064
53313057469,52 WEDGE TAIL Drive WINTER VALLEY 3358
53313058920,24 MILLS Crescent PORT FAIRY 3284
53313059184,11 STRATFORD Court GROVEDALE 3216
53313059457,9 AVAWARD Street WYNDHAM VALE 3024
53313059853,22A NORTHCOTE Road OCEAN GROVE 3226
53313060111,48 LUGANO Avenue ALFREDTON 3350
53312808077,10 FAWKNER Road PASCOE VALE 3044
53312809975,13 FRAMPTON Street LUCAS 3350
53312813720,4 RIVERSIDE Avenue KEILOR 3036
53313384878,10 LANGER Road DEANSIDE 3336
53313385002,9 SONATA Street WYNDHAM VALE 3024
53313385133,16 STEAMBOAT Avenue WINTER VALLEY 3358
53313385265,6 SOUTHLANDS Loop STRATHTULLOH 3338
53313385407,284A BLACKSHAWS Road ALTONA NORTH 3025
53313385538,115 JUSCELINA Drive CRAIGIEBURN 3064
53313385661,13 RESPECT Way TARNEIT 3029
53313386207,10 ALUTU Road TRUGANINA 3029
53313387277,3 AZALEA Way ROCKBANK 3335
53313387567,47 ESCARPMENT Drive FYANSFORD 3218
53313387988,5 BRISBANE Street LARA 3212
53313388128,16 CANADIAN Avenue WERRIBEE 3030
53313388382,37 PEAR Parade FRASER RISE 3336
53313388549,108 BONNIEBROOK Road BONNIE BROOK 3335
53313389951,24 WETHERBY Road WYNDHAM VALE 3024
53313390084,7 NOSILLA Street SMYTHES CREEK 3351
53313390218,18 JUMPS Street WINTER VALLEY 3358
53313390497,10 ORIENTEERING Drive GREENVALE 3059
53313390620,25 ESKDALE Street WERRIBEE 3030
53313390753,3 NOTTING Walk WYNDHAM VALE 3024
53313391420,9 MAYOPARK Street DEANSIDE 3336
53313391586,7 WHATMAN Street LUCAS 3350
53313392114,17 BUKOVO Street TARNEIT 3029
53313392244,3 OMETEPE Walk CRAIGIEBURN 3064
53313392384,12 MERCY Street TRUGANINA 3029
53313411732,12 TURIN Avenue DEANSIDE 3336
53313411997,1 STEADFIELD Circuit MELTON SOUTH 3338
53313412135,103 PALMDALE Crescent MAMBOURIN 3024
53313412522,64 MODESTO Drive TARNEIT 3029
53313412663,27 DANDELION Crescent ROCKBANK 3335
53313412795,72 REGENT Street STRATHFIELDSAYE 3551
53313413050,185 MOUNT PLEASANT Road HIGHTON 3216
53313413322,106 COUNTESS Drive ST LEONARDS 3223
53313413587,19 SUNNY Street SUNBURY 3429
53313413851,23 METROON Drive WEIR VIEWS 3338
53313414117,12 VERNAL Circuit MOUNT DUNEED 3217
53313414528,25 REJOICE Street TARNEIT 3029
53313414651,33 CANARY Drive ARMSTRONG CREEK 3217
53313414791,43 HOMAGE Avenue FRASER RISE 3336
53313415071,10 ELMWOOD Street DEANSIDE 3336
53313415344,19 PETUNIA Way FRASER RISE 3336
53313415619,56 KINGDOM Boulevard WEIR VIEWS 3338
53313415880,68 EAGLE Road ARMSTRONG CREEK 3217
53313416153,12 GUNNERSBURY Road WYNDHAM VALE 3024
53313416284,15 SWAIN Walk ST LEONARDS 3223
53313416425,20 ERASMUS Avenue CRAIGIEBURN 3064
53313416558,8 KNOWLES Street FYANSFORD 3218
53313416680,26 GALLEY Way ARMSTRONG CREEK 3217
53313416815,70 STRATUS Street TARNEIT 3029
53313416962,25 MAIDSTONE Way CHARLEMONT 3217
53313417092,16 KONARK Road BONNIE BROOK 3335
53313417357,7 MIGHTY Road SUNBURY 3429
53313418033,31 JURIFY Drive MINERS REST 3352
53313061083,14 ELLSON Street AINTREE 3336
53313062857,52 VIEW Street PASCOE VALE 3044
53313064127,47 MORLEY Street GLENROY 3046
53313065752,42 BRITANNIA Street GEELONG WEST 3218
53313065892,16 PARAMOUNT Boulevard WYNDHAM VALE 3024
53313066429,61 SHORTRIDGE Drive LUCAS 3350
53313066692,74 RESTFUL Way ROCKBANK 3335
53313066825,14A LAWRENCE Street ARDEER 3022
53313066973,10 FENACRE Street STRATHMORE 3041
53313067244,7 BICKERTON Street WERRIBEE 3030
53313067519,6 ARID Close FRASER RISE 3336
53312817185,17 CHURCHILL Street WARRNAMBOOL 3280
53313091436,3 STONE PINE Court CONNEWARRE 3227
53313091701,62A DERBY Street MOONEE PONDS 3039
53313091832,37 TAO Circuit GREENVALE 3059
53313091972,2 EARL Street BACCHUS MARSH 3340
53313092104,58 SHORTRIDGE Drive LUCAS 3350
53313092234,28 LORIKEET Court SUNSHINE NORTH 3020
53313092367,113 WOODSWALLOW Entrance SUNSHINE NORTH 3020
53313092509,26 LORIKEET Court SUNSHINE NORTH 3020
53313094388,24 WINIFRED Street ESSENDON 3040
53313630281,28 PENVER Terrace WERRIBEE 3030
53313630430,26 DUTCH Road SUNBURY 3429
53313630563,3 MELISSA Street TARNEIT 3029
53313630992,22 RESTFUL Way ROCKBANK 3335
53313631158,35 SCOTTSDALE Street CHARLEMONT 3217
53313631289,7 JOHNSTONE Street EAST BENDIGO 3550
53313631420,9 HERTALI Street TRUGANINA 3029
53313631711,17 PILLINGER Walk WERRIBEE 3030
53313631842,11 PARROT Street WINTER VALLEY 3358
53313631982,40 SIRIANNI Boulevard FRASER RISE 3336
53313632120,5 JOONDALUP Street STRATHTULLOH 3338
53313632717,18 HELWANI Walk TRUGANINA 3029
53313632848,28 HUNTINGFIELD Street THORNHILL PARK 3335
53313632970,4 BLEBY Mews TARNEIT 3029
53313633104,10 NOVA Walk MOUNT DUNEED 3217
53313633517,10 SILA Road WERRIBEE 3030
53313633788,5 EDIFICE Drive TARNEIT 3029
53313634076,14 ABARTH Grove BURNSIDE 3023
53313634200,44 JARLATH Drive MAMBOURIN 3024
53313634365,20 ANDERSON Street TORQUAY 3228
53313634646,4 SURROUND Circuit BONNIE BROOK 3335
53313634778,64 WHITECROSS Drive THORNHILL PARK 3335
53313635173,12 SHALE Road WERRIBEE 3030
53313635307,14 OMAR Street WYNDHAM VALE 3024
53313635604,6 COCKERELL Street TARNEIT 3029
53313635743,24 XENOLITH Drive CRAIGIEBURN 3064
53313635875,10 HILDERBRAND Court SEBASTOPOL 3356
53313636017,15 MILSOM Avenue FRASER RISE 3336
53313636164,18 LINBURN Street THORNHILL PARK 3335
53313636295,9 RESPECT Way TARNEIT 3029
53313636569,12 BAROLO Loop SUNBURY 3429
53313637113,10 MONTAGNA Circuit ARMSTRONG CREEK 3217
53313637649,40 FLUME Street LARA 3212
53313418420,58 NAVIGATION Road TARNEIT 3029
53313418561,12 NAMATJIRA Boulevard HUNTLY 3551
53313418703,21 PAZZANO Mews TRUGANINA 3029
53313419254,21 DALGLISH Street DEANSIDE 3336
53313419668,3 KELMSCOTT Way WERRIBEE 3030
53313420344,15 HIGGINS Walk ST ALBANS 3021
53313420484,7 HIGGINS Walk ST ALBANS 3021
53313421014,43 RALEIGH Circuit ARMSTRONG CREEK 3217
53313421540,9 WINTON Drive FRASER RISE 3336
53313421672,20 RIO Way TRUGANINA 3029
53313421815,8 HURON Road CRAIGIEBURN 3064
53313422209,3 TURIN Avenue DEANSIDE 3336
53313422348,4 BLACKALL Street TRUGANINA 3029
53313422629,41 MAREMMANO Crescent TAYLORS LAKES 3038
53313423734,8 BELLBIRD Street KURUNJANG 3337
53313423867,12 YEARLING Promenade WERRIBEE 3030
53313662044,36 LEAFY Street LARA 3212
53313662184,13 COTTONWOOD Road DIGGERS REST 3427
53313662465,39 ORIENTATION Avenue TARNEIT 3029
53313662738,6 FULHAM Circuit BACCHUS MARSH 3340
53313662861,16 SKALKOZ Street WILLIAMS LANDING 3027
53313662993,9 CONSTANT Avenue WERRIBEE 3030
53313663265,49 OASIS Drive MOUNT DUNEED 3217
53313663653,7 GALWAY Street MANOR LAKES 3024
53313068319,25 TELOPEA Road CRAIGIEBURN 3064
53313068986,39 LUGANO Avenue ALFREDTON 3350
53313069266,134 SHORTRIDGE Drive LUCAS 3350
53313069539,11 SCARLET Walk TARNEIT 3029
53313069951,27B RIVER Street MARIBYRNONG 3032
53313070497,32 FRONTIER Circuit TARNEIT 3029
53313071834,12 DEBUT Avenue TARNEIT 3029
53313095329,21 STORRER Avenue TORQUAY 3228
53313095452,75 BRIGHT Street TORQUAY 3228
53313095584,26 HELENIC Drive GREENVALE 3059
53313095733,18 PONY Drive GREENVALE 3059
53313097457,37 STORRER Avenue TORQUAY 3228
53313097714,45 FIELDS Street AINTREE 3336
53313098397,18 TELOPEA Road CRAIGIEBURN 3064
53313098934,115 SHORTRIDGE Drive LUCAS 3350
53313099066,138 WOODSWALLOW Entrance SUNSHINE NORTH 3020
53313100980,40 LUGANO Avenue ALFREDTON 3350
53313101658,24 RANCE Road DELACOMBE 3356
53313637914,5 THIRLMERE Place TRUGANINA 3029
53313638044,15 SAMPFORD Street ARMSTRONG CREEK 3217
53313638184,6 COTTON Circuit GISBORNE 3437
53313638449,4 CROWLANDS Circuit EYNESBURY 3338
53313638571,8 WEDGE TAIL Court LARA 3212
53313638738,16 VASSE Circuit MOUNT DUNEED 3217
53313638878,34 LOMBARDY Walk DEANSIDE 3336
53313639002,9 VANDELAY Avenue CHARLEMONT 3217
53313639133,14 MILOS Court FRASER RISE 3336
53313639272,8 WALLANGARA Boulevard HARKNESS 3337
53313639546,13 PORTRAIT Street MAMBOURIN 3024
53313639694,25 SORELL Street ARMSTRONG CREEK 3217
53313639968,27 ADLINGTON Avenue GREENVALE 3059
53313640091,9 CORREA Street MOUNT DUNEED 3217
53313640223,543 GREEN HILL Road EYNESBURY 3338
53313640364,8 HARROGATE Lane DRYSDALE 3222
53313640496,18 AITKEN Street WILLIAMSTOWN 3016
53313640752,4 LEDGER Street TRUGANINA 3029
53313640902,31 CROP Drive FRASER RISE 3336
53313641040,1 ARDHA Road TARNEIT 3029
53313641180,4 CLAYTON Street LARA 3212
53313641314,19 WEBB Street MAMBOURIN 3024
53313641453,42 TULLA Circuit BURNSIDE 3023
53313641710,129 PASKAS Drive FRASER RISE 3336
53313641874,17 OMAR Street WYNDHAM VALE 3024
53313642014,13 FAULKS Street BONNIE BROOK 3335
53313642145,37 CRADLE Circuit MANOR LAKES 3024
53313642401,18 SILVEREYE Street TORQUAY 3228
53313642540,296 HIGHLANDER Drive CRAIGIEBURN 3064
53313642672,45 LOUVRE Road BONNIE BROOK 3335
53313642946,94 MERINDAH Boulevard DEANSIDE 3336
53313643093,110 ODYSSEY Boulevard TARNEIT 3029
53313643225,4 ADAGIO Road STRATHTULLOH 3338
53313643358,12 CHARLESTON Road DEANSIDE 3336
53313643480,13 RAAM Circuit ARMSTRONG CREEK 3217
53313644026,1 SECLUDED Place KANGAROO FLAT 3555
53313644167,98 INGLENOOK Circuit ARMSTRONG CREEK 3217
53313644316,12 BRAMFORD Crescent TRUGANINA 3029
53313644851,5 LIGHTFOOT Way DEANSIDE 3336
53313645018,18 MAY Drive GISBORNE 3437
53313645165,69 TRICKETT Drive TRUGANINA 3029
53313664066,35 FLUME Street LARA 3212
53313664346,56 COMMUNAL Road WYNDHAM VALE 3024
53313664603,35 APRICOT Circuit TARNEIT 3029
53313664734,15 GARNER Grove ROCKBANK 3335
53313665016,7 MCGEACHIN Street LUCAS 3350
53313665286,5 AUBURN Crescent BACCHUS MARSH 3340
53313665700,9 BUTCHERBIRD Parade WINTER VALLEY 3358
53313666113,16 MAHONEY Drive TARNEIT 3029
53313666243,20 JERNIGAN Road TARNEIT 3029
53313666375,253 STONEHILL Drive MADDINGLEY 3340
53313666617,25 SAMPFORD Street ARMSTRONG CREEK 3217
53313666764,6 KOSTAS Street SUNBURY 3429
53313667027,483 OHALLORANS Road LARA 3212
53313667168,8 WARDE Street FOOTSCRAY 3011
53313667299,35 LISTOWEL Grove ROCKBANK 3335
53313667563,14 PURI Street WERRIBEE 3030
53313667705,50 HUNTINGFIELD Street THORNHILL PARK 3335
53313667976,5 MITIAMO Street EYNESBURY 3338
53313668100,6 CAVA Circuit SUNBURY 3429
53313668256,487 OHALLORANS Road LARA 3212
53313668396,27 WATERFERN Street FRASER RISE 3336
53313668529,13 KIMBALL Street SMYTHES CREEK 3351
53313668660,17 GALLEY Way ARMSTRONG CREEK 3217
53313668802,23 CALLANISH Street TRUGANINA 3029
53313668941,88 KINGDOM Boulevard WEIR VIEWS 3338
53313669080,25 FRITELLI Circuit WYNDHAM VALE 3024
53313669214,2 TRIM Place LARA 3212
53313669361,7 KARDAK Street TARNEIT 3029
53313669493,6 GLYNN Avenue ALTONA NORTH 3025
53313669899,54 SURROUND Drive MAMBOURIN 3024
53313670156,7 DEAKIN Avenue ALTONA NORTH 3025
53313670287,7 MURRAY Street GLENROY 3046
53313670428,22 CAMPBELL Street WARRNAMBOOL 3280
53313670576,15 WIRILDA Street TORQUAY 3228
53313670998,60 BIRREGURRA Drive TARNEIT 3029
53313671146,5 ANGASTON Circuit BACCHUS MARSH 3340
53313671277,23 PRATHAM Street TARNEIT 3029
53313671402,17 NECTAR Drive MOUNT DUNEED 3217
53312203196,176 SINCLAIR Street COLAC 3250
53313102191,3 TELOPEA Road CRAIGIEBURN 3064
53313103802,21 PONY Drive GREENVALE 3059
53313103982,414 MAIN Road ST ALBANS 3021
53313104386,33 LUGANO Avenue ALFREDTON 3350
53313104917,21 SANDPIPER Avenue WINTER VALLEY 3358
53314097200,4 RITA Crescent BROOKFIELD 3338
53314097489,37 SORBUS Street TARNEIT 3029
53314097614,4 BARMAH Way EYNESBURY 3338
53314097745,21 IRINA Road GREENVALE 3059
53314097893,17 DARRAGAN Road TARNEIT 3029
53314098025,30 MISO Road WYNDHAM VALE 3024
53314098297,19 TOLKIEN Drive MAMBOURIN 3024
53314098438,11 DOTTEREL Street GREENVALE 3059
53314098561,11 SUNPEAKS Street WINTER VALLEY 3358
53314098693,19 SAMA Promenade TRUGANINA 3029
53314098826,10 LOQUAT Street LARA 3212
53314098974,7 TRAPDOOR Street WYNDHAM VALE 3024
53314099108,14 VERDAY Boulevard TARNEIT 3029
53314099238,27 ROMANESQUE Drive DEANSIDE 3336
53314099361,704 GRAND Boulevard MICKLEHAM 3064
53314099642,56 SNOWBIRD Road WINTER VALLEY 3358
53314099790,10 IMITATION Road TARNEIT 3029
53314100064,41 HUTCHINSON Drive LUCAS 3350
53314100328,54 MONTEGO Boulevard SUNBURY 3429
53314100451,77 MONTMARTE Boulevard BURNSIDE 3023
53314100591,24 WINERY Street MOUNT DUNEED 3217
53314100989,68 JAGGED Circuit TARNEIT 3029
53314101129,27 ORLOV Street AINTREE 3336
53314101251,21 BLACKWOOD Drive HUNTLY 3551
53314101391,12 BLOOMFIELD Road THORNHILL PARK 3335
53314101665,12 DARRAGAN Road TARNEIT 3029
53313645560,9 AJAX Way BONNIE BROOK 3335
53313645981,51 FUCHSIA Drive ROCKBANK 3335
53313646115,39 KRATERON Street FRASER RISE 3336
53313869282,18 DARMAC Street MOUNT DUNEED 3217
53313869417,21 AQUA Walk ALTONA NORTH 3025
53313869548,554 BROOKFIELD Boulevard MICKLEHAM 3064
53313869696,407 MARACANA Avenue MANOR LAKES 3024
53313869837,20 SPRIGHTLY Street WYNDHAM VALE 3024
53313869960,13 PRIMARY Road TARNEIT 3029
53313870103,12 MEWAT Circuit THORNHILL PARK 3335
53313870233,4 MARLEY Street TARNEIT 3029
53313870381,71 COURTENAY Promenade FRASER RISE 3336
53313870516,7 GRAMERCY Place STRATHTULLOH 3338
53313870655,14 BRUSHTON Street MANOR LAKES 3024
53313870928,5 EMBER Road MADDINGLEY 3340
53313871068,62 TOWER Street THORNHILL PARK 3335
53313871488,8 WOODLAND Street LARA 3212
53313871744,20 LINKAGE Street BONSHAW 3352
53313871876,1 BENSON Drive WERRIBEE 3030
53313872016,38 SURROUND Circuit BONNIE BROOK 3335
53313872286,29 FUJI Drive TRUGANINA 3029
53313872740,27 DELAWARR Parade HUNTLY 3551
53313872872,119 ASCOT GARDENS Drive BONSHAW 3352
53313873006,23 KNABSTRUPPER Street AINTREE 3336
53313873145,55 ARARAT Street TRUGANINA 3029
53313873276,22 ASHFORDBY Street BONNIE BROOK 3335
53313873419,12 KYLIE Close DEANSIDE 3336
53313873540,63 FERONIA Avenue TARNEIT 3029
53313873680,1152 DOHERTYS Road TARNEIT 3029
53313873815,16 MARION Street BONSHAW 3352
53313873946,161 WARATAH Road HUNTLY 3551
53313874093,28 NOEL Way TARNEIT 3029
53313874498,6 GRAYMORE Street TARNEIT 3029
53313874762,1 CHILHAM Road DEANSIDE 3336
53313874904,55 WATERFERN Street FRASER RISE 3336
53313875034,2 RANNI Place BONNIE BROOK 3335
53313875167,52 KILCUNDA Drive TRUGANINA 3029
53313875447,8 SENDOCK Parade HUNTLY 3551
53313875579,17 BLOSSOM Drive MADDINGLEY 3340
53313875704,14 VALIANT Crescent CRAIGIEBURN 3064
53313875975,10 YOUYANGS Street TRUGANINA 3029
53313671673,469 OHALLORANS Road LARA 3212
53313671808,2 BERTRAND Drive DENNINGTON 3280
53313671939,9 KEMPSEY Walk ARMSTRONG CREEK 3217
53313672076,68 CROWLANDS Circuit EYNESBURY 3338
53313672200,20 MATTINA Circuit GREENVALE 3059
53313672331,33 CHLOE Street TARNEIT 3029
53313672464,4 GIZA Street BONNIE BROOK 3335
53313672745,26 CLAUDIA Crescent KURUNJANG 3337
53313672877,4 RYEGRASS Street COBBLEBANK 3338
53313673001,7 CONONDALE Avenue TRUGANINA 3029
53313673420,78 PHOENIX Road ALTONA NORTH 3025
53313673553,62 KYLE Road ALTONA NORTH 3025
53313673959,67 PHOENIX Road ALTONA NORTH 3025
53313674220,13 LEMON Street ALFREDTON 3350
53313674353,5 SORBUS Street TARNEIT 3029
53313674485,22 SCANLON Street LUCAS 3350
53313674610,5 HUTTON Street DEANSIDE 3336
53313674767,20 ROAMING Drive FRASER RISE 3336
53313675021,20 FRIESIAN Avenue TAYLORS LAKES 3038
53313675162,69 TANNINBRAE Drive SUNBURY 3429
53313675303,12 ARAGON Road TARNEIT 3029
53313675434,2 TIMOR Walk EYNESBURY 3338
53313675567,13 OPULENCE Avenue FRASER RISE 3336
53313675699,10 ISOLA Mews TARNEIT 3029
53313675830,21 ZEAL Road WINTER VALLEY 3358
53313675988,14 GOWAR Road TARNEIT 3029
53313676112,25 MITIAMO Street EYNESBURY 3338
53313676242,20 ANNA Road FRASER RISE 3336
53313676390,79 BASTEN Avenue DEANSIDE 3336
53313676656,242 BALLARAT-CARNGHAM Road ALFREDTON 3350
53313676788,57 MARADONA Boulevard DEANSIDE 3336
53313676929,22 CHANDLER Street SMYTHES CREEK 3351
53313677050,9 KELLEHER Way DENNINGTON 3280
53313677182,116 LOLLIPOP Crescent SUNBURY 3429
53313677316,18 BRASSWOOD Close WERRIBEE 3030
53313677463,6 DENNISON Street DEANSIDE 3336
53313677605,58 GUTHRIE Drive MELTON SOUTH 3338
53313677736,13 PENVER Terrace WERRIBEE 3030
53313901139,99 MAMIC Boulevard FRASER RISE 3336
53313901261,3 VILLANDRY Street ROXBURGH PARK 3064
53313901403,43 PASKAS Drive FRASER RISE 3336
53313901534,40 WHITES Lane CRAIGIEBURN 3064
53313901799,25 FELICIA Road WILLIAMSTOWN NORTH 3016
53313901948,21 WEBB Road BONSHAW 3352
53313902085,36 CRIB Street TARNEIT 3029
53313902259,10 DELORAINE Street ARMSTRONG CREEK 3217
53313902381,5 WILBY Walk WYNDHAM VALE 3024
53312212295,336 MCIVOR Highway JUNORTOUN 3551
53312213426,18-19 GYPSY Court OCEAN GROVE 3226
53312491833,13 AYLESBURY Terrace WERRIBEE 3030
53314101938,11 FLOW Way ARMSTRONG CREEK 3217
53314102075,133 DRYLAND Boulevard MICKLEHAM 3064
53314102272,19 DABINETT Street TARNEIT 3029
53314102407,12 SIDDELL Road GREENVALE 3059
53314102538,265 CUTHBERTS Road LUCAS 3350
53314102661,132 MEDALLION Boulevard TARNEIT 3029
53314102934,13 MISO Road WYNDHAM VALE 3024
53314103073,55 HAMS Road WAURN PONDS 3216
53314103354,49 RANGELAND Street MAMBOURIN 3024
53314103486,1 YUCCA Street WYNDHAM VALE 3024
53314103742,35 RICHEY Promenade GISBORNE 3437
53314104016,88 THURLING Parade LUCAS 3350
53314104155,10 MINTBUSH Street MAMBOURIN 3024
53314104304,325 PATULLOS Road LARA 3212
53314104451,24 TAWNY Street FRASER RISE 3336
53314104591,12 LILLY PILLY Way MOUNT DUNEED 3217
53314104724,56 GATEAU Drive WERRIBEE 3030
53314104857,21 HAROLD Street DEANSIDE 3336
53314104997,17 RANGIPO Street TRUGANINA 3029
53314105145,8 UTOPIA Way WEIR VIEWS 3338
53314105540,22 SAMA Promenade TRUGANINA 3029
53314105672,22 BLACKWOOD Drive HUNTLY 3551
53314105807,39 RUMBEE Crescent TARNEIT 3029
53314106085,10 NEVADO Drive TRUGANINA 3029
53314106219,18 FAWCETT Road LUCAS 3350
53314106340,55 GAITS Drive TARNEIT 3029
53314106472,65 MICROPORA Drive WYNDHAM VALE 3024
53314106615,15 BERKELEY Drive ARMSTRONG CREEK 3217
53314106762,30 GANGUR Way FRASER RISE 3336
53314106904,14 POWDERBARK Crescent MICKLEHAM 3064
53314107033,12 GRADED Street MANOR LAKES 3024
53314107321,18 POWDERBARK Crescent MICKLEHAM 3064
53314107454,5 SUPERB Road WYNDHAM VALE 3024
53314107586,36 WORN Road CHARLEMONT 3217
53314107727,18 MONA Circuit BURNSIDE 3023
53314107850,24 POWDERBARK Crescent MICKLEHAM 3064
53314108116,22 MODULAR Street CHARLEMONT 3217
53314108254,4 UPLANDS Crescent MELTON SOUTH 3338
53314108386,28 COWAL Street TRUGANINA 3029
53314108511,1 LAXMI Avenue WERRIBEE 3030
53314108642,17 MONTENEGRO Crescent MOUNT DUNEED 3217
53314108782,83 EVERBLOOM Crescent TARNEIT 3029
53314108917,23 ELLISBURG Street MANOR LAKES 3024
53314109047,8 ILLUSTRATION Avenue MAMBOURIN 3024
53314109179,7 NOLAN Street AINTREE 3336
53314109311,100 UPLANDS Crescent WEIR VIEWS 3338
53313876109,14 CRIB Street TARNEIT 3029
53313876239,8 UTTAR Way ROCKBANK 3335
53313876387,17 LAKEVIEW Drive LARA 3212
53313876512,28 BONITO Street MELTON SOUTH 3338
53313876643,8 COSGROVE Street TARNEIT 3029
53313876775,5 VILLAGE Walk SOUTH KINGSVILLE 3015
53313876918,79 HIGHLINE Boulevard TRUGANINA 3029
53313877179,36 PROSECCO Street TARNEIT 3029
53313877311,35 POLLEN Road TARNEIT 3029
53313877450,58 INNOVATION Avenue ROCKBANK 3335
53313877582,46 FERONIA Avenue TARNEIT 3029
53313877717,11 MISTLETOE Drive STRATHTULLOH 3338
53313877856,53 HARRIER Circuit DEANSIDE 3336
53313877996,105 PLANE Avenue MAMBOURIN 3024
53313878128,30 PALEY Street CHARLEMONT 3217
53313878250,18 LAVAL Street WYNDHAM VALE 3024
53313878390,84 SURROUND Circuit BONNIE BROOK 3335
53313878531,103 WHITES Road MOUNT DUNEED 3217
53313878796,43 CLIPSTONE Crescent FRASER RISE 3336
53313879076,8 ALKINGTON Way WERRIBEE 3030
53313879200,10 GLOSSODIA Way MICKLEHAM 3064
53313879331,8 DUNGENE Way THORNHILL PARK 3335
53313879464,11 TOLKIEN Drive MAMBOURIN 3024
53313879606,7 ALKINGTON Way WERRIBEE 3030
53313879860,2 KEYOLAH Court MCKENZIE HILL 3451
53313880142,2A JACOBENA Road MELTON SOUTH 3338
53313880273,17 WILLOWBARK Boulevard SUNSHINE NORTH 3020
53313880408,20 ELISE Street GREENVALE 3059
53313880539,35 BRUSHBOX Street SUNSHINE NORTH 3020
53313880679,11 RIBBONWOOD Crescent SUNSHINE NORTH 3020
53313880804,39 RIBBONWOOD Crescent SUNSHINE NORTH 3020
53313880935,55 RIBBONWOOD Crescent SUNSHINE NORTH 3020
53313881074,24 MUNRO Drive CHARLEMONT 3217
53313881347,5 HUSK Road TARNEIT 3029
53313881479,13 TEXEL Road MAMBOURIN 3024
53313881612,84 KENSINGTON Boulevard SMYTHES CREEK 3351
53313881751,7 VICKERS Way SUNSHINE NORTH 3020
53313881883,7 ALDGATE Street FRASER RISE 3336
53313882015,32 PRUNUS Crescent FRASER RISE 3336
53313882146,10 FUTURA Street BURNSIDE 3023
53313882541,12 SONIA Crescent GREENVALE 3059
53313882673,20 STONNEYBURN Road THORNHILL PARK 3335
53313882816,31 SPROUT Drive TARNEIT 3029
53313882996,37 WATTLEBIRD Drive LARA 3212
53313883128,37 ANTHER Avenue TARNEIT 3029
53313883250,11 LEIST Street HUNTLY 3551
53313883390,8 HALCYON Road DEANSIDE 3336
53313883523,38 ZLATAN Way FRASER RISE 3336
53313902522,34 CARISBROOK Crescent WINTER VALLEY 3358
53313902795,15 RANGIPO Street TRUGANINA 3029
53313903075,2 NITRE Street MANOR LAKES 3024
53313903249,16 EMPTY Road SUNBURY 3429
53313903514,12 NUNDA Way MANOR LAKES 3024
53313903653,5 TRAYNOR Street TARNEIT 3029
53313903785,57 PATRIOT Crescent SMYTHES CREEK 3351
53313903926,17 ZLATAN Way FRASER RISE 3336
53313904058,12 DUNGENE Way THORNHILL PARK 3335
53313904346,24 RAINDROP Circuit FRASER RISE 3336
53313904486,16 RUTHVEN Way MAMBOURIN 3024
53313904611,70 MONCRIEFF Crescent WANDANA HEIGHTS 3216
53313904768,10 TAIHU Road WYNDHAM VALE 3024
53313904890,25 JUMP Road FRASER RISE 3336
53313905022,9 DUNLEVY Street TRUGANINA 3029
53313905155,9 BREEZY Circuit WERRIBEE 3030
53313905294,42 MUSTANG Circuit BONNIE BROOK 3335
53313905427,21 DAVENPORT Street ARMSTRONG CREEK 3217
53313905550,10 LUXFORD Court STRATHDALE 3550
53313905690,5 FLAG Boulevard TARNEIT 3029
53313905971,25 SILVERDALE Drive ROMSEY 3434
53313906235,52 COBUNGRA Road WEIR VIEWS 3338
53313906375,48 GILROY Crescent CHARLEMONT 3217
53313906500,40 LISTON Avenue TARNEIT 3029
53313906649,2 KYAH Street FRASER RISE 3336
53313906914,35 SOCIAL Street TARNEIT 3029
53313907043,24 TAXON Road WEIR VIEWS 3338
53313907218,16 KALAMUNDRA Drive WERRIBEE 3030
53313907365,22 ETNA Road TRUGANINA 3029
53313907507,20 THYRIDIA Street MICKLEHAM 3064
53313907745,20 DUNPHY Street TARNEIT 3029
53313907877,17 EASTRIDGE Street GREENVALE 3059
53313908025,27 PEDIRKA Road TRUGANINA 3029
53313908297,33 TABULA Road TARNEIT 3029
53313908438,6 RUISLIP Grove WERRIBEE 3030
53313908594,27 MAYWOOD Road MANOR LAKES 3024
53313908743,2 MARSDEN Way LARA 3212
53313908875,27 PINTAIL Drive MELTON SOUTH 3338
53313909009,30 COTTONWOOD Avenue GREENVALE 3059
53313909148,7 THYRIDIA Street MICKLEHAM 3064
53313909287,12 LEEWARD Drive TARNEIT 3029
53313909543,58 LILLROSE Drive CHARLEMONT 3217
53313909675,20 MITIAMO Street EYNESBURY 3338
53313909818,115 POLLY Parade TARNEIT 3029
53313910080,52 SHILLINGS Road MAMBOURIN 3024
53313910214,3 FELICIA Road WILLIAMSTOWN NORTH 3016
53314109442,67 TOWER Street THORNHILL PARK 3335
53314109574,37 HUTCHINSON Drive LUCAS 3350
53314109856,31 RUMBEE Crescent TARNEIT 3029
53314109988,3 OPULENCE Avenue FRASER RISE 3336
53314110114,49 ALLANSFORD Crescent ARMSTRONG CREEK 3217
53314110252,64 BUTTERFLY Crescent MICKLEHAM 3064
53314110392,7 SECHURA Road TRUGANINA 3029
53314110525,24 MANCHADO Street TARNEIT 3029
53314110666,69 SAMPHIRE Drive CONNEWARRE 3227
53314111078,33 WARHAWKE Road AINTREE 3336
53314111202,17 MEDITERRANEAN Street DEANSIDE 3336
53314111333,78 ARARAT Street TRUGANINA 3029
53314111473,65 SHELTERBELT Avenue WEIR VIEWS 3338
53314111608,17 BURRAWANG Loop MICKLEHAM 3064
53314111739,3 GANGUR Way FRASER RISE 3336
53314112132,9 ATACAZO Avenue TRUGANINA 3029
53314112264,3 AGNEW Walk TRUGANINA 3029
53314112406,6 PINATUBO Street TRUGANINA 3029
53313360764,38 WINGED FOOT Drive SUNSHINE NORTH 3020
53313361853,38 ALCOCK Road TRUGANINA 3029
53313361985,7 MALTA Road CRAIGIEBURN 3064
53313362117,12 GLEESON Way DEANSIDE 3336
53313362387,7 BICTON Street WERRIBEE 3030
53313363056,18 GALLERY Walk MOUNT DUNEED 3217
53313363336,32 BRYGEE Close SUNSHINE NORTH 3020
53313364269,19 BELLBIRD Street KURUNJANG 3337
53313883664,18 MINDIL Street ARMSTRONG CREEK 3217
53313883814,80 BLUEBOTTLE Parade ROCKBANK 3335
53313884218,13 OWLET Street TARNEIT 3029
53313884489,4 INTERLAKEN Avenue MANOR LAKES 3024
53313884620,26 STONNEYBURN Road THORNHILL PARK 3335
53313884761,11 STRUTH Road WARRNAMBOOL 3280
53313884893,163 SARIC Street FRASER RISE 3336
53313137575,15 COOLBINIA Avenue WERRIBEE 3030
53313138490,3 LONGAN Street TRUGANINA 3029
53313138649,65 MELBOURNE Avenue GLENROY 3046
53313139480,42522 ANDERSON Road SUNBURY 3429
53313139754,2 MILLEARA Road KEILOR EAST 3033
53313140556,72 GRAINGER Parade LUCAS 3350
53313140960,30 ALEXANDRA Street PASCOE VALE 3044
53313141389,5 DAVY Street WOODEND 3442
53313142097,10 STANLAKE Street FOOTSCRAY 3011
53313142229,180B GEELONG Road FOOTSCRAY 3011
53313143161,31 ADORI Street MARIBYRNONG 3032
53313143292,21 SASHA Crescent TRUGANINA 3029
53313910353,3 WONDROUS Boulevard TARNEIT 3029
53313910626,21 CUSHION Way TARNEIT 3029
53313910759,13 REDCRAZE Road BONNIE BROOK 3335
53313911021,135 BURVILLES Road ARMSTRONG CREEK 3217
53313911154,10 GREENMONT Road WYNDHAM VALE 3024
53313911285,12 VELVET Avenue ROCKBANK 3335
53313911434,10 ZIERIA Street DIGGERS REST 3427
53313911574,41 PRANA Way WERRIBEE 3030
53313911709,18 RODWAY Walk TARNEIT 3029
53313911996,33 EVERBLOOM Crescent TARNEIT 3029
53313912134,11 LILLYPILLY Street FRASER RISE 3336
53313912266,28 BROCKWOOD Street DEANSIDE 3336
53313912398,36 SHELTERBELT Avenue WEIR VIEWS 3338
53313912539,5 RINDLE Street LARA 3212
53313912662,80 COSGROVE Drive MADDINGLEY 3340
53313912935,44 ARARAT Street TRUGANINA 3029
53313913074,24 GATHERING Grove TARNEIT 3029
53313913347,13 CAPARI Walk ROCKBANK 3335
53313913487,3 BACALL Street TRUGANINA 3029
53313913628,56 FARRIER Boulevard FRASER RISE 3336
53313913751,19 BERNER Avenue TARNEIT 3029
53313913883,24 BROCKWOOD Street DEANSIDE 3336
53313914017,48 MAIN Street AINTREE 3336
53313914156,67 DELL Boulevard FYANSFORD 3218
53313914295,2 PATELY Place LARA 3212
53313914436,43 IRVINGTON Road MANOR LAKES 3024
53313914569,15 DRYANDRA Street MANOR LAKES 3024
53313914965,4 HYGEIA Avenue WILLIAMSTOWN NORTH 3016
53313915096,30 SALSOLA Road MICKLEHAM 3064
53313915236,17 CORMORANT Grange WINTER VALLEY 3358
53313915369,85 MORNINGTON Avenue TARNEIT 3029
53313915491,7 HENDRY Drive SUNBURY 3429
53313915624,12 ADENMORE Circuit DEANSIDE 3336
53313915765,18 PALLADIAN Avenue CHARLEMONT 3217
53313915897,73 GAMBLE Way ST LEONARDS 3223
53313916557,5 SILIQUA Street TARNEIT 3029
53313916689,14 WOROPE Street WYNDHAM VALE 3024
53313916820,42 PALETTE Street MAMBOURIN 3024
53313169181,6 LANA Drive JACKASS FLAT 3556
53313169315,12 CORELLA Walk MAIDSTONE 3012
53313169446,14 KNIGHT Street MADDINGLEY 3340
53313169578,8 OSBERT Street SUNSHINE 3020
53312779987,18 LENORE Crescent WILLIAMSTOWN 3016
53312780284,17 HENDERSON Road TULLAMARINE 3043
53313364391,77 VERDALE Drive ALFREDTON 3350
53313364807,11 BUNCE Court FYANSFORD 3218
53313365381,36 VEL Street DEANSIDE 3336
53313366217,74 WINGED FOOT Drive SUNSHINE NORTH 3020
53313366348,64 TOWNLEY Boulevard WERRIBEE 3030
53313366470,114 BONNIEBROOK Road BONNIE BROOK 3335
53313366827,12 GOSFIELD Drive WERRIBEE 3030
53313367741,92 LUGANO Avenue ALFREDTON 3350
53313368015,31 LIME Crescent DIGGERS REST 3427
53313368277,5 CRESWELL Place STRATHTULLOH 3338
53313368410,12 TROOPER Avenue SUNBURY 3429
53313368996,7 SCATTER Road FRASER RISE 3336
53313369128,3 LYLE Lane AINTREE 3336
53313369382,4 MULLINGAR Drive ALFREDTON 3350
53313369523,9 MUNOZ Walk WYNDHAM VALE 3024
53313369788,29 MADIGAN Road LANCEFIELD 3435
53313369913,31 RACING Way WINTER VALLEY 3358
53313370193,21 CARDAMON Street ARMSTRONG CREEK 3217
53313370481,5 HERTALI Street TRUGANINA 3029
53313370763,49 WATTLEBIRD Court SUNSHINE NORTH 3020
53313143698,21 HOWKINS Avenue WINTER VALLEY 3358
53313143821,18 ABBOTSWICK Circuit WILLIAMS LANDING 3027
53313143954,17 ACOTANGO Avenue TRUGANINA 3029
53313144103,28 NORTHCOTT Street MELTON SOUTH 3338
53313145330,20 NORTHAM Street MAMBOURIN 3024
53313145595,33 CALLISTEMON Circuit LARA 3212
53313146149,32 CLEAR Drive TARNEIT 3029
53313146684,3 GRANLAND Way LUCAS 3350
53313146958,11 BLACKWOOD Road LARA 3212
53313149092,16 SHEOAK Street EPSOM 3551
53313149232,13 MUSTER Drive AINTREE 3336
53313149539,16 MULLINGAR Drive ALFREDTON 3350
53313170100,14 RUSTY Rise BROWN HILL 3350
53313170901,17 BASTEN Avenue DEANSIDE 3336
53313171031,636 HOGANS Road TARNEIT 3029
53313172013,29C THOMSON Street MAIDSTONE 3012
53313172144,180 BELL Street COBURG 3058
53313172814,27 KAMALA Drive TARNEIT 3029
53313172961,7 ERASMUS Avenue CRAIGIEBURN 3064
53313173497,22 SHORTS Road COBURG NORTH 3058
53313173638,39 CROWN Drive FRASER RISE 3336
53313173761,46 FLANNERY Circuit CHARLEMONT 3217
53313174868,33 STRATUS Street TARNEIT 3029
53313175668,37 ODYSSEY Boulevard TARNEIT 3029
53313176204,49 ADELONG Way BACCHUS MARSH 3340
53313177004,21 ATTADALE Avenue WERRIBEE 3030
53313177274,19 TOPAZ Street ALFREDTON 3350
53312781417,5 KEVLAR Close CANADIAN 3350
53312781548,18 KEVLAR Close CANADIAN 3350
53312781688,18 SARATOGA Circuit DRYSDALE 3222
53312782742,14 MARIE Street OAK PARK 3046
53312787650,128 THE PARADE  OCEAN GROVE 3226
53313372108,15 STEVO Way FRASER RISE 3336
53313372246,13 BARNARDS Road BONNIE BROOK 3335
53313372386,39 REARDON Crescent ST LEONARDS 3223
53313372511,23 COLMAR Street LARA 3212
53313372642,15 SCORPIO Road WEIR VIEWS 3338
53313372790,8 REEF Street CRAIGIEBURN 3064
53313372923,31 STILO Crescent TRUGANINA 3029
53313373055,47 INGLEWOOD Drive WERRIBEE 3030
53313373590,6 BINGHAM Street TARNEIT 3029
53313373864,11 NYMAN Circuit TARNEIT 3029
53313374128,18 CLOCKWISE Street GREENVALE 3059
53313374250,22 BIBURY Street LARA 3212
53313374390,4 SOCIAL Street TARNEIT 3029
53313374656,5 TRAFALGAR Street STRATHTULLOH 3338
53313374929,37 HARKNESS Road MADDINGLEY 3340
53313375051,34 HOLMAN Crescent BACCHUS MARSH 3340
53313375331,47 MODESTO Drive TARNEIT 3029
53313375943,2 WOORIGOLEEN Drive KEILOR EAST 3033
53313376216,61 ADANSONIA Circuit MICKLEHAM 3064
53313614474,19 GRASSY Street WINTER VALLEY 3358
53313614623,34 SANKURU Road TRUGANINA 3029
53313614756,9 BLACKMAN Street HUNTLY 3551
53313614888,1 BARITONE Road STRATHTULLOH 3338
53313615176,14 CALDERWOOD Walk STRATHTULLOH 3338
53313615431,20 OMAR Street WYNDHAM VALE 3024
53313616101,29 CORMORANT Way TORQUAY 3228
53313616397,9 MEDOC Boulevard DEANSIDE 3336
53313616793,6 MILLIRI Way ROCKBANK 3335
53313616926,9 TASKER Street WYNDHAM VALE 3024
53313617493,44 MEWAT Circuit THORNHILL PARK 3335
53313151578,40 REARDON Crescent ST LEONARDS 3223
53313151703,17 GOODENIA Avenue LARA 3212
53313151850,8 YEATS Street CASTLEMAINE 3450
53313392533,4 MERCY Street TRUGANINA 3029
53313392666,8 COLMAR Street LARA 3212
53313393466,17 OMETEPE Walk CRAIGIEBURN 3064
53313393887,29 GILA Way TRUGANINA 3029
53313394422,25 JACOBENA Road MELTON SOUTH 3338
53313395082,25 MIDGARD Road WEIR VIEWS 3338
53313395769,64 RALEIGH Circuit ARMSTRONG CREEK 3217
53313395919,2 CHIVE Walk TARNEIT 3029
53313396049,7 CASELIN Street TARNEIT 3029
53313396305,8 CASELIN Street TARNEIT 3029
53313396719,12 DESMOND Street LUCAS 3350
53313397391,23 TOSCANA Street TRUGANINA 3029
53313397954,14 ANNA Road FRASER RISE 3336
53313177663,147 GARONNE Drive BANNOCKBURN 3331
53313177805,70 GRAINGER Parade LUCAS 3350
53313177936,69 CARTER Road ARMSTRONG CREEK 3217
53313178068,38 BRENTHAM Crescent WERRIBEE 3030
53313178330,22 LUGANO Avenue ALFREDTON 3350
53313179859,35 FIELDS Street AINTREE 3336
53313180387,22 PONY Drive GREENVALE 3059
53313180528,6 MACKINNON Grove GLENROY 3046
53313180651,28 FRAGRANT Crescent DIGGERS REST 3427
53313180924,7 GOODENIA Avenue LARA 3212
53313181071,1 TOPAZ Street ALFREDTON 3350
53313181205,8 KYABRAM Street COOLAROO 3048
53313181619,21 SCAEVOLA Road CRAIGIEBURN 3064
53313181880,110 WATTLE Road MAIDSTONE 3012
53313182012,4 RESTFUL Way ROCKBANK 3335
53313182290,5 MASSEY Crescent CURLEWIS 3222
53313184306,55 GROWTH Drive WEIR VIEWS 3338
53313184585,8 SCHEFFLERA Street CRAIGIEBURN 3064
53312789913,21 LAPIS Walk CRAIGIEBURN 3064
53312791943,6 WALKER Street MOONEE PONDS 3039
53312794283,10 ROSE GUM Circuit BELLBRAE 3228
53312794418,41 CAMERON Street AIRPORT WEST 3042
53312794565,8 WOOD GUM Court BELLBRAE 3228
53312796355,17 LAPIS Walk CRAIGIEBURN 3064
53313073210,52 AQUARIUS Street TRUGANINA 3029
53313617759,12 CALLICOMA Street MICKLEHAM 3064
53313618021,22 FRIESIAN Avenue TAYLORS LAKES 3038
53313618154,94 INGLENOOK Circuit ARMSTRONG CREEK 3217
53313618285,21 MONTVIEW Court CORIO 3214
53313618567,9 MIDFORD Avenue WERRIBEE 3030
53313618699,8 ESSENCE Street DIGGERS REST 3427
53313618822,27 HUBBLE Drive GREENVALE 3059
53313618963,16 SPARROWHAWK Crescent DEANSIDE 3336
53313619094,6 BRUSHBOX Walk ALTONA NORTH 3025
53313619509,4 LEROY Street SUNBURY 3429
53313619630,99 WEXFORD Street ALFREDTON 3350
53313619788,15 MOSSMAN Street LARA 3212
53313619913,35 PATRIOT Crescent SMYTHES CREEK 3351
53313620184,11 DARTER Way ARMSTRONG CREEK 3217
53313620318,8 PORTRAIT Street MAMBOURIN 3024
53313620449,41 METROON Drive WEIR VIEWS 3338
53313620845,46 BOTANICAL Drive LARA 3212
53313620985,46 BOTANICAL Drive LARA 3212
53313621397,24 FRIESIAN Avenue TAYLORS LAKES 3038
53313621991,9 BUTTERNUT Street HARKNESS 3337
53313622121,12 DAFFODIL Crescent DIGGERS REST 3427
53313622261,35 LIMPET Circuit POINT LONSDALE 3225
53313622526,10 ORNATA Grove BURNSIDE 3023
53313622659,75 CENTURION Avenue TARNEIT 3029
53313622922,135 NEWMARKET Road WERRIBEE 3030
53313623054,66 INGLENOOK Circuit ARMSTRONG CREEK 3217
53313623326,13 FLEURIEU Circuit ARMSTRONG CREEK 3217
53313623730,30 LAYLA Crescent TARNEIT 3029
53313623888,10 DANUBE Road TRUGANINA 3029
53313624012,6 SUNLIGHT Circuit LARA 3212
53313624143,77 WELCOME Parade WYNDHAM VALE 3024
53313624417,12 HENTY Lane HUNTLY 3551
53313624556,40 TROOPER Avenue SUNBURY 3429
53313624696,37 FLANAGAN Close ARMSTRONG CREEK 3217
53313624960,30 LENA Crescent TRUGANINA 3029
53313398225,10 MILNE Street SUNBURY 3429
53313398358,39 MADIGAN Road LANCEFIELD 3435
53313398754,20 YEARLING Promenade WERRIBEE 3030
53313399026,21 ANNA Road FRASER RISE 3336
53313399167,45 ESCARPMENT Drive FYANSFORD 3218
53313399554,1 WARBLER Court WINTER VALLEY 3358
53313399827,16 RARITY Street ARMSTRONG CREEK 3217
53313399950,5 NARADA Road TRUGANINA 3029
53313400082,9 NARADA Road TRUGANINA 3029
53313400222,24 MAY Drive GISBORNE 3437
53313400769,52 FLEURIEU Circuit ARMSTRONG CREEK 3217
53313401023,23 LAFLIN Avenue TARNEIT 3029
53313401156,1 COLMAR Street LARA 3212
53313401569,4 ALDERNEY Street TARNEIT 3029
53313401691,18 COTTON Circuit GISBORNE 3437
53313401832,8 PALMYRA Street GREENVALE 3059
53313402094,90 WILLOBY Drive ALFREDTON 3350
53313402788,5 FORTH Court JUNORTOUN 3551
53313403191,8 ASTREA Place GREENVALE 3059
53313403852,9 MERAPI Grove TRUGANINA 3029
53313403992,22 ERASMUS Avenue CRAIGIEBURN 3064
53313404124,217 HIGHLANDER Drive CRAIGIEBURN 3064
53313404652,16 SAMUEL Road WEIR VIEWS 3338
53313404784,57 RALEIGH Circuit ARMSTRONG CREEK 3217
53313405065,18 PHIPPS Road WERRIBEE 3030
53313405452,40 BOLITHO Terrace MAIDEN GULLY 3551
53313424008,37 SCORPIO Road WEIR VIEWS 3338
53313424139,16 HURON Road CRAIGIEBURN 3064
53313424534,15 SKYPAC Street WEIR VIEWS 3338
53313425087,28 CLEAR Drive TARNEIT 3029
53313425617,68 BALLET Crescent SUNBURY 3429
53313425748,23 PERIVALE Crescent WYNDHAM VALE 3024
53313425870,3 NORTHWATTLE Crescent CORIO 3214
53313426004,23 GREVILLEA Drive MOUNT DUNEED 3217
53313426409,17 FOWLER Walk SUNBURY 3429
53313426670,8 FLOWER Way DIGGERS REST 3427
53313426960,6 FLEURIEU Circuit ARMSTRONG CREEK 3217
53313427090,109 PALMDALE Crescent MAMBOURIN 3024
53313427256,5 KANGAS Walk TRUGANINA 3029
53313427388,5 VALIANT Street DEANSIDE 3336
53313427644,15 FERONIA Avenue TARNEIT 3029
53313427919,3 AMBITION Street ROCKBANK 3335
53313428049,17 WHATMAN Street LUCAS 3350
53313428337,36 MOTION Drive MOUNT DUNEED 3217
53313429252,18 BAXTERPARK Drive THORNHILL PARK 3335
53313429533,5 SOMERDALE Avenue WYNDHAM VALE 3024
53313429681,77 SYDNEY Way ALFREDTON 3350
53313430519,69 CORIDALE Boulevard LARA 3212
53313430666,12 CHERRY Avenue CAMPBELLS CREEK 3451
53313431333,14 MONDO Street ROCKBANK 3335
53313074570,18 MAHER Street FAWKNER 3060
53313075925,5 GAPSTOW Chase POINT COOK 3030
53313076353,131 ARCADE Way KEILOR EAST 3033
53313077698,3 SUPREME Avenue GREENVALE 3059
53313077839,10 WARATAH Street WEST FOOTSCRAY 3012
53313077962,31-33 DAVIES Street HADFIELD 3046
53313078103,12 CROYDON Avenue DEER PARK 3023
53313078655,52 LAHINCH Street BROADMEADOWS 3047
53313079470,576 MIDLAND Highway HUNTLY 3551
53313079736,9 PALMYRA Street GREENVALE 3059
53313080308,20 DAKSHINA Court DELACOMBE 3356
53313525607,104 ANGLESEA Street WINTER VALLEY 3358
53313525746,7 PIPERS Street TARNEIT 3029
53313525878,47 PASKAS Drive FRASER RISE 3336
53313526002,19 CROMWELL Street WENDOUREE 3355
53313526133,6 ALDAN Way TRUGANINA 3029
53313526272,4 TRAN Avenue DIGGERS REST 3427
53313526407,35 HOLMAN Crescent BACCHUS MARSH 3340
53313526538,13 LINDQUIST Drive GISBORNE 3437
53313526661,34 CALLICOMA Street MICKLEHAM 3064
53313526934,8 BOYLE Court SUNSHINE WEST 3020
53313527072,23 TABLE HILL Road DAYLESFORD 3460
53313527206,36 SHIPSTERN Street ARMSTRONG CREEK 3217
53313527345,28 CHARLBURY Street THORNHILL PARK 3335
53313527485,33 GENOVESA Drive TRUGANINA 3029
53313527741,23 CROP Drive FRASER RISE 3336
53313528154,5 BLACKMAN Street HUNTLY 3551
53313528285,102 LOLLIPOP Crescent SUNBURY 3429
53313528426,3 ALDRICH Street THORNHILL PARK 3335
53313528559,35 LANA Drive JACKASS FLAT 3556
53313528699,86 SUMAR Drive MICKLEHAM 3064
53313528963,66 SUMAR Drive MICKLEHAM 3064
53313529234,42309 NEWPORT Crescent INDENTED HEAD 3223
53313529509,25 STUBBERFIELD Road TARNEIT 3029
53313529630,63 GREYJOY Road CHARLEMONT 3217
53313529763,4 THATTA Avenue MOUNT COTTRELL 3024
53313529895,4 POLMONT Avenue THORNHILL PARK 3335
53313530037,32 ASTRONOMY Street GREENVALE 3059
53313530291,23 WINTON Drive FRASER RISE 3336
53313530424,40 CURRUMBIN Street ARMSTRONG CREEK 3217
53313530565,28 METROON Drive WEIR VIEWS 3338
53313530707,39 DENMAN Drive POINT COOK 3030
53313531102,23 TRIBUTE Road CRAIGIEBURN 3064
53313531380,12 ESTLLEY Court CANADIAN 3350
53313531794,35 DEV Terrace ROCKBANK 3335
53313531927,30 POWELL Street TORQUAY 3228
53313532057,23 SORELL Street ARMSTRONG CREEK 3217
53313532197,21 PERNONIE Street LUCAS 3350
53313532452,30 PROVINCIAL Circuit DEANSIDE 3336
53313532858,14 SILVEREYE Street TORQUAY 3228
53313551118,39 APPALOOSA Avenue TAYLORS LAKES 3038
53313551388,38 HANOVER Circuit MELTON SOUTH 3338
53313551529,10C DUNCAN Court JUNORTOUN 3551
53313551784,28 ALMENDRA Avenue BURNSIDE 3023
53313551925,65 SHOWMAN Drive DIGGERS REST 3427
53313552055,11 CASELLI Street BALLARAT EAST 3350
53313552187,11 CASELLI Street BALLARAT EAST 3350
53313553268,9 HEMSWORTH Road WEIR VIEWS 3338
53313553390,20 METROON Drive WEIR VIEWS 3338
53313553531,22 GLADMAN Road MADDINGLEY 3340
53313554069,9 OCTAVIA Place STRATHTULLOH 3338
53313554191,19 LOUVRE Road BONNIE BROOK 3335
53313554323,38 VERONA Crescent FRASER RISE 3336
53313554606,32 WIMBLEDON Boulevard STRATHTULLOH 3338
53313554737,1 LIDDERDALE Drive GISBORNE 3437
53313554860,2D GLADMAN Road MADDINGLEY 3340
53313554992,13 WILBY Walk CHARLEMONT 3217
53313555132,13 OGAWA Walk TARNEIT 3029
53313555264,3 OGAWA Walk TARNEIT 3029
53313555406,30 CORONADO Way TARNEIT 3029
53313555677,59 NASCENT Drive TARNEIT 3029
53313555810,80 WATTLEBIRD Court SUNSHINE NORTH 3020
53313555941,82 WATTLEBIRD Court SUNSHINE NORTH 3020
53313556361,49 MIA Street ALFREDTON 3350
53313556503,58 WATTLEBIRD Court SUNSHINE NORTH 3020
53313556782,9 BOROUGH Close TRUGANINA 3029
53313557178,145 LIGHTSVIEW Boulevard ROCKBANK 3335
53313557617,21 GLACIER Street CRAIGIEBURN 3064
53313557748,198 OHALLORANS Road LARA 3212
53313557888,14 ZINNIA Way DIGGERS REST 3427
53313710828,32 ARKLAY Road THORNHILL PARK 3335
53313710951,5 APPALOOSA Avenue TAYLORS LAKES 3038
53313711222,11 WITHERS Street MAMBOURIN 3024
53313711487,2 PROVINCIAL Circuit DEANSIDE 3336
53313711612,2 SEDGLEY Street WARRNAMBOOL 3280
53313711751,6 DARMAC Street MOUNT DUNEED 3217
53313711883,137 CALLAWAY Street MAMBOURIN 3024
53313712015,3 TREGONING Street MADDINGLEY 3340
53313712293,14 PROVINCIAL Circuit DEANSIDE 3336
53313712709,26 CODRINGTON Street CHARLEMONT 3217
53313713112,41 GATHERING Grove TARNEIT 3029
53313713242,6 INGLENOOK Circuit ARMSTRONG CREEK 3217
53313713390,29 WHEAT Street DIGGERS REST 3427
53313713986,16 VICKSBURG Avenue WYNDHAM VALE 3024
53313714240,4 DIABLO Place SMYTHES CREEK 3351
53313714380,16 VALENCIA Street WEIR VIEWS 3338
53313714547,18 BROBERG Street WYNDHAM VALE 3024
53313714687,20 DENNISON Street DEANSIDE 3336
53313714828,83 SARIC Street FRASER RISE 3336
53313715248,41 MICROPORA Drive WYNDHAM VALE 3024
53313715370,29 COULEE Street CRAIGIEBURN 3064
53313715505,9 NODE Way DIGGERS REST 3427
53313715644,3 QUEENSRIDGE Grove FYANSFORD 3218
53313715784,11 SCANLON Street LUCAS 3350
53313715933,5 ASTRONOMY Street GREENVALE 3059
53313716337,25 MALUA Road BONNIE BROOK 3335
53313716477,27 BENSON Drive WERRIBEE 3030
53313716610,17 HOLST Way LUCAS 3350
53313716767,14 KINGSLEY Promenade HUNTLY 3551
53313716899,34 ADLINGTON Avenue GREENVALE 3059
53313717020,24 BLUEBILL Street ST LEONARDS 3223
53313717292,10 CRADLE Circuit MANOR LAKES 3024
53313717425,10 MENTELLE Street MOUNT DUNEED 3217
53313717566,30 MONAVALE Drive MOUNT DUNEED 3217
53313717847,12 HAINES Street NEW GISBORNE 3438
53313718103,3 BABACO Street TARNEIT 3029
53313718233,3 HAINES Street NEW GISBORNE 3438
53313499445,19 FARRIER Road WYNDHAM VALE 3024
53313499577,86 TOWNLEY Boulevard WERRIBEE 3030
53313500122,27 GREVILLEA Drive MOUNT DUNEED 3217
53313500800,1 ENGLISH Road FRASER RISE 3336
53313501468,33 KASAI Walk TRUGANINA 3029
53313501600,39 KASAI Walk TRUGANINA 3029
53313502011,120 HEDDERWICK Street ESSENDON 3040
53313502150,6 IONICA Loop TRUGANINA 3029
53313502281,11 ESHAL Crescent WYNDHAM VALE 3024
53313502422,29 MAREMMANO Crescent TAYLORS LAKES 3038
53313502828,34 WALDOCK Way WARRNAMBOOL 3280
53313502969,15 ROOSEVELT Drive ROCKBANK 3335
53313503355,6 PALMDALE Crescent MAMBOURIN 3024
53313503495,38 IVERSON Circuit DEANSIDE 3336
53313741772,39 SLINKY Street DEANSIDE 3336
53313741907,10 HUBBARD Street WYNDHAM VALE 3024
53313742043,3 CUSP Drive TARNEIT 3029
53313742175,93 CHARLESTON Road DEANSIDE 3336
53313742309,7 PRATHAM Street TARNEIT 3029
53313742570,18 GIBSONS Circuit BONNIE BROOK 3335
53313742705,2 TAHOE Avenue WINTER VALLEY 3358
53313742836,5 COLACHI Road TRUGANINA 3029
53313743100,17 FELIX Mews MOONEE PONDS 3039
53313743363,8 FELIX Mews MOONEE PONDS 3039
53313743505,34 ROTUNNO Drive CHARLEMONT 3217
53313743644,45 LIBERATION Drive ARMSTRONG CREEK 3217
53313743776,122 BRIGHTVALE Boulevard WYNDHAM VALE 3024
53313744171,43 AMBERSWEET Drive TARNEIT 3029
53313744305,9 PALEY Street CHARLEMONT 3217
53313744436,17 PERNONIE Street LUCAS 3350
53313744569,25 EMMANUE Street DEANSIDE 3336
53313744832,138 GRANDVISTA Boulevard WERRIBEE 3030
53313533114,60 HEMINGWAY Drive ROCKBANK 3335
53313533277,22 CARFIN Circuit THORNHILL PARK 3335
53313533402,39 ABBOTSWICK Circuit WILLIAMS LANDING 3027
53313533808,11 EARHART Street DIGGERS REST 3427
53313533939,12 BURRIDGE Street DEANSIDE 3336
53313534193,13 KYEAMBA Circuit BACCHUS MARSH 3340
53313534608,24 DALGLISH Street DEANSIDE 3336
53313773056,41 JACKSONIA Drive MICKLEHAM 3064
53313773196,28 RAVENSCRAIG Drive STRATHTULLOH 3338
53313773328,25 ROSEHILL Way DIGGERS REST 3427
53313773469,51 HEMSWORTH Road WEIR VIEWS 3338
53313773601,3 SCOTTY Road DEANSIDE 3336
53313773872,24A FLORENCE Street NIDDRIE 3042
53313774006,101A QUEEN Street ALTONA 3018
53313774145,10 BALLYMENA Street STRATHTULLOH 3338
53313774276,12 POPPY Drive GISBORNE 3437
53313774558,101 AMBROSIA Drive ARMSTRONG CREEK 3217
53313774708,22 REVELSTOKE Way WINTER VALLEY 3358
53313774839,12 RYDER Street CHARLEMONT 3217
53313775103,17 NYMAN Circuit TARNEIT 3029
53313775381,6 FILLMORE Drive CRAIGIEBURN 3064
53313775516,15 GOLD Street TARNEIT 3029
53313775647,48 BUCKINGHAM Boulevard STRATHTULLOH 3338
53313775805,39 SARIC Street FRASER RISE 3336
53313776068,8 CAMELON Avenue THORNHILL PARK 3335
53313776330,16 MARIGOLD Drive FRASER RISE 3336
53313776463,6 TARNALA Road TARNEIT 3029
53313776728,9 KEELEEN CRST  WARRNAMBOOL 3280
53313777148,54 SNOWBIRD Road WINTER VALLEY 3358
53313777279,58 MARY Drive ALFREDTON 3350
53313777551,4 VINOUS Close BROOKFIELD 3338
53313777832,24 EPPING Drive WYNDHAM VALE 3024
53313778146,34 TODD Street LUCAS 3350
53313778277,40 BUNCH Walk TRUGANINA 3029
53313778541,9 AKROYDON Street WERRIBEE 3030
53313558431,82 SUMAR Drive MICKLEHAM 3064
53313558564,2 KAISERS Place ARMSTRONG CREEK 3217
53313558829,45 KRATERON Street FRASER RISE 3336
53313558960,6 WARBLER Court WINTER VALLEY 3358
53313559223,5 REGAL Street HIGHTON 3216
53313559942,2 BUCHANAN Drive HUNTLY 3551
53313561066,9 BERESFORD Street TRUGANINA 3029
53313561207,35 MAYOPARK Street DEANSIDE 3336
53313561338,25 BRATAN Way TRUGANINA 3029
53313561742,47 GALLANT Road ST LEONARDS 3223
53313561874,3A ST LEONARDS Parade ST LEONARDS 3223
53313562425,20 GLACIER Street CRAIGIEBURN 3064
53313562558,68 DOVE Avenue WINTER VALLEY 3358
53313562821,6 HANLON Street WERRIBEE 3030
53313562954,17 WANDERLUST Drive MOUNT DUNEED 3217
53313563219,11 LEAFY Street LARA 3212
53313563358,17 FEGENT Road TARNEIT 3029
53313563663,37 ISPARTA Mews ROXBURGH PARK 3064
53313563795,7 BELLE Walk ROXBURGH PARK 3064
53313563944,27 INVICTA Drive SMYTHES CREEK 3351
53313564075,34 SKYPAC Street WEIR VIEWS 3338
53313564330,2 ALMA Street SEBASTOPOL 3356
53313564496,30 HUNTINGFIELD Street THORNHILL PARK 3335
53313564629,10 CORNFLOWER Way MOUNT DUNEED 3217
53313564752,22 CHAMBERLAIN Drive ARMSTRONG CREEK 3217
53313565081,2 MARCH Way SUNBURY 3429
53313565669,8 GOLDFINCH Road WINTER VALLEY 3358
53313565819,89 CUTHBERT Street BROADMEADOWS 3047
53313565940,16 RAHUL Street THORNHILL PARK 3335
53313718373,3 DALK Drive GISBORNE 3437
53313718508,6 LUNAR Drive GREENVALE 3059
53313718762,12 HUFFNELL Road DEANSIDE 3336
53313718912,4 HARLEY Court GISBORNE 3437
53313719174,23 NORTHERLY Drive BONNIE BROOK 3335
53313719308,5 BALLET Crescent SUNBURY 3429
53313719447,42 PINTAIL Drive MELTON SOUTH 3338
53313719587,13 BREWSTER Street ALFREDTON 3350
53313719712,26 SPEARWOOD Road CARDIGAN 3352
53313720001,89 SYDNEY Way ALFREDTON 3350
53313720264,89 CALLAWAY Street MAMBOURIN 3024
53313720396,1 SUNDEW Terrace CAMPBELLS CREEK 3451
53313720537,26 NYMAN Circuit TARNEIT 3029
53313720660,107 BERRIGAN Drive BONSHAW 3352
53313720792,5 SHEARING Road DIGGERS REST 3427
53313720933,27 SLINKY Street DEANSIDE 3336
53313721080,9 ROWLEY Drive WINCHELSEA 3241
53313721214,32 CHERITON Drive RIDDELLS CREEK 3431
53313721353,716 TARNEIT Road TARNEIT 3029
53313721493,12 BLUEBILL Street ST LEONARDS 3223
53313721774,109 AMBROSIA Drive ARMSTRONG CREEK 3217
53313721909,13 JARVIS Street HUNTLY 3551
53313722045,53 SALTAIRE Drive STRATHTULLOH 3338
53313722193,18 AUBURN Crescent BACCHUS MARSH 3340
53313722374,40 DANTE Crescent BONSHAW 3352
53313722517,10 ALISMA Avenue DEANSIDE 3336
53313722648,12 SLINKY Street DEANSIDE 3336
53313722788,31 LEAFY Street LARA 3212
53313722913,3 REFEREE Way TARNEIT 3029
53313723043,13 SALTGRASS Avenue TARNEIT 3029
53313723175,10 KIMBALL Street SMYTHES CREEK 3351
53313723317,122 KIRKPATRICK Boulevard TRUGANINA 3029
53313723448,27 PENDOWER Way WERRIBEE 3030
53313723570,8 DALK Drive GISBORNE 3437
53313723729,21 RANELAGH Avenue STRATHTULLOH 3338
53313723860,4 ALCOCK Road TRUGANINA 3029
53313724256,12 SHERRY Circuit FRASER RISE 3336
53313724396,3 ADDAI Street GREENVALE 3059
53313724545,16 NECTAR Drive MOUNT DUNEED 3217
53313724677,19 KINGSLEY Promenade HUNTLY 3551
53313724802,51 TRICKETT Drive TRUGANINA 3029
53313724941,10 LAPWING Entrance WINTER VALLEY 3358
53313725072,44 FRENCH Road GREENVALE 3059
53313725206,58 SLAVKO Drive FRASER RISE 3336
53313948540,9 BOOKER Place ARMSTRONG CREEK 3217
53313948672,10 SCORPIO Road WEIR VIEWS 3338
53313948815,2 TRUNCATA Drive TARNEIT 3029
53313744965,3 WALLOWA Road CARDIGAN 3352
53313745501,28 GALERAS Street TRUGANINA 3029
53313745780,10 WETLAND Drive WILLIAMSTOWN 3016
53313745921,25 ALDERNEY Street TARNEIT 3029
53313746053,20 HEDGEROW Circuit CORIO 3214
53313746333,8 ANGLESEA Street WINTER VALLEY 3358
53313746473,19 HUBBLE Drive GREENVALE 3059
53313746739,21 BUCKINGHAM Boulevard STRATHTULLOH 3338
53313746887,6 GOSHAWK Street DEANSIDE 3336
53313747026,33 ADANSONIA Circuit MICKLEHAM 3064
53313747174,5 ARLINGTON Street DEANSIDE 3336
53313747308,52 ISHERWOOD Road DEANSIDE 3336
53313747447,145 ABERLINE Road WARRNAMBOOL 3280
53313747579,10 STREETON Avenue HUNTLY 3551
53313747728,16 FURROW Street BROOKFIELD 3338
53313747851,18 ALTO Crescent GREENVALE 3059
53313747991,6 WATERFERN Street FRASER RISE 3336
53313748123,6 BOWENVALE Street EYNESBURY 3338
53313748263,34 SHELTERBELT Avenue WEIR VIEWS 3338
53313748395,16 MARION Street DEANSIDE 3336
53313748536,45 MUSTANG Circuit BONNIE BROOK 3335
53313748669,16 CHANDLER Street SMYTHES CREEK 3351
53313748791,3 PEACEFUL Crescent STRATHFIELDSAYE 3551
53313749071,46 REARDON Crescent ST LEONARDS 3223
53313749344,9 GENEROSA Grove TARNEIT 3029
53313749619,25 TANNUM Circuit TRUGANINA 3029
53313749872,3 GLASSWORT Street DEANSIDE 3336
53313750008,6 ALTURA Drive TRUGANINA 3029
53313750147,7 HANHI Lane TARNEIT 3029
53313750278,9 ARACAR Street TRUGANINA 3029
53313750534,26 LAMONDA Street TARNEIT 3029
53313750674,11 AYLESBURY Crescent GLADSTONE PARK 3043
53313750809,104 MILLBROOK Drive WYNDHAM VALE 3024
53313751079,37 MALUA Road BONNIE BROOK 3335
53313751211,348 MCGEORGE Road GISBORNE 3437
53313751342,16 HAMPSHIRE Avenue ROCKBANK 3335
53313751474,64 CASTLECRAG Way STRATHTULLOH 3338
53313751617,5 LEAF Street MICKLEHAM 3064
53313751756,19 BRATAN Way TRUGANINA 3029
53313752141,29 MACARA Street SUNBURY 3429
53313752308,11 FILLMORE Drive CRAIGIEBURN 3064
53313778808,36 STELLAR Road BONNIE BROOK 3335
53313778955,5 ACHELOUS Place ARMSTRONG CREEK 3217
53313779104,199 BONNIEBROOK Road BONNIE BROOK 3335
53313779268,50 GRAPPA Circuit WYNDHAM VALE 3024
53313779390,188 ALTEZZE Drive TRUGANINA 3029
53313780078,38 DUTCH Road SUNBURY 3429
53313780374,35 TRANQUILITY Crescent ARMSTRONG CREEK 3217
53313780788,30 HOLLEY Crescent ARMSTRONG CREEK 3217
53313781043,6 SEARS Avenue WARRNAMBOOL 3280
53313781175,86 CLIPSTONE Crescent FRASER RISE 3336
53313781323,13 REPARTEE Street TARNEIT 3029
53313781456,90 DARWINIA Drive MICKLEHAM 3064
53313781588,13 BALLANTYNE Street WARRNAMBOOL 3280
53313781852,29 ASHTON Street BACCHUS MARSH 3340
53313781984,14 ELOQUENCE Road TARNEIT 3029
53313782116,21 INTERLAKEN Avenue MANOR LAKES 3024
53313782246,12 MARION Street BONSHAW 3352
53313782386,22 VERDANT Street LARA 3212
53313782642,6 MOLLYAN Avenue CHARLEMONT 3217
53313782774,39 PANDAVA Road WERRIBEE 3030
53313782923,6 POMEROY Rise MOUNT DUNEED 3217
53313783063,15 ANGLESEA Street WINTER VALLEY 3358
53313783204,33 SLOCUM Road TARNEIT 3029
53313783600,12 VISION Street AINTREE 3336
53313783864,45 PANDAVA Road WERRIBEE 3030
53313784283,42 LAKELAND Drive LUCAS 3350
53313784418,5 COOL Street SUNBURY 3429
53313784689,11 BOWENVALE Street EYNESBURY 3338
53313784814,5 NODE Way DIGGERS REST 3427
53313784945,50 SNOWBIRD Road WINTER VALLEY 3358
53313785218,46 VIVERO Road WYNDHAM VALE 3024
53313785349,18 QUEENSRIDGE Grove FYANSFORD 3218
53313785614,23 EDIFICE Drive TARNEIT 3029
53313785745,14 COOPWORTH Way ROCKBANK 3335
53313785877,11 DORYANTHES Way MICKLEHAM 3064
53313786074,13 LILYBLOOM Way FRASER RISE 3336
53313923313,46 ARARAT Street TRUGANINA 3029
53313923444,24 JENKINS Street WERRIBEE 3030
53313923701,9 MODESTO Drive TARNEIT 3029
53313923972,10 WITHAM Road MADDINGLEY 3340
53313924236,10 NOWLAN Street GISBORNE 3437
53313924376,21 SKIPTON Street LARA 3212
53313924501,13 RUISLIP Grove WERRIBEE 3030
53313924632,7 RINDLE Street LARA 3212
53313924765,16 STARTHISTLE Approach ROCKBANK 3335
53313925037,83 SHILLINGS Road MAMBOURIN 3024
53313925301,14 DAISYBUSH Drive POINT COOK 3030
53313925440,169C STONEHILL Drive MADDINGLEY 3340
53313925572,74 BUSHRANGER Drive SUNBURY 3429
53313925715,3 DEVONIA Avenue FRASER RISE 3336
53313925986,8 STEVENAGE Way WERRIBEE 3030
53313926126,21 CRAYCROFT Road TRUGANINA 3029
53313926662,12 PERSLEY Street TARNEIT 3029
53313926794,25 VELVET Way TARNEIT 3029
53313926935,8 CORINTH Street MANOR LAKES 3024
53313927073,17 PETERBOROUGH Rise WERRIBEE 3030
53313927338,12 CURRENT Road TARNEIT 3029
53313927478,30 STREAMLET Boulevard TARNEIT 3029
53313927611,144 MEDALLION Boulevard TARNEIT 3029
53313927768,18 MAHONEY Drive TARNEIT 3029
53313927890,29 GARDENVIEW Drive DIGGERS REST 3427
53313928294,39 BOXER Drive WYNDHAM VALE 3024
53313928427,39 BOXER Drive WYNDHAM VALE 3024
53313928568,17 COMPANION Street MOUNT DUNEED 3217
53313928700,14 MATTINA Circuit GREENVALE 3059
53313928964,28 OTTAWA Street TRUGANINA 3029
53313929095,45 GRAPPENHALL Avenue STRATHTULLOH 3338
53313929243,3 JARVIS Street HUNTLY 3551
53313929649,14 BLOOM Drive ALTONA NORTH 3025
53313929789,13 BLOOM Drive ALTONA NORTH 3025
53313929914,35 DUNEVIEW Drive OCEAN GROVE 3226
53313930178,70 STAKES Boulevard MANOR LAKES 3024
53313930441,17 ZIGGY Road WYNDHAM VALE 3024
53313948946,2 BARITONE Road STRATHTULLOH 3338
53313949085,32 GELANTIPY Drive TRUGANINA 3029
53313949358,25 HAVANA Circuit BURNSIDE 3023
53313949480,12 BARCELONA Way TARNEIT 3029
53313949615,20 REEFTON Street MAMBOURIN 3024
53313949746,13 HARSHAW Road THORNHILL PARK 3335
53313949886,8 RED GUM Court LARA 3212
53313950012,32 BROCKWOOD Street DEANSIDE 3336
53313950143,12 STREAMLET Boulevard TARNEIT 3029
53313950274,31 RUBUS Walk WERRIBEE 3030
53313950417,23 ESKDALE Street WERRIBEE 3030
53313950548,6 GLENORCHY Street EYNESBURY 3338
53313950837,3 MARION Street BONSHAW 3352
53313951010,5 ARNISON Road TARNEIT 3029
53313951141,5 GEC Boulevard FRASER RISE 3336
53313951272,6 NEWFOUNDLAND Circuit BONNIE BROOK 3335
53313951546,15 BAMAL Street SUNBURY 3429
53313951678,19 BALBI Road TRUGANINA 3029
53313951803,46 HORSESHOE Parade FRASER RISE 3336
53313951934,13 JACKEROO Street MANOR LAKES 3024
53313952071,29 SKYLINE Road FRASER RISE 3336
53313952205,106 MAMIC Boulevard FRASER RISE 3336
53313952336,17 CELOSIA Way TARNEIT 3029
53313952469,4 HUBBARD Street WYNDHAM VALE 3024
53313952601,2 BENSON Drive WERRIBEE 3030
53313952732,8 WEYBA Street TRUGANINA 3029
53313953020,22 WHEAT Street DIGGERS REST 3427
53313953161,9 BERNER Avenue TARNEIT 3029
53313953310,25 KUTJERA Street MANOR LAKES 3024
53313953441,56 TRANQUILITY Crescent ARMSTRONG CREEK 3217
53313953906,9 TREFOIL Road TARNEIT 3029
53313954192,109 BASTEN Avenue DEANSIDE 3336
53313954358,6 TATUM Street TRUGANINA 3029
53313954480,8 ANISATA Way MANOR LAKES 3024
53313954639,24 PEDRA Avenue TARNEIT 3029
53313954904,8 MAN Drive DIGGERS REST 3427
53313955308,87 ROMULEA Circuit DIGGERS REST 3427
53313955447,28 EQUESTRIAN Street TARNEIT 3029
53313955579,10 ABARTH Street TARNEIT 3029
53313955835,6 WILLARD Road TRUGANINA 3029
53313956109,7 REDWOOD Drive ROCKBANK 3335
53313956379,40 BALDWIN Road FRASER RISE 3336
53313956544,16 ALYSSA Street GREENVALE 3059
53313752562,59 CERBERUS Drive OCEAN GROVE 3226
53313752694,34 CORONADO Way TARNEIT 3029
53313752835,20 SORBUS Street TARNEIT 3029
53313752975,4 BRAMFORD Crescent TRUGANINA 3029
53313753239,48 SLAVKO Drive FRASER RISE 3336
53313753379,22 ARACAR Street TRUGANINA 3029
53313753643,6 IRVINE Street WARRNAMBOOL 3280
53313753775,16 CART Road FRASER RISE 3336
53313754484,72 SUMAC Street BROOKFIELD 3338
53313754625,16 GUNTER Drive TARNEIT 3029
53313754758,5 MARIGOLD Drive FRASER RISE 3336
53313754880,66 MAMIC Boulevard FRASER RISE 3336
53313755020,6 HESTER Street HUNTLY 3551
53313755292,3 AKROYDON Street WERRIBEE 3030
53313755566,42 SLINKY Street DEANSIDE 3336
53313755708,5 GLENROTHES Street STRATHTULLOH 3338
53313755839,10 REFEREE Way TARNEIT 3029
53313755979,13 GLENROTHES Street STRATHTULLOH 3338
53313756127,11 JACOBENA Road MELTON SOUTH 3338
53313756381,86 VOYAGER Boulevard TARNEIT 3029
53313756516,9 STONECUTTER Loop FRASER RISE 3336
53313756655,4 BORAGE Road THORNHILL PARK 3335
53313757222,2 VENITA Walk TARNEIT 3029
53313981065,15 ROSEWOOD Drive OCEAN GROVE 3226
53313981206,14 BRONCO Street TARNEIT 3029
53313981503,15 CONE Way WEIR VIEWS 3338
53313981642,59 SLAVKO Drive FRASER RISE 3336
53313981774,8 JANDAKOT Walk POINT COOK 3030
53313981909,5 COPAL Street MAMBOURIN 3024
53313982045,19 NODE Way DIGGERS REST 3427
53313982177,49 METROON Drive WEIR VIEWS 3338
53313982301,57 PADMA Boulevard TARNEIT 3029
53313982432,47 PADMA Boulevard TARNEIT 3029
53313982572,9 BET Street TRUGANINA 3029
53313982838,4 HANOVERIAN Street AINTREE 3336
53313982961,9 GARRONG Street BACCHUS MARSH 3340
53313983232,26 OTTAWA Street TRUGANINA 3029
53313983365,26 PRETTY Walk FRASER RISE 3336
53313983497,24 VILANA Drive SUNBURY 3429
53313786347,3 KAPRUN Street WINTER VALLEY 3358
53313786901,11 WHITELOCK Drive HUNTLY 3551
53313787030,45 BEAR Street TARNEIT 3029
53313787163,25 IVORY Street COBBLEBANK 3338
53313787443,149 GRANDVISTA Boulevard WERRIBEE 3030
53313787583,29 ERIN Drive FRASER RISE 3336
53313787857,81 BASTEN Avenue DEANSIDE 3336
53313787997,5 BODEGA Walk BROOKFIELD 3338
53313788129,33 CROWLANDS Circuit EYNESBURY 3338
53313788532,38 WOOLYBUSH Drive TARNEIT 3029
53313788821,42 COTTONWOOD Avenue GREENVALE 3059
53314015063,8 BARRY Street WINCHELSEA 3241
53314015212,23 BURNIE Street ARMSTRONG CREEK 3217
53314015351,31 PIGEON Street CHARLEMONT 3217
53314015491,8 TAHINI Walk MANOR LAKES 3024
53314015666,4 TAHINI Walk MANOR LAKES 3024
53314015955,9 HATTONWALL Road DEANSIDE 3336
53314016104,147 BRIGHTVALE Boulevard WYNDHAM VALE 3024
53314016268,9 PEACEFUL Crescent STRATHFIELDSAYE 3551
53314016466,8 NESTING Way WERRIBEE 3030
53314016608,66 METROON Drive WEIR VIEWS 3338
53314016747,30 SAMA Promenade TRUGANINA 3029
53314016895,4 RUMBEE Crescent TARNEIT 3029
53314017034,5 MORANT Street MAMBOURIN 3024
53314017316,26 NEMI Parade TARNEIT 3029
53314017496,13 BIVONGI Road DEANSIDE 3336
53314017661,35 SAMOLUS Street MICKLEHAM 3064
53314017803,9 HERTFORD Place STRATHTULLOH 3338
53314017950,128 ELIZABETH Drive SUNBURY 3429
53314018131,3 PITTSFORD Road MANOR LAKES 3024
53314018270,9 MINTBUSH Street MAMBOURIN 3024
53314018552,17 NOAH Street GISBORNE 3437
53314018726,29 CALLAWADDA Drive EYNESBURY 3338
53314018900,18 PARKDALE Street GREENVALE 3059
53314019064,77 KETTLEWELL Drive LARA 3212
53314019213,17 HANOVERIAN Street AINTREE 3336
53314019641,85 ROBINSON Street ARMSTRONG CREEK 3217
53314019989,96 ROSSO Drive TARNEIT 3029
53313930708,30 GRAINGER Parade LUCAS 3350
53313930847,25 TERRIGAL Road TRUGANINA 3029
53313930987,7 PRODUCE Drive MAMBOURIN 3024
53313931127,42 CAPTAIN Drive POINT COOK 3030
53313931259,63 RUBUS Walk WERRIBEE 3030
53313931399,12 PRETTY Walk FRASER RISE 3336
53313931522,38 ALTAR Street TRUGANINA 3029
53313931655,16 RAWLINSON Street MADDINGLEY 3340
53313931805,517 GRAND Boulevard CRAIGIEBURN 3064
53313931960,13 COUNCILLOR Drive WEIR VIEWS 3338
53313932099,17 NORTHBRIDGE Road HIGHTON 3216
53313932221,5 KUMARA Drive MANOR LAKES 3024
53313932354,134 WARATAH Road HUNTLY 3551
53313932494,38 HURST Drive TARNEIT 3029
53313932627,5 WILLIAMS Road MOUNT DUNEED 3217
53313185550,228 SOVEREIGN Drive MOUNT DUNEED 3217
53313185682,33 NATAL Road TARNEIT 3029
53313185817,4 ARGENTA Parkway TARNEIT 3029
53313185948,152 QUEEN Street ALTONA 3018
53313186350,20 BOURNE Boulevard DENNINGTON 3280
53313186896,24 CALLISTEMON Circuit LARA 3212
53313187555,5 MACFARLANE Street TORQUAY 3228
53313187836,33 TREMAIN Drive LUCAS 3350
53313187969,33 HONOUR Avenue WINTER VALLEY 3358
53313188784,33 TREMAIN Drive LUCAS 3350
53313189998,18 GREAVES Avenue DEANSIDE 3336
53313190527,121 MARADONA Boulevard DEANSIDE 3336
53313956692,22 ASTRONOMY Street GREENVALE 3059
53313956825,6 ALCYONE Street ARMSTRONG CREEK 3217
53313957106,74 SLINKY Street DEANSIDE 3336
53313957236,58 CORDATA Road POINT COOK 3030
53313957376,42 BROCKWOOD Street DEANSIDE 3336
53313957519,1 ALCYONE Street ARMSTRONG CREEK 3217
53313957816,10 INTERNATIONAL Street DEANSIDE 3336
53313957955,38 MARIGOLD Drive FRASER RISE 3336
53313958086,3 GAHNIA Drive ARMSTRONG CREEK 3217
53313958234,27 BALLANRONG Road BONNIE BROOK 3335
53313958374,61 WARUNDA Parade POINT COOK 3030
53313958509,186 HORSESHOE BEND Road CHARLEMONT 3217
53313958630,65 BUSHRANGER Drive SUNBURY 3429
53313958770,8 ROSMEAD Street CRAIGIEBURN 3064
53313958937,169A STONEHILL Drive MADDINGLEY 3340
53313959200,29 RUBUS Walk WERRIBEE 3030
53313959471,9 NITRE Street MANOR LAKES 3024
53313959737,16 DAPPLE Street TARNEIT 3029
53313959877,25 WILMINGTON Street DEANSIDE 3336
53313960003,154 MERINDAH Boulevard DEANSIDE 3336
53313960273,30 FERNSIDE Drive DIGGERS REST 3427
53313960416,11 REED Court DEANSIDE 3336
53313960555,52 BROCKWOOD Street DEANSIDE 3336
53313960695,14 PORTULACA Avenue MANOR LAKES 3024
53313960984,31 LEGER Street MANOR LAKES 3024
53313961118,10 MACKILLOP Street CRAIGIEBURN 3064
53313961271,38 TENDULKAR Drive ROCKBANK 3335
53313961685,36 SCULLIN Road CHARLEMONT 3217
53313961810,10 SILVERDALE Drive ROMSEY 3434
53313962343,58 ROTUNNO Drive CHARLEMONT 3217
53313962483,31 WHEATSHEAF Road WYNDHAM VALE 3024
53313962632,101 BOLITHOS Road RIDDELLS CREEK 3431
53313962765,11 RHAPSODY Road SUNBURY 3429
53313962897,6 OHAGAN Way TRUGANINA 3029
53313963177,13 PALEY Circuit MOUNT DUNEED 3217
53313963458,22 CORINTH Street MANOR LAKES 3024
53313963580,42 EVERBLOOM Crescent TARNEIT 3029
53313963721,91 BLUEBOTTLE Parade ROCKBANK 3335
53313963854,14 ARCHER Road WYNDHAM VALE 3024
53313964003,29 OSCAR Crescent DEANSIDE 3336
53313964299,20 MELALEUCA Street ARMSTRONG CREEK 3217
53313983638,43 HORSESHOE Parade FRASER RISE 3336
53313983903,6 ACORN Way FRASER RISE 3336
53313984059,7 LILYPAD Way ROCKBANK 3335
53313984208,14 DOTTEREL Street GREENVALE 3059
53313984339,8 CONFERTA Road TARNEIT 3029
53313984479,1 BETTERIDGE Street LUCAS 3350
53313984604,6 STINGRAY Street ARMSTRONG CREEK 3217
53313984751,21 ROMULEA Circuit DIGGERS REST 3427
53313984883,9 SINGLETON Circuit ARMSTRONG CREEK 3217
53313985017,9 LAHAR Road TRUGANINA 3029
53313985148,12 ACORN Way FRASER RISE 3336
53313985287,17 SILVERDALE Drive ROMSEY 3434
53313985436,53 YEARLING Promenade WERRIBEE 3030
53313985576,48 FLINTWOOD Street TARNEIT 3029
53313985719,53 MEALIE Avenue MICKLEHAM 3064
53313985873,3 FILOLI Street WYNDHAM VALE 3024
53313986015,13 DIGBY Parkway ROCKBANK 3335
53313986162,7 PARADISKI Chase WINTER VALLEY 3358
53313986293,46366 KINGSTON Drive LARA 3212
53313986567,16 ACORN Way FRASER RISE 3336
53313986717,3 ESPALIER Road TARNEIT 3029
53313986864,9 KNOWSLEY Avenue TARNEIT 3029
53313987012,23 GOSHAWK Street DEANSIDE 3336
53313987176,6 PETUNIA Avenue TARNEIT 3029
53313987318,18 PETUNIA Avenue TARNEIT 3029
53313987589,3 PAROO Street TRUGANINA 3029
53313987714,31 PENSTONE Crescent LARA 3212
53313987853,521 HOGANS Road TARNEIT 3029
53313988141,3 NURTURE Street MAMBOURIN 3024
53313988272,88 MANDALAY Avenue ARMSTRONG CREEK 3217
53313988415,2 LEETON Rise WERRIBEE 3030
53313988694,40 ACKLAND Street ARMSTRONG CREEK 3217
53313988910,14 FABIUS Way MANOR LAKES 3024
53313989040,11 GLORY Way ARMSTRONG CREEK 3217
53313989354,58 PRANA Way WERRIBEE 3030
53313989512,10 MALUA Road BONNIE BROOK 3335
53313989651,4 NARADA Road TRUGANINA 3029
53313990058,3 DUROCHER Crescent TARNEIT 3029
53313990338,16 GEC Boulevard FRASER RISE 3336
53313990651,29 KEYSTONE Drive SUNBURY 3429
53313990801,45 GYMEA Street MOUNT DUNEED 3217
53313990932,86 GRAY Court DEANSIDE 3336
53313991071,25 TOTTORI Road TRUGANINA 3029
53313991245,22 CUBITT Crescent TARNEIT 3029
53313991377,14 ANISATA Way MANOR LAKES 3024
53313991534,85 PEAR Parade FRASER RISE 3336
53314020138,14 FORESTMILL Chase WERRIBEE 3030
53314020483,8 HERTFORD Place STRATHTULLOH 3338
53314020798,14 TURNING Loop FRASER RISE 3336
53314020955,23 SHIRAZ Avenue FRASER RISE 3336
53314021128,29 PENSTONE Crescent LARA 3212
53314021275,45 DAIRY Crescent MARYBOROUGH 3465
53314021418,113 BINGHAM Circuit THORNHILL PARK 3335
53314021598,7 BLACKWOOD Drive HUNTLY 3551
53314021739,8 KALAMUNDRA Drive WERRIBEE 3030
53314022082,19 CUBAN Road TARNEIT 3029
53314022216,14 LEITH Road THORNHILL PARK 3335
53314022479,11 LEITH Road THORNHILL PARK 3335
53314022612,3 TULKARA Street EYNESBURY 3338
53314022792,3 SWORD Road THORNHILL PARK 3335
53314022941,39 WHEATSHEAF Road WYNDHAM VALE 3024
53314023116,119 BINGHAM Circuit THORNHILL PARK 3335
53314023378,25 GLENORCHY Street EYNESBURY 3338
53314023503,135 PLANE Avenue MAMBOURIN 3024
53314023634,18 HUTTON Street DEANSIDE 3336
53314023998,799 EYNESBURY Road EYNESBURY 3338
53314024146,44 URQUHART Road TARNEIT 3029
53314024285,11 SWORD Road THORNHILL PARK 3335
53314024468,158 SARIC Street FRASER RISE 3336
53314024624,16 BIRCHWOOD Crescent BONNIE BROOK 3335
53314024947,54 TRANQUILITY Crescent ARMSTRONG CREEK 3217
53314025094,805 EYNESBURY Road EYNESBURY 3338
53314025301,13 MEALIE Avenue MICKLEHAM 3064
53314025671,13 SUPERB Road WYNDHAM VALE 3024
53314025862,9 PETUNIA Crescent ARMSTRONG CREEK 3217
53314026126,7 BARCELONA Way TARNEIT 3029
53314026357,6 BODKIN Drive TARNEIT 3029
53314026497,3 BARNMEAD Street DEANSIDE 3336
53314026638,31 HAMISH Road DARLEY 3340
53314026836,7 TRITONES Way ARMSTRONG CREEK 3217
53314027018,6 MARYLEBONE Street STRATHTULLOH 3338
53314027157,20 LAHAR Road TRUGANINA 3029
53314027338,78 BANKS Drive DIGGERS REST 3427
53314027544,9 ZAMIA Walk MICKLEHAM 3064
53314027676,11 TAPE Walk TARNEIT 3029
53314027819,1 ASTRO Street WERRIBEE 3030
53314027999,10 BROILER Street ROCKBANK 3335
53314028139,23 GLENORCHY Street EYNESBURY 3338
53314028294,39 MULLINS Way SUNBURY 3429
53314028682,3 FORBES Street ARMSTRONG CREEK 3217
53314028872,34 HUNTINGTON Avenue BONNIE BROOK 3335
53314029054,14 NOKOTA Circuit BONNIE BROOK 3335
53313191055,13 LANA Drive JACKASS FLAT 3556
53313191311,103 RESTFUL Way ROCKBANK 3335
53313191450,134 LICENSE Road DIGGERS REST 3427
53313191582,127 CARTER Road ARMSTRONG CREEK 3217
53313192110,36 CLAUDIA Crescent KURUNJANG 3337
53313192372,2 THE CROSSING  CAROLINE SPRINGS 3023
53313192654,14 THEMEDA Avenue LARA 3212
53313192927,8 HEATHCOTE Street MOUNT DUNEED 3217
53313193208,7 RESTFUL Way ROCKBANK 3335
53313194156,19 HELDER Drive MAMBOURIN 3024
53313194287,106 MILLBROOK Drive WYNDHAM VALE 3024
53313195939,44 JOURNEY Drive FRASER RISE 3336
53313196359,10 WHITE GUM Way WINTER VALLEY 3358
53313196481,6 TROOPER Avenue SUNBURY 3429
53313196755,36 HOLLYHOKE Drive MADDINGLEY 3340
53313197167,42 REARDON Crescent ST LEONARDS 3223
53313197298,29 FRESHBROOK Avenue TRUGANINA 3029
53313964422,6 MELALEUCA Street ARMSTRONG CREEK 3217
53313964687,35 DRYANDRA Street MANOR LAKES 3024
53313216958,6 JOVIAL Avenue TARNEIT 3029
53313218481,24 CANARY Drive ARMSTRONG CREEK 3217
53313218622,7 ANGHOR Drive FRASER RISE 3336
53313218770,14 MACFARLANE Street TORQUAY 3228
53313218905,46 NEWMARKET Road WERRIBEE 3030
53313219035,12B TIMBARRA Drive WERRIBEE 3030
53313220125,19 TREVANNION Street GLENROY 3046
53313220407,652 HOGANS Road TARNEIT 3029
53313220538,19 FLAGSTONE Street WERRIBEE 3030
53313220950,1117 LEAKES Road TARNEIT 3029
53313221215,27 SMITH Way TORQUAY 3228
53313221494,14 LEITRIM Street ALFREDTON 3350
53313222896,10 GOLDSTRAW Esplanade WARRNAMBOOL 3280
53313223564,71 GIBSON Street BROADMEADOWS 3047
53313991718,23 HOCK Street TARNEIT 3029
53313991849,39 CHERISH Street FRASER RISE 3336
53313991971,14 TAIHU Road WYNDHAM VALE 3024
53313992127,17 DUNPHY Street TARNEIT 3029
53313992274,8 SAMA Promenade TRUGANINA 3029
53313992431,8 SPRINT Road FRASER RISE 3336
53313992564,92 BRUNDELL Avenue ROCKBANK 3335
53313992696,20 LEGER Street MANOR LAKES 3024
53313992837,3 PURSUIT Street MAMBOURIN 3024
53313993265,29 CINNAMON Circuit FRASER RISE 3336
53313993421,14 TAUPE Street WYNDHAM VALE 3024
53313993579,35 RANCE Road DELACOMBE 3356
53313993704,15 MODESTO Drive TARNEIT 3029
53313993835,39 GRANGEHILL Mews WYNDHAM VALE 3024
53313994131,10 BARNMEAD Street DEANSIDE 3336
53313994263,4 WARANA Way TARNEIT 3029
53313994413,36 VERDAY Boulevard TARNEIT 3029
53313994585,116 ESTUARY Boulevard LEOPOLD 3224
53313994710,10 IRONWOOD Road MICKLEHAM 3064
53313994859,67 ABSALOM Street MOUNT DUNEED 3217
53313995121,63 AMBROSIA Drive ARMSTRONG CREEK 3217
53313995740,5 VARNA Way MANOR LAKES 3024
53313995880,7 ORLOV Street AINTREE 3336
53313996014,5 WIDMARK Road TRUGANINA 3029
53313996145,4 MELALEUCA Drive TORQUAY 3228
53313996284,84 BAXTERPARK Drive THORNHILL PARK 3335
53313996419,10 BORSDANE Street TRUGANINA 3029
53313996672,9 CODRINGTON Street MELTON SOUTH 3338
53313996979,9 GLABELLA Avenue TARNEIT 3029
53313997102,21 IRVINGTON Road MANOR LAKES 3024
53313248594,2 SWORDFISH Place ARMSTRONG CREEK 3217
53313248868,15 WEDGE TAIL Court LARA 3212
53313249460,27 SCHEFFLERA Street CRAIGIEBURN 3064
53313249858,10 BENTONS Way ARMSTRONG CREEK 3217
53313249998,19 GALLAXUS Avenue WYNDHAM VALE 3024
53314029433,6 FLOCK Street TARNEIT 3029
53314029599,28 PROSECCO Street TARNEIT 3029
53314029920,16 FREE Crescent SUNBURY 3429
53314030105,7 STEVIE Road SUNBURY 3429
53314030617,19 BATTEN Road CHARLEMONT 3217
53314030748,19 MISTLETOE Drive STRATHTULLOH 3338
53314030920,63 SLOOP Street TARNEIT 3029
53314031241,69 TUFF Street WERRIBEE 3030
53314031409,44 VIVERO Road WYNDHAM VALE 3024
53314031556,32 HABERFIELD Street WARRNAMBOOL 3280
53314031706,20 GLABELLA Avenue TARNEIT 3029
53314031837,435 MARACANA Avenue MANOR LAKES 3024
53314031960,14 SPRINT Road FRASER RISE 3336
53314032255,65 RESORT Boulevard TARNEIT 3029
53314032512,7 VILANA Drive SUNBURY 3429
53314032924,20 MILOS Court FRASER RISE 3336
53314033056,474 BLACK FOREST Road MAMBOURIN 3024
53314033188,12 SINGLETON Circuit ARMSTRONG CREEK 3217
53314033583,63 CHATEAU Promenade DEANSIDE 3336
53313280870,9 TOPAZ Street ALFREDTON 3350
53313281012,11 BLOOMFIELD Road THORNHILL PARK 3335
53313281417,9 NINEVEH Road CRAIGIEBURN 3064
53313282099,22 CROP Drive FRASER RISE 3336
53313282221,9 CODRINGTON Road TRUGANINA 3029
53313283016,23 RAINIER Drive TRUGANINA 3029
53313283286,14 CURTIN Drive DEANSIDE 3336
53313283718,6 ALMOND Avenue BROOKLYN 3012
53313283857,23 NARADA Road TRUGANINA 3029
53313283997,11 LONGTOWN Road THORNHILL PARK 3335
53313198512,37 CROWN Drive FRASER RISE 3336
53313199170,94 CONNAUGHT Road TARNEIT 3029
53313199575,9 GAPSTOW Chase POINT COOK 3030
53313199700,54 TANZANITE Circuit CRAIGIEBURN 3064
53313199971,10 GRIST Street ST ALBANS 3021
53313200128,48 TANZANITE Circuit CRAIGIEBURN 3064
53313200929,5 BRIGHTON Rise MADDINGLEY 3340
53313439888,97 TOWNLEY Boulevard WERRIBEE 3030
53313440014,1 HAVEN Court ARMSTRONG CREEK 3217
53313440203,7 MELROSE Street MOONEE PONDS 3039
53313440474,4 SACRAMENTO Way COBURG 3058
53313440609,20 BLACKWOOD Close COBURG 3058
53313440748,9 LIMESTONE Way OCEAN GROVE 3226
53313440896,31 LABICHEA Street CRAIGIEBURN 3064
53313441423,4 ARCHIE Drive BONNIE BROOK 3335
53313441556,33 WALTERS Way ALFREDTON 3350
53313441688,106 ALCOCK Road TRUGANINA 3029
53313441813,1 COTTON Circuit GISBORNE 3437
53313441952,1 BELFAST Road ALFREDTON 3350
53313442221,45 MUTTON Road FAWKNER 3060
53313442354,53 STELLAR Road BONNIE BROOK 3335
53313442494,11 POWELL Street TORQUAY 3228
53313442635,19 LE MAITRE Drive BANNOCKBURN 3331
53313442890,4 CHLOE Street TARNEIT 3029
53313443294,18 COOK Road MELTON SOUTH 3338
53313443568,20 COPPICE Street LARA 3212
53313443690,87 MONTEGO Boulevard SUNBURY 3429
53313443823,6 LINDQUIST Drive GISBORNE 3437
53313224678,30 NATAL Road TARNEIT 3029
53313225207,5 HOLLYHOKE Drive MADDINGLEY 3340
53313225338,100 WIDFORD Street GLENROY 3046
53313225478,238-240 BOUNDARY Road PASCOE VALE 3044
53313225603,23 SMITH Way TORQUAY 3228
53313226139,6 ANGHOR Drive FRASER RISE 3336
53313226427,252 CUMBERLAND Road PASCOE VALE 3044
53313226690,2 ARNOLD Circuit CHARLEMONT 3217
53313226823,5 SLOCUM Road TARNEIT 3029
53313226956,22 ALTEZZE Drive TRUGANINA 3029
53313228200,40 HAZEL Grove PASCOE VALE 3044
53313228331,64 ABBOTSWICK Circuit WILLIAMS LANDING 3027
53313228606,91 EDENHOPE Circuit ARMSTRONG CREEK 3217
53313228885,12 EASTRIDGE Street GREENVALE 3059
53313229289,4 ARBUCKLE Road WERRIBEE 3030
53313229545,4 SPECTOR Walk WERRIBEE 3030
53313230271,415 BLACK FOREST Road WERRIBEE 3030
53313230685,20 MACFARLANE Street TORQUAY 3228
53313230810,33 SMITH Way TORQUAY 3228
53313231394,10 DYER Way MADDINGLEY 3340
53313251311,64 NATURALISTE Way ARMSTRONG CREEK 3217
53313251848,95 SHORTRIDGE Drive LUCAS 3350
53313251970,17 BELLBIRD Street KURUNJANG 3337
53313252126,17 BANKSIA Walk MAIDSTONE 3012
53313252515,3 RIDLEY Avenue AVONDALE HEIGHTS 3034
53313255195,123 SHORTRIDGE Drive LUCAS 3350
53313255335,70 EAGLEBAY Road ARMSTRONG CREEK 3217
53313255475,40 PONY Drive GREENVALE 3059
53313256598,33 SCAEVOLA Road CRAIGIEBURN 3064
53313256721,202 HIGHLANDER Drive CRAIGIEBURN 3064
53313257942,8 TOPAZ Street ALFREDTON 3350
53313284401,8 VEDA Street WERRIBEE 3030
53313284938,9 LUCALBYN Court WANDANA HEIGHTS 3216
53313285192,17 LAW Court WYNDHAM VALE 3024
53313285993,12 NOSILLA Street SMYTHES CREEK 3351
53313286520,13 ELMWOOD Street DEANSIDE 3336
53313286793,5 MARTIN Street AINTREE 3336
53313286942,23 CONIFER Street ARMSTRONG CREEK 3217
53313287072,61 PENEDREL Drive MOUNT DUNEED 3217
53313287909,50 HILLVIEW Road GREENVALE 3059
53313288723,6 DUBBO Street ALBION 3020
53313289390,40 NATURALISTE Way ARMSTRONG CREEK 3217
53313289664,9 ORCHID Street MAIDSTONE 3012
53313289796,11 ORCHID Street MAIDSTONE 3012
53313289937,43 SASHA Crescent TRUGANINA 3029
53313290226,5 COLDSTREAM Avenue WERRIBEE 3030
53313291069,45 SHORTRIDGE Drive LUCAS 3350
53313291786,14 GRAND VIEW Drive MCKENZIE HILL 3451
53313444665,4 BIRDPORT Way ARMSTRONG CREEK 3217
53313444797,3 CINDER Drive TARNEIT 3029
53313444938,11 MUSTANG Circuit BONNIE BROOK 3335
53313445201,3 BRAY Street DEANSIDE 3336
53313445340,36 SKYPAC Street WEIR VIEWS 3338
53313445472,8 WETHERBY Road WYNDHAM VALE 3024
53313445754,53 GIBSONS Circuit BONNIE BROOK 3335
53313445886,94 ROBINSON Street ARMSTRONG CREEK 3217
53313446010,12 FLEURIEU Circuit ARMSTRONG CREEK 3217
53313446141,23 THRUMS Road MAMBOURIN 3024
53313446280,21 SKYPAC Street WEIR VIEWS 3338
53313446415,8 DUNOON Avenue CLIFTON SPRINGS 3222
53313446678,10 REJOICE Street TARNEIT 3029
53313447214,7 COQUILLE Way ARMSTRONG CREEK 3217
53313447353,51 NORMANBY Boulevard DEANSIDE 3336
53313447485,3 MUSHU Street DEANSIDE 3336
53313448015,28 CAHILL Street ST ALBANS 3021
53313448146,155 PRINCES Street FLEMINGTON 3031
53313448285,111 MERINDAH Boulevard DEANSIDE 3336
53313448426,9 DUGAN Street THORNHILL PARK 3335
53313448559,78 ROTHSCHILD Road GISBORNE 3437
53313448681,17 YARRA Drive WARRNAMBOOL 3280
53313448816,25 JUNIPER Avenue LEOPOLD 3224
53313449086,11 DAVIDSON Street WINCHELSEA 3241
53313449210,35 MAPLE Walk MOONEE PONDS 3039
53313449341,81 CALLAGHAN Street EPSOM 3551
53313449481,10 LADHAMS Way MADDINGLEY 3340
53313449879,7 PECHORA Street TRUGANINA 3029
53313450013,23 KAREN Road TARNEIT 3029
53313450144,78A GEORGE Street ST ALBANS 3021
53313450283,7 CALLANISH Street TRUGANINA 3029
53313450418,66 INSHORE Drive TORQUAY 3228
53313450565,12 FAWKNER Crescent ARMSTRONG CREEK 3217
53313450838,47 CROWTHER Drive LUCAS 3350
53313450961,12 SACRAMENTO Way COBURG 3058
53313451258,6 BIRDPORT Way ARMSTRONG CREEK 3217
53313451380,19 MCARTHUR Place WARRNAMBOOL 3280
53313451515,37 BALLET Crescent SUNBURY 3429
53313451654,34 WALTER Street HADFIELD 3046
53313231790,16 PELICAN Drive WINTER VALLEY 3358
53313232210,15 NERISSA Grove OAK PARK 3046
53313471834,7 LAHORE Close MOUNT COTTRELL 3024
53313471967,17 SHIPSTERN Street ARMSTRONG CREEK 3217
53313472114,10 SHIPSTERN Street ARMSTRONG CREEK 3217
53313472244,54 HOLST Street ARMSTRONG CREEK 3217
53313472640,105 CALLAWAY Street MAMBOURIN 3024
53313472963,13 RARITY Street ARMSTRONG CREEK 3217
53313473094,27 HUNTINGTON Avenue BONNIE BROOK 3335
53313473234,24 ELM Drive FRASER RISE 3336
53313473499,63 MERULA Drive MAMBOURIN 3024
53313474150,34 MINNAUNS Road LOVELY BANKS 3213
53313474317,10 RUTHVEN Way MAMBOURIN 3024
53313474448,9 MILSOM Avenue FRASER RISE 3336
53313474570,22 CURTIN Drive DEANSIDE 3336
53313474705,3 GLANDON Court BROWN HILL 3350
53313474844,40 GASCOYNE Circuit LARA 3212
53313474976,13 SCATTER Road FRASER RISE 3336
53313475230,30 RIMMINGTON Way ROCKBANK 3335
53313475628,45 HARRIER Circuit DEANSIDE 3336
53313475751,12 JOEY Crescent DEANSIDE 3336
53313476156,87 HIGHLINE Boulevard TRUGANINA 3029
53313476444,23 MANSELL Drive DENNINGTON 3280
53313476592,17 GOWAR Road TARNEIT 3029
53313477145,24 FRANK Avenue TRUGANINA 3029
53313477276,23 VENICE Drive WINTER VALLEY 3358
53313477419,6 COACHING Parade POINT COOK 3030
53313478259,105 JUSCELINA Drive CRAIGIEBURN 3064
53313258478,5 JANTAR Way FRASER RISE 3336
53313258603,6 BENTONS Way ARMSTRONG CREEK 3217
53313259008,29 BOURNE Boulevard DENNINGTON 3280
53313259139,11 STONES Street CHARLEMONT 3217
53313259948,2B CREEK Street SPOTSWOOD 3015
53313260205,4 CARMICHAEL Road WARRNAMBOOL 3280
53313260492,51 ASPIRING Drive HUNTLY 3551
53313260625,10 SUFFOLK Street CURLEWIS 3222
53313261020,13 CONIFER Street ARMSTRONG CREEK 3217
53313261153,10 WEDGE TAIL Court LARA 3212
53313261708,7 MERVYN Way MAMBOURIN 3024
53313262257,4 LENA Crescent TRUGANINA 3029
53313262926,9 CENTINELA Street TARNEIT 3029
53313263198,43 BOWENIA Avenue CRAIGIEBURN 3064
53313263320,8 TAO Circuit GREENVALE 3059
53313263453,23 ELECTRA Drive WILLIAMS LANDING 3027
53313264139,40 DIANCHI Drive WYNDHAM VALE 3024
53313264411,33 SCORPIO Road WEIR VIEWS 3338
53313503628,11 NOPAL Boulevard FRASER RISE 3336
53313503751,26 STUBBERFIELD Road TARNEIT 3029
53313503883,10 ADORE Court ELLIMINYT 3250
53313504023,7 TIMBERTON Way TRUGANINA 3029
53313504295,27 BRATAN Way TRUGANINA 3029
53313504428,21 SWANTON Avenue MADDINGLEY 3340
53313504719,59 MAKEDONIA Street TARNEIT 3029
53313292460,10 BLIGH Street CHARLEMONT 3217
53313292725,2 BOTANY Street MAIDSTONE 3012
53313292866,10 ALDER Street MAIDSTONE 3012
53313293567,15 SHACKELL Street WEIR VIEWS 3338
53313293699,20 ARGENTA Parkway TARNEIT 3029
53313293822,32 ARGENTA Parkway TARNEIT 3029
53313294104,19 STARKE Street DEANSIDE 3336
53313294234,6 ZIDANE Avenue DEANSIDE 3336
53313294509,7 AVONBURY Drive ARMSTRONG CREEK 3217
53313295175,3 SILVER OAK Way MOUNT DUNEED 3217
53313295489,16A PECK Avenue STRATHMORE 3041
53313296166,16 RATHMINES Road TRUGANINA 3029
53313534937,20 SICILY Avenue DEANSIDE 3336
53313535069,22 SOMERVILLE Road STRATHFIELDSAYE 3551
53313535191,27 DOVE Avenue WINTER VALLEY 3358
53313535323,10 NOVA Street WEIR VIEWS 3338
53313535464,6 NEVIS Place TRUGANINA 3029
53313536001,14 SYKES Walk ST ALBANS 3021
53313536454,98 HIGHLINE Boulevard TRUGANINA 3029
53313536735,38 CORONADO Way TARNEIT 3029
53313536868,21 BOWERBIRD Grange WINTER VALLEY 3358
53313536990,4 BROAD Road FRASER RISE 3336
53313537139,102 ANGLESEA Street WINTER VALLEY 3358
53313537393,17 WELLARD Boulevard INVERMAY PARK 3350
53313537526,27 WARANGAL Way DEANSIDE 3336
53313537674,25 VALROSE Road CHARLEMONT 3217
53313537809,34 SCAEVOLA Road CRAIGIEBURN 3064
53313452049,71 CURTIN Drive DEANSIDE 3336
53313452189,11 ARYA Road CHARLEMONT 3217
53313452477,21 KARDAK Street TARNEIT 3029
53313452873,20 MCKECHNIE Street ST ALBANS 3021
53313453293,3 SCOTTSDALE Street CHARLEMONT 3217
53313453426,11 BAND Street SUNBURY 3429
53313453559,70 EAGLE Road ARMSTRONG CREEK 3217
53313453681,20 BABACO Street TARNEIT 3029
53313453822,29 COLMAR Street LARA 3212
53313454374,6 SINOPIA Street TARNEIT 3029
53313454509,13 CORNFLOWER Way MOUNT DUNEED 3217
53313454630,500-540 TORQUAY Road ARMSTRONG CREEK 3217
53313454788,9 STONEPINE Drive MOONEE PONDS 3039
53313454937,5 WENLYAN Drive GREENVALE 3059
53313455069,18 ROCHFORD Way MELTON SOUTH 3338
53313455191,136 MERINDAH Boulevard DEANSIDE 3336
53313693832,10 OMAR Street WYNDHAM VALE 3024
53313693972,20 LAMONDA Street TARNEIT 3029
53313694106,27 FAIRHALL Avenue WERRIBEE 3030
53313694369,11 SEDEL Walk SUNBURY 3429
53313694501,5 GRAINGER Parade LUCAS 3350
53313694632,50 XENOLITH Drive CRAIGIEBURN 3064
53313694765,33 MARGIE Street WYNDHAM VALE 3024
53313694897,18 HICKLING Road TARNEIT 3029
53313695037,172 BOWEN Street CAMPERDOWN 3260
53313695291,26 DENNISON Street DEANSIDE 3336
53313695424,25 ISHERWOOD Road DEANSIDE 3336
53313695565,4 DIANCHI Drive WYNDHAM VALE 3024
53313695707,34 ICONIC Drive TARNEIT 3029
53313695838,12 RANELAGH Avenue STRATHTULLOH 3338
53313696102,50 JOURNEY Drive FRASER RISE 3336
53313696232,23 ARRAMONT Road GREENVALE 3059
53313696365,31 RAAM Circuit ARMSTRONG CREEK 3217
53313696654,15 CRADLE Circuit MANOR LAKES 3024
53313696786,18 DARTMOOR Street BONNIE BROOK 3335
53313697180,48 SPARROWHAWK Crescent DEANSIDE 3336
53313697314,6 LYDNEY Street WYNDHAM VALE 3024
53313697445,3 LANDMARK Road WEIR VIEWS 3338
53313697577,47 CURRUMBIN Street ARMSTRONG CREEK 3217
53313697710,94 CENTURION Avenue TARNEIT 3029
53313478516,10 BURBIDGE Street TRUGANINA 3029
53313479322,3 WARANGAL Way DEANSIDE 3336
53313479455,14 ASTRONOMY Street GREENVALE 3059
53313479587,8 TOWERTREE Street TRUGANINA 3029
53313480010,19 BROOKES Street FYANSFORD 3218
53313480141,2 BEARTOOTH Drive WINTER VALLEY 3358
53313480280,11 RARITY Street ARMSTRONG CREEK 3217
53313480439,19 YARRA Drive WARRNAMBOOL 3280
53313480694,32 CONIFER Street ARMSTRONG CREEK 3217
53313481528,48 DANDELION Crescent ROCKBANK 3335
53313481932,3 COLDSTREAM Avenue WERRIBEE 3030
53313482211,31 SCOTTSDALE Street CHARLEMONT 3217
53313482342,3 HILDEBRANDT Street WARRNAMBOOL 3280
53313482474,8 BLAKE Drive MADDINGLEY 3340
53313482617,7 COLACHI Road TRUGANINA 3029
53313482896,3 MORAN Way WINCHELSEA 3241
53313483431,29-31 LIMPET Circuit POINT LONSDALE 3225
53313483571,49 MAKEDONIA Street TARNEIT 3029
53313483845,41 RUTHVEN Way MAMBOURIN 3024
53313484371,7 LEROY Street SUNBURY 3429
53313484777,29 GASCOYNE Circuit LARA 3212
53313485024,30 MOSLEY Crescent TRUGANINA 3029
53313485157,17 ROSEWOOD Drive OCEAN GROVE 3226
53313485413,18 CONSTANT Avenue WERRIBEE 3030
53313485552,7 COATES Lane MADDINGLEY 3340
53313485684,3 CASSIDY Road WERRIBEE 3030
53313485819,2 DANA Drive TRUGANINA 3029
53313485958,15 BOWERBIRD Grange WINTER VALLEY 3358
53313486097,76 BODNAT Street TRUGANINA 3029
53313505426,44 METROON Drive WEIR VIEWS 3338
53313505559,14 LAPIS Street ARMSTRONG CREEK 3217
53313505699,35 CALIFORNIA Way BONNIE BROOK 3335
53313505822,29 ELMWOOD Street DEANSIDE 3336
53313506086,3 CORMORANT Way TORQUAY 3228
53313506226,13 LONGTOWN Road THORNHILL PARK 3335
53313506481,12 KARDAK Street TARNEIT 3029
53313506616,45 MUSHU Street DEANSIDE 3336
53313506763,27 FARRIER Boulevard FRASER RISE 3336
53313506895,10 SEFTON Street MAMBOURIN 3024
53313507026,14 PAWLING Street ROCKBANK 3335
53313507554,14 MISTEN Avenue ALTONA NORTH 3025
53313508081,12 GOLDFINCH Road WINTER VALLEY 3358
53313508395,13 AVOCET Way ARMSTRONG CREEK 3217
53313508528,9 NOVA Street WEIR VIEWS 3338
53313508783,11 GROWTH Drive WEIR VIEWS 3338
53313509328,22 BUKOVO Street TARNEIT 3029
53313509469,23 SHADOW Street DEANSIDE 3336
53313509732,26 TAURUS Avenue TRUGANINA 3029
53313510008,5 MAYOPARK Street DEANSIDE 3336
53313510403,14 SENISE Street FRASER RISE 3336
53313510690,21 MUSHU Street DEANSIDE 3336
53313510823,5 DERBY Way ARMSTRONG CREEK 3217
53313511095,163 LIGHTSVIEW Boulevard ROCKBANK 3335
53313511227,10 STUBBERFIELD Road TARNEIT 3029
53313511482,26 BLACKALL Street TRUGANINA 3029
53313511623,14 HILLTOP Drive CHARLEMONT 3217
53313511888,758 NEALE Road DEANSIDE 3336
53313512010,10 PERNONIE Street LUCAS 3350
53313537948,19 FOLD Circuit BONNIE BROOK 3335
53313538211,33 WARANGAL Way DEANSIDE 3336
53313538609,8 THRIVE Crescent DIGGERS REST 3427
53313538888,16 GARNET Street TARNEIT 3029
53313539012,56 UNISON Road STRATHTULLOH 3338
53313539143,3 GATHERING Grove TARNEIT 3029
53313539282,16 VAIGAI Lane DEANSIDE 3336
53313539548,10 FARGO Street THORNHILL PARK 3335
53313539829,5 ISLAMABAD Crescent MOUNT COTTRELL 3024
53313540373,3 GOLDSMITH Way AINTREE 3336
53313540508,36 CORIDALE Boulevard LARA 3212
53313540639,59 SHOREBREAK Way OCEAN GROVE 3226
53313540762,5 ARRAN Street GISBORNE 3437
53313540904,12 WANDERLUST Drive MOUNT DUNEED 3217
53313541034,7 MAXELA Court DAYLESFORD 3460
53313541167,3 YEARLING Promenade WERRIBEE 3030
53313541579,64 SHOWMAN Drive DIGGERS REST 3427
53313541704,19 BRAY Street DEANSIDE 3336
53313541975,7 AWAROA Street OCEAN GROVE 3226
53313542237,10 MAINLAND Way WERRIBEE 3030
53313542360,38 DURWARD Avenue MADDINGLEY 3340
53313542633,8 KYLIE Close DEANSIDE 3336
53313542766,193 WARATAH Road HUNTLY 3551
53313543326,7 FIEDLER Street HUNTLY 3551
53313543599,6 EGRET Way DIGGERS REST 3427
53313543863,74 MODESTO Drive TARNEIT 3029
53313544135,105 INGLENOOK Circuit ARMSTRONG CREEK 3217
53313544417,160 FARM Road WERRIBEE 3030
53313544564,7 BEGA Street ARMSTRONG CREEK 3217
53313544837,22 FLEURIEU Circuit ARMSTRONG CREEK 3217
53313544960,38 BENSON Drive WERRIBEE 3030
53313698107,20 DEVOTION Way TARNEIT 3029
53313698377,10 ARCHER Road WYNDHAM VALE 3024
53313698502,54 BLANCHE Street ARDEER 3022
53313698633,60 ASHBURY Boulevard ARMSTRONG CREEK 3217
53313698773,6 AMAZON Street TRUGANINA 3029
53313698908,30 DEVOTION Way TARNEIT 3029
53313699054,24 MARTLAND Street LUCAS 3350
53313699186,50 LOGAN Street EYNESBURY 3338
53313699326,28 NEWPORT Crescent INDENTED HEAD 3223
53313699459,18 MILANO Road BURNSIDE 3023
53313699581,11 BROAD Road FRASER RISE 3336
53313699716,7 HOLST Way LUCAS 3350
53313699855,8 MONTAGNA Circuit ARMSTRONG CREEK 3217
53313700241,14 SHERRY Circuit FRASER RISE 3336
53313700381,18 HAMPSHIRE Avenue ROCKBANK 3335
53313700516,19 SUMAC Street BROOKFIELD 3338
53313700795,15 CHAD Street DEANSIDE 3336
53313700944,36 DEXTER Street DEANSIDE 3336
53313701075,50 DEXTER Street DEANSIDE 3336
53313701217,22 WARATAH Way ELLIMINYT 3250
53313701348,14 TAXON Road WEIR VIEWS 3338
53313701613,7 BOARDMAN Street TRUGANINA 3029
53313701744,10 TARNAGULLA Street EYNESBURY 3338
53313702016,245A ALLINGHAM Street KANGAROO FLAT 3555
53313702278,1 BASALT Place LEOPOLD 3224
53313702403,115 NEWMARKET Road WERRIBEE 3030
53313702542,18 REFLECTIONS Crescent LARA 3212
53313702930,43 COTTER Way TRUGANINA 3029
53313703211,14 MILKY Way DEANSIDE 3336
53313703490,18 SIERRA Street TRUGANINA 3029
53313703771,46 SOUTHLANDS Loop STRATHTULLOH 3338
53313703906,12 HUMMOCK Rise WERRIBEE 3030
53313704036,21 PRATO Street GREENVALE 3059
53313704176,9 DENNISON Street DEANSIDE 3336
53313704300,7 ROOSEVELT Drive ROCKBANK 3335
53313704564,42 DAFFODIL Crescent DIGGERS REST 3427
53313704714,4 VALENCIA Street WEIR VIEWS 3338
53313704845,9 TARNALA Road TARNEIT 3029
53313704977,59 REED Court DEANSIDE 3336
53313705249,30 HOLST Street ARMSTRONG CREEK 3217
53313486229,18 KARACHI Avenue MOUNT COTTRELL 3024
53313486625,8 SAMWELL Street CHARLEMONT 3217
53313486758,16 WINGED FOOT Drive SUNSHINE NORTH 3020
53313487013,14 SHIPSTERN Street ARMSTRONG CREEK 3217
53313487152,186 HIGHLANDER Drive CRAIGIEBURN 3064
53313725511,17 SEARS Avenue WARRNAMBOOL 3280
53313725782,4 MCGEACHIN Street LUCAS 3350
53313725923,22 MCGEACHIN Street LUCAS 3350
53313726632,19 MAKYBE Street BONNIE BROOK 3335
53313726897,91 MEDALLION Boulevard TARNEIT 3029
53313727184,7 CRADLE Circuit MANOR LAKES 3024
53313727318,17 CINDIA Crescent TARNEIT 3029
53313727449,38 WOODLAND Street LARA 3212
53313727571,25 DIANCHI Drive WYNDHAM VALE 3024
53313727738,43 PROGRESS Drive FRASER RISE 3336
53313727861,2 HORSESHOE Parade FRASER RISE 3336
53313728002,18 FARMINGTON Road WYNDHAM VALE 3024
53313728133,21 SANKURU Road TRUGANINA 3029
53313728272,12 CELESTIAL Way GREENVALE 3059
53313728407,139 SPARROVALE Road CHARLEMONT 3217
53313728538,40 MATTNICK Boulevard CHARLEMONT 3217
53313728661,31 IONICA Loop TRUGANINA 3029
53313728934,20 BLENRIL Avenue TARNEIT 3029
53313729066,10 FURROW Street BROOKFIELD 3338
53313729207,2 MOONAMBEL Road EYNESBURY 3338
53313729478,3 EXMOOR Street BONNIE BROOK 3335
53313729603,1 GREENPOINT Drive ROCKBANK 3335
53313729742,2 SHEARING Road DIGGERS REST 3427
53313730032,30 GENERATION Crescent MAMBOURIN 3024
53313730172,41 EVERGREEN Street ARMSTRONG CREEK 3217
53313730445,87 MAKEDONIA Street TARNEIT 3029
53313730577,21 SHEARMAN Road DEANSIDE 3336
53313730702,29 EIFFEL Avenue BONNIE BROOK 3335
53313730833,4 BACALL Street TRUGANINA 3029
53313730973,6 TEXEL Road MAMBOURIN 3024
53313512694,3 PURPLE Road FRASER RISE 3336
53313512827,118 POLLY Parade TARNEIT 3029
53313512950,22 FRANK Avenue TRUGANINA 3029
53313513081,20 MILSOM Avenue FRASER RISE 3336
53313513221,9 HARVEYS Lane JACKASS FLAT 3556
53313513486,10 CADENZA Walk TARNEIT 3029
53313513882,23 BISHOPGATE Boulevard BONNIE BROOK 3335
53313514016,39 COLDSTREAM Avenue WERRIBEE 3030
53313514286,26 CURTIN Drive DEANSIDE 3336
53313514823,16 SELLS Road LUCAS 3350
53313515105,27 WICKLOW Drive MELTON SOUTH 3338
53313515251,10 FAULKS Street BONNIE BROOK 3335
53313515401,37 DURELL Road TRUGANINA 3029
53313515665,26 COFFEY Street TARNEIT 3029
53313515797,16 VIOLA Drive ROCKBANK 3335
53313516093,12 MORNINGTON Crescent ROCKBANK 3335
53313516358,114 MARADONA Boulevard DEANSIDE 3336
53313516498,37 CANADIAN Avenue WERRIBEE 3030
53313516621,10 NEWPORT Crescent INDENTED HEAD 3223
53313516754,6 TOSCANA Street TRUGANINA 3029
53313517025,47 FRESHBROOK Avenue TRUGANINA 3029
53313517158,93 INSHORE Drive TORQUAY 3228
53313517297,29 WHITECROSS Drive THORNHILL PARK 3335
53313517438,13 SWANTON Avenue MADDINGLEY 3340
53313517727,13 GREVILLEA Drive MOUNT DUNEED 3217
53313517868,13 DOVE Avenue WINTER VALLEY 3358
53313517990,59 NORMAN Street WARRNAMBOOL 3280
53313518130,37 WALTON Street MELTON SOUTH 3338
53313518262,24 TESLA Road ROCKBANK 3335
53313518957,74 MAMIC Boulevard FRASER RISE 3336
53313519088,13 EAST FIELD Street MARYBOROUGH 3465
53313519228,25 PHOENIX Road ALTONA NORTH 3025
53313757355,3 EDGEMEAD Rise WERRIBEE 3030
53313757487,2 STEADFIELD Circuit MELTON SOUTH 3338
53313757612,72 UNISON Road STRATHTULLOH 3338
53313757751,13 HUBBARD Street LUCAS 3350
53313757883,35 HANRAHAN Street GISBORNE 3437
53313545704,8 BRIDSON Street LUCAS 3350
53313546270,86 ASHBURY Boulevard ARMSTRONG CREEK 3217
53313546825,12 COOLBINIA Avenue WERRIBEE 3030
53313547114,1 TURRET Place ARMSTRONG CREEK 3217
53313547533,13 COATES Lane MADDINGLEY 3340
53313548333,32 KIMZY Circuit WERRIBEE 3030
53313548473,58 INGLIS Street BALLAN 3342
53313548616,10 LOCH Street THORNHILL PARK 3335
53313548887,48 HALCYON Road DEANSIDE 3336
53313549011,23 CODRINGTON Road TRUGANINA 3029
53313549168,38 HALCYON Road DEANSIDE 3336
53313549309,5 LINDQUIST Drive GISBORNE 3437
53313549456,29 CORMORANT Grange WINTER VALLEY 3358
53313549737,8 DORTON Glade DRYSDALE 3222
53313549860,15 KIMZY Circuit WERRIBEE 3030
53313549992,3 KIMZY Circuit WERRIBEE 3030
53313550134,7 STACEY Parade MOUNT COTTRELL 3024
53313550273,15 HEDGELEY Avenue DEANSIDE 3336
53313550408,45 TRICKETT Drive TRUGANINA 3029
53313550662,7 MIDFORD Avenue WERRIBEE 3030
53313789225,6 BREEZY Circuit WERRIBEE 3030
53313789358,26 IMATRA Loop TARNEIT 3029
53313789498,228 COASTAL Boulevard OCEAN GROVE 3226
53313789754,20 RAINDROP Circuit FRASER RISE 3336
53313789886,133 TULSI Avenue WERRIBEE 3030
53313790028,17 CASELLI Street BALLARAT EAST 3350
53313790201,47 DRUMCHAPEL Crescent STRATHTULLOH 3338
53313790332,47 LORIKEET Circuit ROCKBANK 3335
53313790472,35 CROWLANDS Circuit EYNESBURY 3338
53313790615,28 VOLANT Drive ARMSTRONG CREEK 3217
53313790754,10 BOSSINI Street TRUGANINA 3029
53313790894,11 STORY Street FRASER RISE 3336
53313791068,15 JUMP Road FRASER RISE 3336
53313791217,60 STEAMBOAT Avenue WINTER VALLEY 3358
53313791348,4 CENTRALPARK Walk STRATHTULLOH 3338
53313791470,8 RANGER Street BONNIE BROOK 3335
53313705785,3 MITIAMO Street EYNESBURY 3338
53313706081,9 ZEPHYR Street SMYTHES CREEK 3351
53313706221,11 KINROSS Drive WINCHELSEA 3241
53313706362,9 HALCYON Street POINT LONSDALE 3225
53313706494,11 MURPHY Street KOROIT 3282
53313706627,41 THOMAS Street CLIFTON SPRINGS 3222
53313706890,117 BRIGHTVALE Boulevard WYNDHAM VALE 3024
53313707162,68 INGLENOOK Circuit ARMSTRONG CREEK 3217
53313707468,6 BRAY Street DEANSIDE 3336
53313707731,11 HARRIS Street ROCKBANK 3335
53313707864,42 GRAPPA Circuit WYNDHAM VALE 3024
53313708005,21 BENSON Drive WERRIBEE 3030
53313708136,25 GELANTIPY Drive TRUGANINA 3029
53313708268,7 ONSLOW Walk WYNDHAM VALE 3024
53313708390,15 NORTHERLY Drive BONNIE BROOK 3335
53313708806,51 MODESTO Drive TARNEIT 3029
53313708937,24 WOODBURY Street WILLIAMS LANDING 3027
53313709084,4 POD Walk TARNEIT 3029
53313709218,75 WALTON Street MELTON SOUTH 3338
53313709349,18 LUSITANO Street TAYLORS LAKES 3038
53313932750,17 VICEROY Crescent WYNDHAM VALE 3024
53313932900,45 KARDINIA Street BONSHAW 3352
53313933170,115 HOUDINI Drive TARNEIT 3029
53313933443,17 KALYANI Street WERRIBEE 3030
53313933724,28 MONDEGREEN Close WYNDHAM VALE 3024
53313933989,5 TONAL Street MAMBOURIN 3024
53313934129,90 MATTINA Circuit GREENVALE 3059
53313934251,33 DANUBE Road TRUGANINA 3029
53313934391,27 BERNER Avenue TARNEIT 3029
53313934540,35 APPALOOSA Avenue TAYLORS LAKES 3038
53313934680,44 SHILLINGS Road MAMBOURIN 3024
53313934954,11 KITE Street WINTER VALLEY 3358
53313935085,91 MERCER Street HARKNESS 3337
53313935762,27 HARKNESS Road MADDINGLEY 3340
53313936026,89 BLUEBOTTLE Parade ROCKBANK 3335
53313731667,8 ATISHA Street WYNDHAM VALE 3024
53313731799,36 CAVA Circuit SUNBURY 3429
53313731922,39 VERONA Crescent FRASER RISE 3336
53313732060,6 BLAKE Drive MADDINGLEY 3340
53313732465,69 PEARLROCK Drive MOUNT DUNEED 3217
53313732607,36 FEEHAN Avenue MOONEE PONDS 3039
53313732738,24 KARNDELI Promenade STRATHFIELDSAYE 3551
53313732861,71 EAGLEMONT Drive STRATHTULLOH 3338
53313733159,35 CRADLE Circuit MANOR LAKES 3024
53313733298,28 BUTCHERBIRD Parade WINTER VALLEY 3358
53313733421,18 HOLLEY Crescent ARMSTRONG CREEK 3217
53313733851,22 PAPYRUS Way ROCKBANK 3335
53313733983,16 BYROCK Street TRUGANINA 3029
53313734117,3 RETREAT Way WEIR VIEWS 3338
53313734247,22 GODDARD Street LUCAS 3350
53313734387,7 LOWELL Road TARNEIT 3029
53313734512,7 ALBATROSS Close MOOLAP 3224
53313734958,20 BARINGHUP Street EYNESBURY 3338
53313735089,15 PEBBLE Street FYANSFORD 3218
53313735352,63 XENOLITH Drive CRAIGIEBURN 3064
53313735633,25 WENSLEYDALE Drive ROCKBANK 3335
53313735766,21 MANIKATO Drive BONNIE BROOK 3335
53313735898,38 PETUNIA Avenue TARNEIT 3029
53313736046,18 MUTTONWOOD Crescent DEANSIDE 3336
53313736178,35 SPARROWHAWK Crescent DEANSIDE 3336
53313736310,8 SIANG Road DEANSIDE 3336
53313736581,7 YILDIZ Street CHARLEMONT 3217
53313736722,11 BRENTHAM Crescent WERRIBEE 3030
53313736863,28 LAKELAND Drive LUCAS 3350
53313736995,67 PEARLROCK Drive MOUNT DUNEED 3217
53313737134,7 WHITFIELD Crescent CRAIGIEBURN 3064
53313737273,6 NEON Crescent STRATHFIELDSAYE 3551
53313737539,15 XENOLITH Drive CRAIGIEBURN 3064
53313737679,9 GIBSONS Circuit BONNIE BROOK 3335
53313737976,26 EVERGREEN Street ARMSTRONG CREEK 3217
53313738256,25 HARBOURSIDE Drive RIPPLESIDE 3215
53313738388,6 GAMUT Crescent BONNIE BROOK 3335
53313738513,13 BABYLON Road MICKLEHAM 3064
53313738919,7 PILOT Place RIPPLESIDE 3215
53313739057,6 ADDAI Street GREENVALE 3059
53313739197,8 REPARTEE Street TARNEIT 3029
53313758189,5 REEVES Street LUCAS 3350
53313758329,12 KOSTAS Street SUNBURY 3429
53313758452,23 MICROPORA Drive WYNDHAM VALE 3024
53313758584,96 TULSI Avenue WERRIBEE 3030
53313758858,19 HALLINAN Street TARNEIT 3029
53313758980,16 BONITO Street MELTON SOUTH 3338
53313759114,13 PURITY Way ARMSTRONG CREEK 3217
53313759244,52 DARWINIA Drive MICKLEHAM 3064
53313759519,20 EYCKENS Road LUCAS 3350
53313759640,7 NUNDA Way MANOR LAKES 3024
53313759772,9 WYLIE Street CHARLEMONT 3217
53313759915,13B NEYLON Street YARRAVILLE 3013
53313760055,4 COUSINS Road WARRNAMBOOL 3280
53313760450,4 MOLLYAN Avenue CHARLEMONT 3217
53313760582,6 THIRLMERE Place TRUGANINA 3029
53313760717,2 PYRAMID Street BONNIE BROOK 3335
53313760856,14 GOSHAWK Street DEANSIDE 3336
53313760996,10 VOLANT Drive ARMSTRONG CREEK 3217
53313761136,7 TRANQUIL Street STRATHFIELDSAYE 3551
53313761418,38 PARA Road TARNEIT 3029
53313761557,18 EDIFICE Drive TARNEIT 3029
53313761820,11 SELHURST Grove WYNDHAM VALE 3024
53313761953,68 DARWINIA Drive MICKLEHAM 3064
53313762230,21 LINBURN Street THORNHILL PARK 3335
53313762363,4 WHITELOCK Drive HUNTLY 3551
53313762495,9 JACKSONIA Drive MICKLEHAM 3064
53313762776,15 SAGRADA Way FRASER RISE 3336
53313762901,35 CHERISH Street FRASER RISE 3336
53313763171,3 BANAHAW Road TRUGANINA 3029
53313763305,3 SOLERA Street BROOKFIELD 3338
53313763436,23 ELMHURST Avenue AINTREE 3336
53313763733,3 PENDOWER Way WERRIBEE 3030
53313764007,10 TARA Crescent WYNDHAM VALE 3024
53313764138,14 APRICOT Circuit TARNEIT 3029
53313764426,6 JERMYN Street FRASER RISE 3336
53313764559,10 STORY Street FRASER RISE 3336
53313764681,88 WALKSIDE Boulevard FRASER RISE 3336
53313764955,20 HOLLEY Crescent ARMSTRONG CREEK 3217
53313765086,17 DRUMCHAPEL Crescent STRATHTULLOH 3338
53313765226,11 TOOMEY Street HUNTLY 3551
53313765374,31 CLIPSTONE Crescent FRASER RISE 3336
53313791605,22 ARCHER Road WYNDHAM VALE 3024
53313791752,20 FOAL Circuit FRASER RISE 3336
53313792147,28 ELM Drive FRASER RISE 3336
53313792427,11 CLIPSTONE Crescent FRASER RISE 3336
53313792568,5 LITHIC Road CRAIGIEBURN 3064
53313792690,185 WOODS Road TRUGANINA 3029
53313793095,16 ISHTAR Street TARNEIT 3029
53313793227,19 TOOMEY Street HUNTLY 3551
53313793368,23 BUTLER Street LUCAS 3350
53313793532,30 POLLEN Road TARNEIT 3029
53313793665,44 GANSHA Street WEIR VIEWS 3338
53313793797,7 EPPING Drive WYNDHAM VALE 3024
53313793938,8 ETNA Road TRUGANINA 3029
53313794060,5 ORNAMENT Avenue TARNEIT 3029
53313794366,8 RANELAGH Avenue STRATHTULLOH 3338
53313794522,57 PANKINA Road MAMBOURIN 3024
53313794655,84 SHIPWRIGHT Parade WERRIBEE 3030
53313795068,82 WILLOBY Drive ALFREDTON 3350
53313795190,8 LEETON Street STRATHTULLOH 3338
53313795322,21 UNICO Circuit MOUNT DUNEED 3217
53313795455,14 GRAPPENHALL Avenue STRATHTULLOH 3338
53313795595,154 DEVLINS Road OCEAN GROVE 3226
53313795736,8 POMELO Street TARNEIT 3029
53313795876,19 WILMINGTON Street DEANSIDE 3336
53313796000,69 STEAMBOAT Avenue WINTER VALLEY 3358
53313796165,31 FLINT Street WERRIBEE 3030
53313796296,36 DANUBE Road TRUGANINA 3029
53313796692,4 BENSON Drive WERRIBEE 3030
53313796825,17 WHITELOCK Drive HUNTLY 3551
53313796958,100 VOYAGER Boulevard TARNEIT 3029
53313797088,17 ARENAL Drive TRUGANINA 3029
53313797228,11 DAIRY Crescent MARYBOROUGH 3465
53313797351,4 BLUEWATER Drive ARMSTRONG CREEK 3217
53313797483,39 SCULLIN Road CHARLEMONT 3217
53313797618,12 BASIN Street FRASER RISE 3336
53313797757,26 STATESMAN Parkway OCEAN GROVE 3226
53313798283,21 DERWENT Street LARA 3212
53313798418,35 LAFLIN Avenue TARNEIT 3029
53313798557,21 BUTCHERBIRD Parade WINTER VALLEY 3358
53313798689,1 VERDALE Drive ALFREDTON 3350
53313798820,13 SLINKY Street DEANSIDE 3336
53313936159,30 SKYLINE Road FRASER RISE 3336
53313936298,34 WANDERLUST Drive MOUNT DUNEED 3217
53313936554,5 ALTAR Street TRUGANINA 3029
53313936686,8 MUNRO Drive CHARLEMONT 3217
53313936827,12 SPARLAND Street MANOR LAKES 3024
53313936950,22 NITRARIA Street MICKLEHAM 3064
53313937080,46 BARRETT Street LANCEFIELD 3435
53313937214,17 HARWICH Street ROCKBANK 3335
53313937610,51 ERSKINVILLE Road TARNEIT 3029
53313937881,37 ERSKINVILLE Road TARNEIT 3029
53313938162,13 PAVILION Street DEANSIDE 3336
53313938293,36 AMPERSAND Boulevard TRUGANINA 3029
53313938442,36 RAMBLER Boulevard TARNEIT 3029
53313938574,55 FELLOWS Road POINT LONSDALE 3225
53313938709,1 PORTOBELLO Drive CRAIGIEBURN 3064
53313939112,36 UPLANDS Crescent MELTON SOUTH 3338
53313939242,29 FERNSIDE Drive DIGGERS REST 3427
53313939382,32 PRANA Way WERRIBEE 3030
53313939531,16 FENWAY Road GREENVALE 3059
53313939796,61 SUNNY Street SUNBURY 3429
53313939929,86 DAYBREAK Vista MICKLEHAM 3064
53313940061,9 BILLOP Walk WERRIBEE 3030
53313940193,8 NORMANTON Street LARA 3212
53313940341,11 KENNING Road TARNEIT 3029
53313940499,137 POLLY Parade TARNEIT 3029
53313940630,26 BET Street TRUGANINA 3029
53313940770,18 ARENAL Drive TRUGANINA 3029
53313941035,17 CANDLES Street TARNEIT 3029
53313941309,13 WHITEWING Street ARMSTRONG CREEK 3217
53313941430,35 EBB Drive TARNEIT 3029
53313941729,7 ELBERT Street CHARLEMONT 3217
53313941852,4 COOGAN Street LARA 3212
53313941984,13 MIGHTY Road SUNBURY 3429
53313942116,121 WILLOBY Drive ALFREDTON 3350
53313942527,91 SHILLINGS Road MAMBOURIN 3024
53313942650,25 FRANK Avenue TRUGANINA 3029
53313942818,48 ABINGDON Boulevard LARA 3212
53313943088,130 HOUDINI Drive TARNEIT 3029
53313943212,17 CRAYCROFT Road TRUGANINA 3029
53313943369,5 GREENMOUNT Avenue ARMSTRONG CREEK 3217
53313943491,8 GLENORCHY Street EYNESBURY 3338
53313943624,11 MARBLES Crescent BALLARAT EAST 3350
53313739337,40 CHARLESTON Road DEANSIDE 3336
53313739477,18 HARLEQUIN Avenue DEANSIDE 3336
53313739610,3 SHANTI Circuit WERRIBEE 3030
53313739741,16 OSWALD Street TARNEIT 3029
53313739881,22 SLOCUM Road TARNEIT 3029
53313740148,16 UXBRIDGE Street WERRIBEE 3030
53313740279,7 KERR Road DEANSIDE 3336
53313740543,1 POINT HENRY Vista RIPPLESIDE 3215
53313740675,30 HANRAHAN Street GISBORNE 3437
53313740818,22 LAMONDA Street TARNEIT 3029
53313741096,11 KURREWA Walk RIPPLESIDE 3215
53313741228,20 POLLEN Road TARNEIT 3029
53313741351,32 BAINBRIDGE Road MANOR LAKES 3024
53313741491,24 CROWLANDS Circuit EYNESBURY 3338
53313964828,38 AINTREE Street CRAIGIEBURN 3064
53313964951,13 PALEY Street CHARLEMONT 3217
53313965370,13 SAMOLUS Street MICKLEHAM 3064
53313965505,34 BALDWIN Road FRASER RISE 3336
53313965636,2 GRAPPA Circuit WYNDHAM VALE 3024
53313965769,10 COMPANY Avenue SUNBURY 3429
53313966171,5 DISHER Way TARNEIT 3029
53313966584,92 CONONDALE Avenue TRUGANINA 3029
53313966719,27 WINDMILL Road WERRIBEE 3030
53313966840,72 TRUNCATA Drive TARNEIT 3029
53313966998,83 GREYJOY Road CHARLEMONT 3217
53313967129,45 MASTERS Way MOOLAP 3224
53313967391,26 MANCHADO Street TARNEIT 3029
53313967855,2 EGERTON Place AINTREE 3336
53313967987,67 LOUISVILLE Drive THORNHILL PARK 3335
53313968135,18 ELLIOTTDALE Walk ROCKBANK 3335
53313968423,30 TRUNCATA Drive TARNEIT 3029
53313968589,7 COGHILL Loop ROCKBANK 3335
53313968861,19 CONSAW Street ARMSTRONG CREEK 3217
53313969002,6 COTTAGE Crescent TORQUAY 3228
53313969133,73 LOUISVILLE Drive THORNHILL PARK 3335
53313969455,62 THURLING Parade LUCAS 3350
53313969587,4 ARARAT Street TRUGANINA 3029
53313969728,21 GIANT Road TARNEIT 3029
53313969876,687 GRAND Boulevard MICKLEHAM 3064
53313970010,51 ROMULEA Circuit DIGGERS REST 3427
53313765509,4 EDGEMEAD Rise WERRIBEE 3030
53313765630,31 SILVER Drive DIGGERS REST 3427
53313765905,11 BENMORE Street MAMBOURIN 3024
53313766035,18 LORIKEET Circuit ROCKBANK 3335
53313766175,3 CABANDA Road TARNEIT 3029
53313766309,7 YALLOURN Place STRATHTULLOH 3338
53313766456,106 LOLLIPOP Crescent SUNBURY 3429
53313766588,43 MANGOSTEEN Drive TRUGANINA 3029
53313766844,26 ROTUNNO Drive CHARLEMONT 3217
53313766984,14 ATISHA Street WYNDHAM VALE 3024
53313767117,22 RHEOLA Street EYNESBURY 3338
53313767395,9 LAWFORD Street TRUGANINA 3029
53313767536,13 GRAPPENHALL Avenue STRATHTULLOH 3338
53313767669,11 SKYLINE Road FRASER RISE 3336
53313767791,6 MALTA Road CRAIGIEBURN 3064
53313768064,46 PALARA Drive STRATHTULLOH 3338
53313768196,17 KINDRED Way TARNEIT 3029
53313768328,23 PADMA Boulevard TARNEIT 3029
53313768601,10 MCLEOD Crescent LUCAS 3350
53313768732,36 LAKELAND Drive LUCAS 3350
53313769145,9 CLAYTON Street LARA 3212
53313769284,3 TANBY Drive HUNTLY 3551
53313769540,8 ILLUSION Terrace DIGGERS REST 3427
53313769680,15 FOAL Circuit FRASER RISE 3336
53313769815,34 AVION Crescent TRUGANINA 3029
53313769946,16 WOROPE Street WYNDHAM VALE 3024
53313770087,14 TOOMEY Street HUNTLY 3551
53313770482,9 OVERTON Road WILLIAMS LANDING 3027
53313770623,7 ANGLESEA Street WINTER VALLEY 3358
53313770771,21 ULMUS Street TARNEIT 3029
53313771028,8 FILLMORE Drive CRAIGIEBURN 3064
53313771151,11 RAVENSCRAIG Drive STRATHTULLOH 3338
53313771449,28 STATESMAN Parkway OCEAN GROVE 3226
53313771706,71 TANGLEWOOD Boulevard TRUGANINA 3029
53313771977,9 OTTERHAM Way WERRIBEE 3030
53313772117,27 CLIPSTONE Crescent FRASER RISE 3336
53313772247,13 WITHAM Road MADDINGLEY 3340
53313772379,1 OTTERHAM Way WERRIBEE 3030
53313772643,17 SHACKELL Street WEIR VIEWS 3338
53313772775,13 FRIESIAN Street BONNIE BROOK 3335
53313997521,84 ELEGANTE Road WINTER VALLEY 3358
53313799365,26 LOLLIPOP Crescent SUNBURY 3429
53313799497,20 LOLLIPOP Crescent SUNBURY 3429
53313799753,8 TWEED Street LARA 3212
53313799903,43 PATRIOT Crescent SMYTHES CREEK 3351
53313800034,11 GREENOCK Court WARRNAMBOOL 3280
53313800167,31 BEARTOOTH Drive WINTER VALLEY 3358
53313800579,76 UPLANDS Crescent MELTON SOUTH 3338
53313800712,3 HIGHGARDEN Road STRATHTULLOH 3338
53313800843,12 FORZA Place SEBASTOPOL 3356
53313800991,22 ARENAL Drive TRUGANINA 3029
53313801131,25 BABACO Street TARNEIT 3029
53313801263,17 GILROY Crescent CHARLEMONT 3217
53313801940,25 GILROY Crescent CHARLEMONT 3217
53313802227,24 PRISTINE Drive WYNDHAM VALE 3024
53313802350,85 MAMIC Boulevard FRASER RISE 3336
53313802482,38 HOLSTEIN Crescent TARNEIT 3029
53313802623,14 LYDNEY Street WYNDHAM VALE 3024
53313802888,139 SHELTERBELT Avenue WEIR VIEWS 3338
53313803028,21 RIVERSDALE Boulevard WEIR VIEWS 3338
53313803169,38 MATTNICK Boulevard CHARLEMONT 3217
53313803423,27 PRIYA Street WERRIBEE 3030
53313803556,18 KYAH Street FRASER RISE 3336
53313803696,21 HAYBALE Circuit TARNEIT 3029
53313803829,12 ARRAMONT Road GREENVALE 3059
53313803952,17 BASIN Street FRASER RISE 3336
53313804389,14 DARMAC Street MOUNT DUNEED 3217
53313804653,31 VOGUE Drive WYNDHAM VALE 3024
53313804793,5 DODSWELL Way CRAIGIEBURN 3064
53313804926,6 CRICHTON Road THORNHILL PARK 3335
53313805058,21 FERONIA Avenue TARNEIT 3029
53314033718,75 BUCKINGHAM Boulevard STRATHTULLOH 3338
53314034137,7 KINGSBURY Road DEANSIDE 3336
53314034401,20 RINDLE Street LARA 3212
53314034532,19 FREDDIE Street SUNBURY 3429
53314034665,22 WARRANOOKE Street MELTON SOUTH 3338
53314034797,15 CHRISTOPHER Lane TARNEIT 3029
53314034938,482 BLACK FOREST Road MAMBOURIN 3024
53313943765,7 KRAMER Way CHARLEMONT 3217
53313943915,242 KOROROIT CREEK Road WILLIAMSTOWN NORTH 3016
53313944177,34 BLOOM Drive ALTONA NORTH 3025
53313944301,32 DALK Drive GISBORNE 3437
53313944608,12 NOWLAN Street GISBORNE 3437
53313944739,9 PERCHERON Street BONNIE BROOK 3335
53313944879,14 CONSAW Street ARMSTRONG CREEK 3217
53313945011,5 MARLENA Street TRUGANINA 3029
53313945142,20 CRESTHAVEN Road TARNEIT 3029
53313945273,25 BRUSHWOOD Drive AINTREE 3336
53313945547,5 SPOTTED GUM Walk ALTONA NORTH 3025
53313945687,6 DETERMINATION Street AINTREE 3336
53313945812,52 ARNOLD Circuit CHARLEMONT 3217
53313946100,8 FREW Road MAMBOURIN 3024
53313946363,4 CAVESSON Road FRASER RISE 3336
53313946505,48 WETHERBY Circuit LARA 3212
53313946644,23 XENIA Street MANOR LAKES 3024
53313946784,30 SAMOLUS Street MICKLEHAM 3064
53313946925,23 HOMEBUSH Esplanade FRASER RISE 3336
53313947056,46 EMBLETON Chase WEIR VIEWS 3338
53313947205,15 ROCKIN Road SUNBURY 3429
53313947336,11 ALCYONE Street ARMSTRONG CREEK 3217
53313947469,5 ETNA Road TRUGANINA 3029
53313947601,51 MAIN Street AINTREE 3336
53313947740,38 JACKSONIA Drive MICKLEHAM 3064
53313947872,88 STEAMBOAT Avenue WINTER VALLEY 3358
53313948145,4 BOBBIN Street FRASER RISE 3336
53313948284,8 CAVESSON Road FRASER RISE 3336
53313948419,29 PRUNUS Crescent FRASER RISE 3336
53313201737,34A MCINTOSH Road ALTONA NORTH 3025
53313201877,36 WARRIGAL Drive AINTREE 3336
53313202156,25 PARKFIELD Boulevard CHARLEMONT 3217
53313202972,23 WHITE GUM Way WINTER VALLEY 3358
53313203114,14 MAGARA Walk TARNEIT 3029
53313203640,7 LABICHEA Street CRAIGIEBURN 3064
53313970141,13 EUCALYPT Street ARMSTRONG CREEK 3217
53313970272,65 COUNTESS Street ARMSTRONG CREEK 3217
53313970415,36 INNSBRUCK Road WINTER VALLEY 3358
53313970554,13 OSCAR Crescent DEANSIDE 3336
53313970694,7 INFUSE Road WYNDHAM VALE 3024
53313970827,51 COBUNGRA Road WEIR VIEWS 3338
53313970968,15 RICE FLOWER Crescent STRATHTULLOH 3338
53313971099,33 IRONWOOD Road MICKLEHAM 3064
53313971221,53 MUSHU Street DEANSIDE 3336
53313971354,14 KNABSTRUPPER Street AINTREE 3336
53313971494,45 SHOREBREAK Way OCEAN GROVE 3226
53313971635,12 NITRE Street MANOR LAKES 3024
53313971768,50 GANSHA Street WEIR VIEWS 3338
53313972038,8 FOX Street FRASER RISE 3336
53313972459,7 MARLEY Street TARNEIT 3029
53313972599,17 ABROMA Walk TARNEIT 3029
53313972722,19 BET Street TRUGANINA 3029
53313972995,111 ST ARNAUD Road EYNESBURY 3338
53313973143,30 MANNY PAUL Circuit BURNSIDE HEIGHTS 3023
53313973548,17 SCOTTY Road DEANSIDE 3336
53313973670,19 DANBY Street LARA 3212
53313973813,13 GIANT Road TARNEIT 3029
53313973944,26 ALYSSA Street GREENVALE 3059
53313974075,26 CASPIAN Drive CRAIGIEBURN 3064
53313974348,23 ELOQUENCE Road TARNEIT 3029
53313974744,26 PAROO Street TRUGANINA 3029
53313974884,53 DULCIS Street MANOR LAKES 3024
53313975149,15 TOLKIEN Drive MAMBOURIN 3024
53313975270,71 TULSI Avenue WERRIBEE 3030
53313975593,11 FARRINGTON Avenue MELTON SOUTH 3338
53313976278,7 TIMOR Road TRUGANINA 3029
53313976403,36 PLATT Drive MADDINGLEY 3340
53313976550,518 BOUNDARY Road ARMSTRONG CREEK 3217
53313976831,13 KINGSBURY Road DEANSIDE 3336
53313976964,29 GREENMONT Road WYNDHAM VALE 3024
53313977104,30 KOORA Drive SUNBURY 3429
53313977390,20 HACKBERRY Street AINTREE 3336
53313977523,518 GREEN HILL Road EYNESBURY 3338
53313977796,16 BRITTAIN Avenue WARRNAMBOOL 3280
53313997687,16 STRIKER Way TARNEIT 3029
53313997828,538 BROOKFIELD Boulevard MICKLEHAM 3064
53313998019,20 LUMBERJACK Drive FRASER RISE 3336
53313998181,19 BURGESS Road TARNEIT 3029
53313998321,2 LIMEGOLD Vista BROOKFIELD 3338
53313998628,28 DARRAGAN Road TARNEIT 3029
53313998769,73 MADEIRA Drive TRUGANINA 3029
53313998901,18 SEASTAR Street WILLIAMSTOWN NORTH 3016
53313999031,8 MARAKESH Street DEANSIDE 3336
53313999189,748 NEALE Road DEANSIDE 3336
53313999313,91 SURROUND Circuit BONNIE BROOK 3335
53313999452,10 WEYBA Street TRUGANINA 3029
53313999584,7 JUMPS Street MANOR LAKES 3024
53313999725,90 MANDALAY Avenue ARMSTRONG CREEK 3217
53313999866,108 HOUDINI Drive TARNEIT 3029
53314000165,35 SLOCUM Road TARNEIT 3029
53314000306,7 TURNING Loop FRASER RISE 3336
53314000593,10 OSTIC Way TARNEIT 3029
53314000742,43 MALING Road TRUGANINA 3029
53314000900,23 MERVYN Drive GREENVALE 3059
53314001336,5 ZIERIA Street DIGGERS REST 3427
53314001601,41 FLINTWOOD Street TARNEIT 3029
53314001732,19 DUROCHER Crescent TARNEIT 3029
53314002028,8 KINROSS Drive WINCHELSEA 3241
53314002498,60 LORIKEET Circuit ROCKBANK 3335
53314002688,1 JASON Street SUNBURY 3429
53314002837,26 WIRILDA Street TORQUAY 3228
53314002977,53 ADENMORE Circuit DEANSIDE 3336
53314003272,9 OCTAGONAL Street BONNIE BROOK 3335
53314003613,12 BAMAL Street SUNBURY 3429
53314003744,26 WOLVERING Crescent TRUGANINA 3029
53314003884,43 MEALIE Avenue MICKLEHAM 3064
53314004180,251 FRONTIER Avenue AINTREE 3336
53314004320,10 COMOSA Street ROCKBANK 3335
53314004536,10 PIRKA Way WERRIBEE 3030
53314004692,12 GUARDAVALLE Street DEANSIDE 3336
53314004900,43 URQUHART Road TARNEIT 3029
53314005056,27 SHILLINGS Road MAMBOURIN 3024
53314005205,28 PRUNUS Crescent FRASER RISE 3336
53314005352,18 LEGER Street MANOR LAKES 3024
53314005682,1045 MORRIS Road TRUGANINA 3029
53314005857,11 KINGIA Street COBBLEBANK 3338
53314005989,2 AUGGIE Way TARNEIT 3029
53314006113,125 BINGHAM Circuit THORNHILL PARK 3335
53314035219,10 BLUEWATER Drive ARMSTRONG CREEK 3217
53314035340,2 BOOTH Road MADDINGLEY 3340
53314035615,5 COOGAN Street LARA 3212
53314035746,7 DISTAFF Way ROCKBANK 3335
53314035878,10 OPULENCE Avenue FRASER RISE 3336
53314036010,16 RANGIPO Street TRUGANINA 3029
53314036141,32 ASPEN Street WINTER VALLEY 3358
53314036272,28 CASPIAN Street BONNIE BROOK 3335
53314036407,10 PALIA Drive TARNEIT 3029
53314036546,32 LISTOWEL Grove ROCKBANK 3335
53314036803,69 MICROPORA Drive WYNDHAM VALE 3024
53314036934,19 SMETHURST Road TARNEIT 3029
53314037080,32 TERRY Road WARRNAMBOOL 3280
53314037220,26 BURGESS Road TARNEIT 3029
53314037675,27 MATON Street GREENVALE 3059
53314037800,27 HOCK Street TARNEIT 3029
53314037931,25 CONWAY Circuit AINTREE 3336
53314038063,20 JAGGED Circuit TARNEIT 3029
53314038204,5 RAWSON Circuit WERRIBEE 3030
53314038335,1 WHITEWING Street ARMSTRONG CREEK 3217
53314038749,13 DELORAINE Street ARMSTRONG CREEK 3217
53314039005,93 MICROPORA Drive WYNDHAM VALE 3024
53314039400,9 HALO Street TARNEIT 3029
53314039531,42B RALPH Street SUNSHINE WEST 3020
53314039664,29 SPREADING Road MICKLEHAM 3064
53314039937,34 QUINTA Crescent SUNBURY 3429
53314040078,17 POWER Street AINTREE 3336
53314040616,12 DOWNLEY Loop STRATHTULLOH 3338
53314040895,38 MANHATTAN Road FRASER RISE 3336
53314041027,32 HELVETICA Street TRUGANINA 3029
53314041422,87 MICROPORA Drive WYNDHAM VALE 3024
53314041555,86 MADEIRA Drive TRUGANINA 3029
53314041687,16 YASEMAN Crescent TRUGANINA 3029
53314042246,36 EQUESTRIAN Street TARNEIT 3029
53314042378,14 THYRIDIA Street MICKLEHAM 3064
53314042511,9 GRASSY Street ARMSTRONG CREEK 3217
53313204325,24 HOWKINS Avenue WINTER VALLEY 3358
53313204747,29 TANZANITE Circuit CRAIGIEBURN 3064
53313205317,30 ARBUCKLE Road WERRIBEE 3030
53313205570,16 COOK Avenue TORQUAY 3228
53313205860,13 SILVEREYE Street KURUNJANG 3337
53313206406,6 INLET Drive MOUNT DUNEED 3217
53313206660,90 GRAINGER Parade LUCAS 3350
53313208441,3 GIGGS Street DEANSIDE 3336
53313208716,2 LA PEROUSE Way WARRNAMBOOL 3280
53313209795,4 GRAINGER Parade LUCAS 3350
53313210340,13 PRINCESS Street COBURG NORTH 3058
53313211010,23 MURNONG Street LEOPOLD 3224
53313977929,1 YELLOW BOX Avenue STRATHFIELDSAYE 3551
53313978051,40 PICKERING Crescent LARA 3212
53313978331,14 DETERMINATION Street AINTREE 3336
53313978471,12 HILLTOP Drive CURLEWIS 3222
53313978606,16 SKELETON Avenue TRUGANINA 3029
53313978885,21 CROPLEY Street LUCAS 3350
53313979019,30 PALLADIAN Avenue CHARLEMONT 3217
53313979140,1 RAYER Walk TARNEIT 3029
53313979289,71 SLINKY Street DEANSIDE 3336
53313979545,84 CHATEAU Promenade DEANSIDE 3336
53313979941,3 GRASSY Place FRASER RISE 3336
53313980074,28 RECREATION Drive WARRNAMBOOL 3280
53313980230,4 MEL Avenue TARNEIT 3029
53313980652,12 CORDATA Road POINT COOK 3030
53313980784,2 CANNINGTON Avenue WERRIBEE 3030
53313233281,48 DISTINCTION Avenue CRAIGIEBURN 3064
53313234743,4 PELICAN Drive WINTER VALLEY 3358
53313235576,2 FAITH Road TARNEIT 3029
53313235858,14 NATURALISTE Way ARMSTRONG CREEK 3217
53313236666,28 BEST Drive DEANSIDE 3336
53313237192,46 LUGANO Avenue ALFREDTON 3350
53313237324,25 PENVER Drive COBBLEBANK 3338
53314006243,23 TERRACOTTA Avenue TARNEIT 3029
53314006383,16 ASHTON Street BACCHUS MARSH 3340
53314006518,22 FOLIAGE Drive TARNEIT 3029
53314006665,7 NITRARIA Street MICKLEHAM 3064
53314007035,15 WINERY Street MOUNT DUNEED 3217
53314007175,1 PATELY Place LARA 3212
53314007317,35 OSCAR Crescent DEANSIDE 3336
53314007456,20 HICKLING Road TARNEIT 3029
53314007614,16 ELOARA Street TARNEIT 3029
53314007745,41 ARNISON Road TARNEIT 3029
53314007893,12 SKELETON Avenue TRUGANINA 3029
53314008033,14 MAKYBE Street BONNIE BROOK 3335
53314008339,8 MAXI Drive WINTER VALLEY 3358
53314008462,26 WEYBA Street TRUGANINA 3029
53314008612,8 PARADOXA Drive TARNEIT 3029
53314009057,2 ELBRIDGE Road MANOR LAKES 3024
53314009206,57 MALKARI Circuit GREENVALE 3059
53314009345,52 MORNINGSIDE Circuit ARMSTRONG CREEK 3217
53314009485,31 AUBURN Crescent BACCHUS MARSH 3340
53314009610,9 CAPRISE Road FRASER RISE 3336
53314009917,5 GOKULA Street WERRIBEE 3030
53314010065,19 CALLANISH Street TRUGANINA 3029
53314010206,58 AMUKTA Road TRUGANINA 3029
53314010361,87 BLUEBOTTLE Parade ROCKBANK 3335
53314010511,29 MELALEUCA Street ARMSTRONG CREEK 3217
53314010824,16 TURNING Loop FRASER RISE 3336
53314010972,39 LAVANT Road FRASER RISE 3336
53314011138,12 LUMBERJACK Drive FRASER RISE 3336
53314011285,3 SHERBROOK Drive MAMBOURIN 3024
53314011434,18 TATUM Street TRUGANINA 3029
53314011590,18 NURTURE Street MAMBOURIN 3024
53314011757,4 FLOCK Street TARNEIT 3029
53314011897,75 CORDATA Road POINT COOK 3030
53314012027,26 RICE FLOWER Crescent STRATHTULLOH 3338
53314012150,28 VILANA Drive SUNBURY 3429
53314012323,14 AMALFI Street WINTER VALLEY 3358
53314012456,6 RECOGNITION Avenue TARNEIT 3029
53314012588,32 HACKAMORE Street TARNEIT 3029
53314012713,13 DUNCLIFFE Road TRUGANINA 3029
53314012877,8 ASTRO Street WERRIBEE 3030
53314013001,6 FORBES Street ARMSTRONG CREEK 3217
53314013339,21 FALCON Street ARMSTRONG CREEK 3217
53314013495,6 VERONA Grove ARMSTRONG CREEK 3217
53314013652,139 TULSI Avenue WERRIBEE 3030
53314013784,2 CLYDESDALE Walk AINTREE 3336
53314013919,219 MERTON Street ALTONA MEADOWS 3028
53314014057,4 DOLCETTO Way FRASER RISE 3336
53314014189,15 SHILLINGS Road MAMBOURIN 3024
53314014337,18 MISTLETOE Drive STRATHTULLOH 3338
53314042909,3 BUSHRANGER Drive SUNBURY 3429
53314043055,50 MONTEGO Boulevard SUNBURY 3429
53314043187,52 VARNISH Road TARNEIT 3029
53314043468,27 DELHI Grove ROCKBANK 3335
53314043600,9 SPRINTER Way WINTER VALLEY 3358
53314043731,6 MONASTERY Court TARNEIT 3029
53314044005,94 BERRIGAN Drive BONSHAW 3352
53314044144,9 COTTESMORE Street FRASER RISE 3336
53314044275,6 PEMBERTON Street MOUNT DUNEED 3217
53314044400,57 RANGELAND Street MAMBOURIN 3024
53314044671,24 MILESI Street CHARLEMONT 3217
53314044806,14 MINTBUSH Street MAMBOURIN 3024
53314044937,40 LINDBERGH Boulevard DIGGERS REST 3427
53314045069,94 BRUNDELL Avenue ROCKBANK 3335
53314045331,6 PALERMO Road DEANSIDE 3336
53314045464,19 LIBERATION Circuit WERRIBEE 3030
53314045596,26 EQUESTRIAN Street TARNEIT 3029
53314045745,46 DANUBE Road TRUGANINA 3029
53314046132,37 SHELTERBELT Avenue WEIR VIEWS 3338
53314046537,10 ARCHDALE Street DEANSIDE 3336
53314046660,148 MERINDAH Boulevard DEANSIDE 3336
53314046802,7 TEXEL Road MAMBOURIN 3024
53314046933,91 BRUNDELL Avenue ROCKBANK 3335
53314047064,9 BALDWIN Road FRASER RISE 3336
53314047196,3 REVIVAL Way DEANSIDE 3336
53314047336,38 RAWSON Circuit WERRIBEE 3030
53314047484,52 HOWELL Crescent TRUGANINA 3029
53314047619,29 EQUESTRIAN Street TARNEIT 3029
53314047740,28 ELECTRIC Crescent MOUNT DUNEED 3217
53314047880,25 LAHAR Road TRUGANINA 3029
53314048276,19 HORGI Street WYNDHAM VALE 3024
53314048419,13 FIGTREE Road DEANSIDE 3336
53314048672,32 DARKE Boulevard ROCKBANK 3335
53314048807,47 VARNISH Road TARNEIT 3029
53314049077,8 BLEEKER Way FRASER RISE 3336
53314049201,3 DACEY Place STRATHTULLOH 3338
53314049332,32 HARGREAVES Street PORTARLINGTON 3223
53313296703,37 FAWKNER Crescent ARMSTRONG CREEK 3217
53313296842,58 KENSINGTON Boulevard SMYTHES CREEK 3351
53313296974,24 HEATHCOTE Street MOUNT DUNEED 3217
53313297107,46366 FRAGRANT Drive LARA 3212
53313212139,11 WEDGE Circuit INVERMAY PARK 3350
53313212278,59 DROOP Street FOOTSCRAY 3011
53313212667,44B ROSAMOND Road MARIBYRNONG 3032
53313212930,17 ATTADALE Avenue WERRIBEE 3030
53313213194,27 RIHANNA Street GREENVALE 3059
53313213730,68 WEDGE TAIL Drive WINTER VALLEY 3358
53313214143,23 CLEAR Drive TARNEIT 3029
53313214274,14 SCAEVOLA Road CRAIGIEBURN 3064
53313216018,613 KLINE Street CANADIAN 3350
53313216157,29 WESTBURY Avenue ROCKBANK 3335
53313456019,7 NORTHWATTLE Crescent CORIO 3214
53313456289,6 BUKOVO Street TARNEIT 3029
53313456553,11 WHITEHOUSE Terrace THORNHILL PARK 3335
53313456941,21 COBRAM Drive EYNESBURY 3338
53313457213,26 COPPICE Street LARA 3212
53313457385,2 MAYOPARK Street DEANSIDE 3336
53313457510,3 SAPA Close TRUGANINA 3029
53313237465,19 PENVER Drive COBBLEBANK 3338
53313238421,64 VALIANT Road SMYTHES CREEK 3351
53313238827,10 GUDDI Court GREENVALE 3059
53313239099,23 AUSTIN Crescent YARRAVILLE 3013
53313239354,10 ADMIRATION Walk TARNEIT 3029
53313239750,97 RESTFUL Way ROCKBANK 3335
53313239882,4 PURBA Close DEANSIDE 3336
53313240157,13 MURNONG Street LEOPOLD 3224
53313240692,42-44 FRAGRANT Drive LARA 3212
53313241758,19 SHADOWBOX Court SUNSHINE NORTH 3020
53313242706,24 DAWLEY Circuit WERRIBEE 3030
53313242985,2 HOWKINS Avenue WINTER VALLEY 3358
53313243942,41 HERBERT Street AVONDALE HEIGHTS 3034
53313244073,42 SASHA Crescent TRUGANINA 3029
53313244338,42 BARNARDS Road BONNIE BROOK 3335
53313244486,2 FLANNERY Court OAK PARK 3046
53314014477,33 EQUESTRIAN Street TARNEIT 3029
53313997380,10 BET Street TRUGANINA 3029
53313264948,15 CONONDALE Avenue TRUGANINA 3029
53313265500,82 VALIANT Road SMYTHES CREEK 3351
53313265906,6 COLLIE Walk SUNBURY 3429
53313266169,16 MALTA Road CRAIGIEBURN 3064
53313266318,62 GRAINGER Parade LUCAS 3350
53313266878,25 IVORY Street EPSOM 3551
53313267001,34 GIBSONS Circuit BONNIE BROOK 3335
53313267586,11 TELOPEA Street MOUNT DUNEED 3217
53313267711,25 METROON Drive WEIR VIEWS 3338
53313268404,8 FORSYTH Street PORTLAND 3305
53313268551,81 GAWAN Loop COBURG NORTH 3058
53313268683,204 BOWEN Street CAMPERDOWN 3260
53313269106,24 STEADFIELD Circuit MELTON SOUTH 3338
53313269236,13 MAPSTONE Court MELTON SOUTH 3338
53313269369,1 BASTEN Avenue DEANSIDE 3336
53313270442,19 HILLSBOROUGH Walk CHARLEMONT 3217
53313270717,11 TAO Circuit GREENVALE 3059
53313270856,4 MADELEINE Road BROWN HILL 3350
53313270988,7 CENTINELA Street TARNEIT 3029
53313271517,4 GILA Way TRUGANINA 3029
53313297237,48 JOHN Street GLENROY 3046
53313297659,19 REYNOLDS Parade SMYTHES CREEK 3351
53313297930,31 SCAEVOLA Road CRAIGIEBURN 3064
53313298474,13 BONAVIA Street DEANSIDE 3336
53313299135,16 ELMWOOD Street DEANSIDE 3336
53313299530,26 AVONBURY Drive ARMSTRONG CREEK 3217
53313299928,11 PADMA Boulevard TARNEIT 3029
53313300331,64 LUGANO Avenue ALFREDTON 3350
53313300761,22 CORNFLOWER Way MOUNT DUNEED 3217
53313301420,19 SOUTHLANDS Loop STRATHTULLOH 3338
53313301553,28 DANDELION Crescent ROCKBANK 3335
53313301826,5 DALRYMPLE Drive WARRNAMBOOL 3280
53313302236,14 GRIFFITH Road DEANSIDE 3336
53313302369,74 TOWNLEY Boulevard WERRIBEE 3030
53313302907,20 CEDAR Road LARA 3212
53313303037,28 SASHA Crescent TRUGANINA 3029
53313303160,32 CAMBRA Road BELMONT 3216
53313303572,50 SIMMENTAL Street BONSHAW 3352
53313303854,71 PLANE Avenue MAMBOURIN 3024
53313304126,22 SYNNOT Street WERRIBEE 3030
53313304398,23 MAPSTONE Court MELTON SOUTH 3338
53313304654,24 LINCOLN Drive KEILOR EAST 3033
53313457667,96 MILLBROOK Drive WYNDHAM VALE 3024
53313458334,36 CANADIAN Avenue WERRIBEE 3030
53313458467,14 MARION Street DEANSIDE 3336
53313458756,45 LAFLIN Avenue TARNEIT 3029
53313458896,54 SPOONBILL Avenue WINTER VALLEY 3358
53313459176,18 MANE Walk FRASER RISE 3336
53313459571,28 MCLEOD Crescent LUCAS 3350
53313459714,7 HILL Street PORT FAIRY 3284
53313459853,67 CROWN Drive FRASER RISE 3336
53313460111,40 PEMBERTON Street MOUNT DUNEED 3217
53313460522,6 GIBSONS Circuit BONNIE BROOK 3335
53313460655,22 PATTERSON Street BACCHUS MARSH 3340
53313460936,17 COFFEY Street TARNEIT 3029
53313461068,20 EVERGREEN Street ARMSTRONG CREEK 3217
53313461538,121 NEWMARKET Road WERRIBEE 3030
53313461661,322 BOUNDARY Road MOUNT DUNEED 3217
53313461926,6 SENECIO Place LEOPOLD 3224
53313462064,67 PEAR Parade FRASER RISE 3336
53313462469,33 MARTLAND Street LUCAS 3350
53313462916,55 ATLANTIS Drive POINT COOK 3030
53313463441,2 STACCATO Terrace STRATHTULLOH 3338
53313463573,11 DHALLA Street THORNHILL PARK 3335
53313463716,8 ELDENWOOD Mews CANADIAN 3350
53313463847,21 ELDENWOOD Mews CANADIAN 3350
53313464274,201 HUMMINGBIRD Boulevard TARNEIT 3029
53313464530,18 NOVA Street WEIR VIEWS 3338
53313464663,82 ERSKINE Road WINTER VALLEY 3358
53313464952,33 PATRIOT Crescent SMYTHES CREEK 3351
53313245286,39 WESTBURY Avenue ROCKBANK 3335
53313246524,16 FARRIER Boulevard FRASER RISE 3336
53313246665,25 TARCOOLA Avenue MEADOW HEIGHTS 3048
53313246954,68 ABBOTSWICK Circuit WILLIAMS LANDING 3027
53313247778,18 OMAR Street MAIDSTONE 3012
53313488224,85 SHELTERBELT Avenue WEIR VIEWS 3338
53313488614,2 KEEPING Terrace TARNEIT 3029
53313488753,33 SUMAR Drive CRAIGIEBURN 3064
53313489140,24 PIANTA Street GREENVALE 3059
53313489289,22 ATHENA Road WEIR VIEWS 3338
53313489545,27 CALIFORNIA Way BONNIE BROOK 3335
53313489810,78 KENSINGTON Boulevard SMYTHES CREEK 3351
53313489941,15 WATTLEBIRD Court SUNSHINE NORTH 3020
53313490181,71 NAVIGATION Road TARNEIT 3029
53313490586,13 WINDMILL Avenue SUNBURY 3429
53313490842,10 ROSEWOOD Drive OCEAN GROVE 3226
53313491009,14 ARYA Road CHARLEMONT 3217
53313491130,12 CELESTA Road LARA 3212
53313491404,9 PERNONIE Street LUCAS 3350
53313272612,2 MELOTTE Place WYNDHAM VALE 3024
53313272901,14 TARRNOOK Drive STRATHFIELDSAYE 3551
53313273305,17 EVANS Way LUCAS 3350
53313273444,14 BONNIEBROOK Road AINTREE 3336
53313273866,7 REARDON Crescent ST LEONARDS 3223
53313274260,36 GRAINGER Parade LUCAS 3350
53313274533,12 PALANA Walk GREENVALE 3059
53313274673,22 ERRARD Street BALLARAT CENTRAL 3350
53313274939,22 GLYNN Avenue ALTONA NORTH 3025
53313275341,12 LIME Crescent DIGGERS REST 3427
53313275616,15A ROSALA Avenue ALTONA NORTH 3025
53313275747,22A MISTEN Avenue ALTONA NORTH 3025
53313276183,16 ARBUCKLE Road WERRIBEE 3030
53313277692,5 CARMICHAEL Road WARRNAMBOOL 3280
53313278229,29 MONTEREY Street ARMSTRONG CREEK 3217
53313278758,6 TOOHEY Close MELTON SOUTH 3338
53313278898,11 TOOHEY Close MELTON SOUTH 3338
53313279153,17 SLEEMAN Place MELTON SOUTH 3338
53313304786,2 RED WATTLE Way GREENVALE 3059
53313304927,46 WIRELESS Drive AINTREE 3336
53313305059,44 WIRELESS Drive AINTREE 3336
53313305321,30 PLOUGH Drive CURLEWIS 3222
53313305612,1 DEVLIN Drive HOPPERS CROSSING 3029
53313306279,56 PENEDREL Drive MOUNT DUNEED 3217
53313306404,40 BARNARDS Road BONNIE BROOK 3335
53313306543,208 BUCKLEY Street FOOTSCRAY 3011
53313306800,30 EVANS Way LUCAS 3350
53313306931,9 DIATREME Street CRAIGIEBURN 3064
53313307906,21 RIDLEY Street DRYSDALE 3222
53313308044,1 SLEET Avenue WYNDHAM VALE 3024
53313308201,96 WANGOOM Road WARRNAMBOOL 3280
53313308332,1 ZELKOVA Place LAKE GARDENS 3355
53313309125,18 ATTADALE Avenue WERRIBEE 3030
53313309265,7 CROP Drive FRASER RISE 3336
53313309397,14 PHELPS Street TARNEIT 3029
53313309686,16 TELOPEA Street MOUNT DUNEED 3217
53313310249,28 VALIANT Street DEANSIDE 3336
53313311172,32 VALIANT Street DEANSIDE 3336
53313312145,9 TRAVERSE Avenue TARNEIT 3029
53313465364,15 MAY Drive GISBORNE 3437
53313465496,1 CASSIDY Road WERRIBEE 3030
53313465777,63 HEMINGWAY Drive ROCKBANK 3335
53313466066,33 WHITECROSS Drive THORNHILL PARK 3335
53313466207,22 ABBOTSWICK Circuit WILLIAMS LANDING 3027
53313466603,3 CORREA Street MOUNT DUNEED 3217
53313466734,17 ELDRIDGE Court KANGAROO FLAT 3555
53313467021,3 THIRLMERE Place TRUGANINA 3029
53313467574,77 SHELTERBELT Avenue WEIR VIEWS 3338
53313467709,50 HOLST Street ARMSTRONG CREEK 3217
53313468144,90 SHORTRIDGE Drive LUCAS 3350
53313468275,35 PROGRESS Drive FRASER RISE 3336
53313468400,33 PROGRESS Drive FRASER RISE 3336
53313468549,14 MAYOPARK Street DEANSIDE 3336
53313468953,15 CONTROL Street GREENVALE 3059
53313469084,62 HAWKER Street AIRPORT WEST 3042
53313469489,14 MELIA Street STRATHFIELDSAYE 3551
53313469614,16 PATHFIELD Street CORIO 3214
53313470035,30 VALIANT Street DEANSIDE 3336
53313470168,11 DUFFY Road DEANSIDE 3336
53313470309,25 LABICHEA Street CRAIGIEBURN 3064
53313470893,17 MILSOM Avenue FRASER RISE 3336
53313471033,19 BLACKSCROFT Road THORNHILL PARK 3335
53313471307,5 POLMONT Avenue THORNHILL PARK 3335
53313471438,61 FUCHSIA Drive ROCKBANK 3335
53313471578,9 BLACKSCROFT Road THORNHILL PARK 3335
53313709471,73 SWAN Boulevard WINTER VALLEY 3358
53313709745,10 BARINGHUP Street EYNESBURY 3338
53313710150,4 MONTIS Lane EPSOM 3551
53313710281,177 ABERLINE Road WARRNAMBOOL 3280
53313710416,28 MUCKLEFORD Street EYNESBURY 3338
53313710695,20 LONGTOWN Road THORNHILL PARK 3335
53313491866,123 FARM Road WERRIBEE 3030
53313491998,3 BRUSHTAIL Court SUNSHINE NORTH 3020
53313492796,28 RUTHVEN Way MAMBOURIN 3024
53313493218,2 HAMLIN Road DEANSIDE 3336
53313493349,14 KEEPING Terrace TARNEIT 3029
53313493614,38 WALLANGARA Boulevard HARKNESS 3337
53313493753,5 PELICAN Drive WINTER VALLEY 3358
53313493885,36 MOUNTAIN ASH Circuit WINTER VALLEY 3358
53313494019,8 DUGAN Street THORNHILL PARK 3335
53313494158,29 YEOMAN Street MELTON SOUTH 3338
53313494446,26 CINDER Drive TARNEIT 3029
53313494703,5 MILLBROOK Drive WYNDHAM VALE 3024
53313494842,52 CORIDALE Boulevard LARA 3212
53313494982,17 MCARTHUR Place WARRNAMBOOL 3280
53313495122,47 KEEPING Terrace TARNEIT 3029
53313495254,66 PALMDALE Crescent MAMBOURIN 3024
53313495394,5 FALCON Court FOOTSCRAY 3011
53313496088,31 HILLTOP Drive CURLEWIS 3222
53313496236,37 CURRUMBIN Street ARMSTRONG CREEK 3217
53313496501,7 AMPHITHEATRE Street EYNESBURY 3338
53313496632,14 SHINRONE Drive GISBORNE 3437
53313496765,7 NEW Street WHITE HILLS 3550
53313496897,200 MARACANA Avenue MANOR LAKES 3024
53313497300,7 WINTON Drive FRASER RISE 3336
53313497837,34 WASHINGTON Drive THORNHILL PARK 3335
53313498101,43 CINNAMON Drive LAKE GARDENS 3355
53313498496,24 GRIBBLE Street LUCAS 3350
53313499314,8 VINCENZA Avenue TRUGANINA 3029
53313279284,6 MCKAY Place MELTON SOUTH 3338
53313279425,10 CORNELIUS Close MELTON SOUTH 3338
53313279680,15 STONES Street CHARLEMONT 3217
53313279815,207 HUMMINGBIRD Boulevard TARNEIT 3029
53313280342,2 RANCE Road DELACOMBE 3356
53313280482,59 CREEKSTONE Drive ALFREDTON 3350
53313519351,1 LOWELL Road TARNEIT 3029
53313519618,2 ANNABEL Street DEANSIDE 3336
53313519757,2 BUCOLIA Place LARA 3212
53313519889,125 NEWMARKET Road WERRIBEE 3030
53313520821,14 KELSON Street WARRNAMBOOL 3280
53313521085,20 CARDAMON Street ARMSTRONG CREEK 3217
53313521366,6 GRATZ Street ST ALBANS 3021
53313521904,35 MUSTANG Circuit BONNIE BROOK 3335
53313522032,62 SILVER Drive DIGGERS REST 3427
53313522296,26 STELLAR Road BONNIE BROOK 3335
53313522585,3 CASSADY Esplanade WARRNAMBOOL 3280
53313522726,13 SYKES Walk ST ALBANS 3021
53313522867,10 CLYDE Court JUNORTOUN 3551
53313523022,33 BUCHANAN Boulevard ARMSTRONG CREEK 3217
53313523411,49 BRYGEE Close SUNSHINE NORTH 3020
53313523682,15 LIMESTONE Way OCEAN GROVE 3226
53313523823,91 PRESENTATION Boulevard WINTER VALLEY 3358
53313523956,8 AMALFI Street WINTER VALLEY 3358
53313524095,57 HEATHWOOD Way OCEAN GROVE 3226
53313524350,7 LYRIC Drive MAMBOURIN 3024
53313524482,179 CLARA Avenue TRUGANINA 3029
53313525012,35 HAWKESTONE Street MELTON SOUTH 3338
53314132526,43 ROHAB Crescent MOUNT COTTRELL 3024
53314132667,7 TYQUIN Drive SUNBURY 3429
53314132799,30 DAWBIN Road TARNEIT 3029
53314132922,5 TOADLET Street WYNDHAM VALE 3024
53314133054,18 AZIZ Boulevard MOUNT COTTRELL 3024
53314133194,18 STALLION Court GREENVALE 3059
53314133326,19 HONEYPOT Circuit MICKLEHAM 3064
53314133467,31 WESTDAHL Street TRUGANINA 3029
53314133599,18 RONALD Street MADDINGLEY 3340
53314133756,39 TOLKIEN Drive MAMBOURIN 3024
53314134036,23 TRANQUIL Street STRATHFIELDSAYE 3551
53314134169,1725 SYDNEY Road CAMPBELLFIELD 3061
53314134318,14 SKYLINE Road FRASER RISE 3336
53314134449,34 CROTONE Avenue DEANSIDE 3336
53314134571,20 TEMPLETONIA Circuit MICKLEHAM 3064
53314134853,6 LIBRA Road WEIR VIEWS 3338
53314134985,21 CROWN Drive FRASER RISE 3336
53314135249,44 MAYWOOD Road MANOR LAKES 3024
53314135389,2 CATHCART Avenue TARNEIT 3029
53314135520,4 BROCKWELL Avenue HUNTLY 3551
53314135785,59 WALLANGARA Boulevard HARKNESS 3337
53314136058,20 KENNING Road TARNEIT 3029
53314136180,8 STIRRUP Street AINTREE 3336
53314136314,6 WARRACKNABEAL Road EYNESBURY 3338
53314136453,11 HILLOCK Walk MICKLEHAM 3064
53314136593,75 VOYAGER Boulevard TARNEIT 3029
53314136859,53 COTTER Way TRUGANINA 3029
53314136999,12 MEDITERRANEAN Street DEANSIDE 3336
53314137120,39 BUTTERFLY Crescent MICKLEHAM 3064
53314137252,150 PALMERS Road TRUGANINA 3029
53314137533,22 CANNON Lane KANGAROO FLAT 3555
53314137666,23 STONEMASON Boulevard KYNETON 3444
53314137798,51 HOMEBUSH Esplanade FRASER RISE 3336
53314137921,17 MONTEGO Boulevard SUNBURY 3429
53314138193,227 FRONTIER Avenue AINTREE 3336
53314138325,12 SIRIANNI Boulevard FRASER RISE 3336
53314138458,45 CHALCOT Circuit FRASER RISE 3336
53314138598,55 CAPTAIN Drive POINT COOK 3030
53314138854,25 KATIA Court GREENVALE 3059
53314139003,14 COTSWOLD Street MAMBOURIN 3024
53314139142,1 ANTIPODIA Street DEANSIDE 3336
53314139273,94 DAYBREAK Vista MICKLEHAM 3064
53314139422,4 CAMPIGLI Street TARNEIT 3029
53314139695,13 PARTULA Walk TARNEIT 3029
53314161493,42 YARLINGTON Road TARNEIT 3029
53314161626,34 MOSMAN Circuit TARNEIT 3029
53314161759,61 JAGGED Circuit TARNEIT 3029
53314161881,37 DEVESHA Drive ARMSTRONG CREEK 3217
53314162291,16 MERRIJIG Street WERRIBEE 3030
53314162432,35 SCULLIN Road CHARLEMONT 3217
53314162572,73 PENSTONE Crescent LARA 3212
53314162707,120 WALLANGARA Boulevard HARKNESS 3337
53314162846,34 WESTDAHL Street TRUGANINA 3029
53314163003,8 MUDLARK Road TARNEIT 3029
53314163142,7 PONY Road FRASER RISE 3336
53314163416,12 WINDJAMMER Street TARNEIT 3029
53314163563,5 NEVADO Avenue WINTER VALLEY 3358
53314163705,2 ATTAR Road ROCKBANK 3335
53314163969,40 TIMETABLE Street MAMBOURIN 3024
53314164248,22 SPARROWHAWK Avenue LARA 3212
53314164505,5 PYRUS Crescent MICKLEHAM 3064
53314164636,15 KNOTTY Road BONNIE BROOK 3335
53314164919,2 SUNPEAKS Street WINTER VALLEY 3358
53314165057,18 CORDYLINE Street MOUNT DUNEED 3217
53314165452,27 WINERY Street MOUNT DUNEED 3217
53314165584,31 GANSHA Street WEIR VIEWS 3338
53314165719,27 HAFLINGER Road TARNEIT 3029
53314165858,48 BONNYVIEW Road CRAIGIEBURN 3064
53314166138,6 GALLIC Way HUNTLY 3551
53314166260,18 SWANSEA Road MANOR LAKES 3024
53314166402,4 KERNER Street SUNBURY 3429
53314166666,7 YELLANGIP Street EYNESBURY 3338
53314167060,34 MELALEUCA Street ARMSTRONG CREEK 3217
53314167219,19 ARCHDUKE Drive DEANSIDE 3336
53314167340,38 CARROLL Lane GREENVALE 3059
53314167480,60 PETUNIA Avenue TARNEIT 3029
53314167639,42 WHEATSHEAF Road WYNDHAM VALE 3024
53314167762,37 CRANBERRY Crescent THORNHILL PARK 3335
53314167894,62 CROWN Drive FRASER RISE 3336
53314168034,6 BARTOLO Street TRUGANINA 3029
53314168174,8 MIDGARD Road WEIR VIEWS 3338
53314168308,427 WATERHAVEN Boulevard POINT COOK 3030
53314168439,274 MANOR LAKES Boulevard MANOR LAKES 3024
53314075819,29 ARACAR Street TRUGANINA 3029
53314075940,8 PETUNIA Avenue TARNEIT 3029
53314076089,14 WHITELOCK Drive HUNTLY 3551
53314076213,17 MOSSIFACE Drive TARNEIT 3029
53314076344,213 SANDY CREEK Road RIDDELLS CREEK 3431
53314076641,45 KURRAJONG Road MICKLEHAM 3064
53314076773,62 TOTTORI Road TRUGANINA 3029
53314076916,8 BRUNO Avenue TRUGANINA 3029
53314077202,42 WARHAWKE Road AINTREE 3336
53314077341,9 CUBITT Crescent TARNEIT 3029
53314077473,53 AMAZING Boulevard FRASER RISE 3336
53314077608,86 WATERCOURSE Avenue LARA 3212
53314077879,21 PALEY Circuit MOUNT DUNEED 3217
53314078011,329 HOMESTEAD Drive LARA 3212
53314078422,30 MALKARI Circuit GREENVALE 3059
53314078555,4 MUNRO Drive CHARLEMONT 3217
53314078687,18 MALHAM Street LARA 3212
53314078828,20 PALIA Drive TARNEIT 3029
53314078951,21 CONE Way WEIR VIEWS 3338
53314079082,14 PARKDALE Street GREENVALE 3059
53314079487,10 KAVERI Street TARNEIT 3029
53314079743,13 SILENE Walk ARMSTRONG CREEK 3217
53314079883,9 GUARDAVALLE Street DEANSIDE 3336
53314080019,82 BRUNDELL Avenue ROCKBANK 3335
53314080158,61 SANCTUARY Boulevard MAIDEN GULLY 3551
53314080420,4 BLACKWOOD Drive HUNTLY 3551
53314080553,9 BUFFALO Circuit MOUNT DUNEED 3217
53314080685,44 HOWELL Crescent TRUGANINA 3029
53314080810,41 STACEY Parade MOUNT COTTRELL 3024
53314080967,8 EUCALYPT Street ARMSTRONG CREEK 3217
53314081108,23 DRYANDRA Street MANOR LAKES 3024
53313328743,8 CHRYSLER Way SMYTHES CREEK 3351
53313329017,168 ALTEZZE Drive TRUGANINA 3029
53313329148,27 CHISHOLM Street MARYBOROUGH 3465
53313329412,31A BROSNAN Crescent STRATHMORE 3041
53313329592,1 ALDERNEY Street TARNEIT 3029
53313329725,59 FLANNERY Circuit CHARLEMONT 3217
53313329858,44 NOLITA Walk POINT COOK 3030
53313329980,3 MUSTANG Circuit BONNIE BROOK 3335
53313330122,22 MAROON Way DIGGERS REST 3427
53313330254,42 GRAINGER Parade LUCAS 3350
53313330386,8 SARAN Crescent DEANSIDE 3336
53300259597,6 FLORENCE Street STAWELL 3380
53314139828,52 TOTTORI Road TRUGANINA 3029
53314139951,68 WHITES Lane CRAIGIEBURN 3064
53314140092,50 BLOSSOM Drive EPSOM 3551
53314140365,3 WATCHUPGA Street EYNESBURY 3338
53314140507,12 ADRIANA Street MICKLEHAM 3064
53314140638,6 ESMERALDA Avenue TARNEIT 3029
53314140778,9 PARTULA Walk TARNEIT 3029
53314141033,26 SMETHURST Road TARNEIT 3029
53314141166,22 JESSUP Street HUNTLY 3551
53314141438,20 TOTTORI Road TRUGANINA 3029
53314141703,18 SOCIETY Circuit AINTREE 3336
53314141868,3 THORNY Street ROCKBANK 3335
53314141990,8 TOTTORI Road TRUGANINA 3029
53314142138,62 UPLANDS Crescent MELTON SOUTH 3338
53314142434,25 VINCENZA Avenue TRUGANINA 3029
53314142567,18 GLORY Street THORNHILL PARK 3335
53314142699,16 SOCIETY Circuit AINTREE 3336
53314142822,13 WATCHUPGA Street EYNESBURY 3338
53314142988,17 VOYAGE Street MOUNT DUNEED 3217
53314143112,11 PINATUBO Street TRUGANINA 3029
53314143242,318 MARATHON Boulevard CRAIGIEBURN 3064
53314143374,29 BONITO Street MELTON SOUTH 3338
53314143523,28 WILDACRE Way ROCKBANK 3335
53314143913,8 PANNAL Way LARA 3212
53314144183,20 EDGEMEAD Rise WERRIBEE 3030
53314144317,38 OSCAR Crescent DEANSIDE 3336
53300276197,17 MCLEAN Street ARARAT 3377
53314168983,50 GRANDVIEW Crescent DARLEY 3340
53314169123,69 KARDINIA Street BONSHAW 3352
53314169255,24 LIPARI Crescent DEANSIDE 3336
53314169387,6 MELLIODORA Road MICKLEHAM 3064
53314169512,14 DAWBIN Road TARNEIT 3029
53314169676,5 FURLONG Way AINTREE 3336
53314169801,21 BEAUTIDE Road TARNEIT 3029
53314170066,7 CURYO Street EYNESBURY 3338
53314170478,26 FASCINATION Circuit AINTREE 3336
53314170742,10 BROCTON Road MANOR LAKES 3024
53314170874,39 BLUEBOTTLE Parade ROCKBANK 3335
53314171008,15 MONASTERY Court TARNEIT 3029
53314171139,17 YEOMAN Street MELTON SOUTH 3338
53314171403,27 PONTBURN Road TRUGANINA 3029
53314171542,58 MALKARI Circuit GREENVALE 3059
53314172077,29 MATON Street GREENVALE 3059
53314172201,13 PICTURE Street MAMBOURIN 3024
53314172340,53 MERCURY Road SUNBURY 3429
53314172472,351 WOLLASTON Road WARRNAMBOOL 3280
53314172607,31 DUGAN Street THORNHILL PARK 3335
53314172886,13 COLLETTE Circuit DEANSIDE 3336
53314173141,6 ARD Avenue DEANSIDE 3336
53314173415,5 PALASH Way THORNHILL PARK 3335
53314173546,194 MOUNT MARY Road EYNESBURY 3338
53314173686,23 HAIRPIN Drive TARNEIT 3029
53314173811,65 COLLETTE Circuit DEANSIDE 3336
53314173950,20 SWANSEA Road MANOR LAKES 3024
53314174081,9 PONTBURN Road TRUGANINA 3029
53314174215,55 SKYLARK Drive WINTER VALLEY 3358
53314174354,37 RANCE Road DELACOMBE 3356
53314174627,22 BENMORE Street MAMBOURIN 3024
53314175022,10 BLOSSOM Drive MADDINGLEY 3340
53314175155,18 BINDAREE Drive MELTON SOUTH 3338
53314175286,2 ZIERIA Street DIGGERS REST 3427
53314175411,68 CORDATA Road POINT COOK 3030
53314175682,42 ROHAB Crescent MOUNT COTTRELL 3024
53314175956,4 TAWNY Close BALLARAT EAST 3350
53314176105,75 GILROY Crescent CHARLEMONT 3217
53313330569,5 FRAGRANT Drive LARA 3212
53313330832,54 SIMMENTAL Street BONSHAW 3352
53313331491,57 FLANNERY Circuit CHARLEMONT 3217
53313331772,5A KEAM Street ESSENDON NORTH 3041
53313332043,16 POWELL Street TORQUAY 3228
53313332175,7 SUFFOLK Street CURLEWIS 3222
53313332323,23 WARDELL Street TARNEIT 3029
53313332860,67 FLANNERY Circuit CHARLEMONT 3217
53313333124,7 LAUNCESTON Street OCEAN GROVE 3226
53313333438,22 ALCOCK Road TRUGANINA 3029
53313333561,21 LABICHEA Street CRAIGIEBURN 3064
53313333693,14 ELMWOOD Street DEANSIDE 3336
53313333826,20 SEASCAPE Drive OCEAN GROVE 3226
53313334220,37 ESCARPMENT Drive FYANSFORD 3218
53313334361,36 AQUIVER Terrace MINERS REST 3352
53313334965,10 CURTIN Drive DEANSIDE 3336
53313335106,11 DIATREME Street CRAIGIEBURN 3064
53313335519,45 GORDON Street NEWPORT 3015
53313335798,20 KONARK Road BONNIE BROOK 3335
53313335939,10 WHIRRAKEE Parade HUNTLY 3551
53313336086,27 HELENIC Drive GREENVALE 3059
53313336226,40 SANDSPIT Walk ARMSTRONG CREEK 3217
53313336367,59 LAFLIN Avenue TARNEIT 3029
53313336763,5 NOSILLA Street SMYTHES CREEK 3351
53313337034,12 TYALLA Street WYNDHAM VALE 3024
53313337316,32 CURTIN Drive DEANSIDE 3336
53313337736,21 RICKY Parade ARMSTRONG CREEK 3217
53313337876,12 GEORGE Street SUNSHINE 3020
53300261223,36 ELIZABETH Street HORSHAM 3400
53300293679,29 BARNES Street STAWELL 3380
53300294173,20 KALIMNA Avenue HORSHAM 3400
53300295023,8 PYNSENT Street HORSHAM 3400
53300295246,5 NAPIER Street STAWELL 3380
53300295800,99999 GRANO Street ARARAT 3377
53300296007,12 MCLEAN Street ARARAT 3377
53313338684,15 SPRINTER Way WINTER VALLEY 3358
53313338825,220 ALBERT Street SEBASTOPOL 3356
53313339377,25 WESTWOOD Way ALBION 3020
53313339922,17 BROOKES Street FYANSFORD 3218
53313340196,16 CHAPPELL Avenue CLIFTON SPRINGS 3222
53313340601,23 ESCARPMENT Drive FYANSFORD 3218
53313340732,6 GATES Road BURNSIDE 3023
53313340865,52 MAMIC Boulevard FRASER RISE 3336
53313340997,13 HEATHCOTE Street MOUNT DUNEED 3217
53313341161,3 CRESWELL Place STRATHTULLOH 3338
53313341292,26 COLMAR Street LARA 3212
53313341558,10 MEWAT Circuit THORNHILL PARK 3335
53313341839,21 ROSEBANK Walk THORNHILL PARK 3335
53313342554,26 IVERSON Circuit DEANSIDE 3336
53313342686,7 DIATREME Street CRAIGIEBURN 3064
53313343504,42 KEEPING Terrace TARNEIT 3029
53313343635,44 VIOLA Drive ROCKBANK 3335
53313343768,40 WALLANGARA Boulevard HARKNESS 3337
53313343900,54 SYNNOT Street WERRIBEE 3030
53313344030,4 BONAVIA Street DEANSIDE 3336
53313344443,16 FRIENDSHIP Place TARNEIT 3029
53313582779,43 EDITH Street TARNEIT 3029
53313582904,64 FAIRHALL Avenue WERRIBEE 3030
53313583182,9 ROBINSON Street ARMSTRONG CREEK 3217
53313583447,18 HIMALAYAS Street TRUGANINA 3029
53313583579,8 HUTTON Street DEANSIDE 3336
53313583728,47 HACKETT Street PASCOE VALE SOUTH 3044
53300281890,12 HIGH Street ARARAT 3377
53300282178,71 HIGH Street ARARAT 3377
53300282599,23 LONGFIELD Street STAWELL 3380
53300283498,11 VIEWPOINT Street ARARAT 3377
53300296501,99999 COOPER Street STAWELL 3380
53313583991,13 GALERAS Street TRUGANINA 3029
53313584123,16 COOK Road MELTON SOUTH 3338
53313584429,85 LENA Crescent TRUGANINA 3029
53313584684,21 SICILY Avenue DEANSIDE 3336
53313584825,34 JARLATH Drive MAMBOURIN 3024
53313585237,107 SUNDANCE Boulevard WINTER VALLEY 3358
53313585502,17 NETHERGATE Street THORNHILL PARK 3335
53313585633,11 WEXFORD Way ROCKBANK 3335
53313585766,43 COUNTESS Drive ST LEONARDS 3223
53313585908,52 JAMAICAN Road SUNBURY 3429
53313586178,3 ESCARPMENT Drive FYANSFORD 3218
53313586459,24 AMBIENT Street MOUNT DUNEED 3217
53313586987,7 SEMOLINA Street MANOR LAKES 3024
53313587380,41 INGLENOOK Circuit ARMSTRONG CREEK 3217
53313587521,8 YEOMAN Street MELTON SOUTH 3338
53313587679,60 LENA Crescent TRUGANINA 3029
53313587812,92 SHOREBREAK Way OCEAN GROVE 3226
53313588256,9 NORTHWATTLE Crescent CORIO 3214
53313588388,970 MORRIS Road TRUGANINA 3029
53313589049,9 INGLENOOK Circuit ARMSTRONG CREEK 3217
53313589197,14 RARITY Street ARMSTRONG CREEK 3217
53313589329,41 PENVER Terrace WERRIBEE 3030
53313589452,34 HANOVER Circuit MELTON SOUTH 3338
53313589584,62 MEWAT Circuit THORNHILL PARK 3335
53313589866,4 DUTCH Road SUNBURY 3429
53313590009,48 YELLOWSTONE Drive TRUGANINA 3029
53313590404,126 PASKAS Drive FRASER RISE 3336
53313590535,7 MILNE Street SUNBURY 3429
53313590668,3 HIMALAYAS Street TRUGANINA 3029
53313590800,26 ALISO Street TRUGANINA 3029
53313591070,89 LENA Crescent TRUGANINA 3029
53313591204,18 CAMPBELL Road HUNTLY 3551
53313591475,37 OPAL Drive LEOPOLD 3224
53300394361,167 LIEBIG Street WARRNAMBOOL 3280
53300395772,5 MT NAPIER Road HAMILTON 3300
53300395970,101 MT NAPIER Road HAMILTON 3300
53313566071,2 BRITTAIN Avenue WARRNAMBOOL 3280
53313566344,3 AYERS Road BONNIE BROOK 3335
53313566601,29 WOOL Street TARNEIT 3029
53313805453,66 COURTENAY Promenade FRASER RISE 3336
53313806147,9 KYAH Street FRASER RISE 3336
53313806278,98 SINCLAIRS Road DEANSIDE 3336
53313806817,20 GALENE Drive ARMSTRONG CREEK 3217
53313806956,45 OTTAWA Street TRUGANINA 3029
53313807086,111 BINGHAM Circuit THORNHILL PARK 3335
53313807210,18 ELAINE Street TARNEIT 3029
53313807341,12 PACAYA Street TRUGANINA 3029
53313807616,14 CELESTIAL Way GREENVALE 3059
53313807747,21 CASELLI Street BALLARAT EAST 3350
53313807887,9 VIRIDIS Drive TARNEIT 3029
53313808035,23 ELAINE Street TARNEIT 3029
53313808309,45 PATRIOT Crescent SMYTHES CREEK 3351
53313808430,31 LITORIA Drive DEANSIDE 3336
53313808713,2 ARBORY Walk WYNDHAM VALE 3024
53313808844,29 HORSESHOE Parade FRASER RISE 3336
53313808984,33 MALUA Road BONNIE BROOK 3335
53313809124,8 ERSKINE Road WINTER VALLEY 3358
53313809256,10 RAPTOR Place MELTON SOUTH 3338
53313809388,9 PRATHAM Street TARNEIT 3029
53313809652,21 XENOLITH Drive CRAIGIEBURN 3064
53313809784,105 BERRIGAN Drive BONSHAW 3352
53313809919,8 MINDIL Street ARMSTRONG CREEK 3217
53313810059,8 KERALA Street ROCKBANK 3335
53313810321,13 PRATHAM Street TARNEIT 3029
53313810454,19 AMHERST Avenue MOUNT DUNEED 3217
53313810586,2 WENSLEYDALE Drive ROCKBANK 3335
53313810727,20 BANAHAW Road TRUGANINA 3029
53313810990,2 MAHATMA Road WERRIBEE 3030
53313811122,24 SKYLINE Road FRASER RISE 3336
53313811881,48 CLAY Crescent ROCKBANK 3335
53313812013,30 IREDALE Promenade SUNBURY 3429
53313812283,17 BIRCHWOOD Crescent BONNIE BROOK 3335
53313591907,12 BOONDILLA Court TORQUAY 3228
53313592035,5 HANOVER Circuit MELTON SOUTH 3338
53313592299,42 SHORTRIDGE Drive LUCAS 3350
53313592430,118 WILLOBY Drive ALFREDTON 3350
53313592563,33 GILDED Way CRAIGIEBURN 3064
53313592705,7 GILDED Way CRAIGIEBURN 3064
53313592836,74 VANTAGE Boulevard CRAIGIEBURN 3064
53313592976,27 GLISTEN Way CRAIGIEBURN 3064
53313593100,10 FLUKE Street HUNTLY 3551
53313593230,82 OPAL Drive LEOPOLD 3224
53313593363,19 WELLARD Boulevard INVERMAY PARK 3350
53313593652,20 HUBBARD Street WYNDHAM VALE 3024
53313593802,33 HADFIELD Road HARKNESS 3337
53313593933,200 ALTEZZE Drive TRUGANINA 3029
53313594072,10 DENNISON Street DEANSIDE 3336
53313594206,43 HAWKESTONE Street MELTON SOUTH 3338
53313594337,29 VERONA Crescent FRASER RISE 3336
53313594610,48 CAULONIA Drive TRUGANINA 3029
53313594741,14 DUTCH Road SUNBURY 3429
53313594873,34 OPAL Drive LEOPOLD 3224
53313595007,6 HUTTON Street DEANSIDE 3336
53313595410,4 FILLMORE Drive CRAIGIEBURN 3064
53313595541,3 LINBURN Street THORNHILL PARK 3335
53313595681,13 MACLAREN Drive MELTON SOUTH 3338
53313595947,6 STRICTA Circuit FRASER RISE 3336
53313596078,44 ROHAB Crescent MOUNT COTTRELL 3024
53313596210,20 TOLHURST Street TARNEIT 3029
53313596341,21 WATTLESEED Drive FRASER RISE 3336
53313596608,31 SORBUS Street TARNEIT 3029
53313596747,19 ARBOUR Grove BELMONT 3216
53313597002,19 SLOCUM Road TARNEIT 3029
53313597133,54 GENERATION Crescent MAMBOURIN 3024
53313597272,4 WEDGE Circuit INVERMAY PARK 3350
53313597415,39 WHITFORDS Drive ARMSTRONG CREEK 3217
53313597546,6 BLACKMAN Street HUNTLY 3551
53313597678,60 COUNTESS Drive ST LEONARDS 3223
53313597811,21 ENRICA Drive MELTON SOUTH 3338
53313597942,5 COTTONWOOD Road DIGGERS REST 3427
53313598073,3 WALLANGARA Boulevard HARKNESS 3337
53313598207,18 DOLLARBIRD Drive DEANSIDE 3336
53313598346,27 ARMAGH Street ALFREDTON 3350
53313598603,18 CAPRISE Road FRASER RISE 3336
53313837339,26 ZLATAN Way FRASER RISE 3336
53313837604,43 ORNAMENT Avenue TARNEIT 3029
53300396648,15 BARKLY Street PORTLAND 3305
53300520661,10 HOPKINS Road WARRNAMBOOL 3280
53300521560,99999 LORD Street COBDEN 3266
53300411813,3 RIX Street COBDEN 3266
53300956269,3 GREVILLIA Court HORSHAM 3400
53313812424,31 MINDIL Street ARMSTRONG CREEK 3217
53313812697,17 MUTTONWOOD Crescent DEANSIDE 3336
53313812820,32 BEARTOOTH Drive WINTER VALLEY 3358
53313812953,13 KOORA Drive SUNBURY 3429
53313813084,74 SHOREBREAK Way OCEAN GROVE 3226
53313813240,17 SENDOCK Parade HUNTLY 3551
53313813380,8 FRIESIAN Street BONNIE BROOK 3335
53313813654,6 AUBREY Way GREENVALE 3059
53313813804,8 ORCHID Street ARMSTRONG CREEK 3217
53313813935,13 SILIQUA Street TARNEIT 3029
53313814339,672 BATMAN Road INDENTED HEAD 3223
53313814875,37 KOOLAH Drive LARA 3212
53313815009,8 SILVEREYE Street TORQUAY 3228
53313815130,19 HAWKESTONE Street MELTON SOUTH 3338
53313815262,41 OTTAWA Street TRUGANINA 3029
53313815404,1001 MORRIS Road TRUGANINA 3029
53313815535,28 BLACKSHAWS Road SOUTH KINGSVILLE 3015
53313815790,22 LILLYPILLY Street FRASER RISE 3336
53313815931,22 BALLANRONG Road BONNIE BROOK 3335
53313816063,136 KIRKPATRICK Boulevard TRUGANINA 3029
53313816195,15 ANDRE Walk TRUGANINA 3029
53313816483,25 EBBSFLEET Crescent STRATHTULLOH 3338
53313816618,14 ROTUNNO Drive CHARLEMONT 3217
53313816749,18 ITALIANATE Avenue DEANSIDE 3336
53313817012,76 LOLLIPOP Crescent SUNBURY 3429
53313817143,13 PRUNE Walk MANOR LAKES 3024
53313817409,54 REFLECTIONS Crescent LARA 3212
53313817548,7 ANDRE Walk TRUGANINA 3029
53313817670,14 REVELSTOKE Way WINTER VALLEY 3358
53313818083,11 PRUNE Walk MANOR LAKES 3024
53313818470,8 ARTISTRY Way BONNIE BROOK 3335
53313818613,9 GARDANNE Court SUNBURY 3429
53313818876,3 ARCHER Road WYNDHAM VALE 3024
53313819000,6 LUCK Street SEBASTOPOL 3356
53313819149,13 BERNADETTE Road GREENVALE 3059
53313819296,21 MANGOSTEEN Drive TRUGANINA 3029
53313819429,62 SLINKY Street DEANSIDE 3336
53313819692,17 HAMPSHIRE Avenue ROCKBANK 3335
53313819825,7 STEADFIELD Circuit MELTON SOUTH 3338
53313837735,5 LODGE Walk STRATHTULLOH 3338
53313837875,20 ARENAL Drive TRUGANINA 3029
53313838164,159 SARIC Street FRASER RISE 3336
53313838295,68 STEAMBOAT Avenue WINTER VALLEY 3358
53313838428,68 ODYSSEY Boulevard TARNEIT 3029
53313838800,155 SAWMILL Road HUNTLY 3551
53313838931,8 STATESMAN Parkway OCEAN GROVE 3226
53313839063,29 BAYVIEW Walk THORNHILL PARK 3335
53313839195,29 RICHEY Promenade GISBORNE 3437
53313839335,78 COBRAM Drive EYNESBURY 3338
53313839468,86 PINTAIL Drive MELTON SOUTH 3338
53313840007,59 DIAMOND GULLY Road MUCKLEFORD 3451
53313840138,23 HUBBLE Drive GREENVALE 3059
53313840277,3 LATH Place STRATHTULLOH 3338
53313840410,6 CASTLECRAG Way STRATHTULLOH 3338
53313840541,40 ALYSSA Street GREENVALE 3059
53313840673,92 BERRIGAN Drive BONSHAW 3352
53313840816,57 VERNAL Circuit MOUNT DUNEED 3217
53313841341,203 DYSON Drive ALFREDTON 3350
53313841481,21 CASSADY Esplanade WARRNAMBOOL 3280
53313841747,68 PINTAIL Drive MELTON SOUTH 3338
53313841879,11 PACAYA Street TRUGANINA 3029
53313842019,13 MULLINS Way SUNBURY 3429
53313842140,79 YEARLING Promenade WERRIBEE 3030
53313842271,27 SUMAC Street BROOKFIELD 3338
53313842406,30 ZIDANE Avenue DEANSIDE 3336
53313842545,13 TERRY Road WARRNAMBOOL 3280
53313842677,29 MILESI Street CHARLEMONT 3217
53313842802,20 PETUNIA Avenue TARNEIT 3029
53313842941,6 AVOLA Way DEANSIDE 3336
53313843214,79 TIMBARRA Drive WERRIBEE 3030
53313843345,26 PETUNIA Avenue TARNEIT 3029
53313843610,7 ZEAL Road WINTER VALLEY 3358
53313843767,26 BUTLER Street LUCAS 3350
53313844293,150 PALMERS Road TRUGANINA 3029
53313844434,5 KINDRED Way TARNEIT 3029
53313844567,18 STATESMAN Parkway OCEAN GROVE 3226
53313844709,43 DURWARD Avenue MADDINGLEY 3340
53313845104,23 MOLLYAN Avenue CHARLEMONT 3217
53300848457,11 COOPER Court COLAC 3250
53300848522,15 MILLER Street COLAC 3250
53313820254,20 MICHELSON Drive MADDINGLEY 3340
53313820394,42 ALTURA Drive TRUGANINA 3029
53313820527,13 BALLANRONG Road BONNIE BROOK 3335
53313820650,17 REPARTEE Street TARNEIT 3029
53313820800,17 FLAG Boulevard TARNEIT 3029
53313820931,7 SKENE Way MADDINGLEY 3340
53313821070,10 BUILD Street ARMSTRONG CREEK 3217
53313821343,24 COTTER Way TRUGANINA 3029
53314049472,26 MEL Avenue TARNEIT 3029
53314049746,10 MARCELLUS Street MANOR LAKES 3024
53314049878,88 DAYBREAK Vista MICKLEHAM 3064
53314050012,20 ZELKOVA Circuit FRASER RISE 3336
53314050143,25 PARSONAGE Crescent TRUGANINA 3029
53314050274,15 BANYAN Walk MICKLEHAM 3064
53314050548,21 VILLANDRY Street ROXBURGH PARK 3064
53314050670,11 MORANT Street MAMBOURIN 3024
53314050813,33 ELEVATION Drive FYANSFORD 3218
53314050944,47 SHELTERBELT Avenue WEIR VIEWS 3338
53314051083,10 SALSOLA Road ROCKBANK 3335
53314051496,58 HILLVIEW Road GREENVALE 3059
53314051645,25 PALETTE Street MAMBOURIN 3024
53314051777,16 ARGANT Loop SUNBURY 3429
53314051902,46 KAILASH Road WERRIBEE 3030
53314052030,34 JANDAKOT Walk POINT COOK 3030
53314052312,17 LINBURN Street THORNHILL PARK 3335
53314052451,2 COOKHOUSE Street DEANSIDE 3336
53314052583,165 DRYLAND Boulevard MICKLEHAM 3064
53314052724,32 STRONG View FRASER RISE 3336
53314052857,10 FIGTREE Road DEANSIDE 3336
53314052997,26 PALMDALE Crescent MAMBOURIN 3024
53314053129,64 LEEWARD Drive TARNEIT 3029
53314053269,13 ALKINGTON Way WERRIBEE 3030
53314053524,9 COTSWOLD Street MAMBOURIN 3024
53314053657,20 HENTY Lane HUNTLY 3551
53314053938,5 PRAISE Road TARNEIT 3029
53314054241,10 RAWSON Circuit WERRIBEE 3030
53314054522,14 DISTAFF Way ROCKBANK 3335
53314054655,22 PONTBURN Road TRUGANINA 3029
53314054787,91 HIGHLINE Boulevard TRUGANINA 3029
53314054936,28 ACANEA Street STRATHTULLOH 3338
53314055068,2 GALENE Drive ARMSTRONG CREEK 3217
53314055217,31 VARNISH Road TARNEIT 3029
53314055348,145 BRIGHTVALE Boulevard WYNDHAM VALE 3024
53313845242,63 DELL Boulevard FYANSFORD 3218
53313845509,1 ARCHDALE Street DEANSIDE 3336
53313845770,18 PIANTA Street GREENVALE 3059
53313845905,82 BROCKWOOD Street DEANSIDE 3336
53313846035,67 SUNLIGHT Circuit LARA 3212
53313846168,28 RIVETING Road WYNDHAM VALE 3024
53313846456,23 MUTTON Road FAWKNER 3060
53313846588,34 YELLOWSTONE Drive TRUGANINA 3029
53313846877,38 ELOQUENCE Road TARNEIT 3029
53313847000,22 RIVETING Road WYNDHAM VALE 3024
53313847149,11 WINDANSEA Street ARMSTRONG CREEK 3217
53313847270,64 SUMAC Street BROOKFIELD 3338
53313847413,55 TANNINBRAE Drive SUNBURY 3429
53313847801,6 GENOVESI Street CHARLEMONT 3217
53313847940,39 JOURNEY Crescent MOUNT DUNEED 3217
53313848071,15 HELENIC Drive GREENVALE 3059
53313848667,38 SNOWBIRD Road WINTER VALLEY 3358
53313848930,32 SONIA Crescent GREENVALE 3059
53313849087,2 SPRIGHTLY Street WYNDHAM VALE 3024
53313849276,11 ARNISON Road TARNEIT 3029
53313849401,95 CLEMENTINE Boulevard TARNEIT 3029
53313849532,12 WETHERBY Road WYNDHAM VALE 3024
53313849672,12 POPPETHEAD Road JACKASS FLAT 3556
53313849807,3 FENWICK Street TARNEIT 3029
53313849938,18 BALLYMENA Street STRATHTULLOH 3338
53313850342,13 ANDREWS Avenue WARRNAMBOOL 3280
53313850609,43 LISTON Avenue TARNEIT 3029
53313850888,11 BUNDALONG Drive EYNESBURY 3338
53313851028,41 CLIPSTONE Crescent FRASER RISE 3336
53313851423,144 SPARROVALE Road CHARLEMONT 3217
53313851556,20 KEATS Circuit ARMSTRONG CREEK 3217
53313851688,15 SHADDOCK Street TARNEIT 3029
53313851928,21 HESTER Street HUNTLY 3551
53313852066,6 CALADENIA Avenue TARNEIT 3029
53313852207,22 MANGOSTEEN Drive TRUGANINA 3029
53313852379,28 TERRY Road WARRNAMBOOL 3280
53313852512,9 INTERLAKEN Avenue MANOR LAKES 3024
53313852643,7 MILESI Street CHARLEMONT 3217
53300856682,149 COMMERCIAL Road KOROIT 3282
53300962175,63 VIEWPOINT Street ARARAT 3377
53314144588,24 ARGANT Loop SUNBURY 3429
53314144713,8 KAY Close TORQUAY 3228
53314144852,13 FERBANE Drive GISBORNE 3437
53314144984,564 BOUNDARY Road ARMSTRONG CREEK 3217
53314145124,19 MESAROS Drive FRASER RISE 3336
53314145529,91 MODENA Road FRASER RISE 3336
53314145810,32 COLCHESTER Drive WERRIBEE 3030
53314145941,6 SAGO Walk MICKLEHAM 3064
53314146072,10 HAINES Street NEW GISBORNE 3438
53314146214,15 BENSON Drive WARRNAMBOOL 3280
53314146353,2 VERONA Grove ARMSTRONG CREEK 3217
53314055488,10 EQUESTRIAN Street FRASER RISE 3336
53314055613,36 ROLFE Street WARRNAMBOOL 3280
53314055744,28 KELMSCOTT Way WERRIBEE 3030
53314055876,9 TRILLER Street GREENVALE 3059
53314056018,33 SAMOLUS Street MICKLEHAM 3064
53314056149,10 KETTLEWELL Drive LARA 3212
53314056819,20 TALBOT Road STRATHMORE 3041
53314057369,5 CORREA Way NEW GISBORNE 3438
53314057640,21 SHEARS Drive FRASER RISE 3336
53314057907,8 HOWELL Crescent TRUGANINA 3029
53314058185,12 MILLBROOK Road BONSHAW 3352
53314058319,45 KEYSTONE Drive SUNBURY 3429
53314058721,23 GRAPPENHALL Avenue STRATHTULLOH 3338
53314058986,20 SHELTERBELT Avenue WEIR VIEWS 3338
53314059110,22 SABRO Street SUNBURY 3429
53314059258,99 PRUDENCE Parade POINT COOK 3030
53314059662,37 VIOLETTA Boulevard DIGGERS REST 3427
53314059804,27 ERSKINVILLE Road TARNEIT 3029
53314060596,32 HOWELL Crescent TRUGANINA 3029
53314060745,530 BOUNDARY Road ARMSTRONG CREEK 3217
53314060893,12 CERRADO Street MOUNT DUNEED 3217
53314061025,6 YANGKAK Street WARRNAMBOOL 3280
53314061158,10 ALMA Street SEBASTOPOL 3356
53314061289,117 MODENA Road FRASER RISE 3336
53314061420,14 HONEYPOT Circuit MICKLEHAM 3064
53314061553,31 EQUESTRIAN Street TARNEIT 3029
53314061685,46 FARRIER Boulevard FRASER RISE 3336
53314061967,31 POLLEN Street MOUNT DUNEED 3217
53314062228,28 FERNSIDE Drive DIGGERS REST 3427
53314062351,15 SKIPPER Avenue LARA 3212
53314062491,21 DAVENPORT Drive SUNBURY 3429
53314062624,7 ARTISTRY Way BONNIE BROOK 3335
53314062757,27 PRANA Way WERRIBEE 3030
53313852918,46 LAKELAND Drive LUCAS 3350
53313853056,159 BURVILLES Road ARMSTRONG CREEK 3217
53313853188,33 PORTEOUS Retreat SYDENHAM 3037
53314081238,67 GAITS Drive TARNEIT 3029
53314081361,13 CALLAWAY Street MAMBOURIN 3024
53314081503,3 SILENE Walk ARMSTRONG CREEK 3217
53314081767,36 DELAMA Boulevard MAMBOURIN 3024
53314081899,18 ZIDANE Avenue DEANSIDE 3336
53314082325,46 ALYSSUM Crescent TARNEIT 3029
53314082458,5 STONNEYBURN Road THORNHILL PARK 3335
53314082739,26 LEWIS Street GLENROY 3046
53314082862,9 NEWCASTLE Road ROCKBANK 3335
53314082994,42 MASAYA Avenue TRUGANINA 3029
53314083150,5 TALENCE Street GREENVALE 3059
53314083299,38 SADDLE Way GREENVALE 3059
53314083570,1 TAURIAN Way ROCKBANK 3335
53314083745,124 ALBERT Drive MELTON SOUTH 3338
53314083885,78 ELEGANTE Road WINTER VALLEY 3358
53314084019,12 ICARUS Street TARNEIT 3029
53314084297,16 PARSONAGE Crescent TRUGANINA 3029
53314084420,120 BARRACOUTA Drive ARMSTRONG CREEK 3217
53314084553,39 PARKDALE Street GREENVALE 3059
53314084826,35 MAREMMANO Crescent TAYLORS LAKES 3038
53314084959,12 REDWOOD Drive ROCKBANK 3335
53314085080,16 SADDLE Way GREENVALE 3059
53314085214,11 FETE Way TARNEIT 3029
53314085353,3 COACHMANS Way WERRIBEE 3030
53314085493,43 MOLLYAN Avenue CHARLEMONT 3217
53314085642,69 VOYAGER Boulevard TARNEIT 3029
53314085917,51 REED Court DEANSIDE 3336
53314086047,36 CONRICK Way KOROIT 3282
53314086303,13 LIALI Avenue TRUGANINA 3029
53314086442,11 CALLA Grove GREENVALE 3059
53314086574,52 NAMADGI Crescent TRUGANINA 3029
53314086709,11 MUTTON Road FAWKNER 3060
53314086996,10 ALCYONE Street ARMSTRONG CREEK 3217
53314087127,1 BUFFALO Circuit MOUNT DUNEED 3217
53314087457,17 LIBERATION Circuit WERRIBEE 3030
53314087597,39 ORLOV Street AINTREE 3336
53314087720,6 CARRAMAR Way GREENVALE 3059
53314087878,5 MONTENEGRO Crescent MOUNT DUNEED 3217
53314088010,34 FARM Road WERRIBEE 3030
53314088308,28 TRANQUIL Road AINTREE 3336
53314088439,166 BOGONG Avenue INVERMAY PARK 3350
53314146790,23 ROHAB Crescent MOUNT COTTRELL 3024
53314146923,4 MERCURY Avenue FRASER RISE 3336
53314147054,16 SLADE Street SUNBURY 3429
53314147194,25 KARKALLA Avenue MICKLEHAM 3064
53314147350,20 SPRINTER Way WINTER VALLEY 3358
53314147490,7 GEC Boulevard FRASER RISE 3336
53314147623,23 ADRIANUS Street ALFREDTON 3350
53314147764,52 POWDERBARK Crescent MICKLEHAM 3064
53314147914,120 DUTCHELM Avenue WERRIBEE 3030
53314148176,14 MACARA Street SUNBURY 3429
53314148300,32 MOONAH Circuit POINT LONSDALE 3225
53314148589,20 DUNMUNKLE Street EYNESBURY 3338
53314148861,14 MALVAR Way SUNBURY 3429
53314149002,4 PIMELEA Court HUNTLY 3551
53314149133,37 RECREATION Drive WARRNAMBOOL 3280
53314149407,44 BURRAWANG Loop MICKLEHAM 3064
53314149694,17 POWDERBARK Crescent MICKLEHAM 3064
53314150091,42 MOSMAN Circuit TARNEIT 3029
53314150223,37 DUNPHY Street TARNEIT 3029
53314150538,34 MARION Street BONSHAW 3352
53314150811,5 HOLMFIRTH Way LARA 3212
53314150942,5 KINANE Street MELTON SOUTH 3338
53314151081,22 TAYNISH Street TARNEIT 3029
53314151221,44 LIALI Avenue TRUGANINA 3029
53314151354,21 PICTURE Street MAMBOURIN 3024
53314151494,57 WARHAWKE Road AINTREE 3336
53314151627,27 MALHAM Street LARA 3212
53314151768,3 MYLAH Road WINTER VALLEY 3358
53314151900,9 MAN Drive DIGGERS REST 3427
53314152038,151 SHELTERBELT Avenue WEIR VIEWS 3338
53314152161,25 COMB Street MANOR LAKES 3024
53314152302,11 JETTY Street ARMSTRONG CREEK 3217
53314152433,6 MATILDA Circuit LARA 3212
53314152566,34 DUROCHER Crescent TARNEIT 3029
53314152698,11 TUFF Street WERRIBEE 3030
53314152855,13 CUBITT Crescent TARNEIT 3029
53314152995,20 HOWELL Crescent TRUGANINA 3029
53314153127,40 BAYBERRY Street ARMSTRONG CREEK 3217
53314153259,21 PEBBLE Street FYANSFORD 3218
53314153399,14 BEAUTIDE Road TARNEIT 3029
53314153522,14 KALLARA Road BROOKFIELD 3338
53314153655,37 RYNAS Way DIGGERS REST 3427
53314153936,19 WINDJAMMER Street TARNEIT 3029
53314154068,28 NORTHSTOWE Crescent STRATHTULLOH 3338
53314154190,39 RYNAS Way DIGGERS REST 3427
53314154322,14 GOLDSWORTHY Street HUNTLY 3551
53314062889,26 MURTOA Crescent EYNESBURY 3338
53314063037,362 CHARLEMONT Road ARMSTRONG CREEK 3217
53314063160,9B EIFFEL Avenue BONNIE BROOK 3335
53314063291,69 CHATEAU Promenade DEANSIDE 3336
53314063424,36 EASTCASTLE Drive FRASER RISE 3336
53314063565,14 FENWAY Road GREENVALE 3059
53314063697,13 WINGEEL Street MAMBOURIN 3024
53314063846,109 BRUNDELL Avenue ROCKBANK 3335
53314063986,14 CAVILL Way TARNEIT 3029
53314064126,61 WOOLSPINNER Crescent WYNDHAM VALE 3024
53314064266,10 MAKYBE Street BONNIE BROOK 3335
53314064398,8 GRASSY Street ARMSTRONG CREEK 3217
53314064555,97 BRUNDELL Avenue ROCKBANK 3335
53314064695,124 WOLLAHRA Rise WYNDHAM VALE 3024
53314064828,75 TOWER Street THORNHILL PARK 3335
53314065082,15 ANGUS Way NEW GISBORNE 3438
53313312425,29 ORIENTEERING Drive GREENVALE 3059
53313312566,11 KOOMBA Crescent GREENVALE 3059
53313312698,34 ROCHFORD Way MELTON SOUTH 3338
53313312954,25 HIGGINS Court BACCHUS MARSH 3340
53313313111,25A HANLEY Street AVONDALE HEIGHTS 3034
53313313241,28 GRAINGER Parade LUCAS 3350
53313313655,31 WALTERS Way ALFREDTON 3350
53313313787,1 BLIGH Street CHARLEMONT 3217
53313314330,94 WESTMORELAND Road SUNSHINE NORTH 3020
53313315157,7 BRIDLE Street MINERS REST 3352
53313315437,16 PLANTATION Walk DEANSIDE 3336
53313315833,27 CANARY Drive ARMSTRONG CREEK 3217
53313315981,7 STREETON Avenue HUNTLY 3551
53313316385,13B BURNS Street YARRAVILLE 3013
53313317061,38 ROCHFORD Way MELTON SOUTH 3338
53313317466,3 GOLDSTRAW Esplanade WARRNAMBOOL 3280
53314088562,155 SHELTERBELT Avenue WEIR VIEWS 3338
53314088704,27 ANDRE Walk TRUGANINA 3029
53314088835,13 ENDURANCE Road AINTREE 3336
53314089109,19 CALIFORNIA Way BONNIE BROOK 3335
53314089247,34 LITHIC Road CRAIGIEBURN 3064
53314089512,49 DIVOT Circuit INVERMAY PARK 3350
53314089643,16 TATUM Street TRUGANINA 3029
53314089783,18 MISO Road WYNDHAM VALE 3024
53314089918,92 BASILDON Crescent STRATHTULLOH 3338
53314090040,52 CHERRYPOOL Crescent EYNESBURY 3338
53314090215,10 COOGAN Street LARA 3212
53314090354,23 SECHURA Road TRUGANINA 3029
53314090486,23 ALDGATE Street FRASER RISE 3336
53314090611,14 STRONG View FRASER RISE 3336
53314090742,14 HARWICH Street ROCKBANK 3335
53314090890,28 HELVETICA Street TRUGANINA 3029
53314091188,12 LOPE Street TARNEIT 3029
53314091312,114 BRENDAN Road GREENVALE 3059
53314091451,29 MOLLYAN Avenue CHARLEMONT 3217
53314091583,15 MINTBUSH Street MAMBOURIN 3024
53314091718,37 GRAMPIANS Avenue WERRIBEE 3030
53314091849,63 MICROPORA Drive WYNDHAM VALE 3024
53314091989,30 WHELAN Street ARMSTRONG CREEK 3217
53314092111,30 SADDLE Way GREENVALE 3059
53314092241,4 CAVILL Way TARNEIT 3029
53314092373,4 FLORIBUNDA Road TARNEIT 3029
53314092516,22 HOROMIDIS Street CHARLEMONT 3217
53314092647,29 RANGELAND Street MAMBOURIN 3024
53314092779,6 GULMARG Way WINTER VALLEY 3358
53314093050,20 BLACKWOOD Drive HUNTLY 3551
53314093182,59 RUMBEE Crescent TARNEIT 3029
53314093316,26 SIAN Circuit WAURN PONDS 3216
53314093447,133 FURLONG Road CAIRNLEA 3023
53314093587,10 FILLY Walk FRASER RISE 3336
53314093712,3 DELHI Grove ROCKBANK 3335
53314093843,9 SEASTAR Street WILLIAMSTOWN NORTH 3016
53314094123,15 BRIDGE Mall BALLARAT CENTRAL 3350
53314094255,2 MINYIP Walk EYNESBURY 3338
53314094669,48 NASCENT Drive TARNEIT 3029
53314094801,26 IREDALE Promenade SUNBURY 3429
53314094932,11 LINKAGE Street BONSHAW 3352
53314095064,3 GREBE Street GREENVALE 3059
53314095205,1 DISTAFF Way ROCKBANK 3335
53314095336,48 TABULA Road TARNEIT 3029
53314095740,3 MARAKESH Street DEANSIDE 3336
53314095880,24 FIGWOOD Drive DIGGERS REST 3427
53314154595,23 MEL Avenue TARNEIT 3029
53314154728,185 WHITECROSS Drive THORNHILL PARK 3335
53314154851,32 WOOLAMAI Rise PORTARLINGTON 3223
53314155149,3 BURRAWANG Loop MICKLEHAM 3064
53314155288,7 AYTON Street HUNTLY 3551
53314155684,24 NORTHSTOWE Crescent STRATHTULLOH 3338
53314155819,23 CABBAGE Street MICKLEHAM 3064
53314155940,39 ARCHDUKE Drive DEANSIDE 3336
53314156352,43 CROTONE Avenue DEANSIDE 3336
53314156641,31 COROMANDEL Drive LARA 3212
53314157301,8 JUDD Street MANOR LAKES 3024
53314157432,3 BAYBERRY Street THORNHILL PARK 3335
53314157565,5 SMETHURST Road TARNEIT 3029
53314157707,8 HERON Way MELTON SOUTH 3338
53314157838,17 AMPHITRITE Way ARMSTRONG CREEK 3217
53314157961,12 PYRUS Crescent MICKLEHAM 3064
53314158240,12 MONA Circuit BURNSIDE 3023
53314158515,36 COLCHESTER Drive WERRIBEE 3030
53314158646,24 HICKLING Road TARNEIT 3029
53314158927,27 WESTDAHL Street TRUGANINA 3029
53314159181,2 ZAREM Road TARNEIT 3029
53314159321,50 TRANQUIL Road AINTREE 3336
53314159454,53 DUNPHY Street TARNEIT 3029
53314159594,21 RUFOUS Way DEANSIDE 3336
53314159735,25 ESMERALDA Avenue TARNEIT 3029
53314159875,51 ROSEDALE Circuit LARA 3212
53314160140,16 MACARA Street SUNBURY 3429
53314160271,22 BANROCK Court WAURN PONDS 3216
53300284083,43 WILSON Street HORSHAM 3400
53300284298,8 HIGH Street HORSHAM 3400
53313317747,15 HILLSBOROUGH Walk CHARLEMONT 3217
53313318168,18 GILA Way TRUGANINA 3029
53313318705,55 SWAN Boulevard WINTER VALLEY 3358
53313318836,36 SUMAR Drive CRAIGIEBURN 3064
53313318969,14 WASHINGTON Drive THORNHILL PARK 3335
53313319370,12 SOUTHLANDS Loop STRATHTULLOH 3338
53313320172,19 EDGAR Street KINGSVILLE 3012
53313320726,20 PASCOE Street WESTMEADOWS 3049
53313320867,6 LUXFORD Court STRATHDALE 3550
53313321121,225 BURGOYNE Street HUNTLY 3551
53313321253,20 NIKOLAOS Street SMYTHES CREEK 3351
53313321403,7 MCDONNELL Lane MAIDEN GULLY 3551
53313321817,9 PERSANO Way TAYLORS LAKES 3038
53313322085,34 DAFFODIL Crescent DIGGERS REST 3427
53313322358,7 BLUEWREN Street KURUNJANG 3337
53313323034,8 BALLANTYNE Street WARRNAMBOOL 3280
53313324165,8 UXBRIDGE Street WERRIBEE 3030
53313324958,23 RIDLEY Street DRYSDALE 3222
53314096014,4 ZAMIA Walk MICKLEHAM 3064
53314096145,6 CONE Way WEIR VIEWS 3338
53314096284,9 REVIVAL Street CHARLEMONT 3217
53314096815,21 CABANDA Road TARNEIT 3029
53314097076,7 LOPERA Drive TARNEIT 3029
53313344575,92 ALCOCK Road TRUGANINA 3029
53313345235,71 VERDALE Drive ALFREDTON 3350
53313345375,14 PEMBERTON Street MOUNT DUNEED 3217
53313345657,111 BRIGHTVALE Boulevard WYNDHAM VALE 3024
53313345920,109 BRIGHTVALE Boulevard WYNDHAM VALE 3024
53313346472,31 SCHEFFLERA Street CRAIGIEBURN 3064
53313346746,23 CLOCKWISE Street GREENVALE 3059
53313346878,8 CASELLI Street BALLARAT EAST 3350
53313347001,6 DUNOON Avenue CLIFTON SPRINGS 3222
53313347414,25 APPALOOSA Avenue TAYLORS LAKES 3038
53313347545,17 CEDAR Road LARA 3212
53313347685,5 EPSOM View DRYSDALE 3222
53313347959,3 SKILBECK Street KOROIT 3282
53313349063,20 SANDPIPER Avenue WINTER VALLEY 3358
53313349343,15 REARDON Crescent ST LEONARDS 3223
53313350063,33 HEATHCOTE Street MOUNT DUNEED 3217
53313350327,20 AMPERSAND Boulevard TRUGANINA 3029
53313350468,19 ROSEBANK Walk THORNHILL PARK 3335
53313350723,2A GLADMAN Road MADDINGLEY 3340
53300270076,10 QUEEN Street ARARAT 3377
53300271792,35 VIEWPOINT Street ARARAT 3377
53300284968,19 HIGH Street ARARAT 3377
53300287531,29 VIEWPOINT Street ARARAT 3377
53300287608,105 BREWSTER Road ARARAT 3377
53313325089,48 KINGDOM Boulevard WEIR VIEWS 3338
53313325229,24 BROOKES Street FYANSFORD 3218
53313325352,26 SPECTOR Walk WERRIBEE 3030
53313325484,5 BUICK Road SMYTHES CREEK 3351
53313325619,36 VALROSE Road CHARLEMONT 3217
53313326145,2 RUTHVEN Way MAMBOURIN 3024
53313326821,16 GINKGO Street FRASER RISE 3336
53313326954,86 WEXFORD Street ALFREDTON 3350
53313327620,23 SEASCAPE Drive OCEAN GROVE 3226
53313327903,11 LUGANO Avenue ALFREDTON 3350
53313328033,26 POWELL Street TORQUAY 3228
53313328173,61 CUZENS Road ALFREDTON 3350
53313328321,35 THOMAS Street CLIFTON SPRINGS 3222
53313566872,32 AVION Crescent TRUGANINA 3029
53313567136,12 DILWARRA Drive BONNIE BROOK 3335
53313567275,14 FLUME Street LARA 3212
53313567400,26 GRIBBLE Street LUCAS 3350
53313567689,187 BONNIEBROOK Road BONNIE BROOK 3335
53313567846,122 BONNIEBROOK Road BONNIE BROOK 3335
53313567978,76 BRAMPTON Crescent BONNIE BROOK 3335
53313568102,12 PERNONIE Street LUCAS 3350
53313568398,54 SALTAIRE Drive STRATHTULLOH 3338
53313568547,45 DENNISON Street DEANSIDE 3336
53313568804,16 SORBUS Street TARNEIT 3029
53313568951,69 HAWKESTONE Street MELTON SOUTH 3338
53313569216,31 XENOLITH Drive CRAIGIEBURN 3064
53313569751,37 ROBINSON Street ARMSTRONG CREEK 3217
53313569883,12 WALTER Street CHARLEMONT 3217
53313570025,183 ABERLINE Road WARRNAMBOOL 3280
53313570158,6 RYDER Street CHARLEMONT 3217
53313570363,29 RIO Way TRUGANINA 3029
53313570784,91 BROCKWOOD Street DEANSIDE 3336
53313570925,46 CLAUDIA Crescent KURUNJANG 3337
53313351250,16 MOOMBIL Road TRUGANINA 3029
53313351523,8 BULLION Lane JACKASS FLAT 3556
53313351788,9 SOMERDALE Avenue WYNDHAM VALE 3024
53313351913,42 KAMALA Drive TARNEIT 3029
53313352059,18 SAMUEL Road WEIR VIEWS 3338
53313352315,11 BENIN Way TRUGANINA 3029
53313352462,17 ROSEBANK Walk THORNHILL PARK 3335
53313352604,4 RATHMINES Road TRUGANINA 3029
53313353156,50 CROWN Drive FRASER RISE 3336
53313353412,17 WARANGAL Way DEANSIDE 3336
53313353949,7 TROOPER Avenue SUNBURY 3429
53313354070,17 BRENTHAM Crescent WERRIBEE 3030
53313354351,15 CORRIEDALE Avenue TRUGANINA 3029
53313354483,15 CHAMBERLAIN Drive ARMSTRONG CREEK 3217
53313354618,4 ORANGE Drive FRASER RISE 3336
53313355037,3 FARGO Street THORNHILL PARK 3335
53313355177,18 APPALOOSA Avenue TAYLORS LAKES 3038
53313355715,10 BENIN Way TRUGANINA 3029
53313357611,95 INSHORE Drive TORQUAY 3228
53313357742,29 LABICHEA Street CRAIGIEBURN 3064
53300274357,23 MCLEAN Street ARARAT 3377
53300398445,142 MT NAPIER Road HAMILTON 3300
53300288911,26 OREGAN Street STAWELL 3380
53300290743,16 ROBERTS Avenue HORSHAM 3400
53313571353,49 PATRIOT Crescent SMYTHES CREEK 3351
53313571485,136 ATHERSTONE Boulevard STRATHTULLOH 3338
53313571610,14 ATLANTIC Drive INDENTED HEAD 3223
53313572029,23 IVORY Street COBBLEBANK 3338
53313572598,116 FUCHSIA Drive ROCKBANK 3335
53313572862,13 VERDALE Drive ALFREDTON 3350
53313572994,18 MACLAREN Drive MELTON SOUTH 3338
53313573126,80 TANGLEWOOD Boulevard TRUGANINA 3029
53313573258,128 PASKAS Drive FRASER RISE 3336
53313573547,8 SPRINTER Way WINTER VALLEY 3358
53313573679,9 GENOVESA Drive TRUGANINA 3029
53313574230,7 AMBIENT Street MOUNT DUNEED 3217
53313574636,10 CELLAR Circuit SUNBURY 3429
53313574776,77 MAKEDONIA Street TARNEIT 3029
53313575049,41 SHEARWATER Drive ARMSTRONG CREEK 3217
53313575592,36 WOODBURY Street WILLIAMS LANDING 3027
53313575733,23 BELCONNEN Avenue STRATHTULLOH 3338
53313576007,26 KENNARD Grove CHARLEMONT 3217
53313576146,17 RAPTOR Lane WINTER VALLEY 3358
53313576277,17 ELLIMATTA Road MAMBOURIN 3024
53313576410,138 BRAMLEY Avenue CHARLEMONT 3217
53313576559,1 SNIPE Street WINTER VALLEY 3358
53313576822,3 SOHO Circuit BURNSIDE 3023
53313576963,68 ASHBURY Boulevard ARMSTRONG CREEK 3217
53313577093,8 SHANKAR Road TARNEIT 3029
53313577233,1 PENTRIDGE Boulevard COBURG 3058
53313577373,30 MINNAUNS Road LOVELY BANKS 3213
53313577508,5 HOLST Street ARMSTRONG CREEK 3217
53313577779,103 COUNTESS Drive ST LEONARDS 3223
53313577904,27 MURNONG Street LEOPOLD 3224
53313578034,124 MERINDAH Boulevard DEANSIDE 3336
53313578439,7 BRIDSON Street LUCAS 3350
53313578605,4 PINFOLD Street BONNIE BROOK 3335
53313358435,174 CLARA Avenue TRUGANINA 3029
53313358700,58 ALCOCK Road TRUGANINA 3029
53313358831,7 MOOMBIL Road TRUGANINA 3029
53313359105,17 APPALOOSA Avenue TAYLORS LAKES 3038
53313359789,12 CANARY Court LOVELY BANKS 3213
53313360342,29 VALIANT Street DEANSIDE 3336
53313598734,6 WALBRIDGE Street DIGGERS REST 3427
53313598874,30 DUTCH Road SUNBURY 3429
53313599139,5 CANOLA Court LOVELY BANKS 3213
53313599411,24 SORBUS Street TARNEIT 3029
53313599550,8 HANLON Street WERRIBEE 3030
53313599682,4 WALBRIDGE Street DIGGERS REST 3427
53313600252,21 PAVILION Street DEANSIDE 3336
53313600392,5 STEAMBOAT Avenue WINTER VALLEY 3358
53313600673,4 SHALE Road WERRIBEE 3030
53313601226,29 SUNLIGHT Circuit LARA 3212
53313601359,5 LIPIZZAN Crescent TAYLORS LAKES 3038
53313601481,50 COUNTESS Drive ST LEONARDS 3223
53313601622,26 SHELTERBELT Avenue WEIR VIEWS 3338
53313601755,108 MONTEGO Boulevard SUNBURY 3429
53313601887,95 HOMESTEAD Drive LARA 3212
53313602019,93 INGLENOOK Circuit ARMSTRONG CREEK 3217
53313602289,86 PLYMOUTH Drive ROCKBANK 3335
53313602414,37 YELLOWSTONE Drive TRUGANINA 3029
53313602685,49 SHOREBREAK Way OCEAN GROVE 3226
53313602810,248 BALLARAT-CARNGHAM Road ALFREDTON 3350
53313602959,7 CALIFORNIA Way BONNIE BROOK 3335
53313603080,13 HOLSTEIN Crescent TARNEIT 3029
53313603353,5 BANKSIA Court CAMPBELLS CREEK 3451
53313603626,984 MORRIS Road TRUGANINA 3029
53313603767,65 LYNWOOD Drive THORNHILL PARK 3335
53313604021,11 HAVEN Parade ALTONA NORTH 3025
53300416704,210 COLERAINE Road HAMILTON 3300
53300417832,11 BOWIE Road ALLANSFORD 3277
53313578876,61 SAMUEL Road WEIR VIEWS 3338
53313579000,10 HOVEA Grove NEW GISBORNE 3438
53313579131,62 LORIKEET Circuit ROCKBANK 3335
53313579413,61 PEAR Parade FRASER RISE 3336
53313579544,65 TRICKETT Drive TRUGANINA 3029
53313579819,4 RUMFORD Street THORNHILL PARK 3335
53313580081,9 MILOS Court FRASER RISE 3336
53313580215,35 VERONA Crescent FRASER RISE 3336
53313580354,100 MONCRIEFF Crescent WANDANA HEIGHTS 3216
53313580494,14 ISHERWOOD Road DEANSIDE 3336
53313581155,13 MATTHEWS Road LOVELY BANKS 3213
53313581411,10 HANLON Street WERRIBEE 3030
53313581550,14 DALMORE Street DEANSIDE 3336
53313581682,24 HOLZER Crescent BRAYBROOK 3019
53313581823,80 SAMPHIRE Drive CONNEWARRE 3227
53313581956,125 JUSCELINA Drive CRAIGIEBURN 3064
53313582093,33 APPLE GUM Circuit BELLBRAE 3228
53313582225,30 KOOMBA Crescent GREENVALE 3059
53313582358,1 TIMBER Lane NORTH GEELONG 3215
53313582480,180 ALTEZZE Drive TRUGANINA 3029
53313582647,68 LORIKEET Circuit ROCKBANK 3335
53313821475,18 ALTURA Drive TRUGANINA 3029
53313821618,8 TERRY Road WARRNAMBOOL 3280
53313821749,9 PAUL Street HAMLYN HEIGHTS 3215
53313821897,18 OPUS Street STRATHTULLOH 3338
53313822168,39 CLIPSTONE Crescent FRASER RISE 3336
53313822299,40 GRAPPENHALL Avenue STRATHTULLOH 3338
53313822430,4 CREMELLO Crescent TARNEIT 3029
53313822606,22 GLENMORE Parkway ROCKBANK 3335
53313822737,11 ANDREWS Avenue WARRNAMBOOL 3280
53313823132,13 JACOBENA Road MELTON SOUTH 3338
53313823264,4 BAXTER Street MAMBOURIN 3024
53313823660,17 ERVINE Drive WYNDHAM VALE 3024
53313823802,7 KIRKUK Street GREENVALE 3059
53313823941,23 FROLIC Street TARNEIT 3029
53313824098,13 BIRCHWOOD Crescent BONNIE BROOK 3335
53313824238,35 IONICA Loop TRUGANINA 3029
53313824386,27 LINKAGE Street BONSHAW 3352
53313824511,37 DANUBE Road TRUGANINA 3029
53313824782,32 HOMECREST Crescent WYNDHAM VALE 3024
53313604154,5 MURPHY Street KOROIT 3282
53313604293,17 BYROCK Street TRUGANINA 3029
53313604426,16 GAMUT Crescent BONNIE BROOK 3335
53313604559,8 TRIM Street MAMBOURIN 3024
53313604681,27 CONTROL Street GREENVALE 3059
53313604830,10 WEXFORD Way ROCKBANK 3335
53313605367,14 MACLAREN Drive MELTON SOUTH 3338
53313605622,10 GLOVER Street MAMBOURIN 3024
53313605755,16 WATTLEBIRD Court SUNSHINE NORTH 3020
53313605905,26 GAMUT Crescent BONNIE BROOK 3335
53313606168,10 CASABLANCA Street POINT LONSDALE 3225
53313606705,117 PALMDALE Crescent MAMBOURIN 3024
53313606976,20 AINTREE Street CRAIGIEBURN 3064
53313607379,146 KIRKPATRICK Boulevard TRUGANINA 3029
53313607651,21 MOONAH Circuit LARA 3212
53313607918,33 GRAY Court DEANSIDE 3336
53313608188,53 CHERISH Street FRASER RISE 3336
53313608312,27 GRAY Court DEANSIDE 3336
53313608443,8 ROSEWOOD Drive OCEAN GROVE 3226
53313608724,9 HANSEL Drive WERRIBEE 3030
53313608857,80 HIGHLINE Boulevard TRUGANINA 3029
53313608989,37 SILVER Drive DIGGERS REST 3427
53313609269,49 GALLANT Road ST LEONARDS 3223
53313609524,11 JOBS Road ROCKBANK 3335
53313609665,11 MONIER Way FYANSFORD 3218
53313609797,3 TARA Crescent WYNDHAM VALE 3024
53313610062,16 GIBSONS Circuit BONNIE BROOK 3335
53313610482,34 MAYOPARK Street DEANSIDE 3336
53313610756,9 BARNARDS Road BONNIE BROOK 3335
53313610888,14 CAMELON Avenue THORNHILL PARK 3335
53313611169,38 SHIPSTERN Street ARMSTRONG CREEK 3217
53313611300,13 KILTEELY Street GISBORNE 3437
53313611431,62 HOMESTEAD Drive LARA 3212
53313611564,36 WHITECROSS Drive THORNHILL PARK 3335
53300405814,40 MT NAPIER Road HAMILTON 3300
53300857341,21-25 VIEWPOINT Street ARARAT 3377
53300857689,82 BALLARAT Road HAMILTON 3300
53300418848,13 PARKES Street COLAC 3250
53300418996,163 QUEEN Street COLAC 3250
53300965402,191 BAILLIE Street HORSHAM 3400
53313824917,21 DEVONIA Avenue FRASER RISE 3336
53313825063,4 BOOTH Road MADDINGLEY 3340
53313825204,39 DANUBE Road TRUGANINA 3029
53313825468,12 MARYANNE Way FRASER RISE 3336
53313825749,32 YEARLING Promenade WERRIBEE 3030
53313826005,77 TULSI Avenue WERRIBEE 3030
53313826136,35 SITTELA Street MOUNT DUNEED 3217
53313826664,561 HOGANS Road TARNEIT 3029
53313826945,212 LONG Street BALLARAT EAST 3350
53313827075,24 MATTINA Circuit GREENVALE 3059
53313827488,7 CHORILAENA Way MICKLEHAM 3064
53313827613,56 CONONDALE Avenue TRUGANINA 3029
53313828149,17 LEAHY Circuit GISBORNE 3437
53313828270,12 PEGASUS Drive WEIR VIEWS 3338
53313828429,27 ARENAL Drive TRUGANINA 3029
53313828552,13 TEDDY Walk AINTREE 3336
53313828825,8 ANTRIM Walk STRATHTULLOH 3338
53313828966,5 MARBLES Crescent BALLARAT EAST 3350
53313829229,6 UNGUD Way ARMSTRONG CREEK 3217
53313829352,17 ERIN Drive FRASER RISE 3336
53313829492,11 TABULA Road TARNEIT 3029
53313829625,25 EVERBLOOM Crescent TARNEIT 3029
53313830022,6 OSTIC Way TARNEIT 3029
53313830155,5 BERRI Street BACCHUS MARSH 3340
53313830411,32 GIOVANNI Drive CHARLEMONT 3217
53313830550,3 KENSAL Walk WYNDHAM VALE 3024
53313830817,6 GOPAL Way WERRIBEE 3030
53313830948,8 CATTLECROSSING Way SUNBURY 3429
53313831087,32 ERIN Drive FRASER RISE 3336
53313831342,63 INNOVATION Avenue ROCKBANK 3335
53313831888,3 GREVILLEA Drive MOUNT DUNEED 3217
53313832042,19 MOUNTAIN Avenue MANOR LAKES 3024
53313832182,47 BRAY Street DEANSIDE 3336
53313832316,2 ANSONS Walk WERRIBEE 3030
53313611837,88 SHOREBREAK Way OCEAN GROVE 3226
53313611960,50 NAVIGATION Road TARNEIT 3029
53313612239,72 HOMESTEAD Drive LARA 3212
53313612405,13 CROSBY Street TRUGANINA 3029
53313612536,39 BOTANICAL Drive MOUNT DUNEED 3217
53313612669,4 JOHANNA Drive WINTER VALLEY 3358
53313612791,115 EDITH Street TARNEIT 3029
53313612932,211 TAIT Street SEBASTOPOL 3356
53313613097,40 VEL Street DEANSIDE 3336
53313613360,25 CINDER Drive TARNEIT 3029
53313613674,13 WARATAH Way ELLIMINYT 3250
53313613809,16 CROWLANDS Circuit EYNESBURY 3338
53313613930,47 WOOLSPINNER Crescent WYNDHAM VALE 3024
53300896472,9 QUEEN Street ARARAT 3377
53300947472,16 TRINITY Drive HORSHAM 3400
53300967934,83 HIGH Street ARARAT 3377
53313832447,28 GRAPPA Circuit WYNDHAM VALE 3024
53313832579,8 PURI Street WERRIBEE 3030
53313832736,90 REFLECTIONS Crescent LARA 3212
53313832869,65 SHILLINGS Road MAMBOURIN 3024
53313833000,8 NOLITA Walk POINT COOK 3030
53313833131,17 HESTER Street HUNTLY 3551
53313833270,77 CONONDALE Avenue TRUGANINA 3029
53313833405,28 BABACO Street TARNEIT 3029
53313833536,9 AVIANA Walk WYNDHAM VALE 3024
53313833669,4 MUIRFIELD Court MOOLAP 3224
53313833932,12 BISTRE Road TARNEIT 3029
53313834064,29 GIOVANNI Drive CHARLEMONT 3217
53313834336,22 CAVA Circuit SUNBURY 3429
53313834469,17 HALE Walk TRUGANINA 3029
53313834724,11 TATUM Street TRUGANINA 3029
53313834865,21 BALLYMENA Street STRATHTULLOH 3338
53313834997,5 ROSSO Drive TARNEIT 3029
53313835129,14 TEKAPO Street TRUGANINA 3029
53313835251,12 EVERLASTING Boulevard STRATHTULLOH 3338
53313835401,15 SOUTHDOWN Avenue TRUGANINA 3029
53313835532,274 HIGHLANDER Drive CRAIGIEBURN 3064
53313835665,3 HALE Walk TRUGANINA 3029
53313836060,32 MALACHITE Drive TARNEIT 3029
53313836192,20 TENOR Street STRATHTULLOH 3338
53313836324,12 JACOBENA Road MELTON SOUTH 3338
53313836465,23 HAMMERMILL Drive SUNBURY 3429
53313836607,22 CANMORE Street WERRIBEE 3030
53313836746,25 CONSTANCE Way NEW GISBORNE 3438
53313837181,49 INGLEWOOD Drive WERRIBEE 3030
53314065495,111 MODENA Road FRASER RISE 3336
53314065628,12 SECHURA Road TRUGANINA 3029
53314066031,126 ESTUARY Boulevard LEOPOLD 3224
53314066171,81 PARADOXA Drive TARNEIT 3029
53314066313,16 CUPOLA Walk TRUGANINA 3029
53314066444,7 GERALDINE Walk WYNDHAM VALE 3024
53314066576,23 LEAFVIEW Drive GREENVALE 3059
53314066701,3 IVANHOE Avenue FRASER RISE 3336
53314066840,4 MUNRO Avenue MELTON SOUTH 3338
53314066980,6 SEASTAR Street WILLIAMSTOWN NORTH 3016
53314067276,28 NOLAN Street AINTREE 3336
53314067425,2 WEDGETAIL Rise STRATHFIELDSAYE 3551
53314067863,15 NOWLAN Street GISBORNE 3437
53314068004,4 SOCORRO Way TRUGANINA 3029
53314128748,25 PINATUBO Street TRUGANINA 3029
53314128888,50 WOOLSPINNER Crescent WYNDHAM VALE 3024
53314129012,41 YUCCA Street WYNDHAM VALE 3024
53314129274,6 AVENIDA Road GREENVALE 3059
53314129417,2 AZIZ Boulevard MOUNT COTTRELL 3024
53314129548,16 WATCHUPGA Street EYNESBURY 3338
53314129696,20 PALETTE Street MAMBOURIN 3024
53314129829,6 NEWCASTLE Road ROCKBANK 3335
53314129960,21 LANYON Crescent TARNEIT 3029
53314130233,7 ANEMONE Walk ARMSTRONG CREEK 3217
53314130508,51 HACKAMORE Street TARNEIT 3029
53314130904,13 COPPLESON Street BONSHAW 3352
53314131042,5 ARMSTRONG Rise MADDINGLEY 3340
53314131174,23 FETE Way TARNEIT 3029
53314131316,10 WARREN Street THORNHILL PARK 3335
53314131447,8 TROOKFIELD Street STRATHTULLOH 3338
53314131587,14 COFFEY Street HUNTLY 3551
53314131712,13 ARDISIA Way MANOR LAKES 3024
53314131975,10 FIELDIA Road TARNEIT 3029
53314132115,13 MARIGOLD Drive FRASER RISE 3336
53314132253,11 CAVIAR Circuit AINTREE 3336
53300973362,166 BAILLIE Street HORSHAM 3400
53314160545,11 RUSTIC Street LARA 3212
53314160677,14 SPLENDORE Street SEBASTOPOL 3356
53314161072,5 SHEOAK Court COLAC 3250
53314161206,13 WEBB Road BONSHAW 3352
53314068135,25 GRAMERCY Place STRATHTULLOH 3338
53314068267,8 VALDA Crescent DARLEY 3340
53314068399,16 CHALLENGER Street PORTARLINGTON 3223
53314068663,23 BASILICO Street WYNDHAM VALE 3024
53314068936,2 BARTAIL Way ST LEONARDS 3223
53314069217,25 ALLANSFORD Crescent ARMSTRONG CREEK 3217
53314069348,34 BLACKWOOD Drive HUNTLY 3551
53314069470,84 GRAPPENHALL Avenue STRATHTULLOH 3338
53314069629,14 MAGGIE Crescent MAMBOURIN 3024
53314070026,17 SWORD Road THORNHILL PARK 3335
53314070704,16 LEETON Street STRATHTULLOH 3338
53314070835,29 PARKDALE Street GREENVALE 3059
53314070968,7 CRESTHAVEN Road TARNEIT 3029
53314071099,19 SWORD Road THORNHILL PARK 3335
53314071239,6 SYMPHONY Road CRAIGIEBURN 3064
53314071362,12 EASTCASTLE Drive FRASER RISE 3336
53314071494,15 DINNER Grove TARNEIT 3029
53314071627,31 LAVANT Road FRASER RISE 3336
53314071768,8 CELOSIA Way TARNEIT 3029
53314072020,13 CORDATA Road POINT COOK 3030
53314072153,304 MARATHON Boulevard CRAIGIEBURN 3064
53314072292,79 CHARTERS Way HUNTLY 3551
53314072566,29 HABERFIELD Street WARRNAMBOOL 3280
53314072839,63 BATTEN Road CHARLEMONT 3217
53314073225,20 DELIA Avenue SUNBURY 3429
53314073366,5 SHENIZ Avenue FRASER RISE 3336
53314073508,18 TURKEY Road TARNEIT 3029
53314073647,9 ALDRED Street FRASER RISE 3336
53314073779,17 CERRADO Street MOUNT DUNEED 3217
53314073912,25 BUCHANAN Drive LUCAS 3350
53314074042,20 MATON Street GREENVALE 3059
53314074182,36 BLENRIL Avenue TARNEIT 3029
53314074316,43 PETUNIA Crescent ARMSTRONG CREEK 3217
53314074455,26 WOOLMAN Street LARA 3212
53314074587,4 SNIPE Drive STRATHTULLOH 3338
53314074712,43 CRANBERRY Crescent THORNHILL PARK 3335
53314075123,15 CORMORANT Way TORQUAY 3228
53314075263,8 YANGS Street DEANSIDE 3336
53314075413,47 SERENE Avenue ARMSTRONG CREEK 3217
53314075552,33 WHITBY Circuit FRASER RISE 3336
53300213892,99999 PATRICK Street STAWELL 3380
53300213975,9 MIMOSA Avenue ARARAT 3377
53300232216,2 HIGH Street HORSHAM 3400
53314205934,25 CASTLECRAG Way STRATHTULLOH 3338
53314206198,32 KNOTTY Road BONNIE BROOK 3335
53314206346,18 GALENE Drive ARMSTRONG CREEK 3217
53314206611,36 BLUEWATER Drive ARMSTRONG CREEK 3217
53314206742,35 RAINBOW Drive DEANSIDE 3336
53314206874,22 COLOMBARD Street MOUNT DUNEED 3217
53314207015,33 BENSON Drive WERRIBEE 3030
53314207146,17 CAPULIN Walk FRASER RISE 3336
53314207277,55 ARCHER Drive LARA 3212
53300309163,70 ZIEGLER Parade ALLANSFORD 3277
53300000640,275-317 ST ALBANS Road SUNSHINE 3020
53300000963,99999 LANGS Road ASCOT VALE 3032
53300002810,99999 SEABEACH Parade NORTH SHORE 3214
53300003214,99999 SCOTT Street WARRNAMBOOL 3280
53300003295,99999 ELIZABETH Street DELACOMBE 3356
53300004757,1 AMANDA Road WEST FOOTSCRAY 3012
53300004988,502 BALLARAT Road SUNSHINE 3020
53300007165,99999 RESERVOIR Road WAURN PONDS 3216
53300326298,40 CONNOR Street COLAC 3250
53300361819,40 CONNOR Street COLAC 3250
53300328154,4 LEVIS Street PORTLAND 3305
53300328582,99999 GRAYLAND Street COBDEN 3266
53300328681,99999 RYOT Street WARRNAMBOOL 3280
53300423006,32-48 GEORGE Street HAMILTON 3300
53300423821,82 MT NAPIER Road HAMILTON 3300
53300456410,19 TYLDEN Street DENNINGTON 3280
53300475681,100 MT NAPIER Road HAMILTON 3300
53300426669,135 ROONEYS Road WARRNAMBOOL 3280
53300427970,66 BALLARAT Road HAMILTON 3300
53300442532,143 ROONEYS Road WARRNAMBOOL 3280
53300443615,24 CHAMBERLAIN Court HAMILTON 3300
53300443746,28 FLINDERS Street PORTLAND 3305
53300458950,16 RIX Street COBDEN 3266
53300460710,93 JAPAN Street WARRNAMBOOL 3280
53301039315,99999 DAVID MUNROE Drive ROXBURGH PARK 3064
53300974435,46145 QUEEN Street ARARAT 3377
53300976738,9 HIGH Street ARARAT 3377
53301041220,1708 HUME Highway CAMPBELLFIELD 3061
53300979590,141 HIGH Street ARARAT 3377
53300982462,32 RUTHERFORD Street AVOCA 3467
53300215781,2B QUEEN Street ARARAT 3377
53314176631,1 WINDERMERE Way WYNDHAM VALE 3024
53314176896,123 DRYLAND Boulevard MICKLEHAM 3064
53314177027,202 MOUNT MARY Road EYNESBURY 3338
53314177570,69 CASTELLO Drive DEANSIDE 3336
53314177729,13 DRUM Street MAMBOURIN 3024
53314177852,36 QUINTA Crescent SUNBURY 3429
53314177992,3 ZEST Street AINTREE 3336
53314178124,14 TRANQUIL Crescent COLAC 3250
53314178307,18 BAXTER Street MAMBOURIN 3024
53314178438,20 MOLETTE Road SUNBURY 3429
53314178561,56 MINDIL Street ARMSTRONG CREEK 3217
53314178703,25 CHALLAMBRA Road EYNESBURY 3338
53314178842,11 SALENTO Street MOUNT DUNEED 3217
53314178974,30 MANTIS Circuit TARNEIT 3029
53314179108,18 LUIS Street BALLAN 3342
53314179238,8 KETTLEWELL Drive LARA 3212
53314179378,18 WINDJAMMER Street TARNEIT 3029
53314179503,5 BREEZY Circuit WERRIBEE 3030
53314179634,10 CONSAW Street ARMSTRONG CREEK 3217
53314180031,71 CRAYCROFT Road TRUGANINA 3029
53314180164,15 FIRETAIL Crescent BANNOCKBURN 3331
53314180295,14 SIDDELL Road GREENVALE 3059
53314180436,26 AQUAMARINE Drive MICKLEHAM 3064
53314180569,6 PUGGLE Way TARNEIT 3029
53314180691,20 MADEIRA Drive TRUGANINA 3029
53314180832,16 BAYBERRY Street ARMSTRONG CREEK 3217
53314180980,72 BUCKLAND Boulevard GISBORNE 3437
53314181252,75 CRAYCROFT Road TRUGANINA 3029
53314181681,29 VELVET Way TARNEIT 3029
53314182240,104 ALBERT Drive MELTON SOUTH 3338
53314182372,35 PARKLEA Way THORNHILL PARK 3335
53314182646,66 RUMBEE Crescent TARNEIT 3029
53314182794,9 HAIRPIN Drive TARNEIT 3029
53314182927,22 CONE Way WEIR VIEWS 3338
53314183059,16 TOOMBON Street WERRIBEE 3030
53314183199,58 RUMBEE Crescent TARNEIT 3029
53314183479,19 CLARA Court GREENVALE 3059
53314183612,43 JOURNEY Crescent MOUNT DUNEED 3217
53314183743,74 BODNAT Street TRUGANINA 3029
53314207681,8 DOCK Walk ARMSTRONG CREEK 3217
53314207816,73 IVERSON Circuit DEANSIDE 3336
53314208656,9 LAVINIA Avenue TRUGANINA 3029
53314208937,46 WHARFEDALE Crescent LARA 3212
53314209076,43 GARDENVALE Avenue MAMBOURIN 3024
53314209357,5 PEPPERIDGE Drive TARNEIT 3029
53314209614,4 DELHI Way WERRIBEE 3030
53314209753,23 CASTELLO Drive DEANSIDE 3336
53314209885,15 NEEDLETAIL Road DEANSIDE 3336
53314210027,45 ORLOV Street AINTREE 3336
53314210150,17 GIANT Road TARNEIT 3029
53314210309,14 CRESTVIEW Street CHARLEMONT 3217
53314210430,13 GINKGO Street FRASER RISE 3336
53314210563,9 SEARS Avenue WARRNAMBOOL 3280
53314210695,65 DUKES Lane STRATHFIELDSAYE 3551
53314210969,24 CRANBROOK Way WERRIBEE 3030
53314211090,8 HOLMFIRTH Way LARA 3212
53314211222,27 RUTLEDGE Way WINTER VALLEY 3358
53314211628,8 RIBOLLA Way SUNBURY 3429
53314211891,29 WHELAN Street ARMSTRONG CREEK 3217
53314212021,2 PASTURE View DEANSIDE 3336
53314212154,12 ARMSTRONG Rise MADDINGLEY 3340
53314212285,24 CLEOPATRA Street TARNEIT 3029
53301028607,130 GAFFNEY Street COBURG 3058
53300008484,99999 CHAMPION Road NEWPORT 3015
53300008601,99999 BROUGHAM Street GEELONG 3220
53300008799,99999 BARNARD Street BENDIGO 3550
53300020028,99999 ANDERSON Road SUNSHINE 3020
53300020169,99999 ABATTOIRS Road STAWELL 3380
53300020366,17 PIPE Road LAVERTON NORTH 3026
53300218339,1 MANSE Street STAWELL 3380
53300219832,101 BREWSTER Road ARARAT 3377
53314183883,35 MESSARA Walk TRUGANINA 3029
53314184148,14 NALANDA Road TARNEIT 3029
53314184279,33 SUPREME Avenue GREENVALE 3059
53314184412,12 MONTANE Way DEANSIDE 3336
53314184551,9 SHILLINGS Road MAMBOURIN 3024
53314184683,44 GYMEA Street MOUNT DUNEED 3217
53314184818,26 RETREAT Crescent SUNBURY 3429
53314185096,45 MARGIE Street WYNDHAM VALE 3024
53314185228,25 RAINBOW Drive DEANSIDE 3336
53314185491,11 DRUMCHAPEL Crescent STRATHTULLOH 3338
53314185640,36 PARKLEA Way THORNHILL PARK 3335
53314185772,1 HANGAR Street WERRIBEE 3030
53314185907,14 TULIPWOOD Street MICKLEHAM 3064
53314186045,40 BRUCE Street COLAC 3250
53314186177,27 LUNAR Drive GREENVALE 3059
53314186301,2 BROILER Street ROCKBANK 3335
53314186432,6 ECRU Street WYNDHAM VALE 3024
53314186838,13 GLORY Street THORNHILL PARK 3335
53314186961,21 ASHTON Avenue WINTER VALLEY 3358
53314187101,7 FOSSIL Way FRASER RISE 3336
53314187231,199 OLIVERS Road MICKLEHAM 3064
53314187364,18 CORIANDER Street TRUGANINA 3029
53314187760,3 SODERSTROM Street LUCAS 3350
53314188024,1 PRODUCE Drive MAMBOURIN 3024
53314188165,29 BARCELONA Way TARNEIT 3029
53314188306,27 SPRINT Road FRASER RISE 3336
53314188437,15 BAXTER Street MAMBOURIN 3024
53314188560,11 ESMERALDA Avenue TARNEIT 3029
53314188702,18 FORAKER Road TRUGANINA 3029
53314188833,15 DUGITE Street WYNDHAM VALE 3024
53314189237,7 ARKWRIGHT Street DEANSIDE 3336
53314189360,18 RIVERLEA Drive JACKASS FLAT 3556
53314189492,11 SOCIETY Circuit AINTREE 3336
53314189766,65 VILANA Drive SUNBURY 3429
53314189908,47 WARHAWKE Road AINTREE 3336
53314190312,9 CRYMELON Street EYNESBURY 3338
53314190575,4 SLENDER Way MICKLEHAM 3064
53314190718,10 CLEMATIS Place STRATHTULLOH 3338
53314190857,10 ELVES Walk TARNEIT 3029
53314190989,50 ALTURA Drive TRUGANINA 3029
53314212816,4 VERONICA Crescent DEANSIDE 3336
53314213341,78 PEAR Street WYNDHAM VALE 3024
53314213755,17 FOSSICKER Street FRASER RISE 3336
53314214416,34 MILES Street SEBASTOPOL 3356
53314214555,37 RECREATION Road AINTREE 3336
53314214951,3 TREEMARTIN Street DEANSIDE 3336
53314215090,7 TIMETABLE Street MAMBOURIN 3024
53314215222,12 WINSLET Road DEANSIDE 3336
53314215891,37 WOODRUFF Road GREENVALE 3059
53314216171,10 WINSLET Road DEANSIDE 3336
53314216725,5 NEEDLETAIL Road DEANSIDE 3336
53314216858,20 WILLARD Road TRUGANINA 3029
53314216998,57 MERCURY Road SUNBURY 3429
53314217129,10 KIREEP Street MAMBOURIN 3024
53314217672,22 CABBAGE Street MICKLEHAM 3064
53314218219,17 KELSON Street WARRNAMBOOL 3280
53314218615,9C FLAGSTAFF Crescent POINT COOK 3030
53314219141,17 SWIFT Street CHARLEMONT 3217
53314219415,49 GATEAU Drive WERRIBEE 3030
53314220222,4 WATCHEM Street EYNESBURY 3338
53300204339,18 HIGH Street ARARAT 3377
53300221657,36 VIEWPOINT Street ARARAT 3377
53314191383,21 PEWTER Street MAMBOURIN 3024
53314191649,9 MULGA Street SUNBURY 3429
53314191771,22 HELVETICA Street TRUGANINA 3029
53314191920,8 FOSSICKER Street FRASER RISE 3336
53314176235,23 FRENCH Road GREENVALE 3059
53314220628,18 KINDNESS Road TARNEIT 3029
53314220751,20 VICTORIA Street TRUGANINA 3029
53314221023,22 VANDELAY Avenue CHARLEMONT 3217
53314222242,13 HACKBERRY Street AINTREE 3336
53314222788,15 RHONE Avenue AINTREE 3336
53314223183,28 LOUVRE Road BONNIE BROOK 3335
53314223448,69 PRODUCE Drive MAMBOURIN 3024
53300351173,1 ARTHUR Street PORTLAND 3305
53300353432,29 BEAMISH Street WARRNAMBOOL 3280
53300304602,10 HOPKINS Road WARRNAMBOOL 3280
53300305939,18 MURRAY Street WARRNAMBOOL 3280
53300322437,220 HANLON Parade PORTLAND 3305
53300335003,230 KOROIT Street WARRNAMBOOL 3280
53300356733,7 BOWIE Road ALLANSFORD 3277
53300430737,50 BAYNES Street DENNINGTON 3280
53300431289,99999 KENNEDY Street HAMILTON 3300
53300339480,9 CHAMBERLAIN Court HAMILTON 3300
53300339621,18 MURRAY Street WARRNAMBOOL 3280
53300449479,295 LAVA Street WARRNAMBOOL 3280
53300451873,5 GEORGE Street HAMILTON 3300
53300451949,29 MT BAIMBRIDGE Road HAMILTON 3300
53300452226,64 HAMMOND Street HAMILTON 3300
53300466906,541 RAGLAN Parade WARRNAMBOOL 3280
53300984434,1 EVANS PARK Drive ARARAT 3377
53300985053,26 ARTHUR Drive HORSHAM 3400
53300985549,23 FERGUSON Close HORSHAM 3400
53300985622,47 ARTHUR Drive HORSHAM 3400
53300985689,17 STEPHENS Street HORSHAM 3400
53300985814,59 RIVER Road HORSHAM 3400
53300986084,45 ARTHUR Drive HORSHAM 3400
53300986150,30 DUMESNY Street HORSHAM 3400
53300986349,13 TREACEY Street HORSHAM 3400
53300986416,2 WARNIES Lane ARARAT 3377
53300986471,6 DOMAIN Circuit ARARAT 3377
53300986620,19 KOFOED Street ARARAT 3377
53300468660,133 GRAY Street HAMILTON 3300
53300470592,26 BAYVIEW Terrace WARRNAMBOOL 3280
53301030075,3 ALEXANDER Avenue COBURG NORTH 3058
53300986852,11 STEPHENS Street HORSHAM 3400
53300986911,17 DOMAIN Circuit ARARAT 3377
53301000186,22 CLARKE Street CAMPBELLFIELD 3061
53301016644,11 RENNIE Street COBURG 3058
53301018847,122 SYDNEY Road COBURG 3058
53301052366,106 LORNE Street FAWKNER 3060
53301004014,4 BURTON Close GREENVALE 3059
53314192050,60 TIMETABLE Street MAMBOURIN 3024
53314192316,9 HOCK Street TARNEIT 3029
53314192455,9 ZEST Street AINTREE 3336
53314192587,3 HOMECROFT Street EYNESBURY 3338
53314192843,5 LANYON Crescent TARNEIT 3029
53314192983,106 TATHRA Road WYNDHAM VALE 3024
53314193117,15 FULHAM Circuit BACCHUS MARSH 3340
53314193379,7 CROTONE Avenue DEANSIDE 3336
53314193512,5 KURRACA Walk EYNESBURY 3338
53314193643,59 KRATERON Street FRASER RISE 3336
53314193918,44 HARPER Boulevard MOUNT DUNEED 3217
53314194056,34 NORTHSTOWE Crescent STRATHTULLOH 3338
53314194188,5 BRIDOON Road TARNEIT 3029
53314194312,56 LENA Crescent TRUGANINA 3029
53314194451,107 BURSA Drive WYNDHAM VALE 3024
53314194619,28 DEANSIDE Drive DEANSIDE 3336
53314194740,21 BANJO Boulevard FRASER RISE 3336
53314194872,18 STAKES Boulevard MANOR LAKES 3024
53314195006,9 HOIST Drive TARNEIT 3029
53314195401,9 MARMA Walk EYNESBURY 3338
53314195532,7 TROOKFIELD Street STRATHTULLOH 3338
53314195708,13 WINDANSEA Street ARMSTRONG CREEK 3217
53314195839,17 KETTLEWELL Drive LARA 3212
53314195962,62 VERDAY Boulevard TARNEIT 3029
53314196103,9 FOSSIL Way FRASER RISE 3336
53314196241,5 DORCHESTER Street CRAIGIEBURN 3064
53314196373,21 MASAYA Avenue TRUGANINA 3029
53314196508,54 BANKS Drive DIGGERS REST 3427
53314196639,60 FOLIAGE Drive TARNEIT 3029
53314197454,119 HOLYOAKE Parade MANOR LAKES 3024
53314197586,8 LOPERA Drive TARNEIT 3029
53314197711,77 ARISTIDES Crescent THORNHILL PARK 3335
53314197868,14 FIRETAIL Crescent BANNOCKBURN 3331
53314223596,18 DELHI Way WERRIBEE 3030
53314224140,18 NOKOTA Circuit BONNIE BROOK 3335
53314228042,45 BENSON Drive WARRNAMBOOL 3280
53300207241,4 HIGH Street ARARAT 3377
53300208562,28 LIGAR Street STAWELL 3380
53300226004,7 GORDON Street HORSHAM 3400
53314198262,49 PRESCOTT Road MAMBOURIN 3024
53314198412,12 RINDLE Street LARA 3212
53314198543,18 BULLWHEEL Drive FRASER RISE 3336
53314198683,17 DIVOT Circuit INVERMAY PARK 3350
53314198957,18 KOORA Drive SUNBURY 3429
53314199088,2 MINIMALIST Place CHARLEMONT 3217
53314199212,23 MARYANNE Way FRASER RISE 3336
53314199618,73 LUCANIA Crescent TARNEIT 3029
53314199749,35 YUCAMANE Drive TRUGANINA 3029
53314200143,26 CORDYLINE Street MOUNT DUNEED 3217
53314200274,5 KUMQUAT Place THORNHILL PARK 3335
53314200409,9 GEOMETRY Drive CHARLEMONT 3217
53314200688,17 PLATT Drive MADDINGLEY 3340
53314200952,11 MARLBOROUGH Street AINTREE 3336
53314201091,24 TRAPANI Grove DEANSIDE 3336
53314201223,38 GOLD STAR Road FRASER RISE 3336
53314201760,23 PERSIMMON Road CRAIGIEBURN 3064
53314201902,76 GEC Boulevard FRASER RISE 3336
53314202048,8 MYSTIC Street MOUNT DUNEED 3217
53314202188,28 CRICKET Circuit TARNEIT 3029
53314202443,157 WHITECROSS Drive THORNHILL PARK 3335
53314202575,43 TANGLEWOOD Boulevard TRUGANINA 3029
53314202865,27 HANISH Street TRUGANINA 3029
53314202997,6 FLAXLEY Place WERRIBEE 3030
53314203269,19 CROTONE Avenue DEANSIDE 3336
53314203532,20 TIMETABLE Street MAMBOURIN 3024
53314203946,39 POLLEN Road TARNEIT 3029
53314204077,47 TANGLEWOOD Boulevard TRUGANINA 3029
53314204472,7 GALANTHUS Street CHARLEMONT 3217
53314204607,103 ESTUARY Boulevard LEOPOLD 3224
53314204878,3 SUNRISE Street ARMSTRONG CREEK 3217
53314205002,14 YELLANGIP Street EYNESBURY 3338
53314205133,29 TIMETABLE Street MAMBOURIN 3024
53314205661,34 BLUEWATER Drive ARMSTRONG CREEK 3217
53300210734,99999 GRANO Street ARARAT 3377
53300211766,24 VIEWPOINT Street ARARAT 3377
53301368026,2 EMMA Place BENDIGO 3550
53301368637,5754 CALDER Highway BIG HILL 3555
53301383487,1 GROWLER Street EAGLEHAWK 3556
53301383553,11 GROWLER Street EAGLEHAWK 3556
53301084426,33 IRENE Street COBURG NORTH 3058
53301387902,306 HARGREAVES Street BENDIGO 3550
53300243163,4 MCKENZIE Street STAWELL 3380
53300245615,28 LIGAR Street STAWELL 3380
53300248047,10 CARROL Street HORSHAM 3400
53301510102,225 SAILORS GULLY Road SAILORS GULLY 3556
53300374594,1 RIFLE Road HAMILTON 3300
53300375009,145 ROONEYS Road WARRNAMBOOL 3280
53300375197,6 HELPMANN Court WARRNAMBOOL 3280
53301610561,50 SUFFOLK Street WEST FOOTSCRAY 3012
53301610802,401 GEELONG Road WEST FOOTSCRAY 3012
53301611444,199 SUNSHINE Road WEST FOOTSCRAY 3012
53301611675,137 ESSEX Street WEST FOOTSCRAY 3012
53301612104,137 ESSEX Street WEST FOOTSCRAY 3012
53301612664,100 SUFFOLK Street WEST FOOTSCRAY 3012
53300363571,40 CONNOR Street COLAC 3250
53300364249,57 SKENE Street WARRNAMBOOL 3280
53300378983,76 EDDINGTON Street WARRNAMBOOL 3280
53300379123,36 FOSTER Street WARRNAMBOOL 3280
53300379874,292 MORTLAKE Road WARRNAMBOOL 3280
53300381857,99999 SHAKESPEARE Street HAMILTON 3300
53301241885,106 GAFFNEY Street COBURG 3058
53300504986,14 CHAMBERLAIN Court HAMILTON 3300
53300505126,2 MT NAPIER Road HAMILTON 3300
53300506388,64 BAYNES Street DENNINGTON 3280
53300506868,7 COOPER Court COLAC 3250
53300506933,6 COOPER Court COLAC 3250
53300494244,278 HENTY Highway PORTLAND 3305
53300494384,5 LEVIS Street PORTLAND 3305
53300509688,10 MURRAY Street COLAC 3250
53300510085,108 LAVA Street WARRNAMBOOL 3280
53300510706,22 BRIDGEWATER Road PORTLAND 3305
53301372639,25 FOREST Street BENDIGO 3550
53301374981,6 FROG HOLLOW Road STRATHDALE 3550
53301060767,89 CONNOLLY Avenue COBURG NORTH 3058
53301478917,99999 OLD VIOLET Street BENDIGO 3550
53301480871,160 OLYMPIC Parade KANGAROO FLAT 3555
53300251662,1 QUEEN Street ARARAT 3377
53300253921,24 WOOD Street STAWELL 3380
53301483642,51-67 PALL Mall BENDIGO 3550
53301483701,74 PALL Mall BENDIGO 3550
53301498195,68 RACECOURSE Road EPSOM 3551
53301498260,84 RACECOURSE Road EPSOM 3551
53300365768,35 BALMORAL Street PORTLAND 3305
53300256462,6 HIGH Street HORSHAM 3400
53300257188,4 MAY PARK Terrace HORSHAM 3400
53301486507,99999 PARK Road BENDIGO 3550
53301617036,53 ANDERSON Street YARRAVILLE 3013
53301618159,44 PENTLAND Parade YARRAVILLE 3013
53300366476,149 MERRI Street WARRNAMBOOL 3280
53301619611,19 ELDRIDGE Street FOOTSCRAY 3011
53301619768,4 EXHIBITION Street WEST FOOTSCRAY 3012
53301619833,19 ELDRIDGE Street FOOTSCRAY 3011
53300370826,34 BALMORAL Street PORTLAND 3305
53300373448,121 ROONEYS Road WARRNAMBOOL 3280
53300495440,70 MT BAIMBRIDGE Road HAMILTON 3300
53300498016,141 ROONEYS Road WARRNAMBOOL 3280
53300498385,41 MT NAPIER Road HAMILTON 3300
53300499467,128 MT NAPIER Road HAMILTON 3300
53300500424,153 SKENE Street WARRNAMBOOL 3280
53300502238,20 KENT Road HAMILTON 3300
53300516453,164 KOROIT Street WARRNAMBOOL 3280
53300516918,99999 KOROIT Street WARRNAMBOOL 3280
53300518185,99999 HENTY Highway HAMILTON 3300
53301364438,99999 EDWARDS Road BENDIGO 3550
53301435207,148 LODDON VALLEY Highway EAGLEHAWK 3556
53301435270,202 LODDON VALLEY Highway EAGLEHAWK 3556
53301435338,222 LODDON VALLEY Highway EAGLEHAWK 3556
53301435405,173 LODDON VALLEY Highway EAGLEHAWK 3556
53301435593,2 KEOGH Drive SPRING GULLY 3550
53301449768,13A MAYFAIR PARK Estate BENDIGO 3550
53301449833,36 MAYFAIR PARK Estate BENDIGO 3550
53301450768,181 MCCRAE Street BENDIGO 3550
53301451674,106 MACDOUGALL Road GOLDEN SQUARE 3555
53301451817,148 MACDOUGALL Road GOLDEN SQUARE 3555
53301421082,18 KENNEDY Street EAST BENDIGO 3550
53301421158,23 KENNEDY Street EAST BENDIGO 3550
53301537200,99999 VICTORIA Street EAGLEHAWK 3556
53301553585,99999 WILLIAMSON Street BENDIGO 3550
53301555433,99999 WILSON Street SAILORS GULLY 3556
53301453975,171-183 MCIVOR Road BENDIGO 3550
53301454040,184 MCIVOR Road BENDIGO 3550
53301454109,194 MCIVOR Road BENDIGO 3550
53301569087,5 BRENTWOOD Boulevard STRATHFIELDSAYE 3551
53301569490,381 NAPIER Street BENDIGO 3550
53301570540,161 MCCRAE Street BENDIGO 3550
53301525049,18 STEANE Street KENNINGTON 3550
53301526709,18 STEVENSON Street BENDIGO 3550
53301540049,112 UPPER CALIFORNIA GULLY Road CALIFORNIA GULLY 3556
53301541327,29 VALENTINE Street BENDIGO 3550
53301558404,142 WOODWARD Road GOLDEN SQUARE 3555
53301558477,168 WOODWARD Road GOLDEN SQUARE 3555
53301560055,18 YORK Avenue EAGLEHAWK 3556
53301527738,113 STRICKLAND Road EAST BENDIGO 3550
53301542992,123 VICTORIA Street EAGLEHAWK 3556
53301543067,143 VICTORIA Street EAGLEHAWK 3556
53301175093,67 CONNOLLY Avenue COBURG NORTH 3058
53301130577,120 MAJOR Road FAWKNER 3060
53301145138,79 CONNOLLY Avenue COBURG NORTH 3058
53301161630,23 ELSA Street FAWKNER 3060
53301261230,105 CONNOLLY Avenue COBURG NORTH 3058
53301309525,80C BARKLY Terrace BENDIGO 3550
53301309600,80 BARKLY Terrace BENDIGO 3550
53301309673,94 BARKLY Terrace BENDIGO 3550
53301311193,5 BARRELL Street EAGLEHAWK 3556
53301294429,8 WATERFIELD Street COBURG 3058
53301294528,99999 MCPHERSON Boulevard ROXBURGH PARK 3064
53301295674,64 ADAM Street QUARRY HILL 3550
53301312743,57 BAXTER Street BENDIGO 3550
53301313412,16 BAYNE Street BENDIGO 3550
53301313477,24 BAYNE Street BENDIGO 3550
53301313543,27 BAYNE Street BENDIGO 3550
53301313610,34 BAYNE Street BENDIGO 3550
53301313691,45 BAYNE Street BENDIGO 3550
53301313767,56 BAYNE Street BENDIGO 3550
53301313832,67 BAYNE Street BENDIGO 3550
53301313899,74 BAYNE Street BENDIGO 3550
53301313965,86 BAYNE Street BENDIGO 3550
53301438011,32 LUKIN Crescent KANGAROO FLAT 3555
53301391391,23 HARPIN Place EAST BENDIGO 3550
53301407733,170 MACKENZIE Street GOLDEN SQUARE 3555
53301297893,44 ALDER Street KANGAROO FLAT 3555
53301298173,34 ALDER Street KANGAROO FLAT 3555
53301298230,44 ALDER Street KANGAROO FLAT 3555
53301439505,6 MACKENZIE Street GOLDEN SQUARE 3555
53301439578,19 MACKENZIE Street GOLDEN SQUARE 3555
53301439644,20 MACKENZIE Street GOLDEN SQUARE 3555
53301439711,28 MACKENZIE Street GOLDEN SQUARE 3555
53301439776,34A MACKENZIE Street GOLDEN SQUARE 3555
53301439842,42 MACKENZIE Street GOLDEN SQUARE 3555
53301439919,47 MACKENZIE Street GOLDEN SQUARE 3555
53301440001,58 MACKENZIE Street GOLDEN SQUARE 3555
53301440067,65 MACKENZIE Street GOLDEN SQUARE 3555
53301440140,69 MACKENZIE Street GOLDEN SQUARE 3555
53301440216,78 MACKENZIE Street GOLDEN SQUARE 3555
53301440289,86 MACKENZIE Street GOLDEN SQUARE 3555
53301440347,92 MACKENZIE Street GOLDEN SQUARE 3555
53301440420,113 MACKENZIE Street GOLDEN SQUARE 3555
53301440487,125 MACKENZIE Street GOLDEN SQUARE 3555
53301440553,129 MACKENZIE Street GOLDEN SQUARE 3555
53301440628,139 MACKENZIE Street GOLDEN SQUARE 3555
53301440693,150 MACKENZIE Street GOLDEN SQUARE 3555
53301440769,158 MACKENZIE Street GOLDEN SQUARE 3555
53301440842,167 MACKENZIE Street GOLDEN SQUARE 3555
53301440901,174 MACKENZIE Street GOLDEN SQUARE 3555
53301440974,181 MACKENZIE Street GOLDEN SQUARE 3555
53301441031,30A ALDER Street KANGAROO FLAT 3555
53301394147,6 HAVLIN Street BENDIGO 3550
53301394205,12 HAVLIN Street BENDIGO 3550
53301394278,22 HAVLIN Street BENDIGO 3550
53301394403,38 HAVLIN Street KENNINGTON 3550
53301394469,48 HAVLIN Street BENDIGO 3550
53301394534,58 HAVLIN Street QUARRY HILL 3550
53301394823,92 HAVLIN Street QUARRY HILL 3550
53301394971,112 HAVLIN Street QUARRY HILL 3550
53301395046,122 HAVLIN Street QUARRY HILL 3550
53301409275,61 HONEYSUCKLE Street IRONBARK 3550
53301442193,39 MAFEKING Street KENNINGTON 3550
53301442250,31 MAFEKING Street KENNINGTON 3550
53301442325,40 MAFEKING Street KENNINGTON 3550
53301442390,42 MAFEKING Street KENNINGTON 3550
53301442466,45B MAFEKING Street KENNINGTON 3550
53301445535,67 MAPLE Street GOLDEN SQUARE 3555
53301515082,30 SIBLEY Place STRATHDALE 3550
53301515158,5 SILVERFOX Court STRATHDALE 3550
53301563576,49 BAYNE Street BENDIGO 3550
53301533637,78 TAYLOR Street EPSOM 3551
53301533694,94 TAYLOR Street EPSOM 3551
53301533760,116 TAYLOR Street EPSOM 3551
53301533835,146 TAYLOR Street EPSOM 3551
53301534032,10 TAYLOR Street KANGAROO FLAT 3555
53301534702,5 THE Lane STRATHDALE 3550
53301546301,61 WADE Street GOLDEN SQUARE 3555
53301547371,17 WALLS Street EAGLEHAWK 3556
53301551995,21 WESLEY Street KANGAROO FLAT 3555
53301182840,34 IRENE Street COBURG NORTH 3058
53301267292,99999 ALMANDS Avenue ROXBURGH PARK 3064
53301269125,10 BURTON Close GREENVALE 3059
53301283027,1657-1659 HUME Highway CAMPBELLFIELD 3061
53301171472,3 TERRELL Court ROXBURGH PARK 3064
53301299197,28 ALLINGHAM Street GOLDEN SQUARE 3555
53301299428,191 ALLINGHAM Street KANGAROO FLAT 3555
53301299493,203 ALLINGHAM Street KANGAROO FLAT 3555
53301318089,2 BOBS Street BENDIGO 3550
53301288744,3 CONVENT Court COBURG NORTH 3058
53301303172,214 ARNOLD Street NORTH BENDIGO 3550
53301322116,24 BREEN Street QUARRY HILL 3550
53301397784,40 HIGH Street BENDIGO 3550
53301398116,186 HIGH Street BENDIGO 3550
53301398206,229 HIGH Street BENDIGO 3550
53301398287,255 HIGH Street BENDIGO 3550
53301398353,393A HIGH Street BENDIGO 3550
53301399666,392 HIGH Street GOLDEN SQUARE 3555
53301399731,392 HIGH Street GOLDEN SQUARE 3555
53301400906,44 HIGH Street KANGAROO FLAT 3555
53301289833,230 BELL Street COBURG 3058
53301401111,44 HIGH Street KANGAROO FLAT 3555
53301401176,44 HIGH Street KANGAROO FLAT 3555
53301403542,16 MACKENZIE Street GOLDEN SQUARE 3555
53301418401,30 JOHN Street NORTH BENDIGO 3550
53301334607,4 CAROLIN Street FLORA HILL 3550
53301224311,3 ST AUSTELL Court CRAIGIEBURN 3064
53301923267,68 KOROROIT CREEK Road WILLIAMSTOWN 3016
53301338580,21 CHAPEL Street KANGAROO FLAT 3555
53302064335,146 RIGGALL Street DALLAS 3047
53302080806,49 THE Loop HADFIELD 3046
53301353324,9 DANIEL Street LONG GULLY 3550
53301354356,13 DAY Street EAST BENDIGO 3550
53302198786,73-73 THE Loop HADFIELD 3046
53302067819,86 HILTON Street GLENROY 3046
53302069756,138 RIGGALL Street DALLAS 3047
53301468734,377 NAPIER Street BENDIGO 3550
53301468833,398 NAPIER Street BENDIGO 3550
53301468890,410 NAPIER Street BENDIGO 3550
53301468973,420 NAPIER Street BENDIGO 3550
53301469048,430 NAPIER Street BENDIGO 3550
53301469115,437 NAPIER Street BENDIGO 3550
53301469170,444 NAPIER Street BENDIGO 3550
53301469403,473 NAPIER Street BENDIGO 3550
53301469476,480 NAPIER Street BENDIGO 3550
53301469542,484 NAPIER Street BENDIGO 3550
53301469619,494 NAPIER Street BENDIGO 3550
53301469690,502 NAPIER Street BENDIGO 3550
53301469758,511 NAPIER Street BENDIGO 3550
53301469823,514 NAPIER Street BENDIGO 3550
53301469898,522 NAPIER Street BENDIGO 3550
53301470155,562 NAPIER Street BENDIGO 3550
53301470213,571 NAPIER Street BENDIGO 3550
53301470304,99999 NAPIER Street EAGLEHAWK 3556
53301587526,32 RAILWAY Street ALTONA 3018
53301625285,36 MOUNT Street ALTONA 3018
53301572255,59 RAGLAN Street WHITE HILLS 3550
53301573139,48 FEHON Street YARRAVILLE 3013
53301573213,50 ELIZABETH Street NEWPORT 3015
53301573469,499 GRIEVE Parade ALTONA 3018
53301574797,28 RAILWAY Place FOOTSCRAY 3011
53302205342,81 THE Loop HADFIELD 3046
53301630393,53 ELIZABETH Street NEWPORT 3015
53301630831,48 CHURCHILL Avenue MAIDSTONE 3012
53301191968,14 BURTON Close GREENVALE 3059
53301759520,99999 BENT Street ALTONA 3018
53301760159,29 BRAID Street WEST FOOTSCRAY 3012
53301632793,73 NORFOLK Street MAIDSTONE 3012
53301774974,32 SUFFOLK Street WEST FOOTSCRAY 3012
53301196577,2 BURTON Close GREENVALE 3059
53301763516,268A MASON Street NEWPORT 3015
53301765338,36 RAILWAY Street ALTONA 3018
53301781163,64 HOPKINS Street FOOTSCRAY 3011
53301214049,1657 HUME Highway CAMPBELLFIELD 3061
53301215731,99999 CONNOLLY Avenue COBURG NORTH 3058
53301907022,99999 WINGFIELD Street FOOTSCRAY 3011
53301925603,70 KOROROIT CREEK Road WILLIAMSTOWN 3016
53301927473,3 LITTLE FERGUSON Street WILLIAMSTOWN 3016
53301928563,70 KOROROIT CREEK Road WILLIAMSTOWN 3016
53301328145,2 BUNKER Street KANGAROO FLAT 3555
53301329663,10 BURROWES Street GOLDEN SQUARE 3555
53301341355,5 EBONY Place KENNINGTON 3550
53301911728,93 ASHLEY Street MAIDSTONE 3012
53301912360,19 PURNELL Street ALTONA 3018
53301912930,9 LITTLE FERGUSON Street WILLIAMSTOWN 3016
53301913797,26 LITTLE FERGUSON Street WILLIAMSTOWN 3016
53301914324,8 LITTLE FERGUSON Street WILLIAMSTOWN 3016
53301915068,256 MASON Street NEWPORT 3015
53302052752,65 JACANA Avenue BROADMEADOWS 3047
53302052827,65 JACANA Avenue BROADMEADOWS 3047
53301930612,10 CURTIN Street MAIDSTONE 3012
53301454180,207 MCIVOR Road BENDIGO 3550
53301454255,223 MCIVOR Road BENDIGO 3550
53301454801,195A MACKENZIE Street GOLDEN SQUARE 3555
53301470773,74 NAPOLEON Crescent WHITE HILLS 3550
53302052975,11 AVALON Avenue BROADMEADOWS 3047
53302056044,7 HOUSDEN Street BROADMEADOWS 3047
53301933422,237 HYDE Street YARRAVILLE 3013
53302072882,22 THE Loop HADFIELD 3046
53301474008,42 NELSON Street CALIFORNIA GULLY 3556
53301475657,99999 NOLAN Street BENDIGO 3550
53302078559,14 HILTON Street GLENROY 3046
53301460866,26A MITCHELL Street KANGAROO FLAT 3555
53301578574,126 SUFFOLK Street WEST FOOTSCRAY 3012
53301597007,69 STEVEDORE Street WILLIAMSTOWN 3016
53302211268,16 BALLATER Avenue NEWTOWN 3220
53301634898,112 RAILWAY Street ALTONA 3018
53301635540,136 SUFFOLK Street WEST FOOTSCRAY 3012
53301635995,129 ASHLEY Street MAIDSTONE 3012
53301581430,58 CHURCHILL Avenue MAIDSTONE 3012
53301583717,31 RICHELIEU Street MAIDSTONE 3012
53301597816,227 CIVIC Parade ALTONA 3018
53301599547,32 ALEXANDER Street SEDDON 3011
53302213148,3 AQUA Court GROVEDALE 3216
53302213404,26-28 GODFREY Street THOMSON 3219
53302215226,175 KILGOUR Street EAST GEELONG 3219
53301636878,11 GRAHAM Street WEST FOOTSCRAY 3012
53301639567,34 RAILWAY Street ALTONA 3018
53301604562,4 SUFFOLK Street WEST FOOTSCRAY 3012
53301641721,340 KOROROIT CREEK Road WILLIAMSTOWN NORTH 3016
53301786490,68 KOROROIT CREEK Road WILLIAMSTOWN 3016
53301204958,11 BARROW Street COBURG 3058
53301218018,9 SHEFFIELD Street COBURG 3058
53301218172,9 SHEFFIELD Street COBURG 3058
53301218314,9 SHEFFIELD Street COBURG 3058
53301220327,5 HOOK Court CRAIGIEBURN 3064
53301205377,209 GAFFNEY Street COBURG 3058
53301332048,5746 CALDER Highway BIG HILL 3555
53301332170,5680 CALDER Highway BIG HILL 3555
53301332237,5704 CALDER Highway BIG HILL 3555
53301991662,98 GLENROY Road GLENROY 3046
53301977387,38 HARTINGTON Street GLENROY 3046
53302013770,89 JOHNSTONE Street BROADMEADOWS 3047
53302100407,113 JOHNSTONE Street BROADMEADOWS 3047
53302101702,142 RIGGALL Street DALLAS 3047
53302136861,202B WATERLOO Road GLENROY 3046
53302137132,573 PASCOE VALE Road OAK PARK 3046
53302138164,1 THE Loop HADFIELD 3046
53302138650,47 THE Loop HADFIELD 3046
53302140146,57 BECKET Street GLENROY 3046
53302121533,148 RIGGALL Street DALLAS 3047
53301700691,27 ALBERT Street FOOTSCRAY 3011
53301649979,10 SUFFOLK Street WEST FOOTSCRAY 3012
53301663063,58A PAISLEY Street FOOTSCRAY 3011
53301665877,24 STATION Street ALTONA 3018
53301665969,86 SUFFOLK Street WEST FOOTSCRAY 3012
53302124650,11 HILLCREST Road GLENROY 3046
53301702380,58 SUFFOLK Street WEST FOOTSCRAY 3012
53301703982,135 SOMERVILLE Road YARRAVILLE 3013
53301670373,30 HYDE Street SEDDON 3011
53301686634,162 HALL Street SPOTSWOOD 3015
53301688324,91 MASON Street NEWPORT 3015
53301707975,54 WATT Street SPOTSWOOD 3015
53301796770,1 SYME Street WILLIAMSTOWN 3016
53301799048,24 SUFFOLK Street WEST FOOTSCRAY 3012
53301815465,58 GAMON Street SEDDON 3011
53301689133,298 BARKLY Street FOOTSCRAY 3011
53301853812,28 KOROROIT CREEK Road WILLIAMSTOWN 3016
53301835289,7 SEVERN Street YARRAVILLE 3013
53301837276,4 BELLAIRS Avenue FOOTSCRAY 3011
53301857431,13 AUSTIN Crescent YARRAVILLE 3013
53301946914,10 QUEEN Street ALTONA 3018
53301840950,419 GEELONG Road KINGSVILLE 3012
53302001455,60 MAFFRA Street COOLAROO 3048
53302002809,11 THE Loop HADFIELD 3046
53302089169,152 RIGGALL Street DALLAS 3047
53302007021,66 BECKET Street GLENROY 3046
53302092922,23 TERANG Street BROADMEADOWS 3047
53302109612,12 KNIGHT Court MEADOW HEIGHTS 3048
53301987741,25 BECKET Street GLENROY 3046
53302126770,79 BOX FOREST Road GLENROY 3046
53302097600,123 JOHNSTONE Street BROADMEADOWS 3047
53302115725,3 CARDINAL Road GLENROY 3046
53302128429,95 JOHNSTONE Street BROADMEADOWS 3047
53302151143,99 JOHNSTONE Street BROADMEADOWS 3047
53301691131,18 STATION Street ALTONA 3018
53301691461,130 KOROROIT CREEK Road WILLIAMSTOWN 3016
53301712272,63 POWER Street WILLIAMSTOWN 3016
53301713611,67 VICTORIA Street FOOTSCRAY 3011
53301677632,32 PICKETT Street FOOTSCRAY 3011
53301715490,99999 ESPLANADE  WILLIAMSTOWN 3016
53301715896,139 SUMMERHILL Road FOOTSCRAY 3011
53301859874,46 KINGSVILLE Street KINGSVILLE 3012
53301859958,22 SUFFOLK Street WEST FOOTSCRAY 3012
53301860486,16 MARY Street SPOTSWOOD 3015
53301823113,180 VICTORIA Street FOOTSCRAY 3011
53301697806,99999 EMU Road MAIDSTONE 3012
53301861659,33 LATROBE Street FOOTSCRAY 3011
53301809995,29 CIVIC Parade ALTONA 3018
53301846809,2 PEARSON Street WILLIAMSTOWN 3016
53301847291,13 QUEEN Street ALTONA 3018
53301865229,9 BUCKLEY Street FOOTSCRAY 3011
53301867003,92 SUFFOLK Street WEST FOOTSCRAY 3012
53301867200,94 SUFFOLK Street WEST FOOTSCRAY 3012
53301956466,16 KATOOMBA Street HADFIELD 3046
53301956622,47A BICENTENNIAL Crescent MEADOW HEIGHTS 3048
53301831082,94 KOROROIT CREEK Road WILLIAMSTOWN 3016
53302732907,99999 CREAMERY Road BELL POST HILL 3215
53302622652,4 RICHMOND Street EAST GEELONG 3219
53302623009,132 MOUNT PLEASANT Road BELMONT 3216
53302623072,26 MOUNT PLEASANT Road BELMONT 3216
53302623148,36 MOUNT PLEASANT Road BELMONT 3216
53302224806,218 KILGOUR Street EAST GEELONG 3219
53301736487,16 AUSTIN Crescent YARRAVILLE 3013
53301881342,66 BAYVIEW Road YARRAVILLE 3013
53301752070,61 MORRIS Street WILLIAMSTOWN 3016
53302736858,205 LITTLE MALOP Street GEELONG 3220
53302737756,52 MCKILLOP Street GEELONG 3220
53302226041,173 MCKILLOP Street EAST GEELONG 3219
53302228558,26 GODFREY Street THOMSON 3219
53301884352,32 ADELAIDE Street FOOTSCRAY 3011
53301885906,89 VICTORIA Street FOOTSCRAY 3011
53301898633,10 CURTIN Street MAIDSTONE 3012
53302738663,8 PARK Avenue LARA 3212
53302739851,99999 BOUNDARY Road EAST GEELONG 3219
53302230259,49 MOUNT PLEASANT Road BELMONT 3216
53302232601,26 GODFREY Street THOMSON 3219
53302233203,18 DONGA Road NORTH GEELONG 3215
53302028975,92 HILTON Street GLENROY 3046
53301902535,88 KOROROIT CREEK Road WILLIAMSTOWN 3016
53302361277,34 BATMAN Crescent LARA 3212
53302032714,103 JOHNSTONE Street BROADMEADOWS 3047
53301905860,12 SUFFOLK Street WEST FOOTSCRAY 3012
53301906166,368 BARKLY Street FOOTSCRAY 3011
53301906256,44 KOROROIT CREEK Road WILLIAMSTOWN 3016
53302348562,82 TOWNSEND Road WHITTINGTON 3219
53302349445,109 FOREST Road LARA 3212
53302153286,32 THE Loop HADFIELD 3046
53302157164,14 THE Loop HADFIELD 3046
53302033686,58 EVERARD Street GLENROY 3046
53302172773,48 THE Loop HADFIELD 3046
53302484013,287 TORQUAY Road BELMONT 3216
53302484517,1 HARLEQUIN Court GROVEDALE 3216
53302159029,8 LIZA Court OAK PARK 3046
53302176413,330 MICKLEHAM Road WESTMEADOWS 3049
53302051459,1 MAFFRA Street COOLAROO 3048
53302052119,65 JACANA Avenue BROADMEADOWS 3047
53302052694,65 JACANA Avenue BROADMEADOWS 3047
53302190579,12 WATT Avenue OAK PARK 3046
53302487773,67 DONNYBROOK Road NORLANE 3214
53301720153,180A VICTORIA Street FOOTSCRAY 3011
53301721655,11 BALLARAT Road FOOTSCRAY 3011
53301722512,21 CIVIC Parade ALTONA 3018
53301722867,48 MCBAIN Street ALTONA 3018
53301741637,81 STEVEDORE Street WILLIAMSTOWN 3016
53301743524,171 CHARLES Street SEDDON 3011
53302724853,53-55 MOUNT PLEASANT Road BELMONT 3216
53302725209,7 SPRING Street BELMONT 3216
53302725463,50 BALLARAT Road NORTH GEELONG 3215
53302725991,9 SHERLOCK Close MARSHALL 3216
53302615204,29 GERBERA Avenue NORLANE 3214
53302216102,159 TORQUAY Road GROVEDALE 3216
53301870116,99999 BURLEIGH Street SPOTSWOOD 3015
53302726486,92 SOUTH VALLEY Road HIGHTON 3216
53302727798,483 RYRIE Street GEELONG 3220
53302216877,10 BALLARAT Road NORTH GEELONG 3215
53302218849,26 GODFREY Street THOMSON 3219
53301877371,50 RAILWAY Street ALTONA 3018
53301893254,72 SUFFOLK Street WEST FOOTSCRAY 3012
53302731933,99999 GOULBURN Avenue CORIO 3214
53302732179,13 MOUNT PLEASANT Road BELMONT 3216
53302732757,92 MOUNT PLEASANT Road BELMONT 3216
53302017186,25 THE Loop HADFIELD 3046
53301896365,6 QUEEN Street ALTONA 3018
53302336121,46 BATMAN Crescent LARA 3212
53302338011,177 ST ALBANS Road EAST GEELONG 3219
53302338084,180 BOUNDARY Road EAST GEELONG 3219
53302023976,99999 AIRPORT Drive MELBOURNE AIRPORT 3045
53302357507,55 SAPPHIRE Loop GROVEDALE 3216
53302357778,4 FARRER Close HIGHTON 3216
53302358271,207B MOUNT PLEASANT Road HIGHTON 3216
53302488383,18 TANGERINE Street GROVEDALE 3216
53302164382,11 AVALON Avenue BROADMEADOWS 3047
53302473377,226 MOUNT PLEASANT Road HIGHTON 3216
53302473916,75 FORSTER Street NORLANE 3214
53302476760,1 BROOKS Street NORLANE 3214
53302478717,80 FOREST Road LARA 3212
53302479078,31 MIDNIGHT Loop GROVEDALE 3216
53302493623,181 ST ALBANS Road EAST GEELONG 3219
53301730367,46 KOROROIT CREEK Road WILLIAMSTOWN 3016
53301730523,4 KATHLEEN Street WEST FOOTSCRAY 3012
53302187137,150 RIGGALL Street DALLAS 3047
53302187284,21 TERANG Street BROADMEADOWS 3047
53302602449,324 ABERDEEN Street GEELONG WEST 3218
53302603991,52 MOUNT PLEASANT Road BELMONT 3216
53301733236,39 BALLARAT Road FOOTSCRAY 3011
53301734846,64 STIRLING Street FOOTSCRAY 3011
53302280923,234 MOUNT PLEASANT Road HIGHTON 3216
53302281772,3 SUMMIT Avenue BELMONT 3216
53302281856,1 INVESTIGATOR Drive LARA 3212
53302282043,99999 MINERVA Road HERNE HILL 3218
53302295161,19 WIRKSWORTH Street HERNE HILL 3218
53302248060,32 QUEENS PARK Road HIGHTON 3216
53302249364,37 CLARKE Street NEWTOWN 3220
53302265602,65 NORTH VALLEY Road HIGHTON 3216
53302283321,97-99 COPPARDS Road MOOLAP 3224
53302299889,22 TURQUOISE Place GROVEDALE 3216
53302427993,32 BALLARAT Road NORTH GEELONG 3215
53302266426,6 MCMILLAN Avenue GEELONG 3220
53302416206,31 GERBERA Avenue NORLANE 3214
53302416279,1 VOSTOK Court WHITTINGTON 3219
53302416931,202 MOUNT PLEASANT Road HIGHTON 3216
53302399739,43 BATMAN Crescent LARA 3212
53302418647,79 APHRASIA Street NEWTOWN 3220
53302532785,1 CRIMSON Mall GROVEDALE 3216
53302551845,2 RUBY Court GROVEDALE 3216
53302553213,107 FOREST Road LARA 3212
53302518562,31 MOUNT PLEASANT Road BELMONT 3216
53302518975,4 ROCK OCASHEL Lane GEELONG 3220
53302519314,74 TOWNSEND Road WHITTINGTON 3219
53302519669,5 NEILSON Square BELL PARK 3215
53302520262,13 MIDNIGHT Loop GROVEDALE 3216
53302521618,52 BALLARAT Road NORTH GEELONG 3215
53302537067,54 IONA Avenue BELMONT 3216
53302556174,165 KILGOUR Street EAST GEELONG 3219
53302625341,151 ST ALBANS Road EAST GEELONG 3219
53302626299,16 MITCHELL Street BELMONT 3216
53302626860,72 TOWNSEND Road WHITTINGTON 3219
53302643303,150 BOUNDARY Road EAST GEELONG 3219
53302644937,4 APRICOT Court GROVEDALE 3216
53302539212,322 ABERDEEN Street GEELONG WEST 3218
53302660084,29 MOUNT PLEASANT Road BELMONT 3216
53302660218,128 MOUNT PLEASANT Road BELMONT 3216
53302678134,133 APHRASIA Street NEWTOWN 3220
53302680933,208 KILGOUR Street EAST GEELONG 3219
53302630807,111 ST ALBANS Road EAST GEELONG 3219
53302630962,8 LESTER Street NEWCOMB 3219
53302633030,110 TOWNSEND Road WHITTINGTON 3219
53302646693,11 LLOYD Court ST ALBANS PARK 3219
53302647930,3 LLOYD Court ST ALBANS PARK 3219
53302648276,1 LLOYD Court ST ALBANS PARK 3219
53302648566,6 BRADSHAW Court ST ALBANS PARK 3219
53302649431,1 BRADSHAW Court ST ALBANS PARK 3219
53302649639,3 BRADSHAW Court ST ALBANS PARK 3219
53302661727,44 MOYLAN Loop MARSHALL 3216
53302662162,46 MOYLAN Loop MARSHALL 3216
53302662384,12 MOYLAN Loop MARSHALL 3216
53302662442,2 MOYLAN Loop MARSHALL 3216
53302665001,4 CLEVERDON Court ST ALBANS PARK 3219
53302665132,3 SHAMROCK Place GROVEDALE 3216
53302665347,13 COOPER Drive ST ALBANS PARK 3219
53302236512,4 AUBURN Way GROVEDALE 3216
53302666148,16 COOPER Drive ST ALBANS PARK 3219
53302269494,147 TORQUAY Road GROVEDALE 3216
53302287613,90 BALLARAT Road NORTH GEELONG 3215
53302288032,198 ORMOND Road EAST GEELONG 3219
53302288123,17 THE Walk THOMSON 3219
53302289121,286 MOUNT PLEASANT Road HIGHTON 3216
53302289700,268 MOUNT PLEASANT Road HIGHTON 3216
53302238045,13 CARR Street GEELONG 3220
53302239422,16-18 BRUNEL Close LARA 3212
53302240398,45A BOSTOCK Avenue MANIFOLD HEIGHTS 3218
53302256089,37 CLARKE Street NEWTOWN 3220
53302256163,302 MOUNT PLEASANT Road HIGHTON 3216
53302256956,12 GRAHAM Street NORTH GEELONG 3215
53302257648,2 SHAMROCK Place GROVEDALE 3216
53302272201,126 MOUNT PLEASANT Road BELMONT 3216
53302273415,155 MOUNT PLEASANT Road HIGHTON 3216
53302273496,165 MOUNT PLEASANT Road HIGHTON 3216
53302291145,72 FOREST Road LARA 3212
53302291350,3 TANGERINE Street GROVEDALE 3216
53302420222,59 MOUNT PLEASANT Road BELMONT 3216
53302368528,210 MOUNT PLEASANT Road HIGHTON 3216
53302369261,1 CANTERBURY Road LARA 3212
53302369377,107 ST ALBANS Road EAST GEELONG 3219
53302371105,17 SANGLEN Terrace BELMONT 3216
53302274512,91 MCCLELLAND Avenue LARA 3212
53302405042,180 MCKILLOP Street EAST GEELONG 3219
53302422078,167 MOUNT PLEASANT Road HIGHTON 3216
53302422517,292 MOUNT PLEASANT Road HIGHTON 3216
53302422622,228 MOUNT PLEASANT Road HIGHTON 3216
53302422707,156 LATROBE Terrace GEELONG 3220
53302372455,358 ABERDEEN Street GEELONG WEST 3218
53302373940,198 ST ALBANS Road EAST GEELONG 3219
53302374016,200 ST ALBANS Road EAST GEELONG 3219
53302391036,2 CORAL Close NORTH GEELONG 3215
53302391241,81 MITCHELL Drive LARA 3212
53302392247,7 THE ESTATE  CORIO 3214
53302406940,129 ST ALBANS Road EAST GEELONG 3219
53302407749,6 PALL Mall WANDANA HEIGHTS 3216
53302408953,86 ST ALBANS Road EAST GEELONG 3219
53302557337,151 THOMPSON Road NORTH GEELONG 3215
53302557923,232 MOUNT PLEASANT Road HIGHTON 3216
53302505702,30 NOBLE Street NEWTOWN 3220
53302507531,85 MOUNT PLEASANT Road BELMONT 3216
53302525138,80 BAILEY Street BELMONT 3216
53302525666,163 BACCHUS MARSH Road CORIO 3214
53302525798,43466 MYERS Street GEELONG 3220
53302410110,37 CLARKE Street NEWTOWN 3220
53302558864,30A MOUNT PLEASANT Road BELMONT 3216
53302560945,151 THOMPSON Road NORTH GEELONG 3215
53302526572,168 ST ALBANS Road EAST GEELONG 3219
53302527159,184 ST ALBANS Road EAST GEELONG 3219
53302545616,151 THOMPSON Road NORTH GEELONG 3215
53302564887,20 FOREST Road LARA 3212
53302684875,161 MOUNT PLEASANT Road BELMONT 3216
53302651174,228 MOUNT PLEASANT Road HIGHTON 3216
53302547207,70 SHACKLETON Street BELMONT 3216
53302666917,2 QUAMBY Avenue HAMLYN HEIGHTS 3215
53302667906,93 ST ALBANS Road EAST GEELONG 3219
53302669371,88 BUCKINGHAM Road NEWTOWN 3220
53302637386,39 LATROBE Terrace LARA 3212
53302639144,318 ABERDEEN Street GEELONG WEST 3218
53302655083,47 MOYLAN Loop MARSHALL 3216
53302655141,45 MOYLAN Loop MARSHALL 3216
53302657236,88 TOWNSEND Road WHITTINGTON 3219
53302669869,69 FOREST Road LARA 3212
53302672145,275 RYRIE Street GEELONG 3220
53302292470,25 CARR Street GEELONG 3220
53302245158,43 BELLE VUE Avenue HIGHTON 3216
53302259082,326 ABERDEEN Street GEELONG WEST 3218
53302674661,3 BOUNDARY Road NEWCOMB 3219
53302674736,3 BOUNDARY Road NEWCOMB 3219
53302674793,3 BOUNDARY Road NEWCOMB 3219
53302674926,2 OVEREND Court BELL PARK 3215
53302275690,22 TOWNSEND Road WHITTINGTON 3219
53303140566,47 GILLIES Street ALFREDTON 3350
53302750222,17 TURQUOISE Place GROVEDALE 3216
53302751535,281 ROSLYN Road HIGHTON 3216
53302702636,1 MANLEY Court MARSHALL 3216
53302702703,39 MOYLAN Loop MARSHALL 3216
53302702834,7 MULALLY Court MARSHALL 3216
53302703460,234 MOUNT PLEASANT Road HIGHTON 3216
53302704293,108 HELMS Street NEWCOMB 3219
53302597509,5 APRICOT Court GROVEDALE 3216
53302597986,141 ORMOND Road EAST GEELONG 3219
53302598555,26 SAPPHIRE Loop GROVEDALE 3216
53302599495,5 KARLTON Close CORIO 3214
53303259109,129 MOLLISON Street KYNETON 3444
53303259172,99999 WENDOUREE Parade LAKE WENDOUREE 3350
53303259314,86 ROSS Street KYNETON 3444
53303260081,99999 WHITE Avenue WENDOUREE 3355
53302752509,3 DAISY WATT Close LARA 3212
53302753456,99999 MELBOURNE Road NORTH GEELONG 3215
53302754025,99999 GODFREY Street THOMSON 3219
53302754222,163 BELLARINE Highway NEWCOMB 3219
53302754685,99999 CAREY Street HAMLYN HEIGHTS 3215
53302755485,304A BOUNDARY Road WHITTINGTON 3219
53302309325,152 BELLARINE Highway NEWCOMB 3219
53302717477,14 CANTERBURY Road LARA 3212
53302717881,2 BLUEGUM Place GROVEDALE 3216
53302719953,5 WAIORA Avenue HAMLYN HEIGHTS 3215
53302720564,4 PARK Avenue LARA 3212
53302757409,9A SPRING Street BELMONT 3216
53302310473,158 ORMOND Road EAST GEELONG 3219
53302723235,310 ABERDEEN Street NEWTOWN 3220
53302723441,237 MOUNT PLEASANT Road BELMONT 3216
53302869260,104 GINGELL Street CASTLEMAINE 3450
53302870590,412 DRUMMOND Street BALLARAT 3350
53302870808,19 ASCOT Street BALLARAT CENTRAL 3350
53302871359,9 COLOMBARD Court WENDOUREE 3355
53302884269,10 YALDWYN Street KYNETON 3444
53302886371,13 MITCHELL Drive CARDIGAN 3352
53302997581,8 HARDING Grove CARDIGAN 3352
53302430684,66 MOUNT PLEASANT Road BELMONT 3216
53302432597,34 MOUNT PLEASANT Road BELMONT 3216
53302449542,233 AUTUMN Street GEELONG WEST 3218
53303002114,202 LYONS Street BALLARAT CENTRAL 3350
53302451657,278 MOUNT PLEASANT Road HIGHTON 3216
53302451730,240 MOUNT PLEASANT Road HIGHTON 3216
53302467270,113 ST ALBANS Road EAST GEELONG 3219
53303002723,101 MOSTYN Street CASTLEMAINE 3450
53302569290,68 TOWNSEND Road WHITTINGTON 3219
53302585612,95 FRANCIS Street BELMONT 3216
53302467593,70 MITCHELL Drive LARA 3212
53303128691,56 LYDIARD Street BALLARAT 3350
53303129021,113 NAPIER Street MARYBOROUGH 3465
53303129293,3026 BALLAN Road DAYLESFORD 3460
53303131656,10 KENDALL Court SUNBURY 3429
53302572799,350 ABERDEEN Street GEELONG WEST 3218
53302693397,206 ST ALBANS Road EAST GEELONG 3219
53302588853,245 MOUNT PLEASANT Road HIGHTON 3216
53303247580,4 LEROY Street SEBASTOPOL 3356
53303249208,205 LYONS Street BALLARAT CENTRAL 3350
53303249264,15 CHARLES ANDERSON Grove LAKE GARDENS 3355
53303249959,10 HENNESSEYS Road WALLACE 3352
53303250158,116 EUREKA Street BALLARAT EAST 3350
53303250487,30 BARKLY Street MARYBOROUGH 3465
53302742235,4 ROCK OCASHEL Lane GEELONG 3220
53302695740,17 VILLAMANTA Street GEELONG WEST 3218
53302696062,5 CRIMSON Mall GROVEDALE 3216
53302697654,90 GHERINGHAP Street GEELONG 3220
53302709467,25 MOYLAN Loop MARSHALL 3216
53302713502,239 MOUNT PLEASANT Road BELMONT 3216
53303251592,16 DRUMMOND Street BALLARAT 3350
53303251858,15 ANDERSON Street BALLARAT CENTRAL 3350
53302746304,4 NEILSON Square BELL PARK 3215
53302746682,12 OVEREND Court BELL PARK 3215
53302747160,4 DAISY WATT Close LARA 3212
53302698001,3 CRIMSON Mall GROVEDALE 3216
53302716538,49 DARRIWILL Street BELL POST HILL 3215
53302318079,193 KILGOUR Street EAST GEELONG 3219
53302873080,128 DUKE Street CASTLEMAINE 3450
53302303568,8 YALA Court NORTH GEELONG 3215
53302303700,12 MAGENTA Street GROVEDALE 3216
53302305103,22 ROMA Street BELL PARK 3215
53302319358,43 ROSLYN Road BELMONT 3216
53302320150,217A MOUNT PLEASANT Road HIGHTON 3216
53302320570,9 MOUNT PLEASANT Road BELMONT 3216
53302861617,7 QUEEN Street BALLARAT EAST 3350
53302877478,3024 BALLAN Road DAYLESFORD 3460
53302987848,61 BEAUCHAMP Street KYNETON 3444
53302988291,72 FLETCHER Street CASTLEMAINE 3450
53302988549,15 TALBOT Street BALLARAT CENTRAL 3350
53303005586,5 JOSEPH Street BALLARAT EAST 3350
53302438990,351 MYERS Street EAST GEELONG 3219
53302458148,125 AUTUMN Street GEELONG WEST 3218
53302458214,237 AUTUMN Street GEELONG WEST 3218
53302993994,712 EUREKA Street BALLARAT EAST 3350
53302994142,208 ARMSTRONG Street BALLARAT 3350
53303006329,99999 SILVER Street CAMPBELLS CREEK 3451
53303007524,1B TABLE HILL Road DAYLESFORD 3460
53303008952,7 GRENVILLE Street BALLARAT CENTRAL 3350
53303118132,2 BARKLY Street BUNINYONG 3357
53303134533,1126 HOWITT Street WENDOUREE 3355
53302593960,87 FRANCIS Street BELMONT 3216
53302595296,2 WAYMOUTH Street HAMLYN HEIGHTS 3215
53303125137,11 COOPER Court CAMPBELLS CREEK 3451
53303139665,25 CHARLES ANDERSON Grove LAKE GARDENS 3355
53302579679,19 CLONARD Avenue GEELONG WEST 3218
53302582055,99999 CALVERT Street HAMLYN HEIGHTS 3215
53302804598,4 YANDELL Street CASTLEMAINE 3450
53302817154,506A DRUMMOND Street BALLARAT 3350
53302771996,4174 PYRENEES Highway CARISBROOK 3464
53302772563,1716 STURT Street ALFREDTON 3350
53302897016,18 SKIPTON Street BALLARAT CENTRAL 3350
53302786845,119 LYONS Street BALLARAT CENTRAL 3350
53302789567,29 ANDERSON Street BALLARAT CENTRAL 3350
53302805224,10 RIPON Street BALLARAT CENTRAL 3350
53302806561,6 TINWORTH Avenue MOUNT CLEAR 3350
53302930511,99999 HICKMAN Street BALLARAT CENTRAL 3350
53302819786,83 CALDER Highway DIGGERS REST 3427
53302820562,25 WATSONS Road DIGGERS REST 3427
53302820793,125 VICTORIA Street BALLARAT EAST 3350
53302820934,19 PRINCES Street BALLARAT EAST 3350
53302822672,149 GRANT Street SEBASTOPOL 3356
53302898145,12 ASCOT Street BALLARAT CENTRAL 3350
53302933703,1 MAY Court WENDOUREE 3355
53302933925,103 WEBSTER Street LAKE WENDOUREE 3350
53302886851,5 HUMFFRAY Street BALLARAT 3350
53302886934,111 HUMFFRAY Street BALLARAT 3350
53302887701,3 RAGLAN Street BALLARAT CENTRAL 3350
53302888195,90 MAIN Road BALLARAT EAST 3350
53303012006,2 CROMPTON Street SOLDIERS HILL 3350
53303012137,42 GOLDSMITH Street MARYBOROUGH 3465
53303012334,1007 SOUTH Street BALLARAT CENTRAL 3350
53302902780,12 ST GEORGE Court SEBASTOPOL 3356
53302904357,10 ERRARD Street BALLARAT CENTRAL 3350
53302904416,9 ERRARD Street BALLARAT CENTRAL 3350
53302904638,11 ST GEORGE Court SEBASTOPOL 3356
53302917053,28 MAXWELL Street KYNETON 3444
53302917193,113 LAURISTON-RESERVOIR Road KYNETON 3444
53302917953,412 DRUMMOND Street BALLARAT 3350
53302918224,412 LYDIARD Street BALLARAT 3350
53302920552,227 LYONS Street BALLARAT CENTRAL 3350
53303061012,3 OTWAY Street BALLARAT EAST 3350
53303013944,401 DRUMMOND Street BALLARAT 3350
53303016056,3 BEDDGOOD Court SEBASTOPOL 3356
53303016857,605 DRUMMOND Street BALLARAT 3350
53303029287,49 PEEL Street BALLARAT 3350
53303029412,29 CHARLOTTE Street SEBASTOPOL 3356
53303029767,13 STANBRIDGE Street DAYLESFORD 3460
53303030238,29 CHARLOTTE Street SEBASTOPOL 3356
53303032134,61 MOSTYN Street CASTLEMAINE 3450
53302921385,33 VIOLET Grove WENDOUREE 3355
53303045764,16 CLARKE Street MARYBOROUGH 3465
53303046472,5 CARTHEW Street CHEWTON 3451
53303062437,14 TINWORTH Avenue MOUNT CLEAR 3350
53303018323,36A MAIN Road BALLARAT EAST 3350
53303033216,8 QUEEN Street BALLARAT EAST 3350
53303034313,7 ELLIOTT Street CASTLEMAINE 3450
53303034972,17 FOREST Street CASTLEMAINE 3450
53303048080,210 LYONS Street BALLARAT CENTRAL 3350
53303048866,128 WEBSTER Street LAKE WENDOUREE 3350
53303160639,217 DRUMMOND Street BALLARAT 3350
53303051499,1200 MAIR Street BALLARAT 3350
53303051565,115 GILLIES Street ALFREDTON 3350
53303174654,410 DRUMMOND Street BALLARAT 3350
53303192846,306A DRUMMOND Street BALLARAT 3350
53303148822,14 OTWAY Street BALLARAT EAST 3350
53303149400,11 ANDERSON Street BALLARAT CENTRAL 3350
53302758389,99999 LITTLE MYERS Street GEELONG 3220
53303165496,41 GILLIES Street ALFREDTON 3350
53303176923,26 MOLLISON Street KYNETON 3444
53303177235,20 YALDWYN Street KYNETON 3444
53303205598,58 LYDIARD Street BALLARAT 3350
53303206134,509 DRUMMOND Street BALLARAT 3350
53302807393,506 DRUMMOND Street BALLARAT 3350
53302759924,498 LATROBE Terrace NEWTOWN 3220
53302762052,14 TANGERINE Street GROVEDALE 3216
53302763496,450 WILSONS Road ST ALBANS PARK 3219
53302777159,16 CHAPMANS Road CASTLEMAINE 3450
53302808558,113 STAWELL Street BALLARAT EAST 3350
53302809787,119 STAWELL Street BALLARAT EAST 3350
53302810423,122 FARNSWORTH Street CASTLEMAINE 3450
53302888757,38 PEEL Street BALLARAT 3350
53302889747,99999 SPENCER Street CANADIAN 3350
53302779336,503 SKIPTON Street REDAN 3350
53302779964,23 LILLEY Street BALLARAT NORTH 3350
53302780385,1202 MAIR Street BALLARAT 3350
53302905140,215 YORK Street BALLARAT EAST 3350
53302794632,412 DRUMMOND Street BALLARAT 3350
53302796654,43 PEEL Street BAKERY HILL 3350
53302796729,12 VICTORIA Street BAKERY HILL 3350
53302891299,76 URQUHART Street CASTLEMAINE 3450
53302892485,222 LYONS Street BALLARAT CENTRAL 3350
53302907979,67 GILLIES Street ALFREDTON 3350
53302908516,1102 GREVILLEA Road WENDOUREE 3355
53302797486,601 DRUMMOND Street BALLARAT 3350
53302922837,31 VIOLET Grove WENDOUREE 3355
53302940690,10 TALBOT Street BALLARAT CENTRAL 3350
53302942538,11 NOLAN Street MARYBOROUGH 3465
53302894268,16A RIPON Street BALLARAT CENTRAL 3350
53303019967,42 ALBERT Street MINERS REST 3352
53302909968,40 ALEXANDRA Street SEBASTOPOL 3356
53302911932,13 ERRARD Street BALLARAT CENTRAL 3350
53302912987,45 CHARTER Road SUNBURY 3429
53302924973,606 LYDIARD Street BALLARAT 3350
53302945046,506A LYDIARD Street BALLARAT 3350
53302945566,1528 STURT Street LAKE WENDOUREE 3350
53303021312,32 DRUMMOND Street BALLARAT 3350
53303021948,509 DRUMMOND Street BALLARAT 3350
53303036580,821 EUREKA Street BALLARAT EAST 3350
53303036862,5 SYMONS Street WENDOUREE 3355
53303036929,33 GILLIES Street ALFREDTON 3350
53303038198,213 STAWELL Street BALLARAT EAST 3350
53303038461,30 ARMSTRONG Street BALLARAT CENTRAL 3350
53303038627,128 MAIN Road HEPBURN SPRINGS 3461
53302928082,5 ST GEORGE Court SEBASTOPOL 3356
53302929130,617 LYDIARD Street BALLARAT 3350
53302929206,5 QUEEN Street BALLARAT EAST 3350
53302929610,18 TALBOT Street BALLARAT CENTRAL 3350
53303024859,58 HIGH Street MARYBOROUGH 3465
53303025809,40 BLIND CREEK Road CARDIGAN 3352
53303026821,220 LYONS Street BALLARAT CENTRAL 3350
53303150112,103 LYONS Street BALLARAT CENTRAL 3350
53303150466,5 YUILLE Street BALLARAT CENTRAL 3350
53303150608,58 PEEL Street BALLARAT 3350
53303056935,27 HILL Street SEBASTOPOL 3356
53303074053,105 STAWELL Street BALLARAT EAST 3350
53303074250,23 YALDWYN Street KYNETON 3444
53303152189,416 LYDIARD Street BALLARAT 3350
53303153212,48 POOLE Street MARYBOROUGH 3465
53303154242,99999 WENDOUREE Parade LAKE WENDOUREE 3350
53303154598,14 LEWIS Court SEBASTOPOL 3356
53303154656,59 GILLIES Street ALFREDTON 3350
53303167277,103 HUMFFRAY Street BALLARAT 3350
53303167402,1210 HOWITT Street WENDOUREE 3355
53303058766,128 WEBSTER Street LAKE WENDOUREE 3350
53303200293,39 BUTTS HILL Road CANADIAN 3350
53303201112,12 NEERIM Crescent MITCHELL PARK 3355
53303155258,9 ASCOT Street BALLARAT CENTRAL 3350
53303155992,2 HARDING Grove CARDIGAN 3352
53303156454,30 MOLLISON Street KYNETON 3444
53303156735,5 SPA Avenue HEPBURN 3461
53303170844,527 LYDIARD Street BALLARAT 3350
53303186773,429 DRUMMOND Street BALLARAT 3350
53303187177,215 DRUMMOND Street BALLARAT 3350
53303187382,15 BUTTS HILL Road CANADIAN 3350
53303187458,3 ELSWORTH Street BALLARAT 3350
53303204856,606 DRUMMOND Street BALLARAT 3350
53302767471,67 SEPARATION Street BELL PARK 3215
53302767969,254 MOUNT PLEASANT Road HIGHTON 3216
53302768100,99999 BARWON Terrace SOUTH GEELONG 3220
53302768462,99999 THE BOULEVARD  NORLANE 3214
53302769668,40 GHERINGHAP Street GEELONG 3220
53302784278,213 HUMFFRAY Street BALLARAT 3350
53302785302,2 WEDGE Street KYNETON 3444
53303406080,239 KEILOR Road ESSENDON NORTH 3041
53303215472,123 SPENCER Street CANADIAN 3350
53303217080,80 MAIN Road CAMPBELLS CREEK 3451
53303218749,708 PLEASANT Street REDAN 3350
53303115601,45 HIGH Street MARYBOROUGH 3465
53303117232,18 BOWDEN Street CASTLEMAINE 3450
53303232369,309 PALMERSTON Street BUNINYONG 3357
53303548582,45 KENT Road PASCOE VALE 3044
53303234076,25A FARNSWORTH Street CASTLEMAINE 3450
53303553369,6 BUNARONG Court KEILOR DOWNS 3038
53303680165,2 GREYBOX Court SYDENHAM 3037
53302836757,18 ASCOT Street BALLARAT CENTRAL 3350
53302837093,50 MILLAR Street DAYLESFORD 3460
53302837655,905 SHERRARD Street BALLARAT NORTH 3350
53303236378,201 RUSSELL Street BUNINYONG 3357
53303237906,31 GILLIES Street ALFREDTON 3350
53303669919,217 LOUIS Street AIRPORT WEST 3042
53302853289,99999 MINERAL SPRINGS Crescent HEPBURN SPRINGS 3461
53302951879,54 MAIR Street BALLARAT 3350
53302953858,204 SOUTH Street BALLARAT CENTRAL 3350
53302954055,3038 BALLAN Road DAYLESFORD 3460
53302965498,99999 RECREATION Road MOUNT CLEAR 3350
53302966034,99999 BURRALL Street DAYLESFORD 3460
53302853711,1228 HOWITT Street WENDOUREE 3355
53302853941,99999 BRADSHAW Street GOLDEN POINT 3350
53302854108,44105 DANA Street BALLARAT CENTRAL 3350
53302854246,99999 THE HEIGHTS  SUNBURY 3429
53302854691,508 KLINE Street CANADIAN 3350
53302854800,99999 FOREST Street WENDOUREE 3355
53302855757,54 YALDWYN Street KYNETON 3444
53302979795,35 BUTTS HILL Road CANADIAN 3350
53303812410,44 WAVERLEY Street ESSENDON 3040
53303092871,1212 MAIR Street BALLARAT 3350
53303094200,8 COLOMBARD Court WENDOUREE 3355
53302980894,503 DRUMMOND Street BALLARAT 3350
53302982550,304 FOREST Street WENDOUREE 3355
53303081002,40 ALEXANDRA Street SEBASTOPOL 3356
53303082690,223 DOVETON Street BALLARAT CENTRAL 3350
53303099167,111 CLARENDON Street MARYBOROUGH 3465
53303400969,461 MT ALEXANDER Road MOONEE PONDS 3039
53303207073,110 STAWELL Street BALLARAT EAST 3350
53303208922,409 LYDIARD Street BALLARAT 3350
53303209211,517 LYDIARD Street BALLARAT 3350
53303224720,1028 PYRENEES Highway CARISBROOK 3464
53303108579,76 HARGRAVES Street CASTLEMAINE 3450
53303538633,1 MOOAR Court TULLAMARINE 3043
53303211639,60 YALDWYN Street KYNETON 3444
53303225835,25 FOREST Street CASTLEMAINE 3450
53303227501,821 EUREKA Street BALLARAT EAST 3350
53303111601,25 PRINCES Street BALLARAT EAST 3350
53303112093,209 GLADSTONE Street MARYBOROUGH 3465
53303112522,4 CHARLES ANDERSON Grove LAKE GARDENS 3355
53303238670,412A DRUMMOND Street BALLARAT 3350
53302823670,417 LYDIARD Street BALLARAT 3350
53303240389,33 MARTIN Street CASTLEMAINE 3450
53303240991,420 DOWLING Street WENDOUREE 3355
53303241263,76A MAIR Street BALLARAT 3350
53303544441,20 VIDA Street ABERFELDIE 3040
53302827301,219 PARK Street DELACOMBE 3356
53302828218,903 URQUHART Street BALLARAT CENTRAL 3350
53302829735,210 DRUMMOND Street BALLARAT 3350
53302830553,613A LYDIARD Street BALLARAT 3350
53302842169,20 DITCHFIELD Road BROWN HILL 3350
53302844593,618 LA TROBE Street REDAN 3350
53302845568,13 RIPON Street BALLARAT CENTRAL 3350
53303243571,7 LEROY Street SEBASTOPOL 3356
53303244934,23 KING Street BALLARAT EAST 3350
53302831602,3 ERRARD Street BALLARAT CENTRAL 3350
53302971224,118 FRANK Street BALLARAT CENTRAL 3350
53302971563,10 CHARLES ANDERSON Grove LAKE GARDENS 3355
53302971620,1216 GEELONG Road MOUNT CLEAR 3350
53303678950,15 MELALEUCA Court HILLSIDE 3037
53303263421,22 WEBBS Road CAMPBELLS CREEK 3451
53303264874,5 CHARTER Road SUNBURY 3429
53302958502,7 LAURISTON Street KYNETON 3444
53302959153,122 LYONS Street BALLARAT CENTRAL 3350
53302974796,211 DRUMMOND Street BALLARAT 3350
53302975903,609 DRUMMOND Street BALLARAT 3350
53303268652,11 DOVETON Street BALLARAT CENTRAL 3350
53302961904,513 DRUMMOND Street BALLARAT 3350
53303084960,3 JOSEPH Street BALLARAT EAST 3350
53302978276,431 DRUMMOND Street BALLARAT 3350
53303101189,204 DAYLESFORD Road BROWN HILL 3350
53303269452,34 BARTON Street KYNETON 3444
53303270057,44 YALDWYN Street KYNETON 3444
53303404638,30 MASCOMA Street STRATHMORE 3041
53303089317,112 LYONS Street BALLARAT CENTRAL 3350
53303090102,3 EAST Street BAKERY HILL 3350
53303464433,1 BERYL Street ESSENDON WEST 3040
53303464855,99999 SAPPHIRE Street NIDDRIE 3042
53303567889,2 NAPIER Street ESSENDON 3040
53303601384,112 WILSON Street MOONEE PONDS 3039
53303604503,99999 WILSON Street MOONEE PONDS 3039
53303607595,1 COSDOWN Close GLADSTONE PARK 3043
53303683042,32B WAVERLEY Street ESSENDON 3040
53303701219,5 STUTZ Close KEILOR DOWNS 3038
53303271106,2 EAST Street DAYLESFORD 3460
53303702461,75 KENNEDY Street KEILOR 3036
53303703385,5 CADRONA Court SYDENHAM 3037
53303704401,2 CADRONA Court SYDENHAM 3037
53303721933,959 OLD CALDER Highway TAYLORS LAKES 3038
53303739612,113 MCPHERSON Street ESSENDON 3040
53303272976,332 HUMFFRAY Street BROWN HILL 3350
53303276078,43 KINDILAN Court DELACOMBE 3356
53303706447,2 LONDREW Court TULLAMARINE 3043
53303287727,14 ST GEORGE Court SEBASTOPOL 3356
53303288790,29 CHAPMANS Road CASTLEMAINE 3450
53303289567,99999 LYDIARD Street BALLARAT 3350
53303289632,99999 BURNETT Street SEBASTOPOL 3356
53303289848,816 RIPON Street REDAN 3350
53303289915,101 LYDIARD Street BALLARAT 3350
53303290402,99999 CORNISH Street CASTLEMAINE 3450
53303290559,99999 PLEASANT Street BALLARAT CENTRAL 3350
53303277554,741 REMEMBRANCE Drive CARDIGAN 3352
53303277613,48 HUMFFRAY Street BALLARAT 3350
53303277785,40 HERTFORD Street SEBASTOPOL 3356
53303277851,9 DALY Street DAYLESFORD 3460
53303277910,35 HIGH Street MARYBOROUGH 3465
53303411461,114 WESTERN Avenue TULLAMARINE 3043
53303290822,149 VICTORIA Street BALLARAT EAST 3350
53303290889,104A STAWELL Street BALLARAT EAST 3350
53303292289,18 GLADSTONE PARK Drive GLADSTONE PARK 3043
53303292604,941 MT ALEXANDER Road ESSENDON 3040
53303328489,99999 WESTFIELD Drive AIRPORT WEST 3042
53303416971,10 SKIPTON Close KEILOR DOWNS 3038
53303465597,6B MALVERN Avenue TULLAMARINE 3043
53303469301,44 WIRRAWAY Road ESSENDON FIELDS 3041
53303469440,2 KITTYHAWK Court AIRPORT WEST 3042
53303576602,22 BUCKINGHAM Street SYDENHAM 3037
53303455986,999 MELBOURNE Drive MELBOURNE AIRPORT 3045
53303608560,99999 WRIGHT Road KEILOR PARK 3042
53303560837,6 HOMER Street MOONEE PONDS 3039
53303691007,4 RONALD Close TULLAMARINE 3043
53303692299,173 MICKLEHAM Road TULLAMARINE 3043
53303694626,46366 GILLIES Street ESSENDON NORTH 3041
53303707305,11 KITTYHAWK Court AIRPORT WEST 3042
53303707452,327A KEILOR Road ESSENDON NORTH 3041
53303708830,128 WESTERN Avenue TULLAMARINE 3043
53303744067,2 DELMAR Court KEILOR LODGE 3038
53303279336,5 HUMFFRAY Street BALLARAT 3350
53303714185,144 MARIBYRNONG Road MOONEE PONDS 3039
53303726353,15 HOLMES Road MOONEE PONDS 3039
53303279550,156 MAIN Road HEPBURN SPRINGS 3461
53303279625,99999 ARMSTRONG Street BALLARAT 3350
53303280008,99999 LITTLE DODDS Street GOLDEN POINT 3350
53303280809,99999 GILLIES Street WENDOUREE 3355
53303281821,99999 MAIN Road CHEWTON 3451
53303283207,99999 BURRALL Street DAYLESFORD 3460
53303284568,13 HEARN Street BROWN HILL 3350
53303286259,33 PRINCES Street BALLARAT EAST 3350
53303299235,7 WIRRAWAY Road ESSENDON FIELDS 3041
53303301150,15 ROSE HEDGE Drive DELAHEY 3037
53303315217,33 LESLIE Road ESSENDON 3040
53303335031,399 MELTON Highway SYDENHAM 3037
53303337829,17 CARNARVON Road STRATHMORE 3041
53303474250,1 MELALEUCA Court HILLSIDE 3037
53303474978,4 GARDEN Close SYDENHAM 3037
53303475729,431 KINGS Road TAYLORS LAKES 3038
53303425625,267 KEILOR Road ESSENDON NORTH 3041
53303426979,189 ROBERTS Road AIRPORT WEST 3042
53304341007,310 GREAVES Street WERRIBEE 3030
53303352588,372 OHEA Street PASCOE VALE SOUTH 3044
53303938148,72 FLEMINGTON Street TRAVANCORE 3032
53303941374,7 GLENARA FORD  SEABROOK 3028
53303953056,105 GREAVES Street WERRIBEE 3030
53303357728,6 RONALD Close TULLAMARINE 3043
53303492204,27 GRANDVIEW Road NIDDRIE 3042
53304068227,88 TARNEIT Road WERRIBEE 3030
53304084927,107 WEDGE Street WERRIBEE 3030
53304074449,41 NICHOLSON Street ALTONA MEADOWS 3028
53304075348,12 GOWER Street KENSINGTON 3031
53303623724,6 CADRONA Court SYDENHAM 3037
53303624870,7 ALMA Street ABERFELDIE 3040
53303770261,241 KEILOR Road ESSENDON NORTH 3040
53303655208,16 AGATHA Street ESSENDON 3040
53303658465,163 CUMBERLAND Road PASCOE VALE 3044
53303773346,1 BUNARONG Court KEILOR DOWNS 3038
53303662558,247 MICKLEHAM Road TULLAMARINE 3043
53304350352,14 THE Mews HOPPERS CROSSING 3029
53303342381,676 LOUIS Street AIRPORT WEST 3042
53303364857,344 TAYLORS Road KEILOR DOWNS 3038
53303794896,47 LAMART Street STRATHMORE 3041
53303376110,46366 GILLIES Street ESSENDON NORTH 3041
53303486215,25 PARK Crescent MOONEE PONDS 3039
53303377362,23 SCHOFIELD Street ESSENDON 3040
53303378170,1 WIRRAWAY Road ESSENDON FIELDS 3041
53303503380,33 LESLIE Road ESSENDON 3040
53303504082,6 KITTYHAWK Court AIRPORT WEST 3042
53303505098,99999 GREEN GULLY Road KEILOR DOWNS 3038
53303381944,17 ROBINSON Street MOONEE PONDS 3039
53303382461,11 MELALEUCA Court HILLSIDE 3037
53304211614,6 SUNSET Court HOPPERS CROSSING 3029
53303649224,131 WESTERN Avenue TULLAMARINE 3043
53303778691,595 MELTON Highway SYDENHAM 3037
53304338370,74 POINT COOK Road SEABROOK 3028
53304219143,317 HOGANS Road HOPPERS CROSSING 3029
53303815166,39 PASCOE Avenue ESSENDON NORTH 3041
53303887542,14 LOYOLA Road WERRIBEE 3030
53303969530,144 GREAVES Street WERRIBEE 3030
53303889779,134 CENTRAL Avenue ALTONA MEADOWS 3028
53303892403,10 GOSHAWK Court HOPPERS CROSSING 3029
53303970813,2 SUGARGUM Walk POINT COOK 3030
53303973500,82 BLACK FOREST Road WERRIBEE 3030
53303988060,9 GOSHAWK Court HOPPERS CROSSING 3029
53304091157,17 MELROSE Place WERRIBEE 3030
53304104536,219 GREAVES Street WERRIBEE 3030
53304107398,35 EPSOM Road FLEMINGTON 3031
53304121656,61 EPSOM Road FLEMINGTON 3031
53304121937,61 EPSOM Road FLEMINGTON 3031
53304122561,61 EPSOM Road FLEMINGTON 3031
53304223144,43 SCHERMAN Drive ALTONA MEADOWS 3028
53304108967,115 CANTERBURY Street FLEMINGTON 3031
53304238729,250A ASCOT VALE Road ASCOT VALE 3032
53304124410,145 WATTON Street WERRIBEE 3030
53304125128,47 TALBOT Street ALTONA MEADOWS 3028
53304142197,4 THE Mall POINT COOK 3030
53304239628,12 THE CROSSWAY  AVONDALE HEIGHTS 3034
53304273726,99999 MCCRACKEN Street KENSINGTON 3031
53303824289,259 KEILOR Road ESSENDON NORTH 3041
53304243828,19 GOEGAN Street WERRIBEE 3030
53304257266,48 EPSOM Road FLEMINGTON 3031
53304277199,13 THE Mews HOPPERS CROSSING 3029
53303830215,187 MARIBYRNONG Road MOONEE PONDS 3039
53304261015,34 WILKINSON Street HOPPERS CROSSING 3029
53303860559,6 WAVERLEY Street ESSENDON 3040
53303878559,99999 QUINN Grove KEILOR EAST 3033
53303847892,6 GARDEN Close SYDENHAM 3037
53303882719,1 COLE Street POINT COOK 3030
53303978788,1 MANOR Street WERRIBEE 3030
53303979299,7 ELLIOTT Court HOPPERS CROSSING 3029
53303992764,6 CLARENDON Street AVONDALE HEIGHTS 3034
53304096625,110 DYNON Road FLEMINGTON 3031
53304111096,23 CASSELL Street HOPPERS CROSSING 3029
53303999462,280 GREAVES Street WERRIBEE 3030
53304101674,44 ST LEONARDS Road ASCOT VALE 3032
53304101898,4 GOSHAWK Court HOPPERS CROSSING 3029
53304151942,64 EPSOM Road FLEMINGTON 3031
53304233508,48 ORLEANS Road AVONDALE HEIGHTS 3034
53304246154,267 GREAVES Street WERRIBEE 3030
53304246369,58 EPSOM Road FLEMINGTON 3031
53304246582,135 GREAVES Street WERRIBEE 3030
53304263487,20 FLOCKHART Street KENSINGTON 3031
53304252813,494 MT ALEXANDER Road ASCOT VALE 3032
53304252894,275 GREAVES Street WERRIBEE 3030
53304252977,5 THE CROSSWAY  AVONDALE HEIGHTS 3034
53304266549,99999 HOPPERS Lane WERRIBEE 3030
53304266879,202 MT ALEXANDER Road FLEMINGTON 3031
53303852777,62 HOPKINS Avenue KEILOR 3036
53303867627,54 CHURCHILL Avenue TULLAMARINE 3043
53304063907,19 EPSOM Road FLEMINGTON 3031
53304479464,29 ROSSLARE Parade ST ALBANS 3021
53304479885,10 BORRACK Square ALTONA NORTH 3025
53304168607,10 MAPLEHURST Avenue HOPPERS CROSSING 3029
53304294698,109 GREAVES Street WERRIBEE 3030
53304064622,111 GREAVES Street WERRIBEE 3030
53304481001,92 FOX Street ST ALBANS 3021
53304481735,6 BELMORE Road SUNSHINE 3020
53304299747,8 GOSHAWK Court HOPPERS CROSSING 3029
53304197422,2 ELLIOTT Court HOPPERS CROSSING 3029
53304614830,30 RIDLEY Street ALBION 3020
53304311553,9 SMITHFIELD Road FLEMINGTON 3031
53304619459,99999 MAPLEWOOD Road KINGS PARK 3021
53304619896,2 MITCHELL Avenue ALTONA NORTH 3025
53304315925,43 EPSOM Road FLEMINGTON 3031
53304329255,99999 SHAWS Road WERRIBEE 3030
53303906718,13 ROSER Drive ALTONA MEADOWS 3028
53304333546,24 WELLINGTON Street FLEMINGTON 3031
53304035665,11 BISSETT Court HOPPERS CROSSING 3029
53304037406,292 GREAVES Street WERRIBEE 3030
53304041045,152 GREAVES Street WERRIBEE 3030
53304160027,306 GREAVES Street WERRIBEE 3030
53304173052,35 CARTER Avenue WERRIBEE 3030
53304053451,13 CROPLEY Crescent LAVERTON 3028
53304471447,428 MAIN Road ST ALBANS 3021
53304472908,99999 NEALE Road DEER PARK 3023
53304289342,155 KENT Street ASCOT VALE 3032
53304058491,42 MARKET Road WERRIBEE 3030
53304058624,78 WELLINGTON Street FLEMINGTON 3031
53304474225,4 CAREN Court SUNSHINE 3020
53304290581,1 WOODVILLE PARK Drive HOPPERS CROSSING 3029
53304190478,3 WATTLE BIRD Court WERRIBEE 3030
53304609392,205 MAIN Road ST ALBANS 3021
53304610442,113 WRIGHT Street SUNSHINE WEST 3020
53304611473,139 ANDERSON Road SUNSHINE 3020
53303897848,99999 ELIZABETH Street KENSINGTON 3031
53304322994,99999 CANNING Street AVONDALE HEIGHTS 3034
53304612933,3 LAURIE Avenue SUNSHINE 3020
53304613080,13 ROBINSONS Road DEER PARK 3023
53303917274,329 HOGANS Road HOPPERS CROSSING 3029
53304327093,3 EASTWOOD Street KENSINGTON 3031
53304735782,4 WIDDY Court SUNSHINE 3020
53304736830,16 MAWSON Avenue DEER PARK 3023
53304030245,2 RIVERBEND Crescent WERRIBEE 3030
53303927876,265 GREAVES Street WERRIBEE 3030
53304869557,66 MILLERS Road ALTONA NORTH 3025
53304047676,99999 COLLEGE Road WERRIBEE 3030
53304165495,2 ENFIELD Avenue WERRIBEE 3030
53304547526,56 MONASH Street SUNSHINE 3020
53304533641,5 BOORAL Drive SUNSHINE 3020
53304548708,935 BALLARAT Road DEER PARK 3023
53304549409,3 SHERWOOD Close ST ALBANS 3021
53304551209,361 TAYLORS Road ST ALBANS 3021
53304632411,29 ROBINSONS Road DEER PARK 3023
53304520335,1001 BALLARAT Road DEER PARK 3023
53304649777,337 TAYLORS Road ST ALBANS 3021
53304664941,3 WIDDY Court SUNSHINE 3020
53304667556,225 MAIN Road ST ALBANS 3021
53304635002,217 MAIN Road ST ALBANS 3021
53304635728,9 PARINGA Road ALTONA NORTH 3025
53304637996,11 BOORAL Drive SUNSHINE 3020
53304651825,263A MAIN Road ST ALBANS 3021
53304651882,3 REDBANK Court KINGS PARK 3021
53304670207,12 BOORAL Drive SUNSHINE 3020
53304671008,15 ORFORD Street ST ALBANS 3021
53304745469,217 MAIN Road ST ALBANS 3021
53304745831,13 COLLINS Avenue ALTONA NORTH 3025
53304654496,27 ERRINGTON Road ST ALBANS 3021
53304655692,9 BELMORE Road SUNSHINE 3020
53304792171,450 TAYLORS Road ST ALBANS 3021
53304764377,17 WILTON Close WYNDHAM VALE 3024
53304779203,6 MITCHELL Avenue ALTONA NORTH 3025
53304780962,1 VARSITY Court ST ALBANS 3021
53304371904,112 WEDGE Street WERRIBEE 3030
53304783237,123 ANDERSON Road SUNSHINE 3020
53304386414,288 GREAVES Street WERRIBEE 3030
53304360138,151 GREAVES Street WERRIBEE 3030
53304391678,99999 SYNNOT Street WERRIBEE 3030
53304506979,249 MAIN Road ST ALBANS 3021
53304492839,488 MAIN Road ST ALBANS 3021
53304494026,217 MAIN Road ST ALBANS 3021
53304508321,2 VARSITY Court ST ALBANS 3021
53304624367,10 BOORAL Drive SUNSHINE 3020
53304627294,18 TULLOCH Street DEER PARK 3023
53304638846,778 BALLARAT Road DEER PARK 3023
53304640844,185A MAIN Road ST ALBANS 3021
53304641264,8 LAURIE Avenue SUNSHINE 3020
53304641751,219 MAIN Road ST ALBANS 3021
53304526422,16 DRUMMARTIN Street ALBION 3020
53304656625,45 MAIN Road ST ALBANS 3021
53304657045,368 BALLARAT Road SUNSHINE 3020
53304628203,80 PHOENIX Street SUNSHINE NORTH 3020
53304628334,18 KERRISON Avenue ST ALBANS 3021
53304644563,528 BALLARAT Road SUNSHINE 3020
53304645883,123 ANDERSON Road SUNSHINE 3020
53304646527,123 ANDERSON Road SUNSHINE 3020
53304658092,105 MAIN Road ST ALBANS 3021
53304658380,12 SYDNEY Street ALBION 3020
53304659933,486 MAIN Road ST ALBANS 3021
53304647095,123 ANDERSON Road SUNSHINE 3020
53304769277,47 HUTCHINSON Street ALBION 3020
53304783393,103 WRIGHT Street SUNSHINE WEST 3020
53304757562,87 OAKWOOD Road ALBANVALE 3021
53304770970,5 BELMORE Road SUNSHINE 3020
53304772124,129 ANDERSON Road SUNSHINE 3020
53304772628,27 NORTH GATEWAY  WYNDHAM VALE 3024
53304772776,11 THROSBY Crescent DEER PARK 3023
53304363436,294 GREAVES Street WERRIBEE 3030
53304363923,9000 LANGRIDGE Street HOPPERS CROSSING 3029
53304789689,237 MAIN Road ST ALBANS 3021
53304394762,42 MARKET Road WERRIBEE 3030
53304807920,245 MAIN Road ST ALBANS 3021
53304380580,28 TRAFALGAR Avenue ALTONA MEADOWS 3028
53304414230,127 GREAVES Street WERRIBEE 3030
53304496625,135 ANDERSON Road SUNSHINE 3020
53304497128,46 SELWYN Street ALBION 3020
53304727929,52 LIMA Street ST ALBANS 3021
53305533303,28 JOHNSTON Way SYDENHAM 3037
53305919071,6 GRANGE MOUTH Place GREENVALE 3059
53305919633,3 ELLESMERE Court TRUGANINA 3029
53305921796,5 KINGS DOMAIN  CAROLINE SPRINGS 3023
53304823876,53 HALL Street SUNSHINE WEST 3020
53304824215,3 GREGORY Street SUNSHINE 3020
53304834998,1 BELMORE Road SUNSHINE 3020
53304839872,5 NUTTALL Court SUNSHINE 3020
53304854335,2 FAIRBAIRN Road LAVERTON NORTH 3026
53305935060,29 STATION Street HAMILTON 3300
53305003240,12 BUNGARRA Court KURUNJANG 3337
53305004222,37 EXFORD Road MELTON SOUTH 3338
53305004776,240 SHELL Road OCEAN GROVE 3226
53304446232,60 EPSOM Road FLEMINGTON 3031
53305005800,120 CENTRAL Road DRYSDALE 3222
53304565901,1 BOORAL Drive SUNSHINE 3020
53304450046,260 GREAVES Street WERRIBEE 3030
53304450540,7 THE Mews HOPPERS CROSSING 3029
53304464953,104 OLEANDER Drive ST ALBANS 3021
53304567680,3 GOODE Court SUNSHINE 3020
53304570645,123 ANDERSON Road SUNSHINE 3020
53304451449,235 GREAVES Street WERRIBEE 3030
53304581065,7 ORFORD Street ST ALBANS 3021
53304467155,82 WRIGHT Street SUNSHINE WEST 3020
53304467575,78 WRIGHT Street SUNSHINE WEST 3020
53304685582,20 BELMORE Road SUNSHINE 3020
53304687397,143 ANDERSON Road SUNSHINE 3020
53304701695,426 BALLARAT Road SUNSHINE 3020
53304583695,345 TAYLORS Road ST ALBANS 3021
53304584230,10 PEMBROKE Place WYNDHAM VALE 3024
53304584711,21 ROBINSONS Road DEER PARK 3023
53304598487,129 ANDERSON Road SUNSHINE 3020
53304688768,395 TAYLORS Road ST ALBANS 3021
53304808928,20-20 MARSDEN Crescent ST ALBANS 3021
53305888044,50 WATT Street SPOTSWOOD 3015
53304812302,90 WRIGHT Street SUNSHINE WEST 3020
53304814785,895 WESTERN Highway DEER PARK 3023
53304719051,251 MAIN Road ST ALBANS 3021
53304719323,15 VARSITY Court ST ALBANS 3021
53305892672,20 TALBOT Street BALLARAT CENTRAL 3350
53305892821,4 GRANGE MOUTH Place GREENVALE 3059
53304815710,12 PEMBROKE Place WYNDHAM VALE 3024
53304816163,143 MAIN Road ST ALBANS 3021
53304832951,3 ANGELIQUE Grove ALBANVALE 3021
53304723409,99 WRIGHT Street SUNSHINE WEST 3020
53305907969,10 ELLESMERE Court TRUGANINA 3029
53304845178,95 WRIGHT Street SUNSHINE WEST 3020
53304847479,38 MATHEWS Street SUNSHINE 3020
53304995551,19 JOPLING Street BALLAN 3342
53304427439,5 GLENARA FORD  SEABROOK 3028
53304555637,28 GRAHAM Street SUNSHINE 3020
53304441531,3 LIDDY Street KENSINGTON 3031
53304849021,6 LEICESTER Avenue WYNDHAM VALE 3024
53304849822,135 ANDERSON Road SUNSHINE 3020
53304998811,21 HESSE Street QUEENSCLIFF 3225
53304556255,4 PEMBROKE Place WYNDHAM VALE 3024
53304574488,2 NORTH GATEWAY  WYNDHAM VALE 3024
53305126968,123 ASBURY Street OCEAN GROVE 3226
53305127031,45 FLINDERS Street QUEENSCLIFF 3225
53304562519,2 EATON Court ST ALBANS 3021
53304459862,289 GREAVES Street WERRIBEE 3030
53305133475,5 KIMBERLEY Avenue DRYSDALE 3222
53304694097,428 MAIN Road ST ALBANS 3021
53304694956,257 MAIN Road ST ALBANS 3021
53304695161,412 BALLARAT Road SUNSHINE 3020
53304707385,9 KYNETON Circuit CAROLINE SPRINGS 3023
53304591492,99999 GOULD Street DEER PARK 3023
53304593034,134 WRIGHT Street SUNSHINE WEST 3020
53305513859,118 WESTERN Avenue TULLAMARINE 3043
53305514328,266 HIGH Street KANGAROO FLAT 3555
53304697487,26 NOTTINGHAM Street SUNSHINE NORTH 3020
53304697925,126 WRIGHT Street SUNSHINE WEST 3020
53304817707,229A MAIN Road ST ALBANS 3021
53305524310,1000 ALKARA Avenue LARA 3212
53304822300,430 MAIN Road ST ALBANS 3021
53304924575,263 TAYLORS Road ST ALBANS 3021
53304936646,1335 BELLARINE Highway WALLINGTON 3222
53304892195,64 WRIGHT Street SUNSHINE WEST 3020
53304908811,405 TAYLORS Road ST ALBANS 3021
53304939500,8 WATERFORD Way MELTON 3337
53305055191,13 OSPREY Close OCEAN GROVE 3226
53305056019,320 GRUBB Road OCEAN GROVE 3226
53305040771,52 GREAT OCEAN Road JAN JUC 3228
53305058186,52 BELLEVUE Drive OCEAN GROVE 3226
53305059894,26 FIELD Street OCEAN GROVE 3226
53305230082,12 PUEBLA Street TORQUAY 3228
53305230370,2 POWELL Street OCEAN GROVE 3226
53305231329,95 OCEAN THROUGHWAY  OCEAN GROVE 3226
53305140399,99999 STATION Road MELTON SOUTH 3338
53305140985,65 THACKER Street OCEAN GROVE 3226
53305167185,97 OCEAN THROUGHWAY  OCEAN GROVE 3226
53305168596,35 MONASH Street MELTON SOUTH 3338
53305200367,45 OCEAN THROUGHWAY  OCEAN GROVE 3226
53305233035,56 LERDERDERG Street BACCHUS MARSH 3340
53305233200,18354 SHELL Road OCEAN GROVE 3226
53305235049,99999 ALEXANDRA Street MELTON 3337
53305235189,310 BAWTREE Road WALLINGTON 3222
53305240486,29 ASBURY Street OCEAN GROVE 3226
53305534418,3 PRIMROSE Street MARYBOROUGH 3465
53305541330,47 WATERVIEW Drive CAIRNLEA 3023
53305178083,339 HIGH Street MELTON 3337
53305579710,266 HIGH Street KANGAROO FLAT 3555
53305241956,6 CLARINDA Street BACCHUS MARSH 3340
53305242103,8 THE AVENUE  OCEAN GROVE 3226
53305242267,25 WILLS Crescent MOOLAP 3224
53305242409,99999 KING Street QUEENSCLIFF 3225
53305549761,92 GEELONG-PORTARLINGTON Road PORTARLINGTON 3223
53305582853,277E CARPENTER Street QUARRY HILL 3550
53305623815,112 TAYLOR Street EPSOM 3551
53305681235,266 HIGH Street KANGAROO FLAT 3555
53305552154,266 HIGH Street KANGAROO FLAT 3555
53305636238,4 EAST Street BALLARAT EAST 3350
53305689285,48 GEELONG-PORTARLINGTON Road PORTARLINGTON 3223
53305690723,13 HEINZ Street WHITE HILLS 3550
53304927842,219A MAIN Road ST ALBANS 3021
53304880044,12 VARSITY Court ST ALBANS 3021
53304882542,396 BALLARAT Road SUNSHINE 3020
53304910999,460 MAIN Road ST ALBANS 3021
53304912004,20 NORTH GATEWAY  WYNDHAM VALE 3024
53304912936,99 MAIN Road ST ALBANS 3021
53304935367,232 BULMANS Road MELTON WEST 3337
53305060267,35 OCEAN THROUGHWAY  OCEAN GROVE 3226
53305013223,16 BLACK DOG Drive BROOKFIELD 3338
53305029658,114 ASBURY Street OCEAN GROVE 3226
53304918307,341 TAYLORS Road ST ALBANS 3021
53305061463,1575 PORTARLINGTON Road DRYSDALE 3222
53305061744,26 GISBORNE Road BACCHUS MARSH 3340
53305063062,90 ASBURY Street OCEAN GROVE 3226
53305063302,1345 BELLARINE Highway WALLINGTON 3222
53305150828,65 THACKER Street OCEAN GROVE 3226
53305151264,43 ASBURY Street OCEAN GROVE 3226
53305048590,5 GEORGIAN Place MELTON 3337
53305066413,80 ASBURY Street OCEAN GROVE 3226
53305066486,35 FINES Road LEOPOLD 3224
53305153226,30 VIEWBAY Drive LEOPOLD 3224
53305050671,95 ASBURY Street OCEAN GROVE 3226
53305050814,28 GLENGARWYN Road LEOPOLD 3224
53305215231,99999 HENRY Street MELTON 3337
53305217434,167 MINNS Road MELTON 3337
53305334023,46084 WOLFE Road MELTON 3337
53305160686,4 RESERVE Road DRYSDALE 3222
53305163912,35-37 DRAPER Street OCEAN GROVE 3226
53305164595,275 BAWTREE Road WALLINGTON 3222
53305220851,99999 UNITT Street MELTON 3337
53305224562,9 WATERFORD Way MELTON 3337
53305569019,43-47 GEELONG-PORTARLINGTON Road PORTARLINGTON 3223
53305197455,135 OCEAN THROUGHWAY  OCEAN GROVE 3226
53305600311,149 OPIE Road ALBANVALE 3021
53305603774,107 ROSSACK Drive WAURN PONDS 3216
53305226071,405 GRUBB Road WALLINGTON 3222
53305227374,2 THE Mews TORQUAY 3228
53305698022,50 NELSON Avenue ALTONA MEADOWS 3028
53305700813,237 MELVILLE Road PASCOE VALE SOUTH 3044
53304885910,20 MARSDEN Crescent ST ALBANS 3021
53305654396,95 RIDDELL Road SUNBURY 3429
53305659924,1 SANDLEWOOD Lane POINT COOK 3030
53305715974,266 HIGH Street KANGAROO FLAT 3555
53305716337,17 LOCHARD Place WARRNAMBOOL 3280
53304887343,105 WRIGHT Street SUNSHINE WEST 3020
53304887830,2 BOORAL Drive SUNSHINE 3020
53305112884,57 BARRIES Road MELTON 3337
53305433824,385 BLACKSHAWS Road ALTONA NORTH 3025
53305435846,572 NAPIER Street BENDIGO 3550
53305475711,44 WHARTON Avenue BROADMEADOWS 3047
53306322713,50 BARWARRE Road GROVEDALE 3216
53306323974,29 SHORE Place TORQUAY 3228
53306324156,3130 MELBOURNE-LANCEFIELD Road ROMSEY 3434
53305483795,118 TOWNSEND Road WHITTINGTON 3219
53306733925,99999 VIOLET Grove WENDOUREE 3355
53305763080,459 MACAULAY Road KENSINGTON 3031
53305793797,37 GRASSLAND Avenue COBURG 3058
53305489727,15 BRENTWOOD Boulevard STRATHFIELDSAYE 3551
53305490230,87 ROSSACK Drive WAURN PONDS 3216
53304956446,5A BRINSMEAD Lane LEOPOLD 3224
53305803607,15 SAWMILL Road MCKENZIE HILL 3451
53305804034,156A OLYMPIC Parade KANGAROO FLAT 3555
53305805544,829 MT ALEXANDER Road ESSENDON 3040
53305806451,10 CHLOSAM Court CAIRNLEA 3023
53305813430,9 MITCHELL Drive CARDIGAN 3352
53305069638,21 HESSE Street QUEENSCLIFF 3225
53304971933,17 BOURKE Street DARLEY 3340
53305857246,10 KINGS DOMAIN  CAROLINE SPRINGS 3023
53305859854,8 ELLESMERE Court TRUGANINA 3029
53304986469,1275 BELLARINE Highway WALLINGTON 3222
53305076337,31 SIMPSON Street BALLAN 3342
53305090505,5 GREENSTEAD Amble KURUNJANG 3337
53304975041,96 ASBURY Street OCEAN GROVE 3226
53304990256,68 FIELD Street OCEAN GROVE 3226
53305076610,26-44 RICHARD Road MELTON SOUTH 3338
53305076691,1945 BELLARINE Highway MARCUS HILL 3222
53305369755,97 ASBURY Street OCEAN GROVE 3226
53305091503,109 OCEAN THROUGHWAY  OCEAN GROVE 3226
53305092283,7 GRAHAM Street BACCHUS MARSH 3340
53305102110,162 TOWNSEND Road MOOLAP 3224
53304991683,5 BRINSMEAD Lane LEOPOLD 3224
53304992319,63 KENSINGTON Road LEOPOLD 3224
53305118782,6 FRASER Crescent OCEAN GROVE 3226
53305379004,555 KEILOR-MELTON Road SYDENHAM 3037
53305379135,555 KEILOR-MELTON Road SYDENHAM 3037
53305379274,555 KEILOR-MELTON Road SYDENHAM 3037
53305379409,555 KEILOR-MELTON Road SYDENHAM 3037
53305423684,6 GREENSTEAD Amble KURUNJANG 3337
53305105574,162 TOWNSEND Road MOOLAP 3224
53305120855,131 OCEAN THROUGHWAY  OCEAN GROVE 3226
53305121556,1 RICHARDSON Court BACCHUS MARSH 3340
53305121746,5 SOUTH MADDINGLEY Road MADDINGLEY 3340
53305123115,3A RESERVE Road MELTON 3337
53305109667,2 FIELD Street OCEAN GROVE 3226
53305450005,58 PRINCESS Street CAMPBELLS CREEK 3451
53305775135,266 HIGH Street KANGAROO FLAT 3555
53305775516,266 HIGH Street KANGAROO FLAT 3555
53305494438,8 THORNDON Drive ST ALBANS 3021
53305501988,37 PARK Crescent MOONEE PONDS 3039
53304946209,4 LORD Street BACCHUS MARSH 3340
53305781084,40 RIPPON Road HAMILTON 3300
53305788441,11 ELLESMERE Court TRUGANINA 3029
53305507811,43 CONNOR Street COLAC 3250
53305864177,7 MANOR Street WERRIBEE 3030
53305826929,3021 BALLAN Road DAYLESFORD 3460
53305875910,30 MT NAPIER Road HAMILTON 3300
53305078366,2 THACKER Street OCEAN GROVE 3226
53304965785,2 ALLANVALE Avenue LEOPOLD 3224
53304967731,133 FERRIS Road MELTON 3337
53305834740,70 NEW QUAY Promenade DOCKLANDS 3008
53305838072,3 LOCHARD Place WARRNAMBOOL 3280
53305882666,99999 KEILOR-MELTON Road SYDENHAM 3037
53305883424,207 STAWELL Street BALLARAT EAST 3350
53305081207,41 THE ESPLANADE  OCEAN GROVE 3226
53305081263,41 THE ESPLANADE  OCEAN GROVE 3226
53305098223,2 DARE Street OCEAN GROVE 3226
53304980223,60 FIELD Street OCEAN GROVE 3226
53305083795,114 COUNTRY CLUB Drive CLIFTON SPRINGS 3222
53305099437,12 CENTAURUS Avenue CLIFTON SPRINGS 3222
53305101039,51 MCKENZIE Street MELTON 3337
53305110922,21 HESSE Street QUEENSCLIFF 3225
53305112125,8 PETERHO Boulevard POINT LONSDALE 3225
53306106044,6 VALE Street SEBASTOPOL 3356
53306509088,82 HILLCREST Drive WESTMEADOWS 3049
53306788557,41 BARKLY Street CAMPERDOWN 3260
53306836258,85 WHITEHORSE Road MOOLAP 3224
53307124176,529 MORRIS Road TARNEIT 3029
53307129365,25 THE BROADWAY  CAROLINE SPRINGS 3023
53306793152,66 FOREST Road LARA 3212
53306840375,19 CANTERBURY Road LARA 3212
53306903347,48-58 CENTRAL Parkway CAROLINE SPRINGS 3023
53307181558,7 FOREST Road LARA 3212
53306852741,2065 PORTARLINGTON Road DRYSDALE 3222
53306855240,32 DAVIS Street BELMONT 3216
53306909469,449 CAMPERDOWN-COBDEN Road CAMPERDOWN 3260
53307488933,48 CENTRAL Parkway CAROLINE SPRINGS 3023
53307202179,215 CANTS Road COLAC 3250
53307241920,12 ABERNATHY Avenue DEER PARK 3023
53307249519,999 BARKLY Street FOOTSCRAY 3011
53307289614,288 MACKENZIE Street KANGAROO FLAT 3555
53307294299,22 CAROLANNE Drive DRYSDALE 3222
53307254600,41 MAFEKING Street KENNINGTON 3550
53306062039,27 AILSA Street ALTONA MEADOWS 3028
53306062856,61 HAVLIN Street KENNINGTON 3550
53306069975,132-136 MASON Street NEWPORT 3015
53306020244,30 CIVIC Parade ALTONA 3018
53306070257,132 MASON Street NEWPORT 3015
53306070397,132 MASON Street NEWPORT 3015
53306070520,132 MASON Street NEWPORT 3015
53306071221,132-136 MASON Street NEWPORT 3015
53306071413,132 MASON Street NEWPORT 3015
53306073516,1000 FRANCIS Street OAK PARK 3046
53306077755,11 LANCELEY Green CAROLINE SPRINGS 3023
53306078281,648 OLD CALDER Highway KEILOR 3036
53306341937,9000 GEAR Avenue MOUNT HELEN 3350
53306432734,10 EDWARDS Road KENNINGTON 3550
53306081998,99999 HIGH Street KOROIT 3282
53306488793,3 EAGLESNEST Way POINT COOK 3030
53306490536,4 GLENAE Court ST ALBANS PARK 3219
53306347058,21 BELLEVUE Street COBURG 3058
53306758781,82 HILLCREST Drive WESTMEADOWS 3049
53306391577,77 LAKEWOOD Boulevard MELTON 3337
53306393894,75 CLUNES Road CRESWICK 3363
53306395338,101 NAPIER Street CRESWICK 3363
53306399513,15 SOUTH Road WOODEND 3442
53306445786,2B HILL Street CRESWICK 3363
53306813083,82 HILLCREST Drive WESTMEADOWS 3049
53307153515,36 PYMBLE Gardens CRAIGIEBURN 3064
53306827505,7 THE Glen DRYSDALE 3222
53306872293,12 HOCKING Drive MARCUS HILL 3222
53307171582,1 KURUNG Court GISBORNE 3437
53307173594,129 OCEAN THROUGHWAY  OCEAN GROVE 3226
53305939557,369 PAKINGTON Street GEELONG WEST 3218
53305989338,8 MOUNT ECCLES Place CAROLINE SPRINGS 3023
53305993827,28 PRINCES Terrace PASCOE VALE SOUTH 3044
53307276636,13 PEPPERMINT Walk MELTON 3337
53305959191,199A SUNSHINE Avenue KEALBA 3021
53306006623,12 PALL Mall BENDIGO 3550
53306042122,204 SPECIMEN Vale BALLARAT EAST 3350
53306103362,385 HEATHS Road HOPPERS CROSSING 3029
53306353880,57B CHARTER Road SUNBURY 3429
53306357782,30 BATH Lane BENDIGO 3550
53306049607,20 PICKETT Street FOOTSCRAY 3011
53307071576,14 DOYLE Lane CAROLINE SPRINGS 3023
53307032543,19 ABERNATHY Avenue DEER PARK 3023
53307032824,13 KENT MANOR  HAMILTON 3300
53307035614,102 ENGLISH Street GOLDEN POINT 3350
53307038938,28 ROBB Street ESSENDON 3040
53307383548,48-58 CENTRAL Parkway CAROLINE SPRINGS 3023
53307074974,67A THE AVENUE  OCEAN GROVE 3226
53307085344,702 ARMSTRONG Road MANOR LAKES 3024
53311552263,9 TARONGA Road TRUGANINA 3029
53306139218,26A MERCER Place GEELONG 3220
53307383904,48 CENTRAL Parkway CAROLINE SPRINGS 3023
53307384934,16 PEPPERMINT Walk MELTON 3337
53307391220,55 CANTERBURY Road LARA 3212
53307425409,6 DELLBRIDGE Street GOLDEN SQUARE 3555
53306153639,256 SHANNON Avenue GEELONG WEST 3218
53307394776,99999 LATROBE Terrace GEELONG 3220
53307398653,2 LONGS HILL Road GLEN PARK 3352
53307433047,6 THE Rise PORTARLINGTON 3223
53306567639,751 GISBORNE-KILMORE Road RIDDELLS CREEK 3431
53306574544,100 JUNORTOUN Road STRATHFIELDSAYE 3551
53306944219,13-15 URQUHART Street COBURG 3058
53306946924,1 COVENTRY Street TULLAMARINE 3043
53306947063,1 COVENTRY Street TULLAMARINE 3043
53306996879,32 THE BROADWAY  CAROLINE SPRINGS 3023
53306632914,84 FIELD Street OCEAN GROVE 3226
53306676028,29 WHITE Avenue ROMSEY 3434
53307322075,92 FURNESS Street KANGAROO FLAT 3555
53307000386,2 HILTON Street GLENROY 3046
53306636964,72 MITCHELL Drive LARA 3212
53306637565,34 HYDE Street FOOTSCRAY 3011
53306640446,8 RIX Street COBDEN 3266
53306641972,21 ALAN Street GROVEDALE 3216
53306686588,7 STOCKMANS Rest MAIDEN GULLY 3551
53307331770,85 TAMAR Drive DEER PARK 3023
53307013207,15 RICHARDSON Court BACCHUS MARSH 3340
53307363419,23 KARLY Street LEOPOLD 3224
53307043938,9 COXS GARDEN  WILLIAMSTOWN 3016
53307094866,1 COVENTRY Street TULLAMARINE 3043
53307333592,1 COVENTRY Street TULLAMARINE 3043
53307333725,1 COVENTRY Street TULLAMARINE 3043
53307102090,44 LEANDER Street FOOTSCRAY 3011
53306122931,164A NORTH Street HADFIELD 3046
53307378282,158 ASBURY Street OCEAN GROVE 3226
53306134127,184 MCKILLOP Street EAST GEELONG 3219
53306177183,141 HIGH Street BENDIGO 3550
53307416176,153 HARRINGTON Road WARRNAMBOOL 3280
53307416508,6 LONGS HILL Road GLEN PARK 3352
53307454372,51B CURTIN Street FLORA HILL 3550
53306539844,55D CHARTER Road SUNBURY 3429
53306541230,99999 LIONHEART Avenue TAYLORS LAKES 3038
53306551387,17 WILSON Street COLAC 3250
53306187546,77 MCPHERSON Street ESSENDON 3040
53307462194,156 NICHOLSON Street COBURG 3058
53306562152,399 KEILOR-MELTON Road TAYLORS LAKES 3038
53306604938,11 FISHER Street GISBORNE 3437
53306234024,1 ELSWORTH Street BALLARAT 3350
53306238264,5 WILLOWTREE Lane WARRNAMBOOL 3280
53306242232,57E CHARTER Road SUNBURY 3429
53306283519,134 IRONSTONE Road EPSOM 3551
53306966170,48-58 CENTRAL Parkway CAROLINE SPRINGS 3023
53306966352,48-58 CENTRAL Parkway CAROLINE SPRINGS 3023
53306966492,48-58 CENTRAL Parkway CAROLINE SPRINGS 3023
53306968191,531 KEILOR-MELTON Road SYDENHAM 3037
53306971156,13-23 TAITS Road BARWON HEADS 3227
53306971725,2 MEDINAH Walk DEER PARK 3023
53306988307,366 QUEEN Street COLAC 3250
53307026752,590 BALLARAT Road ARDEER 3022
53311101684,9 TARONGA Road TRUGANINA 3029
53311102401,174 GAFFNEY Street COBURG 3058
53307512684,8 THE Glen DRYSDALE 3222
53307549594,31-49 MCKIERNAN Street DRYSDALE 3222
53307634644,1 BEECHWORTH Avenue GREENVALE 3059
53307635197,101 LAURISTON-RESERVOIR Road KYNETON 3444
53307906564,21 RIVERSDALE Road NEWTOWN 3220
53307606703,20 PEARCEDALE Parade BROADMEADOWS 3047
53307910871,168 SINCLAIR Street COLAC 3250
53307994659,11 OXLEY Court BROADMEADOWS 3047
53308097561,1 CLARENDON Avenue CRAIGIEBURN 3064
53308742207,48-58 CENTRAL Parkway CAROLINE SPRINGS 3023
53308742874,48-58 CENTRAL Parkway CAROLINE SPRINGS 3023
53308821143,9 TARONGA Road TRUGANINA 3029
53308126759,63 OCEAN THROUGHWAY  OCEAN GROVE 3226
53308134174,9 TARONGA Road TRUGANINA 3029
53308976367,922 DUNCANS Road WERRIBEE 3030
53309763747,9 TARONGA Road TRUGANINA 3029
53309884164,65A GILLIES Street ALFREDTON 3350
53311009191,46177 WINIFRED Street ESSENDON 3040
53311009323,4 WINIFRED Street ESSENDON 3040
53311585660,24 VALERIAN Avenue ALTONA NORTH 3025
53309902346,46266 WALKER Street CASTLEMAINE 3450
53307572646,12 THE Glen DRYSDALE 3222
53311064402,10 CRAWFORD Road ALFREDTON 3350
53307620050,40 CHRIS Street LEOPOLD 3224
53307870629,7 LYTTLETON Avenue CASTLEMAINE 3450
53307541117,22 LOGAN Street MARYBOROUGH 3465
53307581137,3 ABERVALE Way GROVEDALE 3216
53307622938,3 VENETIAN Place GROVEDALE 3216
53307880604,4 WHARF  E QUEENSCLIFF 3225
53307588313,4219A PYRENEES Highway MARYBOROUGH 3465
53307893447,1 THE Glen DRYSDALE 3222
53308770076,128-130 BLADIN Street LAVERTON 3028
53308777756,9 TARONGA Road TRUGANINA 3029
53308784554,28B BAYNE Street BENDIGO 3550
53308907940,276 BALLARAT Road BRAYBROOK 3019
53308908849,1 KORONG Court BROADMEADOWS 3047
53309698952,138 EAST Road HUNTLY 3551
53309700742,9 TARONGA Road TRUGANINA 3029
53309026453,23 AUBISQUE Close FRASER RISE 3336
53309145008,9 TARONGA Road TRUGANINA 3029
53307508427,102 CALLOW Street BALLARAT EAST 3350
53307508550,102 CALLOW Street BALLARAT EAST 3350
53309863349,7 FOREST Street COLAC 3250
53309869437,53 POWELL Street OCEAN GROVE 3226
53309965574,4 SPIKE BAR Way MOOLAP 3224
53309968768,1 TOOHEY Drive WARRNAMBOOL 3280
53309983436,83-85 BULLA Road ESSENDON NORTH 3041
53307758970,45 WRIGHT Street SUNSHINE WEST 3020
53307759390,79 SWAN Street KEILOR PARK 3042
53307792433,3 KILMALEY Street CAMPERDOWN 3260
53308429985,698-700 RAGLAN Parade WARRNAMBOOL 3280
53309280488,57 KULMANI Street JACKASS FLAT 3556
53309367580,99999 SNEYDES Road POINT COOK 3030
53309439884,9 TARONGA Road TRUGANINA 3029
53308695356,117 WEDGE Street WERRIBEE 3030
53308702341,10 FISHBURN Grove HARKNESS 3337
53308704406,46366 FISHBURN Grove HARKNESS 3337
53308711989,9 TARONGA Road TRUGANINA 3029
53311267779,52 ROBERTS Avenue AIRPORT WEST 3042
53309461809,921 MONASH Place CANADIAN 3350
53307648420,1 KATE Way HILLSIDE 3037
53311375815,9 TARONGA Road TRUGANINA 3029
53311386200,85 MOUNT DERRIMUT Road DEER PARK 3023
53309495226,63 MITCHELL Drive LARA 3212
53307652969,138 PRINCES Highway NORLANE 3214
53307653982,126 SPENCER Street SEBASTOPOL 3356
53307684821,266 CAMP Road BROADMEADOWS 3047
53308347344,8 DERHAM Street SPOTSWOOD 3015
53308349358,10A SEYMOUR Street BROADMEADOWS 3047
53308242208,5 RACE Street FLORA HILL 3550
53308383976,13 WALSH Street SUNSHINE NORTH 3020
53307734667,286 OHEA Street PASCOE VALE SOUTH 3044
53307737370,48 CENTRAL Parkway CAROLINE SPRINGS 3023
53307737677,48 CENTRAL Parkway CAROLINE SPRINGS 3023
53307738009,48 CENTRAL Parkway CAROLINE SPRINGS 3023
53309303216,56 EDWARDS Street SEBASTOPOL 3356
53309303347,56 EDWARDS Street SEBASTOPOL 3356
53308477943,9 TARONGA Road TRUGANINA 3029
53311137118,10 GOLF CART Street MOOLAP 3224
53309320954,38 MCSHANE Drive KEALBA 3021
53309330630,3 MONTVIEW Place BROOKFIELD 3338
53308613557,94 KEILOR Road ESSENDON NORTH 3041
53311286400,12 EAGLESNEST Way POINT COOK 3030
53308625543,209 JETTY Road DRYSDALE 3222
53311314424,6 MASTERS Way MOOLAP 3224
53311314565,18 MASTERS Way MOOLAP 3224
53309426552,173 RESORT Boulevard MOOLAP 3224
53309513145,135 COLAC Road WAURN PONDS 3216
53307662579,18-20 WOOD Street WOODEND 3442
53311338654,91 ARGYLE Street FAWKNER 3060
53311463262,48 COLLIER Place STRATHMORE HEIGHTS 3041
53311465937,100 BAKEHOUSE Road KENSINGTON 3031
53308284614,42309 SILVERDALE Drive DARLEY 3340
53308293787,18 HUMFFRAY Street BALLARAT 3350
53308296213,533 HIGH Street MELTON 3337
53311728814,38-40 AITKEN Street SUNBURY 3429
53312835351,4 TRUMAN Street SOUTH KINGSVILLE 3015
53312837389,5 WEINSTOCK Road TRUGANINA 3029
53312838627,24 STANHOPE Street BROADMEADOWS 3047
53312839237,17 MYALLA Street BRAYBROOK 3019
53313021235,131 MASCOMA Street STRATHMORE 3041
53313022364,18 JESSIE Street OAK PARK 3046
53313023504,41 RAINIER Drive TRUGANINA 3029
53313025251,8 GRAINGER Parade LUCAS 3350
53312157106,25 OCEAN THROUGHWAY  OCEAN GROVE 3226
53311669141,16 DAVITT Drive DEER PARK 3023
53311670645,46327 TROWARD HARVEY Way CRAIGIEBURN 3064
53311757621,100 OVERTON Road WILLIAMS LANDING 3027
53312201192,10 THE Mews SUNBURY 3429
53309585012,175 HIGH Street AVOCA 3467
53312207535,14 WHALE Avenue WARRNAMBOOL 3280
53312260444,36A HAVLIN Street BENDIGO 3550
53312471364,38 CLIFFORD Crescent SPRING GULLY 3550
53312496510,330 BALLARAT Road BRAYBROOK 3019
53311497864,18 AUGUSTA Drive MOOLAP 3224
53311503960,65 DENNINGTON Rise DENNINGTON 3280
53312503042,89 MCBRYDE Street FAWKNER 3060
53311525442,4 SARATOGA Circuit DRYSDALE 3222
53311525574,5 TENBURY WELLS Avenue DRYSDALE 3222
53312730735,23 MARKER Avenue MOOLAP 3224
53312767743,20 WAVERLEY Street BROADMEADOWS 3047
53312768031,32B VICTORIA Crescent ST ALBANS 3021
53312768493,19 GLENMAGGIE Court MEADOW HEIGHTS 3048
53312803846,28 GRANDVIEW Road NIDDRIE 3042
53312805578,10 SHERWOOD Street WENDOUREE 3355
53312807888,1 WOOD GUM Court BELLBRAE 3228
53312808012,10 FAWKNER Road PASCOE VALE 3044
53312809902,78 LEONARD Avenue GLENROY 3046
53312988596,106 MOUNT PLEASANT Road BELMONT 3216
53312992193,13 VINKO Court FRASER RISE 3336
53312993027,61 BEAUCHAMP Street KYNETON 3444
53312993539,31 SWAIN Walk ST LEONARDS 3223
53312994271,47 PARK Street PASCOE VALE 3044
53312994406,75 MELBOURNE Avenue GLENROY 3046
53312994784,2 BRANGUS Court ASCOT 3551
53312995485,7 WENLYAN Drive GREENVALE 3059
53312995866,102 FRANCIS Street YARRAVILLE 3013
53312996658,9 STONEWALL Road WEIR VIEWS 3338
53312741016,58 RECREATION Street ROXBURGH PARK 3064
53312743257,6 LEEDS Place CAMPBELLFIELD 3061
53312770921,6 ERBA Road WYNDHAM VALE 3024
53312771202,10 SANDERLING Avenue ARMSTRONG CREEK 3217
53312772802,16 GUIDANCE Way TARNEIT 3029
53312776331,6 VIEW Street PASCOE VALE 3044
53312776695,25 SARATOGA Circuit DRYSDALE 3222
53312777157,39 JAMES Street FAWKNER 3060
53312818035,159 VIEW Street GLENROY 3046
53312818309,2 KENNEDY Street GLENROY 3046
53312819769,1 FISHER Street FOOTSCRAY 3011
53312997655,5 MUNRO Street ASCOT VALE 3032
53312998744,35 BECKET Street GLENROY 3046
53313000810,45 ATLANTIS Drive POINT COOK 3030
53313001551,2 RAVEN Close OCEAN GROVE 3226
53313002144,143 MADISONS Avenue DIGGERS REST 3427
53311623642,23 WERRIBEE Street WERRIBEE 3030
53312781480,12 KEVLAR Close CANADIAN 3350
53312784334,4 BAILEY Court CAMPBELLFIELD 3061
53312821591,39 ALBERT FACEY Street MAIDSTONE 3012
53313006897,7 KIEWA Crescent DALLAS 3047
53312139418,1 HEPBURN Way DRYSDALE 3222
53311697422,294 CAMP Road BROADMEADOWS 3047
53311700468,74-76 MOOLTAN Street TRAVANCORE 3032
53311707560,111 MITCHELL Street BENDIGO 3550
53311796168,6 CASHEL Avenue GROVEDALE 3216
53312151182,42 BECKET Street GLENROY 3046
53312178614,4 STELLING Drive LUCAS 3350
53312186501,55 NELSON Place WILLIAMSTOWN 3016
53311714748,35 MASTERS Way MOOLAP 3224
53311714870,17 SILTY Way MOOLAP 3224
53312264452,2 COUPLING Way GLENROY 3046
53312449375,69 ROWAN Drive KEALBA 3021
53312191718,3 HARRISON Rise DRYSDALE 3222
53312275672,102 OVERTON Road WILLIAMS LANDING 3027
53312480638,45 BECKET Street GLENROY 3046
53312481925,15 AYLESBURY Terrace WERRIBEE 3030
53312552097,32 THE Rise PORTARLINGTON 3223
53312460432,138 DUKE Street BRAYBROOK 3019
53312494983,9 AYLESBURY Terrace WERRIBEE 3030
53312524402,58 MURIEL Street NIDDRIE 3042
53312716676,2 KENNEDY Street GLENROY 3046
53312748438,4 BASALT Walk BRAYBROOK 3019
53312748561,9 BASALT Walk BRAYBROOK 3019
53312749017,14 THE Mews SUNBURY 3429
53312754214,4 ALBERT Street OAK PARK 3046
53312754881,57 AQUATIC Drive WERRIBEE SOUTH 3030
53312824255,5 PADUA Court GLADSTONE PARK 3043
53313007829,56B LILY Street BRAYBROOK 3019
53313008101,25 CLYDE Street NEWPORT 3015
53313008653,40 CROPLEY Crescent LAVERTON 3028
53313010437,13 MCCRACKEN Avenue PASCOE VALE 3044
53313011773,13 LUGANO Avenue ALFREDTON 3350
53313012052,2 FANTAIL Street WINTER VALLEY 3358
53312756382,97 FENTON Street ASCOT VALE 3032
53312760758,20 DEVERELL Way WARRNAMBOOL 3280
53312761482,2B WARLEIGH Road WEST FOOTSCRAY 3012
53312763874,7 JAVA Lane POINT COOK 3030
53312764048,63 ZETA Crescent POINT COOK 3030
53312787220,23B VINTAGE Way CAROLINE SPRINGS 3023
53312787592,7 FRAMPTON Street LUCAS 3350
53312794086,57 COLE Street WILLIAMSTOWN 3016
53312829436,7 NELSE Way WERRIBEE 3030
53312830824,68 BLAIR Street COBURG 3058
53312832654,18 ZETA Crescent POINT COOK 3030
53312833784,67 REGATTA Drive CRAIGIEBURN 3064
53312834065,10 MAYLANDS Street ALBION 3020
53312834287,14 VICTORY Avenue ALFREDTON 3350
53313012184,9 MCCUBBIN Street HUNTLY 3551
53313013892,445 BELL Street PASCOE VALE SOUTH 3044
53313014221,8 JERNIGAN Road TARNEIT 3029
53313017258,121 MIDDLE Street HADFIELD 3046
53313017398,67 ESSEX Street PASCOE VALE 3044
53313019881,1 WATERLOO PLAINS Crescent WINCHELSEA 3241
53313020237,21 HODGSON Street OCEAN GROVE 3226
53312797030,15 ROSE GUM Circuit BELLBRAE 3228
53312799805,13 MAYLANDS Street ALBION 3020
53312803382,1 BIRD Avenue BACCHUS MARSH 3340
53312591089,5 MASTERSON Close CASTLEMAINE 3450
53312592381,10 CENTRAL SPRINGS Road DAYLESFORD 3460
53312600213,102A RAILWAY Street ALTONA 3018
53312858502,135 UNION Road ASCOT VALE 3032
53312859129,800 AITKEN Boulevard CRAIGIEBURN 3064
53312859807,28 TASSELL Street TORQUAY 3228
53312859938,54A QUINN Grove KEILOR EAST 3033
53312860815,20 TASSELL Street TORQUAY 3228
53312864375,26 RUISLIP Avenue STRATHTULLOH 3338
53312622881,6 LADY NELSON Drive RIPPLESIDE 3215
53312623039,24 HARBOURSIDE Drive RIPPLESIDE 3215
53312623988,6 MARKER Avenue MOOLAP 3224
53312388500,162 HIGH Street AVOCA 3467
53312389036,3 MASTERSON Close CASTLEMAINE 3450
53312417192,48 KING WILLIAM Street BROADMEADOWS 3047
53312420386,8-404 BUNKERS Street MOOLAP 3224
53312865423,1 GILBERT Drive ALTONA NORTH 3025
53312867353,500 TORQUAY Road ARMSTRONG CREEK 3217
53312868088,46145 COHUNA Street BROADMEADOWS 3047
53312873384,52B MIDDLE Street ASCOT VALE 3032
53312665412,4 PAGE Street TRUGANINA 3029
53312695490,52 SIGNAL Circuit AINTREE 3336
53312697586,8 IVY Lane AINTREE 3336
53312900230,719 PASCOE VALE Road GLENROY 3046
53312900784,21A NORTH Street AIRPORT WEST 3042
53312903570,39 BEATTY Avenue GLENROY 3046
53312904727,11 NELSE Way WERRIBEE 3030
53312934252,72 MASTERS Way MOOLAP 3224
53312935144,12 SILVER LEAF Way WINTER VALLEY 3358
53311864857,9 TARONGA Road TRUGANINA 3029
53311930610,9 TARONGA Road TRUGANINA 3029
53312907036,1 COMMAND Road CRAIGIEBURN 3064
53312907169,3 GAVAN Court WERRIBEE 3030
53312910585,59A MAY Street ALTONA NORTH 3025
53312911997,14 SETTLEMENT Road TARNEIT 3029
53312913421,11 CASTLEY Crescent BRAYBROOK 3019
53312913562,125 MELROSE Drive TULLAMARINE 3043
53312936092,61 MASTERS Way MOOLAP 3224
53312936893,23 CAHILL Street ST ALBANS 3021
53312938016,77A SECOND Avenue ALTONA NORTH 3025
53312938534,5 DUBBO Street ALBION 3020
53312939269,154 WILLIAM Street ST ALBANS 3021
53312939425,9 BUTLER Court BACCHUS MARSH 3340
53312939581,41 HOMER Street MOONEE PONDS 3039
53312940672,7 DIAMOND Street ESSENDON WEST 3040
53312941241,8 NORWICH Street WERRIBEE 3030
53312942783,42 BALMORAL Street BRAYBROOK 3019
53312944129,489 MT ALEXANDER Road MOONEE PONDS 3039
53311993854,25 HARRISON Rise DRYSDALE 3222
53312947949,6 BLIBURG Street JACANA 3047
53312948179,13 HONEY EATER Drive WINTER VALLEY 3358
53312948574,23 GROWTH Drive WEIR VIEWS 3338
53312014919,336 MCIVOR Highway JUNORTOUN 3551
53312569876,4 ARTESIAN Walk WERRIBEE 3030
53312574892,7 MARSHALL Road AIRPORT WEST 3042
53312333330,99999 DEPARTURE Drive MELBOURNE AIRPORT 3045
53312602101,29 TENBURY WELLS Avenue DRYSDALE 3222
53312604849,519-521 MELBOURNE Road NEWPORT 3015
53312082798,9 TARONGA Road TRUGANINA 3029
53312579140,9 ROUNTREE Lane FOOTSCRAY 3011
53312583464,25 TENBURY WELLS Avenue DRYSDALE 3222
53312841203,14 ARBUCKLE Road WERRIBEE 3030
53312608197,36 WILKINSON Road SUNSHINE 3020
53312608329,20 WILKINSON Road SUNSHINE 3020
53312399507,199-203 UNION Road ASCOT VALE 3032
53312841573,12A IRMA Grove PASCOE VALE 3044
53312842686,124 BOWES Avenue AIRPORT WEST 3042
53312844107,64 LEONARD Avenue GLENROY 3046
53312848057,68 KERFERD Street ESSENDON NORTH 3041
53312877781,13 AITKEN Street WILLIAMSTOWN 3016
53312878649,5 SEYMOUR Lane WILLIAMSTOWN 3016
53312879936,6 PLYMOUTH Avenue PASCOE VALE 3044
53312881133,1 PRISTINE Place MOUNT DUNEED 3217
53312639679,56 LAKE Avenue OCEAN GROVE 3226
53312641248,9 AITKEN Street WILLIAMSTOWN 3016
53312402573,3 EDGAR Street MOONEE PONDS 3039
53312407210,1 COUPLING Way GLENROY 3046
53312854541,10 EATON Parade LAVERTON 3028
53312856134,4 BIRCH Avenue TULLAMARINE 3043
53312857768,6 TREVANNION Street GLENROY 3046
53312882286,336-380 MCIVOR Highway JUNORTOUN 3551
53312886940,80 GLEN Street GLENROY 3046
53312648556,41 COTTON FIELD Way BROOKFIELD 3338
53312675213,5 ELM Street AIRPORT WEST 3042
53312679576,80 FIELD Street OCEAN GROVE 3226
53312680683,19A VAYNOR Street NIDDRIE 3042
53312682521,46266 CHESHIRE Street CORIO 3214
53311881845,8B DRIFTWOOD Street OCEAN GROVE 3226
53312890309,12 PERKIN Avenue PASCOE VALE 3044
53312891711,44 TREMAIN Drive LUCAS 3350
53312892070,23 MCLENNAN Street BRAYBROOK 3019
53312892212,259-269 FOOTSCRAY Road DOCKLANDS 3008
53311954640,9 TARONGA Road TRUGANINA 3029
53312653738,28 TENBURY WELLS Avenue DRYSDALE 3222
53312914643,30 AZOLLA Avenue WERRIBEE 3030
53312915484,704 PASCOE VALE Road OAK PARK 3046
53312916203,9 HYAMS Way TRUGANINA 3029
53312916383,65 CENTRAL Avenue TORQUAY 3228
53312920163,16 GROWTH Drive WEIR VIEWS 3338
53312951218,7 HONEY EATER Drive WINTER VALLEY 3358
53311898748,5 WIMBLEDON Close MOOLAP 3224
53311899225,29 SILTY Way MOOLAP 3224
53312922068,37 RUISLIP Avenue STRATHTULLOH 3338
53312923461,27 GROWTH Drive WEIR VIEWS 3338
53312924956,38A DONGOLA Road WEST FOOTSCRAY 3012
53312925722,24A WEEROONA Avenue HAMLYN HEIGHTS 3215
53312928254,24 SILVER LEAF Way WINTER VALLEY 3358
53312951951,12 KYEAMBA Circuit BACCHUS MARSH 3340
53312954499,24 ROSE GUM Circuit BELLBRAE 3228
53312959143,5 TEASDALE Avenue LUCAS 3350
53312959508,48A BEDFORD Street AIRPORT WEST 3042
53312959928,9 CALIGARI Way ALFREDTON 3350
53312930996,12 BUTLER Court BACCHUS MARSH 3340
53312960738,3 HONEY EATER Drive WINTER VALLEY 3358
53312961455,5A CAREY Court KEILOR EAST 3033
53312962352,97 WINIFRED Street OAK PARK 3046
53312965843,9 JOVIAL Avenue TARNEIT 3029
53312966117,45 CABANE Circuit MOUNT DUNEED 3217
53312967039,38 WATERBIRD Circuit WEIR VIEWS 3338
53312046309,20-21 GYPSY Court OCEAN GROVE 3226
53312098317,144 ASBURY Street OCEAN GROVE 3226
53313576351,144 ATHERSTONE Boulevard STRATHTULLOH 3338
53313576491,27 BUICK Road SMYTHES CREEK 3351
53313576624,7 CINDER Drive TARNEIT 3029
53313576907,37 CORNFLOWER Way MOUNT DUNEED 3217
53313577036,55 CONSERVATORY Drive DEANSIDE 3336
53313577449,13 ROSEWOOD Drive OCEAN GROVE 3226
53313577706,10 SUMMERTIME Avenue CHARLEMONT 3217
53313577977,19 VERDALE Drive ALFREDTON 3350
53313578101,199 SHORTRIDGE Drive LUCAS 3350
53313578546,3 PLATERO Boulevard JACKASS FLAT 3556
53313578678,126 MERINDAH Boulevard DEANSIDE 3336
53313578803,275 MANOR LAKES Boulevard MANOR LAKES 3024
53313578942,46 LYNWOOD Drive THORNHILL PARK 3335
53313579073,14 EGRET Way DIGGERS REST 3427
53313579215,9 LORIKEET Circuit ROCKBANK 3335
53313579486,3 LAVONA Street POINT COOK 3030
53313579611,40 MEWAT Circuit THORNHILL PARK 3335
53313579750,6 COTTONWOOD Road DIGGERS REST 3427
53313580024,14 GHOST GUM Way JACKASS FLAT 3556
53313580560,8 LAUNCESTON Street OCEAN GROVE 3226
53313580825,80 EAGLEMONT Drive STRATHTULLOH 3338
53313581097,37 UNIVERSAL Road TARNEIT 3029
53313581484,3 SPARROW Way WINTER VALLEY 3358
53313581625,22 ROSEWOOD Drive OCEAN GROVE 3226
53313581898,14 CALLICOMA Street MICKLEHAM 3064
53313582028,4 PURPLE Road FRASER RISE 3336
53313582290,11 CASSADY Esplanade WARRNAMBOOL 3280
53313582564,14 BERESFORD Street TRUGANINA 3029
53313582714,40 SHEOAK Street EPSOM 3551
53313582977,7 CAPEK Street SUNBURY 3429
53313583389,9 GALACTIC Avenue STRATHFIELDSAYE 3551
53313363674,3 BOLD FRONT Court MINERS REST 3352
53313363809,54 REARDON Crescent ST LEONARDS 3223
53313363930,7 HARDING Road THORNHILL PARK 3335
53313602891,3 PIANTA Street GREENVALE 3059
53313603023,109 ELPIS Road WEIR VIEWS 3338
53313603156,43 INGLEWOOD Drive WERRIBEE 3030
53313603691,2 PICASSO Street WINTER VALLEY 3358
53313603832,59 OPAL Drive LEOPOLD 3224
53313603965,12 DARTER Way ARMSTRONG CREEK 3217
53313604369,18 KENNARD Grove CHARLEMONT 3217
53313604491,20 GASTON Crescent BONNIE BROOK 3335
53313604624,15 COOL Street SUNBURY 3429
53313604907,28 WATTLEBIRD Court SUNSHINE NORTH 3020
53313605160,43 VILLETTE Avenue TARNEIT 3029
53313605291,10 AMBIENT Street MOUNT DUNEED 3217
53313605697,4 WATTLEBIRD Court SUNSHINE NORTH 3020
53313605820,40 WATTLEBIRD Court SUNSHINE NORTH 3020
53313606102,34 GATHERING Grove TARNEIT 3029
53313606372,72 ODYSSEY Boulevard TARNEIT 3029
53313606646,16 POTALA Avenue BONNIE BROOK 3335
53313606778,11 BRITTAIN Avenue WARRNAMBOOL 3280
53313606903,25 TAYLORS Circuit CHARLEMONT 3217
53313607040,1 WEEYAN Street WARRNAMBOOL 3280
53313607180,169 ABERLINE Road WARRNAMBOOL 3280
53313607314,16 MEWAT Circuit THORNHILL PARK 3335
53313607453,9 POWELL Street TORQUAY 3228
53313607593,3 SHANKAR Road TARNEIT 3029
53313607726,8 CHAPPELL Avenue CLIFTON SPRINGS 3222
53313608121,14 AZAS Street TRUGANINA 3029
53313608253,4 SWANPOOL Place STRATHTULLOH 3338
53313608385,52 DUCHESS Drive ST LEONARDS 3223
53313608510,9 KARDAK Street TARNEIT 3029
53313608667,56 GUTHRIE Drive MELTON SOUTH 3338
53313608799,24 SHEARMAN Road DEANSIDE 3336
53313608922,14 LANDMARK Road WEIR VIEWS 3338
53313609467,15 GENOVESA Drive TRUGANINA 3029
53313763949,14 CRUSADE Street TARNEIT 3029
53313764212,24 ANSONS Walk WERRIBEE 3030
53313764369,8 DIXON Street DEANSIDE 3336
53313764624,8 TRONDHEIM Street ROCKBANK 3335
53313765029,2 EDIFICE Drive TARNEIT 3029
53313765160,20 WOOLSPINNER Crescent WYNDHAM VALE 3024
53313765440,45 RIVERSDALE Boulevard WEIR VIEWS 3338
53313765572,8 BUNCH Walk TRUGANINA 3029
53313765707,67 LITORIA Drive DEANSIDE 3336
53313765838,15 EMMANUE Street DEANSIDE 3336
53313765978,67 PINTAIL Drive MELTON SOUTH 3338
53313766110,363 PATULLOS Road LARA 3212
53313766240,34 AMUKTA Road TRUGANINA 3029
53313766521,4 RAAM Circuit ARMSTRONG CREEK 3217
53313766654,28 SHALE Road WERRIBEE 3030
53313766911,67 HALLINAN Street TARNEIT 3029
53313767180,23 ORANGE Drive FRASER RISE 3336
53313767320,59 CHARLESTON Road DEANSIDE 3336
53313767461,9 LAWFORD Street TRUGANINA 3029
53313767603,25 HAPPINESS Way WYNDHAM VALE 3024
53313767999,4 REDHAVEN Place EPSOM 3551
53313768139,6 RATHMINES Road TRUGANINA 3029
53313768403,8 GULL Street WINTER VALLEY 3358
53313768674,16 BROBERG Street WYNDHAM VALE 3024
53313768809,47 LOUVRE Road BONNIE BROOK 3335
53313768930,25 WATERFERN Street FRASER RISE 3336
53313769079,27 TARNALA Road TARNEIT 3029
53313769227,2 TUFT Street TARNEIT 3029
53313769350,21 VETRANO Avenue ALFREDTON 3350
53313769482,18 HAPPINESS Way WYNDHAM VALE 3024
53313769617,29 LEPPERTON Street WERRIBEE 3030
53313770014,12 MANTIS Circuit TARNEIT 3029
53313770292,8 EDGEMEAD Rise WERRIBEE 3030
53313770425,6 TRELLIS Grove ROCKBANK 3335
53313770708,18 SHELTERBELT Avenue WEIR VIEWS 3338
53313770847,8 BERNADETTE Road GREENVALE 3059
53313771093,23 NOAH Street GISBORNE 3437
53313550471,3 HEDGELEY Avenue DEANSIDE 3336
53313550606,19 VON GUERARD Boulevard WARRNAMBOOL 3280
53313550911,13 ODIN Walk MELTON SOUTH 3338
53313551059,3 DERBY Way ARMSTRONG CREEK 3217
53313551315,12 LUNAR Drive GREENVALE 3059
53313551462,11 CASELLI Street BALLARAT EAST 3350
53313551594,3 JEVONS Street MAMBOURIN 3024
53313551727,20 APPLE GUM Circuit BELLBRAE 3228
53313551850,2 AVAWARD Street WYNDHAM VALE 3024
53313552120,93 HIGHLINE Boulevard TRUGANINA 3029
53313552392,11 CASELLI Street BALLARAT EAST 3350
53313552533,11 CASELLI Street BALLARAT EAST 3350
53313552939,13 KARAKUL Street MAMBOURIN 3024
53313553078,14 LIGHTFOOT Way DEANSIDE 3336
53313553202,5 BALLAD Street STRATHTULLOH 3338
53313553466,17 GENERATION Crescent MAMBOURIN 3024
53313553608,27 VERDALE Drive ALFREDTON 3350
53313553739,6 AUDREY Street CHARLEMONT 3217
53313553994,10 KARAKUL Street MAMBOURIN 3024
53313554266,86 VERDALE Drive ALFREDTON 3350
53313554398,11 WILBY Walk CHARLEMONT 3217
53313554521,4 MORNINGTON Crescent ROCKBANK 3335
53313554679,1 TRIBUTARY Street TARNEIT 3029
53313554804,20 NAMATJIRA Boulevard HUNTLY 3551
53313794135,35 NOKOTA Circuit BONNIE BROOK 3335
53313794290,10 PORTRAIT Street MAMBOURIN 3024
53313794457,72 CROWLANDS Circuit EYNESBURY 3338
53313794597,48 UPLANDS Crescent MELTON SOUTH 3338
53313794720,30 MULLINS Way SUNBURY 3429
53313794861,50 MADISONS Avenue DIGGERS REST 3427
53313794993,57 LITORIA Drive DEANSIDE 3336
53313795133,21 GILROY Crescent CHARLEMONT 3217
53313795397,32 ZLATAN Way FRASER RISE 3336
53313795520,9 VILLANDRY Street ROXBURGH PARK 3064
53313795661,7 ROMNEY Street DEANSIDE 3336
53313795803,5 CHORILAENA Way MICKLEHAM 3064
53313796239,1 PEACEFUL Crescent STRATHFIELDSAYE 3551
53313796494,48 SPOONBILL Avenue WINTER VALLEY 3358
53313796627,28 FORREST GREEN Drive ARMSTRONG CREEK 3217
53313796768,65 SINCLAIRS Road DEANSIDE 3336
53313796890,23 WENSLEYDALE Drive ROCKBANK 3335
53313797021,23 LONGLEAF Street FYANSFORD 3218
53313583793,9 XENOLITH Drive CRAIGIEBURN 3064
53313584066,121 POLLY Parade TARNEIT 3029
53313584362,46 ABBOTSWICK Circuit WILLIAMS LANDING 3027
53313584494,12 BUSTER Street SUNBURY 3429
53313584627,17 SICILY Avenue DEANSIDE 3336
53313584750,6 MUSGROVE Street WARRNAMBOOL 3280
53313584890,17 COBRAM Drive EYNESBURY 3338
53313585170,50 COMMUNAL Road WYNDHAM VALE 3024
53313585304,9 IVORY Street COBBLEBANK 3338
53313585575,94 KINGDOM Boulevard WEIR VIEWS 3338
53313585700,43 NORTHWATTLE Crescent CORIO 3214
53313585831,70 KINGDOM Boulevard WEIR VIEWS 3338
53313586243,28 ATLANTIC Drive INDENTED HEAD 3223
53313586524,11 WHATMAN Street LUCAS 3350
53313586657,65 MODESTO Drive TARNEIT 3029
53313826202,15 SATORI Street MAMBOURIN 3024
53313826608,2 BATLOW Street ARMSTRONG CREEK 3217
53313826739,16 SCATTER Road FRASER RISE 3336
53313826887,7 VALAIS Way ROCKBANK 3335
53313827010,8 WEXFORD Way ROCKBANK 3335
53313827159,9 SPROUT Drive TARNEIT 3029
53313827421,9 TOOMEY Street HUNTLY 3551
53313827554,79 TULSI Avenue WERRIBEE 3030
53313827686,6 OSWALD Street TARNEIT 3029
53313827950,3 PALMDALE Crescent MAMBOURIN 3024
53313828215,9 PORTRAIT Street MAMBOURIN 3024
53313828354,15 FUSION Drive WYNDHAM VALE 3024
53313828627,22 ARARAT Street TRUGANINA 3029
53313828768,23 GRANGEHILL Mews WYNDHAM VALE 3024
53313828890,5 ITALIANATE Avenue DEANSIDE 3336
53313829294,9 TERRACOTTA Avenue TARNEIT 3029
53313829427,1 TEDDY Walk AINTREE 3336
53313829568,13 EVERBLOOM Crescent TARNEIT 3029
53313830229,11 GILLANDERS Street WARRNAMBOOL 3280
53313830352,80 ELMHURST Avenue AINTREE 3336
53313830484,35 ROSEHILL Way DIGGERS REST 3427
53313609730,57 DUCHESS Drive ST LEONARDS 3223
53313609863,22 POLLEN Road TARNEIT 3029
53313609995,3 AVION Crescent TRUGANINA 3029
53313610145,37 HOLMAN Crescent BACCHUS MARSH 3340
53313610292,6 GLOVER Street MAMBOURIN 3024
53313610821,3 ATHENA Road WEIR VIEWS 3338
53313611103,19 KOOLAH Drive LARA 3212
53313611233,13 ICARUS Street TARNEIT 3029
53313611373,40 MUSTANG Circuit BONNIE BROOK 3335
53313611508,15 SKALKOZ Street WILLIAMS LANDING 3027
53313611762,16 BOHEMIAN Road SUNBURY 3429
53313611904,5 CALISTA Drive MARYBOROUGH 3465
53313612165,108 VOYAGER Boulevard TARNEIT 3029
53313612478,29 BOTANICAL Drive MOUNT DUNEED 3217
53313612603,7 MEWAT Circuit THORNHILL PARK 3335
53313613304,17 WINDOW Road TARNEIT 3029
53313613601,13 CHARIOT Walk SUNBURY 3429
53313613740,14 CROWLANDS Circuit EYNESBURY 3338
53313613872,32 MOUNTAIN ASH Circuit WINTER VALLEY 3358
53313614006,23-25 VERNAL Circuit MOUNT DUNEED 3217
53313614276,32 LADHAMS Way MADDINGLEY 3340
53313614419,4 MILOS Court FRASER RISE 3336
53313614698,18 STALLION Place SEBASTOPOL 3356
53313614821,46 YELLOWSTONE Drive TRUGANINA 3029
53313614962,11 KINGSLEY Promenade HUNTLY 3551
53313615103,37 ORIENTATION Avenue TARNEIT 3029
53313615241,8 CALDERWOOD Walk STRATHTULLOH 3338
53313615508,20 HOLST Street ARMSTRONG CREEK 3217
53313615787,24 CAMPBELL Street WARRNAMBOOL 3280
53313615912,60 UNISON Road STRATHTULLOH 3338
53313616174,8 SAMPFORD Street ARMSTRONG CREEK 3217
53313616330,23 MOSSMAN Street LARA 3212
53313616463,15 MEDOC Boulevard DEANSIDE 3336
53313616595,1 SUNDANCE Boulevard WINTER VALLEY 3358
53313616869,19 BISHOPGATE Boulevard BONNIE BROOK 3335
53313616991,14 GENOVESA Drive TRUGANINA 3029
53313617122,25 AZAS Street TRUGANINA 3029
53313617262,9 LAMPLOUGH Walk EYNESBURY 3338
53313771233,3 NEON Crescent STRATHFIELDSAYE 3551
53313771516,13 KOOLAH Drive LARA 3212
53313771779,28 MONTAGNA Circuit ARMSTRONG CREEK 3217
53313771904,11 EMMANUE Street DEANSIDE 3336
53313772040,6 BAXTER Street MAMBOURIN 3024
53313772180,19 SEACHANGE Street ARMSTRONG CREEK 3217
53313772314,28 DALGLISH Street DEANSIDE 3336
53313772445,8 WILDERNESS Road FRASER RISE 3336
53313772981,6 GREENMONT Road WYNDHAM VALE 3024
53313773121,11 GRANGEHILL Mews WYNDHAM VALE 3024
53313773261,72 BUCHANAN Boulevard ARMSTRONG CREEK 3217
53313773393,13 AUBURN Crescent BACCHUS MARSH 3340
53313773534,7 CELESTIAL Way GREENVALE 3059
53313773674,9 CANTER Road TARNEIT 3029
53313773817,64 FRENCH Road GREENVALE 3059
53313773948,74 SUMAC Street BROOKFIELD 3338
53313774079,14 COMPANION Street MOUNT DUNEED 3217
53313774342,9 OLDENBURG Drive BONNIE BROOK 3335
53313774631,18 RIPVIEW Drive OCEAN GROVE 3226
53313774771,139 INSHORE Drive TORQUAY 3228
53313774906,18 UNIVERSAL Road TARNEIT 3029
53313775184,1 OVERTON Road WILLIAMS LANDING 3027
53313775324,274 RESERVE Road CHARLEMONT 3217
53313775589,50 SCULLIN Road CHARLEMONT 3217
53313775714,17 FARABI Walk TRUGANINA 3029
53313775878,38 BUCKINGHAM Boulevard STRATHTULLOH 3338
53313776002,26 LAKELAND Drive LUCAS 3350
53313776133,19 WILDLIFE Circuit FRASER RISE 3336
53313776407,3 CANDLES Street TARNEIT 3029
53313776538,384 CHARLEMONT Road ARMSTRONG CREEK 3217
53313776661,40 MAYOPARK Street DEANSIDE 3336
53313776803,114 ODYSSEY Boulevard TARNEIT 3029
53313777214,3 GIPPS Walk WYNDHAM VALE 3024
53313777485,22 FOAL Circuit FRASER RISE 3336
53313777634,23 CRADLE Circuit MANOR LAKES 3024
53313777774,88 CORNWALL Road SUNSHINE 3020
53313777917,4 MINDIL Street ARMSTRONG CREEK 3217
53314038410,10 HONEYDEW Drive TARNEIT 3029
53314038541,19 FLOCK Street TARNEIT 3029
53314038816,1 VARLEY Mews TARNEIT 3029
53314038947,23 TURNING Loop FRASER RISE 3336
53313797293,86 BLACK SWAN Drive ST LEONARDS 3223
53313797559,17 PRIMARY Road TARNEIT 3029
53313797681,5 ARENAL Drive TRUGANINA 3029
53313797822,50 THURLING Parade LUCAS 3350
53313797955,227 COASTAL Boulevard OCEAN GROVE 3226
53313798086,33 APORTA Avenue TARNEIT 3029
53313798499,24 PARADISE Circuit ARMSTRONG CREEK 3217
53313798622,1 MACOMB Way CHARLEMONT 3217
53313798755,4 MOUNTAIN Avenue MANOR LAKES 3024
53313799027,67 TANNUM Circuit TRUGANINA 3029
53313799695,12 MILAN Street DEANSIDE 3336
53313799836,3 KAREN Road TARNEIT 3029
53313799976,4A TOBRUK Crescent WILLIAMSTOWN 3016
53313800101,6 BROCKWOOD Street DEANSIDE 3336
53313800231,2 HOLLANDER Street LARA 3212
53313800514,20 THURLING Parade LUCAS 3350
53313800653,115 PLANE Avenue MAMBOURIN 3024
53313800785,5 DULCE Street DIGGERS REST 3427
53313800910,22 SENDOCK Parade HUNTLY 3551
53313801207,1 ORTI Way CHARLEMONT 3217
53313801461,37A HOLBERRY Street BROADMEADOWS 3047
53313801611,33 EMU Road MAIDSTONE 3012
53313801742,10 FULHAM Circuit BACCHUS MARSH 3340
53313801882,24 WILDWOOD Road AINTREE 3336
53313802014,6 ZLATAN Way FRASER RISE 3336
53313802425,46 SUMAC Street BROOKFIELD 3338
53313802558,8 CRUZ Road WINTER VALLEY 3358
53313802698,13 NOKOTA Circuit BONNIE BROOK 3335
53313802821,8 SPADEFOOT Place STRATHTULLOH 3338
53313802954,78 SHIPWRIGHT Parade WERRIBEE 3030
53313803093,73 ABSALOM Street MOUNT DUNEED 3217
53313803233,25 MONTAGNA Circuit ARMSTRONG CREEK 3217
53313803498,5 FRESHWATER Way FRASER RISE 3336
53313803762,5 KYAH Street FRASER RISE 3336
53313803894,23 DRUMCHAPEL Crescent STRATHTULLOH 3338
53313804034,13 HEDGEROW Circuit CORIO 3214
53313804322,41 MARADONA Boulevard DEANSIDE 3336
53313804463,7 CLOVERTREE Street TARNEIT 3029
53313804595,76 SHIPWRIGHT Parade WERRIBEE 3030
53313830758,69 COBRAM Drive EYNESBURY 3338
53313830880,6 CATTLECROSSING Way SUNBURY 3429
53313831014,12 ABINGDON Boulevard LARA 3212
53313831698,29 MICHELSON Drive MADDINGLEY 3340
53313831821,14 KALAMUNDRA Drive WERRIBEE 3030
53313832119,8 BURGESS Road TARNEIT 3029
53313832257,14 ANSONS Walk WERRIBEE 3030
53313832389,31 TANNUM Circuit TRUGANINA 3029
53313832645,7 BUSTER Street SUNBURY 3429
53313832942,81 SYDNEY Way ALFREDTON 3350
53313833073,32 SHILLINGS Road MAMBOURIN 3024
53313833207,60 DARWINIA Drive MICKLEHAM 3064
53313833346,32 PLATT Drive MADDINGLEY 3340
53313833478,24 CAVA Circuit SUNBURY 3429
53313833603,60 TOWER Street THORNHILL PARK 3335
53313833874,30 MAKYBE Street BONNIE BROOK 3335
53313834008,13 AVIANA Walk WYNDHAM VALE 3024
53313834261,4 ISOLA Mews TARNEIT 3029
53313834403,23 CLOVERTREE Street TARNEIT 3029
53313834534,2 PENDOWER Way WERRIBEE 3030
53313834667,5 FRUIT Street TARNEIT 3029
53313834930,73 PEAR Parade FRASER RISE 3336
53313835062,5 ROSSO Drive TARNEIT 3029
53313835194,33 LEAFY Street LARA 3212
53313835326,23 WILDLIFE Circuit FRASER RISE 3336
53313835609,5 LEAHY Circuit GISBORNE 3437
53313835863,36 MALACHITE Drive TARNEIT 3029
53313836004,32 MALACHITE Drive TARNEIT 3029
53313836135,10 PRANA Way WERRIBEE 3030
53313836399,28 BURRIDGE Street DEANSIDE 3336
53313836688,30 CUSHION Way TARNEIT 3029
53313836853,139 SAWMILL Road HUNTLY 3551
53313836985,744 NEALE Road DEANSIDE 3336
53313837124,24 BRONZEWING Way LARA 3212
53313837271,45 KAROL Street ALFREDTON 3350
53313837406,34 MICHELSON Drive MADDINGLEY 3340
53313837537,20 ASHFORDBY Street BONNIE BROOK 3335
53313837677,51 MAKEDONIA Street TARNEIT 3029
53313837802,31 ROSEHILL Way DIGGERS REST 3427
53313837941,24 KING GEORGE Street ST LEONARDS 3223
53312702642,46 HERTFORD Road SUNSHINE 3020
53312702774,46 HERTFORD Road SUNSHINE 3020
53312704509,1A BEN THANH Place SUNSHINE NORTH 3020
53314039078,3 HOMECREST Crescent WYNDHAM VALE 3024
53314039202,2 MASHAM Place LARA 3212
53314039341,23 SILVERDALE Drive ROMSEY 3434
53314039473,8 TUITION Drive TARNEIT 3029
53314039879,51 DAHLIA Crescent MICKLEHAM 3064
53314040005,12 JACKSONIA Drive MICKLEHAM 3064
53314040275,67 SUMAC Street BROOKFIELD 3338
53314041092,26 UPLANDS Crescent MELTON SOUTH 3338
53314041224,1 BISTRE Road TARNEIT 3029
53314041357,84 CARFIN Circuit THORNHILL PARK 3335
53314041497,18 DIBIASE Grove THORNHILL PARK 3335
53314041620,12 MARCELLUS Street MANOR LAKES 3024
53314041761,20 EUCALYPT Street ARMSTRONG CREEK 3217
53314041893,2 GLORIOUS Walk FRASER RISE 3336
53314042049,11 CRAYCROFT Road TRUGANINA 3029
53314042189,12 SENDOCK Parade HUNTLY 3551
53314042313,209 FRONTIER Avenue AINTREE 3336
53314042444,5 TESERO Lane DEANSIDE 3336
53314042584,49 BLOSSOM Drive MADDINGLEY 3340
53314042980,40 URQUHART Road TARNEIT 3029
53314043120,21 CHARLES ANDERSON Grove LAKE GARDENS 3355
53314043384,16 BORONIA Way MICKLEHAM 3064
53314043533,13 LEONA Drive WYNDHAM VALE 3024
53314043673,23 HICKLING Road TARNEIT 3029
53314043808,113 WATERFERN Street FRASER RISE 3336
53314044078,6 DAPPLE Street TARNEIT 3029
53314044210,86 MALKARI Circuit GREENVALE 3059
53314044473,24 BALDWIN Road FRASER RISE 3336
53314044608,15 KARDINIA Street BONSHAW 3352
53314044747,31 ALTURA Drive TRUGANINA 3029
53314044879,5 MCLAREN Street WARRNAMBOOL 3280
53314045134,14 MEALIE Avenue MICKLEHAM 3064
53314045273,17 LEITH Road THORNHILL PARK 3335
53314045539,18 LAHAR Road TRUGANINA 3029
53314045943,12 BET Street TRUGANINA 3029
53314046074,21 RENEE Street SUNBURY 3429
53314046208,23 SEASTAR Street WILLIAMSTOWN NORTH 3016
53314046347,19 KOORA Drive SUNBURY 3429
53314046479,22 HACKAMORE Street TARNEIT 3029
53313804728,18 CATCHMENT Drive FRASER RISE 3336
53313804869,13 STINGRAY Street ARMSTRONG CREEK 3217
53313804991,8 CRUSADE Street TARNEIT 3029
53313805123,63 SINCLAIRS Road DEANSIDE 3336
53313805255,36 WANDERLUST Drive MOUNT DUNEED 3217
53313805395,64 KRATERON Street FRASER RISE 3336
53313805669,15 PRANA Way WERRIBEE 3030
53313805801,6 OTTAWA Street TRUGANINA 3029
53313806213,12 CHOIR Lane TARNEIT 3029
53313806484,20 NATURE Road TARNEIT 3029
53313806740,22 AEOLUS Street ARMSTRONG CREEK 3217
53313806880,14 CREMELLO Crescent TARNEIT 3029
53313807029,14 SUPEN Street MOUNT DUNEED 3217
53313807283,76 NASCENT Drive TARNEIT 3029
53313807418,53 HARRIOTT Road ARMSTRONG CREEK 3217
53313807557,18 SIANG Road DEANSIDE 3336
53313807820,46 SCULLIN Road CHARLEMONT 3217
53313807953,90 MAMIC Boulevard FRASER RISE 3336
53313808372,4 ARBORY Walk WYNDHAM VALE 3024
53313808646,8 HATHAWAY Close ALFREDTON 3350
53313808786,61 STREAM Road WYNDHAM VALE 3024
53313808911,39 TRUFFLE Circuit MOUNT DUNEED 3217
53313809059,30 WOOLSPINNER Crescent WYNDHAM VALE 3024
53313809199,5 TIMOR Road TRUGANINA 3029
53313809321,3 ROWANDS Street MOUNT DUNEED 3217
53313809454,17 APRICOT Circuit TARNEIT 3029
53313809586,50 PATRIOT Crescent SMYTHES CREEK 3351
53313809727,3 BERKELEY Drive ARMSTRONG CREEK 3217
53313809850,7 MAUVELOUS Avenue TARNEIT 3029
53313044649,61 ALTEZZE Drive TRUGANINA 3029
53313044771,57 ALTEZZE Drive TRUGANINA 3029
53313046514,16 JAMES Street SUNSHINE WEST 3020
53313838238,11 FICUS Way ROCKBANK 3335
53313838361,42 ORIENTATION Avenue TARNEIT 3029
53313838733,3 CRIB Street TARNEIT 3029
53313838873,40 BRISBANE Street LARA 3212
53313839007,47 SUMAC Street BROOKFIELD 3338
53313839138,23 LITHIC Road CRAIGIEBURN 3064
53313839260,69 DANUBE Road TRUGANINA 3029
53313839798,28 TRANQUILITY Crescent ARMSTRONG CREEK 3217
53313839939,17 BARLOW Street SUNBURY 3429
53313840070,93 BUSHRANGER Drive SUNBURY 3429
53313840212,47 GROWTH Drive WEIR VIEWS 3338
53313840483,49 RAWSON Circuit WERRIBEE 3030
53313840618,7 FARLEIGH Drive TARNEIT 3029
53313840757,12 HERBAGE Drive TARNEIT 3029
53313841029,33 WOODS Road TRUGANINA 3029
53313841152,21 VIVID Street WINTER VALLEY 3358
53313841418,203 DYSON Drive ALFREDTON 3350
53313077105,10 FLAUBERT Road CRAIGIEBURN 3064
53313077764,122 SHORTRIDGE Drive LUCAS 3350
53313079546,12 QUIRK Road LUCAS 3350
53313079678,9 PALMYRA Street GREENVALE 3059
53313079803,9 PALMYRA Street GREENVALE 3059
53313080091,79 SHORTRIDGE Drive LUCAS 3350
53313080249,2A RIDGE Drive AVONDALE HEIGHTS 3034
53313080371,29 HALLCROFT Road GREENVALE 3059
53312972491,18 IGNEOUS Road CRAIGIEBURN 3064
53312973202,8 PINNACLE POINT Road BACCHUS MARSH 3340
53312974521,3A MARGARET Street WERRIBEE 3030
53312974729,9 NOORDENNE Avenue SEAHOLME 3018
53312974927,15 RAINIER Drive TRUGANINA 3029
53312975644,3 BRIGHT Street TORQUAY 3228
53314046604,7 CHAVE Court LAVERTON 3028
53314046875,54 PRANA Way WERRIBEE 3030
53314047139,19 EBB Drive TARNEIT 3029
53314047261,86 PEAR Parade FRASER RISE 3336
53314047403,43 CYCLAMEN Avenue ALTONA NORTH 3025
53314047682,19 LEGACY Court SUNBURY 3429
53314047817,27 OSCAR Crescent DEANSIDE 3336
53314047956,10 GIANT Road TARNEIT 3029
53314048087,26 DARKE Boulevard ROCKBANK 3335
53314048211,11 LUCANIA Crescent TARNEIT 3029
53314048617,24 GIANT Road TARNEIT 3029
53314048748,23 CORIANDER Street TRUGANINA 3029
53314049012,14 BOOTH Road MADDINGLEY 3340
53314049143,12 BLEEKER Way FRASER RISE 3336
53314049548,71 DAYBREAK Vista MICKLEHAM 3064
53314049688,1 GALILEO Place GREENVALE 3059
53314049813,41 MARCIA Street SUNSHINE WEST 3020
53314050085,10 BERTENSHAW Street TRUGANINA 3029
53314050219,3 BANYAN Walk MICKLEHAM 3064
53314050340,1 FEN Walk POINT COOK 3030
53314050615,12 TRENTINO Grove FRASER RISE 3336
53314050746,3 DOTTEREL Street GREENVALE 3059
53314050886,54 KAILASH Road WERRIBEE 3030
53314051010,6 MOSSIFACE Drive TARNEIT 3029
53314051167,7 WINGEEL Street MAMBOURIN 3024
53314051298,5 GUARDAVALLE Street DEANSIDE 3336
53314051579,10 GRASSY Street ARMSTRONG CREEK 3217
53314051712,73 PRUDENCE Parade POINT COOK 3030
53314051843,32 URQUHART Road TARNEIT 3029
53314051975,13 BEETHISTLE Drive ROCKBANK 3335
53314052107,9 WARHAWKE Road AINTREE 3336
53314052253,94 BONNIEBROOK Road BONNIE BROOK 3335
53314052385,14 IRONWOOD Road MICKLEHAM 3064
53314052526,5 STONECUTTER Loop FRASER RISE 3336
53314052799,15 SYMPHONY Road CRAIGIEBURN 3064
53314052930,10 POPPETHEAD Road JACKASS FLAT 3556
53314053062,89 TERRENE Terrace POINT COOK 3030
53314053194,68 LEEWARD Drive TARNEIT 3029
53314053334,24 TAUPE Street WYNDHAM VALE 3024
53314053467,24 PRIMROSE Drive WAURN PONDS 3216
53314053722,2 KURRAJONG Road MICKLEHAM 3064
53314053870,17 KALAMUNDRA Drive WERRIBEE 3030
53314054004,6 KOBI Street TARNEIT 3029
53313046910,38 RUISLIP Avenue STRATHTULLOH 3338
53313048483,17 RAINIER Drive TRUGANINA 3029
53313050086,79 GREVILLEA Drive MOUNT DUNEED 3217
53313051885,72 BURSA Drive WYNDHAM VALE 3024
53313052031,70 BURSA Drive WYNDHAM VALE 3024
53313053640,59 ATLANTIS Drive POINT COOK 3030
53313054128,65 WEDGE TAIL Drive WINTER VALLEY 3358
53313081346,4 LOVELL Lane AINTREE 3336
53313081627,4 BALLOTA Street WYNDHAM VALE 3024
53313081918,6 RUDHALL Street MADDINGLEY 3340
53313082708,23 AVAWARD Street WYNDHAM VALE 3024
53313083936,15 LAURENCE Avenue AIRPORT WEST 3042
53313084068,40 ENDURANCE Way POINT COOK 3030
53313084869,16 HAYES Parade PASCOE VALE 3044
53313086641,4 SHINING Lane AINTREE 3336
53313087053,176 ELEVATION Boulevard CRAIGIEBURN 3064
53312977186,72 RESTFUL Way ROCKBANK 3335
53312977490,92 GRAINGER Parade LUCAS 3350
53312977888,44 HEATHER Avenue KEILOR EAST 3033
53312978480,31 GROWTH Drive WEIR VIEWS 3338
53312978615,82 RESTFUL Way ROCKBANK 3335
53312978813,21 PROSPECT Street GLENROY 3046
53312979554,57 RESTFUL Way ROCKBANK 3335
53312980050,7 DACELO Avenue BROADMEADOWS 3047
53313268626,96 RESTFUL Way ROCKBANK 3335
53313268759,7 MAPSTONE Court MELTON SOUTH 3338
53313269039,15 MAPSTONE Court MELTON SOUTH 3338
53313269179,3 LIMESTONE Street CHARLEMONT 3217
53313269303,5 BASTEN Avenue DEANSIDE 3336
53313269434,64 KENSINGTON Boulevard SMYTHES CREEK 3351
53313270640,18 MASSEY Crescent CURLEWIS 3222
53313270798,31 SUMAR Drive CRAIGIEBURN 3064
53313271053,21 ALTEZZE Drive TRUGANINA 3029
53313271580,1 REARDON Crescent ST LEONARDS 3223
53313271715,25 TANZANITE Circuit CRAIGIEBURN 3064
53313271862,16 SILVER OAK Way MOUNT DUNEED 3217
53313272001,13 REGENT Street KEILOR EAST 3033
53313272140,35 FAWKNER Crescent ARMSTRONG CREEK 3217
53313272271,16 ALCOCK Road TRUGANINA 3029
53313272685,13A REGENT Street KEILOR EAST 3033
53313274070,27 LAFLIN Avenue TARNEIT 3029
53313274204,55 BASTEN Avenue DEANSIDE 3336
53313274468,2 PALANA Walk GREENVALE 3059
53313274749,27-29 MARLO Street HAMLYN HEIGHTS 3215
53313274871,23 DEAKIN Avenue ALTONA NORTH 3025
53313275418,14 PALANA Walk GREENVALE 3059
53313275689,16 MISTEN Avenue ALTONA NORTH 3025
53313057534,86 GRAINGER Parade LUCAS 3350
53313058194,12 KITCHENER Road PASCOE VALE 3044
53313058467,209 BAILEY Street GROVEDALE 3216
53313300563,29 VEL Street DEANSIDE 3336
53313300705,5 CORONET Street EPSOM 3551
53313301230,22 HOLLYWOOD Drive ROXBURGH PARK 3064
53313301363,16 CORIDALE Boulevard LARA 3212
53313301628,47 HOMAGE Avenue FRASER RISE 3336
53313089059,627B BARKLY Street WEST FOOTSCRAY 3012
53313089901,8 CLOVER Drive ROCKBANK 3335
53313091361,15 WORN Road CHARLEMONT 3217
53313092045,8 SHORT Walk SUNBURY 3429
53313092301,35 GLADE Avenue ALTONA NORTH 3025
53313332240,33 MAREMMANO Crescent TAYLORS LAKES 3038
53313333208,116 JUKES Road FAWKNER 3060
53313333347,20 MULLINGAR Drive ALFREDTON 3350
53313333505,89 SHORTRIDGE Drive LUCAS 3350
53313333636,3 PERIDOT Way ALFREDTON 3350
53313334305,65 WALTON Street MELTON SOUTH 3338
53313335311,9 LUSITANO Street TAYLORS LAKES 3038
53312984712,2 ARGYLE Street GLENROY 3046
53312984851,711 BARKLY Street WEST FOOTSCRAY 3012
53312985486,29 ALTO Crescent GREENVALE 3059
53312985651,66 TYQUIN Street LAVERTON 3028
53312986484,95 GRAINGER Parade LUCAS 3350
53313275846,27 ARGYLL Drive JUNORTOUN 3551
53313276258,9 MONTEREY Street ARMSTRONG CREEK 3217
53313276380,43 RICKY Parade ARMSTRONG CREEK 3217
53313277066,5 MONTEREY Street ARMSTRONG CREEK 3217
53313277338,34 SCORPIO Road WEIR VIEWS 3338
53313277768,44 CHARLES ANDERSON Grove LAKE GARDENS 3355
53313278294,19 MONTEREY Street ARMSTRONG CREEK 3217
53313278435,11 CITRON Street TARNEIT 3029
53313278823,14 TOOHEY Close MELTON SOUTH 3338
53313278964,8 SLEEMAN Place MELTON SOUTH 3338
53313279095,13 SLEEMAN Place MELTON SOUTH 3338
53313279227,6 MCKAY Place MELTON SOUTH 3338
53313279350,4 CORNELIUS Close MELTON SOUTH 3338
53313279490,1 CORNELIUS Close MELTON SOUTH 3338
53313280153,18 NIKOLAOS Street SMYTHES CREEK 3351
53313280284,43 CHARLES ANDERSON Grove LAKE GARDENS 3355
53313280419,73 MAIN Road ST ALBANS 3021
53313281085,34 SPECTOR Walk WERRIBEE 3030
53313281480,20 JACOBENA Road MELTON SOUTH 3338
53313282958,28 CONONDALE Avenue TRUGANINA 3029
53313283229,9 GIBBS Street DEANSIDE 3336
53313302162,6A STEPHENSON Street WINCHELSEA 3241
53313302567,19 HELENIC Drive GREENVALE 3059
53313302848,7 DEVONSHIRE Road THORNHILL PARK 3335
53313303234,16 CORONET Street EPSOM 3551
53313303770,18 BANBURY Road BONNIE BROOK 3335
53313304191,21 BELLBIRD Street KURUNJANG 3337
53313304992,6 SAVANNAH Court DELACOMBE 3356
53313305685,10 DEVENISH Way ST LEONARDS 3223
53313305941,107 WEXFORD Street ALFREDTON 3350
53313306214,4 DALGLISH Street DEANSIDE 3336
53313306610,222 BUCKLEY Street FOOTSCRAY 3011
53313307847,8 KONARK Road BONNIE BROOK 3335
53313307979,10 SOCIAL Street TARNEIT 3029
53313308274,7 ZELKOVA Place LAKE GARDENS 3355
53313308805,29 CURTIN Drive DEANSIDE 3336
53313335731,40 DAGLISH Way WERRIBEE 3030
53313336152,16A BIRMINGHAM Street SPOTSWOOD 3015
53313336291,42 SANDSPIT Walk ARMSTRONG CREEK 3217
53313336697,9 RIMMINGTON Way ROCKBANK 3335
53313337249,33 ERASMUS Avenue CRAIGIEBURN 3064
53313337661,33 COMMERCIAL Street MAIDSTONE 3012
53313337803,12 GEORGE Street SUNSHINE 3020
53313337942,9 YUCAMANE Drive TRUGANINA 3029
53313338073,49 CROWN Drive FRASER RISE 3336
53313338494,10 GATES Road BURNSIDE 3023
53313338627,25 SCHEFFLERA Street CRAIGIEBURN 3064
53313338750,23 SCHEFFLERA Street CRAIGIEBURN 3064
53313339583,1 DIANELLA Court WOODEND 3442
53313339997,15 PALMASTON Drive GREENVALE 3059
53313340534,28 LABICHEA Street CRAIGIEBURN 3064
53313341087,58 MAMIC Boulevard FRASER RISE 3336
53313283352,62 DANDELION Crescent ROCKBANK 3335
53313283930,748 BARKLY Street WEST FOOTSCRAY 3012
53313523229,59 FLEURIEU Circuit ARMSTRONG CREEK 3217
53313523484,16 NAMATJIRA Boulevard HUNTLY 3551
53313523758,16 BOWERBIRD Grange WINTER VALLEY 3358
53313523898,40 NORMANBY Boulevard DEANSIDE 3336
53313524020,8A RICHARD Court CRESWICK 3363
53313524161,135 BONNIEBROOK Road BONNIE BROOK 3335
53313524292,41 STRICTA Circuit FRASER RISE 3336
53313524425,19 BROLGA Boulevard WINTER VALLEY 3358
53313524558,24 FEGENT Road TARNEIT 3029
53313524954,21 POTALA Avenue BONNIE BROOK 3335
53313525093,9 ALLANWOOD Street OCEAN GROVE 3226
53313525409,5 HOOD Street TRUGANINA 3029
53313525548,19 INGLENOOK Circuit ARMSTRONG CREEK 3217
53313525944,4 GRIBBLE Street LUCAS 3350
53313526075,7 DORTON Glade DRYSDALE 3222
53313526470,3 CALDWELL Court PORTLAND 3305
53313526605,13 SICILY Avenue DEANSIDE 3336
53313527148,17 MATTHEWS Road LOVELY BANKS 3213
53313527428,100 MILLBROOK Drive WYNDHAM VALE 3024
53313527683,20 CINDER Drive TARNEIT 3029
53313528228,11 SARAN Crescent DEANSIDE 3336
53313528491,11 ISLAMABAD Crescent MOUNT COTTRELL 3024
53313528765,31 KAREN Road TARNEIT 3029
53313529177,20 BEARTOOTH Drive WINTER VALLEY 3358
53313529301,35 PECHORA Street TRUGANINA 3029
53313529572,7 HELENIC Drive GREENVALE 3059
53313309330,48 WALDOCK Way WARRNAMBOOL 3280
53313310182,9 PECHORA Street TRUGANINA 3029
53313310316,36 NORMANBY Boulevard DEANSIDE 3336
53313310455,25 ELECTRA Drive WILLIAMS LANDING 3027
53313310843,70 INSHORE Drive TORQUAY 3228
53313310983,142 ALTEZZE Drive TRUGANINA 3029
53313312087,119 BONNIEBROOK Road BONNIE BROOK 3335
53313312764,35 DANDELION Crescent ROCKBANK 3335
53313313036,14 CARDAMON Street ARMSTRONG CREEK 3217
53313313184,4 HOOVER Street CRAIGIEBURN 3064
53313314407,24 PENNELL Avenue ST ALBANS 3021
53313314803,23 BOURNE Boulevard DENNINGTON 3280
53313315099,10 BOWENIA Avenue CRAIGIEBURN 3064
53313315239,28 MULLINGAR Drive ALFREDTON 3350
53313315504,2 STABLE Court MINERS REST 3352
53313315635,31 HARVEYS Lane JACKASS FLAT 3556
53313316056,4 SANDY Crescent INVERMAY PARK 3350
53313555067,58 SHOWMAN Drive DIGGERS REST 3427
53313555208,20 LIGHTFOOT Way DEANSIDE 3336
53313555479,19 MACLAREN Drive MELTON SOUTH 3338
53313555604,6 BALLANTYNE Street WARRNAMBOOL 3280
53313343172,12 CLOCKWISE Street GREENVALE 3059
53313343306,9 HOMELAND Way ARMSTRONG CREEK 3217
53313343577,30 KEEPING Terrace TARNEIT 3029
53313344107,12 MUSTANG Circuit BONNIE BROOK 3335
53313344245,16 BROWNLEE Boulevard WINTER VALLEY 3358
53313344377,18 FRIENDSHIP Place TARNEIT 3029
53313344641,8 LIPIZZAN Crescent TAYLORS LAKES 3038
53313344908,102 BRIGHTVALE Boulevard WYNDHAM VALE 3024
53313345178,3 KERR Road DEANSIDE 3336
53313345459,19 WESTDAHL Street TRUGANINA 3029
53313345599,28 FLANNERY Circuit CHARLEMONT 3217
53313346143,6 ATTADALE Avenue WERRIBEE 3030
53313346282,2 PAGE Street MARYBOROUGH 3465
53313346417,10 RED WATTLE Way GREENVALE 3059
53313346548,46 GIBSONS Circuit BONNIE BROOK 3335
53313346813,67 PRESENTATION Boulevard WINTER VALLEY 3358
53313347074,17 NIKOLAOS Street SMYTHES CREEK 3351
53313347751,13 PARKSIDE Walk LAVERTON 3028
53313347891,8 RESTFUL Way ROCKBANK 3335
53313586789,8 OTTERHAM Way WERRIBEE 3030
53313586914,68 KENSINGTON Boulevard SMYTHES CREEK 3351
53313587069,22 LORIKEET Circuit ROCKBANK 3335
53313587323,177 STATION Street EPSOM 3551
53313587606,87 SHELTERBELT Avenue WEIR VIEWS 3338
53313587753,32A CAPRICORN Road TRUGANINA 3029
53313587903,7 ABINGDON Boulevard LARA 3212
53313588199,73 BLACKSHAWS Road NEWPORT 3015
53313588321,56 HUNTINGFIELD Street THORNHILL PARK 3335
53313588454,10 STARKE Street DEANSIDE 3336
53313588727,10 CAMPBELL Street WARRNAMBOOL 3280
53313589122,19 BUCHANAN Drive LUCAS 3350
53313589262,16 GOSFIELD Drive WERRIBEE 3030
53313529838,14 YELLOW GUM Way MOUNT DUNEED 3217
53313530499,64 DOVE Avenue WINTER VALLEY 3358
53313530648,35 CALLICOMA Street MICKLEHAM 3064
53313530905,23 CURTIN Drive DEANSIDE 3336
53313531175,15 GELANTIPY Drive TRUGANINA 3029
53313531456,3 BALLET Crescent SUNBURY 3429
53313532122,23 EIFFEL Avenue BONNIE BROOK 3335
53313532394,10 MILOS Court FRASER RISE 3336
53313532650,11 SANDY Walk FRASER RISE 3336
53313532790,46 LOGAN Street EYNESBURY 3338
53313533055,7 GALWAY Drive ALFREDTON 3350
53313533195,45 LISTOWEL Grove ROCKBANK 3335
53313533343,57 EDITH Street TARNEIT 3029
53313533475,17 CURTIN Drive DEANSIDE 3336
53313533731,23 KOOMBA Crescent GREENVALE 3059
53313534005,11 DEVOTION Way TARNEIT 3029
53313534862,41 LORIKEET Circuit ROCKBANK 3335
53313535003,16 DILWARRA Drive BONNIE BROOK 3335
53313535134,4 SYKES Walk ST ALBANS 3021
53313535266,38 LIMPET Circuit POINT LONSDALE 3225
53313535398,223 BRIDGE Road COBBLEBANK 3338
53313535539,20 INGLEWOOD Drive WERRIBEE 3030
53313535662,223 BRIDGE Road COBBLEBANK 3338
53313535804,13 POTALA Avenue BONNIE BROOK 3335
53313536216,28 ICONIC Drive TARNEIT 3029
53313536529,4 ALEGRA Street BALLAN 3342
53313536933,150 BONNIEBROOK Road BONNIE BROOK 3335
53313537064,16 BRAY Street DEANSIDE 3336
53313537205,7 ROSEWOOD Drive OCEAN GROVE 3226
53313555751,57 TRICKETT Drive TRUGANINA 3029
53313555883,96 WATTLEBIRD Court SUNSHINE NORTH 3020
53313556017,55 WALTON Street MELTON SOUTH 3338
53313556719,17 HARSHAW Road THORNHILL PARK 3335
53313556858,7 FLORESTA Street FRASER RISE 3336
53313556980,6 SHEOAK Court CAMPBELLS CREEK 3451
53313557419,40 STEADFIELD Circuit MELTON SOUTH 3338
53313557558,49 HAWKESTONE Street MELTON SOUTH 3338
53313557680,113 PALMDALE Crescent MAMBOURIN 3024
53313557954,21 STEADFIELD Circuit MELTON SOUTH 3338
53313558103,3 THACKER Court CARDIGAN 3352
53313558233,17 SAGRADA Way FRASER RISE 3336
53313558366,15 BUICK Road SMYTHES CREEK 3351
53313558508,32 WOODBURY Street WILLIAMS LANDING 3027
53313558762,2 VAIGAI Lane DEANSIDE 3336
53313558894,41-43 BRISBANE Street LARA 3212
53313559034,4 ZINNIA Way DIGGERS REST 3427
53313559167,41 NORTHWATTLE Crescent CORIO 3214
53313559298,33 TERRACOTTA Avenue TARNEIT 3029
53313559439,21 BRISBANE Street LARA 3212
53313559843,3 GELANTIPY Drive TRUGANINA 3029
53313560330,14 BANUM Crescent ASCOT VALE 3032
53313560463,12 JOHANNA Drive WINTER VALLEY 3358
53313560595,58 ASPIRING Drive HUNTLY 3551
53313560744,64 BALLET Crescent SUNBURY 3429
53313560876,11 STELLAR Road BONNIE BROOK 3335
53313561000,27 BELCONNEN Avenue STRATHTULLOH 3338
53313561270,32 MAMIC Boulevard FRASER RISE 3336
53313561676,26 TAMWORTH Drive ROCKBANK 3335
53313561819,10 CELESTA Road LARA 3212
53313562368,18 RANELAGH Avenue STRATHTULLOH 3338
53313562623,32 FLEURIEU Circuit ARMSTRONG CREEK 3217
53313562896,81 EDITH Street TARNEIT 3029
53313563028,5 ESCARPMENT Drive FYANSFORD 3218
53313563151,23 VON GUERARD Boulevard WARRNAMBOOL 3280
53313589527,33 COCKERELL Street TARNEIT 3029
53313589800,16 SILA Road WERRIBEE 3030
53313589931,4 PAMPAS Street ROCKBANK 3335
53313590072,193 BONNIEBROOK Road BONNIE BROOK 3335
53313590206,39 TAMWORTH Drive ROCKBANK 3335
53313590345,9 STELLAR Road BONNIE BROOK 3335
53313590602,19 POTALA Avenue BONNIE BROOK 3335
53313590733,8 COMMUNAL Road WYNDHAM VALE 3024
53313591277,17 SUNLIGHT Circuit LARA 3212
53313591822,12 PERSANO Way TAYLORS LAKES 3038
53313592102,24 GOWAR Road TARNEIT 3029
53313592507,9 BLACKALL Street TRUGANINA 3029
53313592638,19 GILDED Way CRAIGIEBURN 3064
53313592778,21 DORTON Glade DRYSDALE 3222
53313592903,13 GLISTEN Way CRAIGIEBURN 3064
53313593041,68 VANTAGE Boulevard CRAIGIEBURN 3064
53313593173,38 SHORTRIDGE Drive LUCAS 3350
53313593454,16 PERSANO Way TAYLORS LAKES 3038
53313593594,7 LINDQUIST Drive GISBORNE 3437
53313593875,27 DOMA Drive TRUGANINA 3029
53313594009,27 SUNLIGHT Circuit LARA 3212
53313594148,74 DUTCH Road SUNBURY 3429
53313594279,377 PATULLOS Road LARA 3212
53313594412,5 MYRTLE Street CAMPBELLS CREEK 3451
53313595088,96 ANGLESEA Street WINTER VALLEY 3358
53313595228,14 CENTINELA Street TARNEIT 3029
53313595351,101 INGLENOOK Circuit ARMSTRONG CREEK 3217
53313595889,6 NAMBA Drive TARNEIT 3029
53313596013,78 PRESENTATION Boulevard WINTER VALLEY 3358
53313596144,19 BROAD Road FRASER RISE 3336
53313596283,3 RESERVOIR Road FRASER RISE 3336
53313596418,16 BUICK Road SMYTHES CREEK 3351
53313596671,18 ARBOUR Grove BELMONT 3216
53313596814,19 VIOLETTA Boulevard DIGGERS REST 3427
53312434633,5 DRIVER Street MOOLAP 3224
53312436060,68 HUBERT Avenue GLENROY 3046
53313537469,31 MAGNIFICENT Grove MOUNT DUNEED 3217
53313537740,15 SHEEPYARD Way DIGGERS REST 3427
53313538014,16 HOVEA Grove NEW GISBORNE 3438
53313538419,48 WALLANGARA Boulevard HARKNESS 3337
53313538540,10 FREDDIE Street SUNBURY 3429
53313538680,70 CLAUDIA Crescent KURUNJANG 3337
53313538821,10 GARNET Street TARNEIT 3029
53313778088,6 KALAMUNDRA Drive WERRIBEE 3030
53313778212,18 COLIBAN Road WERRIBEE 3030
53313778475,17 VILLANDRY Street ROXBURGH PARK 3064
53313778749,22 COTTON Circuit GISBORNE 3437
53313779037,18 AMBER Way COBBLEBANK 3338
53313779193,9 EUGENIE Drive NEW GISBORNE 3438
53313779333,24 AUBURN Crescent BACCHUS MARSH 3340
53313779466,2 FERNSIDE Drive DIGGERS REST 3427
53313780319,5 STEVENAGE Way WERRIBEE 3030
53313780580,21 FARLEIGH Drive TARNEIT 3029
53313780715,67 BUCHANAN Boulevard ARMSTRONG CREEK 3217
53313780854,6 DORYANTHES Way MICKLEHAM 3064
53313780986,21 TINSMITH Drive KYNETON 3444
53313781110,15 GRAMERCY Place STRATHTULLOH 3338
53313781258,14 HUFFNELL Road DEANSIDE 3336
53313781398,64 KENNEDY Drive FRASER RISE 3336
53313781521,89 DOMINION Drive BURNSIDE 3023
53313781654,22 OROURKE Street LUCAS 3350
53313781786,12 WENSLEYDALE Drive ROCKBANK 3335
53313781927,20 JONATHAN Street GREENVALE 3059
53313782057,9 SHEEPYARD Way DIGGERS REST 3427
53313782189,26 JUMPS Street WINTER VALLEY 3358
53313782313,999 MORRIS Road TRUGANINA 3029
53313782452,20 PRATHAM Street TARNEIT 3029
53313782719,31 SLOCUM Road TARNEIT 3029
53313782840,5 EDGERTON Place MADDINGLEY 3340
53313783138,7 CANAL Street FRASER RISE 3336
53313783402,371 PATULLOS Road LARA 3212
53313783541,4 LUSITANO Road BONNIE BROOK 3335
53313783673,6 LEVITTOWN Rise WERRIBEE 3030
53313783808,21 TAMWORTH Drive ROCKBANK 3335
53313563282,3 FLORINA Road FRASER RISE 3336
53313563738,1 BELLE Walk ROXBURGH PARK 3064
53313563861,18 BELLE Walk ROXBURGH PARK 3064
53313564010,47 KRATERON Street FRASER RISE 3336
53313564141,55 BRISBANE Street LARA 3212
53313564272,79 KENSINGTON Boulevard SMYTHES CREEK 3351
53313564562,20 BRUSHBOX Walk ALTONA NORTH 3025
53313564835,75 LOLLIPOP Crescent SUNBURY 3429
53313565445,8 WOROPE Street WYNDHAM VALE 3024
53313566016,41 SALTAIRE Drive STRATHTULLOH 3338
53313566147,37 VALBERG Street WINTER VALLEY 3358
53313566286,5 BRITTAIN Avenue WARRNAMBOOL 3280
53313566542,9 WOOL Street TARNEIT 3029
53313567078,6 DEVOTION Way TARNEIT 3029
53313567341,112 COUNTESS Drive ST LEONARDS 3223
53313567755,10 BLACKMAN Street HUNTLY 3551
53313567913,8 FRANK Avenue TRUGANINA 3029
53313568309,88 HANSEN Street ALTONA NORTH 3025
53313568464,22 AZALEA Way ROCKBANK 3335
53313568614,21 PERIVALE Crescent WYNDHAM VALE 3024
53313568745,30 JOEY Crescent DEANSIDE 3336
53313569289,25 HARKNESS Road MADDINGLEY 3340
53313569414,10 WHATMAN Street LUCAS 3350
53313569553,8 ANDERSON Street GEELONG WEST 3218
53313569826,16 HILLTOP Drive CURLEWIS 3222
53313569959,8 AZALEA Way ROCKBANK 3335
53313570222,4 ESTHER Mews GREENVALE 3059
53313570438,24 COMMUNAL Road WYNDHAM VALE 3024
53313570578,7 PURPLE Road FRASER RISE 3336
53313570727,40 DENNISON Street DEANSIDE 3336
53313570850,33 NORTHWATTLE Crescent CORIO 3214
53313809990,33 ELMWOOD Street DEANSIDE 3336
53313596945,20 INNSBRUCK Road WINTER VALLEY 3358
53313597075,18 LAMONDA Street TARNEIT 3029
53313597209,15 BALLAD Street STRATHTULLOH 3338
53313597744,37 CUMBERLAND Boulevard WINTER VALLEY 3358
53313597884,49 WHITECROSS Drive THORNHILL PARK 3335
53313598149,11 PIANTA Street GREENVALE 3059
53313598270,17 CROWLANDS Circuit EYNESBURY 3338
53313598676,3 JOEL Way EYNESBURY 3338
53313598940,13 BABINA Avenue MELTON SOUTH 3338
53313599213,4 THORNEYCROFT Entrance GISBORNE 3437
53313599484,16 CASSOWARY Way WINTER VALLEY 3358
53313599625,11 CORREA Way NEW GISBORNE 3438
53313599758,5 CASTLECRAG Way STRATHTULLOH 3338
53313599898,33 ICONIC Drive TARNEIT 3029
53313600195,2 WALBRIDGE Street DIGGERS REST 3427
53313600327,9 MONTAGNA Circuit ARMSTRONG CREEK 3217
53313600468,7 DUPAIN Street TARNEIT 3029
53313600618,19 BENSON Drive WERRIBEE 3030
53313600889,28 HOLLIOAKE Drive LUCAS 3350
53313601029,11 ABARTH Grove BURNSIDE 3023
53313601697,4 SWALLOW Street WINTER VALLEY 3358
53313601820,12 GLOVER Street MAMBOURIN 3024
53313601953,47 MONTAGNA Circuit ARMSTRONG CREEK 3217
53313602222,23 WINDMILL Avenue SUNBURY 3429
53313602355,13 BLENRIL Avenue TARNEIT 3029
53313602612,19 BIBURY Street LARA 3212
53313841945,19 COPAL Street MAMBOURIN 3024
53313842082,28 LEEWARD Drive TARNEIT 3029
53313842216,27 TABULA Road TARNEIT 3029
53313842479,4 CRIB Street TARNEIT 3029
53313842612,9 ARNISON Road TARNEIT 3029
53313842743,15 FRUIT Street TARNEIT 3029
53313842875,129 BRIGHTVALE Boulevard WYNDHAM VALE 3024
53313843017,74 INNOVATION Avenue ROCKBANK 3335
53313843156,13 HOLST Street ARMSTRONG CREEK 3217
53313843287,4 DOOKIE Road EYNESBURY 3338
53313843412,137 NEWMARKET Road WERRIBEE 3030
53313843543,34 SLOCUM Road TARNEIT 3029
53314020228,18 HOWELL Crescent TRUGANINA 3029
53314020410,28 BODKIN Drive TARNEIT 3029
53314020574,72 TERRENE Terrace POINT COOK 3030
53314020717,4 GILLIES Street MELTON SOUTH 3338
53314020897,97 MODENA Road FRASER RISE 3336
53314021045,23 BUCKLEYS Lane HUNTLY 3551
53314021202,78 MCCORMACKS Road MADDINGLEY 3340
53314021341,14 KINDNESS Road TARNEIT 3029
53314021509,9 PURSUIT Street MAMBOURIN 3024
53314021671,71 COMPASS Way MOUNT DUNEED 3217
53314021814,6 SWORD Road THORNHILL PARK 3335
53314021994,40 MALKARI Circuit GREENVALE 3059
53314022158,13 CALLAWADDA Drive EYNESBURY 3338
53314022289,4 MOYREISK Close EYNESBURY 3338
53314022414,534 GREEN HILL Road EYNESBURY 3338
53314022545,7 AUBREY Way GREENVALE 3059
53314022685,14 RALUANA Road EYNESBURY 3338
53314022868,5 SALTAIRE Drive STRATHTULLOH 3338
53314023057,4 PARSONAGE Crescent TRUGANINA 3029
53314023444,147 PLANE Avenue MAMBOURIN 3024
53314023719,22 SESAME Street FRASER RISE 3336
53314024088,26 COSGROVE Street TARNEIT 3029
53314024212,815 EYNESBURY Road EYNESBURY 3338
53313784481,14 RHEOLA Street EYNESBURY 3338
53313784622,19 REUNION Parade TARNEIT 3029
53313784755,9 WALLOWA Street MICKLEHAM 3064
53313784887,20 MOUNTAIN Avenue MANOR LAKES 3024
53313785011,14 OPUS Street STRATHTULLOH 3338
53313785150,30 MACARA Street SUNBURY 3429
53313785281,22 SIENNA Avenue FRASER RISE 3336
53313785416,30 HAWKESTONE Street MELTON SOUTH 3338
53313785547,6 KINDRED Way TARNEIT 3029
53313785687,47 MITIAMO Street EYNESBURY 3338
53313785812,87 TOWER Street THORNHILL PARK 3335
53313785943,48 AMUKTA Road TRUGANINA 3029
53313786140,2 FULHAM Circuit BACCHUS MARSH 3340
53313786289,4 MABER Street TARNEIT 3029
53313786414,32 SKYPAC Street WEIR VIEWS 3338
53313786677,34 CORMORANT Grange WINTER VALLEY 3358
53313786974,20 CORMORANT Grange WINTER VALLEY 3358
53313787107,9 UNICO Circuit MOUNT DUNEED 3217
53313787659,96 POLLY Parade TARNEIT 3029
53313787781,26 CHERISH Street FRASER RISE 3336
53313787922,36 WOOLYBUSH Drive TARNEIT 3029
53313788062,1 BODEGA Walk BROOKFIELD 3338
53313788326,67 ARARAT Street TRUGANINA 3029
53313788623,77 TANNINBRAE Drive SUNBURY 3429
53313788756,50 MATTINA Circuit GREENVALE 3059
53313788896,30B MCCUBBIN Drive TAYLORS LAKES 3038
53313789290,69 MUSHU Street DEANSIDE 3336
53313789423,217 COASTAL Boulevard OCEAN GROVE 3226
53313789564,30 PARA Road TARNEIT 3029
53313789696,9 STEVENAGE Way WERRIBEE 3030
53313789829,3 GENOA Way CURLEWIS 3222
53313790127,13 FARMINGDALE Street MANOR LAKES 3024
53313790274,12 TRUNCATA Drive TARNEIT 3029
53313790837,3 KELSON Street WARRNAMBOOL 3280
53313791141,6B EMU Court NORLANE 3214
53313791280,12 NORTHERLY Drive BONNIE BROOK 3335
53313791415,8 CENTRALPARK Walk STRATHTULLOH 3338
53313791546,18 TINTAGEL Way WERRIBEE 3030
53313810124,16 ERIN Drive FRASER RISE 3336
53313810264,14 TENOR Street STRATHTULLOH 3338
53313810396,14 PILKINGTON Street WARRNAMBOOL 3280
53313810529,16 STEWART Court WARRNAMBOOL 3280
53313810652,29 GRAPPENHALL Avenue STRATHTULLOH 3338
53313810925,15 SHANTI Circuit WERRIBEE 3030
53313811065,12 BATLOW Street ARMSTRONG CREEK 3217
53313811214,16 CASTLECRAG Way STRATHTULLOH 3338
53313812086,108 SUMAC Street BROOKFIELD 3338
53313812226,6 JACOBENA Road MELTON SOUTH 3338
53313812367,3 PRIMARY Road TARNEIT 3029
53313812622,3 WICKLOW Drive MELTON SOUTH 3338
53313812895,3 ARENAL Drive TRUGANINA 3029
53313813027,12 NEON Crescent STRATHFIELDSAYE 3551
53313813168,17 RAVENSCRAIG Drive STRATHTULLOH 3338
53313813456,17 PALEY Street CHARLEMONT 3217
53313813596,3 BASIN Street FRASER RISE 3336
53313813729,36 RANCE Road DELACOMBE 3356
53313813877,19 EPPING Drive WYNDHAM VALE 3024
53313814001,16 FARLEIGH Drive TARNEIT 3029
53313814132,4 MACHINE Street SUNBURY 3429
53313814264,16 LANDMARK Road WEIR VIEWS 3338
53313814406,29 FRITELLI Circuit WYNDHAM VALE 3024
53313814545,6 PROBER Crescent TRUGANINA 3029
53313814677,21 WHEATSHEAF Road WYNDHAM VALE 3024
53313815072,6 GOKULA Street WERRIBEE 3030
53313815206,8 EDGERTON Place MADDINGLEY 3340
53313815866,35 BLESS Drive TARNEIT 3029
53313816138,24 VON GUERARD Boulevard WARRNAMBOOL 3280
53313816260,77 TIMBARRA Drive WERRIBEE 3030
53313816681,77 WHITECROSS Drive THORNHILL PARK 3335
53313816816,12 BANAHAW Road TRUGANINA 3029
53313816947,23 FARNDALE Drive LARA 3212
53313817085,4 SHORTHORN Way WYNDHAM VALE 3024
53313817219,10 AEOLUS Street ARMSTRONG CREEK 3217
53313817340,119 WATERFERN Street FRASER RISE 3336
53313817472,32 FLUME Street LARA 3212
53313817615,24 FRANCA Avenue FRASER RISE 3336
53313817746,18 PRANA Way WERRIBEE 3030
53313817878,22 MOLLYAN Avenue CHARLEMONT 3217
53313844369,26 AUBURN Crescent BACCHUS MARSH 3340
53313844501,4 FIELDWREN Crescent TORQUAY 3228
53313844632,27 BAYVIEW Walk THORNHILL PARK 3335
53313845045,18 RYEBANK Avenue WERRIBEE 3030
53313845177,2 TINTAGEL Way WERRIBEE 3030
53313845572,18 PRIMARY Road TARNEIT 3029
53313845707,14 PERCHERON Street BONNIE BROOK 3335
53313846102,28 ASPEN Street WINTER VALLEY 3358
53313846398,7 ZLATAN Way FRASER RISE 3336
53313846521,1018 MORRIS Road TRUGANINA 3029
53313846654,16 TRANQUILITY Crescent ARMSTRONG CREEK 3217
53313846943,10 RIVETING Road WYNDHAM VALE 3024
53313847215,17 HOLLEY Crescent ARMSTRONG CREEK 3217
53313847486,36 MALACHITE Drive TARNEIT 3029
53313847611,24 TRUNCATA Drive TARNEIT 3029
53313847742,28 GREENMONT Road WYNDHAM VALE 3024
53313847874,46 WORN Road CHARLEMONT 3217
53313848016,9 SPADEFOOT Place STRATHTULLOH 3338
53313848155,24 ARENAL Drive TRUGANINA 3029
53313848575,38 DARWINIA Drive MICKLEHAM 3064
53313848732,40 DEVONIA Avenue FRASER RISE 3336
53313848872,21 COULEE Street CRAIGIEBURN 3064
53313849006,10 JAGGED Circuit TARNEIT 3029
53313849211,11 MANCHADO Street TARNEIT 3029
53313849342,38 ALDERNEY Street TARNEIT 3029
53313849474,5 PACAYA Street TRUGANINA 3029
53313849609,11 HOMEBUSH Esplanade FRASER RISE 3336
53313849748,22 VERONICA Crescent DEANSIDE 3336
53313849870,25 MARBLES Crescent BALLARAT EAST 3350
53313850006,4 CART Road FRASER RISE 3336
53313850145,24 SNIPE Drive STRATHTULLOH 3338
53313850419,12 HECTOR Street FRASER RISE 3336
53313850540,4 GLABELLA Avenue TARNEIT 3029
53313851225,8 CURRENT Road TARNEIT 3029
53314024709,28 CAPTAIN Drive POINT COOK 3030
53314025029,34 WASIM Circuit ROCKBANK 3335
53314025202,9 DELMARE Drive LEOPOLD 3224
53314025440,46 URQUHART Road TARNEIT 3029
53314025616,3 TOTTORI Road TRUGANINA 3029
53314025788,37 SERAPHINA Drive WYNDHAM VALE 3024
53314025945,9 MONTESTELLA Street DEANSIDE 3336
53314026224,11 SUPERB Road WYNDHAM VALE 3024
53314026430,5 MONTEVERDE Street ARMSTRONG CREEK 3217
53314026563,38 MALKARI Circuit GREENVALE 3059
53314026705,331 PATULLOS Road LARA 3212
53314026935,3 STREAMSIDE Drive CRAIGIEBURN 3064
53314027081,4 BODKIN Drive TARNEIT 3029
53314027255,11 ZEST Street AINTREE 3336
53314027461,70 MCCORMACKS Road MADDINGLEY 3340
53314027750,4 SAPLING Boulevard TARNEIT 3029
53314027882,9 SUPERB Road WYNDHAM VALE 3024
53314028237,208 BONNIEBROOK Road BONNIE BROOK 3335
53314028377,5 STITCH Walk FRASER RISE 3336
53314028583,26 FENWICK Street TARNEIT 3029
53314028799,10 LYONS Drive ARMSTRONG CREEK 3217
53314028997,41 HUNTINGTON Avenue BONNIE BROOK 3335
53314029194,15 GOLDRUSH Parade FRASER RISE 3336
53314029350,33 AFFOGATO Crescent MOUNT DUNEED 3217
53314029500,90 ODYSSEY Boulevard TARNEIT 3029
53314029716,5 COBUNGRA Road WEIR VIEWS 3338
53314029863,38 STAPLEY Crescent ALTONA NORTH 3025
53314030014,33 MARCHADOR Street BONNIE BROOK 3335
53314030425,36 MONTE Street FRASER RISE 3336
53314030558,39 CORIANDER Street TRUGANINA 3029
53314030680,14 HONEYDEW Drive TARNEIT 3029
53314030847,89 CORDATA Road POINT COOK 3030
53314031127,3 ARIANNA Street WYNDHAM VALE 3024
53314031472,22 MUSGROVE Street WARRNAMBOOL 3280
53314031639,34 GLABELLA Avenue TARNEIT 3029
53314031779,12 RECOVERY Road POINT COOK 3030
53314032032,39 RICHEY Promenade GISBORNE 3437
53314032320,22 KAREN Road TARNEIT 3029
53314032453,23 MAUVELOUS Avenue TARNEIT 3029
53314032585,70 HARRIOTT Road ARMSTRONG CREEK 3217
53314032867,16 CONRICK Way KOROIT 3282
53314032999,37 ANGHOR Drive FRASER RISE 3336
53314033253,4 LIDAR Walk TARNEIT 3029
53314033393,7 HUBBLE Drive GREENVALE 3059
53314033526,26 CORONADO Way TARNEIT 3029
53313791686,33 GANSHA Street WEIR VIEWS 3338
53313791827,20 FARNDALE Drive LARA 3212
53313791950,23 TELFER Street LUCAS 3350
53313792360,5 CLAYTON Street LARA 3212
53313792492,6 TIMOR Walk EYNESBURY 3338
53313792633,26 ITALIANATE Avenue DEANSIDE 3336
53313792766,34 MAMIC Boulevard FRASER RISE 3336
53313793038,190 ALTEZZE Drive TRUGANINA 3029
53313793474,35 CLIPSTONE Crescent FRASER RISE 3336
53313793609,16 PURITAN Street ROCKBANK 3335
53313793730,17 BESSIE Street MAMBOURIN 3024
53313793863,11 LEDGER Street TRUGANINA 3029
53313794004,11 HUBBARD Street LUCAS 3350
53313025748,43 SHACKELL Street COBURG 3058
53313026449,433 GORDON Street MARIBYRNONG 3032
53313026977,21 VANGUARD Crescent POINT COOK 3030
53313027925,43 GREVILLEA Drive MOUNT DUNEED 3217
53313028098,7 JUKES Road FAWKNER 3060
53313028477,30 PARAMOUNT Boulevard WYNDHAM VALE 3024
53313029970,4 NABRO Street TRUGANINA 3029
53313030252,15 WILLS Street WESTMEADOWS 3049
53313030450,24 MISTEN Avenue ALTONA NORTH 3025
53313031598,506 BELL Street REDAN 3350
53313818415,54 SHILLINGS Road MAMBOURIN 3024
53313818686,5 GRAYMORE Street TARNEIT 3029
53313818942,40 ERVINE Drive WYNDHAM VALE 3024
53313819073,12 CRESTVIEW Street CHARLEMONT 3217
53313819362,35 SKYLINE Road FRASER RISE 3336
53313819494,15 YILDIZ Street CHARLEMONT 3217
53313819627,13 HAMPSHIRE Avenue ROCKBANK 3335
53313819768,6 CRADLE Circuit MANOR LAKES 3024
53313820031,9 DELHI Grove ROCKBANK 3335
53313820337,11 CURTIN Drive DEANSIDE 3336
53313820460,4 TENOR Street STRATHTULLOH 3338
53313820592,3 LAING Street BONNIE BROOK 3335
53313820733,2 OYSTER Lane POINT LONSDALE 3225
53313820873,12 HOLSTEIN Crescent TARNEIT 3029
53313821015,32 ALTURA Drive TRUGANINA 3029
53313821146,38 ERVINE Drive WYNDHAM VALE 3024
53313821277,11 WYLIE Street CHARLEMONT 3217
53313821410,13 ORNAMENT Avenue TARNEIT 3029
53313821681,5 DEVONIA Avenue FRASER RISE 3336
53313821816,38 TINTAGEL Way WERRIBEE 3030
53313821970,22 EDIFICE Drive TARNEIT 3029
53313822102,17 HAFLINGER Avenue BONNIE BROOK 3335
53313822515,23 ZELKOVA Circuit FRASER RISE 3336
53313822679,32 WATERFERN Street FRASER RISE 3336
53313823074,7 BUTTERNUT Street HARKNESS 3337
53313823208,19 HAMPSHIRE Avenue ROCKBANK 3335
53313823339,30 ERIN Drive FRASER RISE 3336
53313823735,26 EBBSFLEET Crescent STRATHTULLOH 3338
53313824023,17 JERNIGAN Road TARNEIT 3029
53313824164,12 LAUTARET Road BROWN HILL 3350
53313824305,4 WITHAM Road MADDINGLEY 3340
53313824452,71 PASKAS Drive FRASER RISE 3336
53313824584,15 FARLEIGH Drive TARNEIT 3029
53313824725,43 KAROL Street ALFREDTON 3350
53313824858,24 RAPTOR Place MELTON SOUTH 3338
53313824998,14 MUREX Street POINT LONSDALE 3225
53313825138,9 UTOPIA Way WEIR VIEWS 3338
53313825402,5 HECTOR Street FRASER RISE 3336
53313851366,230 BONNIEBROOK Road BONNIE BROOK 3335
53313851498,70 FERONIA Avenue TARNEIT 3029
53313851621,11 JARVIS Way LUCAS 3350
53313851779,32 GALERAS Street TRUGANINA 3029
53313851993,8 SPRING Street CAMPERDOWN 3260
53313852149,11 JUDD Street MANOR LAKES 3024
53313852306,29 SILVER Drive DIGGERS REST 3427
53313852445,16 EPPING Drive WYNDHAM VALE 3024
53313852585,226 BONNIEBROOK Road BONNIE BROOK 3335
53313852841,1 MADEIRA Drive TRUGANINA 3029
53313853121,21 PORTEOUS Retreat SYDENHAM 3037
53313853253,72 PORTEOUS Retreat SYDENHAM 3037
53313853385,14 PORTEOUS Retreat SYDENHAM 3037
53313853659,28 MAROON Street TARNEIT 3029
53313853781,120 HORSESHOE BEND Road CHARLEMONT 3217
53313853916,28 MANCHADO Street TARNEIT 3029
53313854046,19 SUNDEWS Crescent ARMSTRONG CREEK 3217
53313854186,22 PORTEOUS Retreat SYDENHAM 3037
53313854310,3 FARLEIGH Drive TARNEIT 3029
53313854459,27 GREENMONT Road WYNDHAM VALE 3024
53313854581,7 COMPANION Street MOUNT DUNEED 3217
53313854722,10 LYDNEY Street WYNDHAM VALE 3024
53313854855,7 MUREX Street POINT LONSDALE 3225
53313854987,7 LAKEVIEW Drive LARA 3212
53313855111,2 BRADFIELD Street WERRIBEE 3030
53313855259,15 BAINBRIDGE Road MANOR LAKES 3024
53313855381,72 GILLESPIE Avenue WERRIBEE 3030
53313855516,19 ERIN Drive FRASER RISE 3336
53313856042,2 NAMCO Walk WYNDHAM VALE 3024
53313856174,5 HUNTINGFIELD Street THORNHILL PARK 3335
53313856316,16 BALLANRONG Road BONNIE BROOK 3335
53313856587,27 GENOVESA Drive TRUGANINA 3029
53313856712,16 NAMCO Walk WYNDHAM VALE 3024
53313856991,26 SICILY Avenue DEANSIDE 3336
53313857130,27 PACAYA Street TRUGANINA 3029
53313857262,15 MACADAMIA Way DIGGERS REST 3427
53313857404,15 UTOPIA Way WEIR VIEWS 3338
53313857535,28 HAPPINESS Way WYNDHAM VALE 3024
53313857668,2 HELLIER Street HUNTLY 3551
53313857790,36 MAGGIE Crescent MAMBOURIN 3024
53314033922,34 MEALIE Avenue MICKLEHAM 3064
53314034079,21 TOPOGRAPHICAL Crescent GREENVALE 3059
53314034203,124 BRENDAN Road GREENVALE 3059
53314034334,16 SALSOLA Road MICKLEHAM 3064
53314034474,13 CAPTAIN Drive POINT COOK 3030
53314034863,27 POWER Street AINTREE 3336
53314035004,15 RANGELAND Street MAMBOURIN 3024
53314035143,18 ARGANT Loop SUNBURY 3429
53314035556,1 ABROMA Walk TARNEIT 3029
53314035688,5 BUTTERFLY Walk FRASER RISE 3336
53314035813,18 CATANIA Close WAURN PONDS 3216
53314036083,10 CLARA Court GREENVALE 3059
53314036348,56 HONEYPOT Circuit MICKLEHAM 3064
53314036613,27 RYNAS Way DIGGERS REST 3427
53314036744,23 KUMARA Drive MANOR LAKES 3024
53314036876,10 PYTHAIS Way CHARLEMONT 3217
53314037017,44 PEASNELL Street LUCAS 3350
53314037305,10 DRUM Street MAMBOURIN 3024
53314037452,29 VARNISH Road TARNEIT 3029
53314037592,15 TRUNCATA Drive TARNEIT 3029
53314037741,16 ARCHER Road WYNDHAM VALE 3024
53314038007,6 MEDITERRANEAN Street DEANSIDE 3336
53314038138,58 PARADOXA Drive TARNEIT 3029
53313252323,31 RIVERLEN Street MAIDSTONE 3012
53313252456,45 RIVERLEN Street MAIDSTONE 3012
53313252860,6 CARMICHAEL Road WARRNAMBOOL 3280
53313253850,14 BELDI Street ALFREDTON 3350
53313254122,11 BOLD FRONT Court MINERS REST 3352
53313254444,15A HOVELL Street DEER PARK 3023
53313254733,14 PALMYRA Street GREENVALE 3059
53313255007,17 CHAMBERLAIN Drive ARMSTRONG CREEK 3217
53313255138,8 LEE Road LUCAS 3350
53313031796,15 WILLIAM COOPER Street MARIBYRNONG 3032
53313032792,17 BEACON HILLS Crescent CRAIGIEBURN 3064
53313032974,131 LEARMONTH Street ALFREDTON 3350
53313033576,4 JOVIAL Avenue TARNEIT 3029
53313033881,71A MELON Street BRAYBROOK 3019
53313035112,174 BELL Street COBURG 3058
53313036489,83A THIRD Avenue ALTONA NORTH 3025
53313036614,9 KANGAS Walk TRUGANINA 3029
53313038155,17 WARRIGAL Drive AINTREE 3336
53313039186,1 BUOY Place CURLEWIS 3222
53313039631,20 RIHANNA Street GREENVALE 3059
53313040500,5A HAWKHURST Street YARRAVILLE 3013
53313825533,33 RANCE Road DELACOMBE 3356
53313825666,57 COTTON Circuit GISBORNE 3437
53313825816,22 MONTAGNA Circuit ARMSTRONG CREEK 3217
53313825947,17 DARTMOOR Street BONNIE BROOK 3335
53313826078,50 GENERATION Crescent MAMBOURIN 3024
53313061174,1 SENTINEL Parade TRUGANINA 3029
53313062261,5 LONGAN Street TRUGANINA 3029
53313062922,2259C MELTON Highway MELTON 3337
53313063623,6 BANKSIA Court WEST FOOTSCRAY 3012
53313063764,11 BICKERTON Street WERRIBEE 3030
53313064621,67 WIRELESS Drive AINTREE 3336
53313065034,48 MAXWELD Street ARDEER 3022
53313065562,163 WARATAH Road HUNTLY 3551
53313065694,42 BRITANNIA Street GEELONG WEST 3218
53313065968,12 PARAMOUNT Boulevard WYNDHAM VALE 3024
53313066635,21 RAINIER Drive TRUGANINA 3029
53313066900,11 DANAE Street GLENROY 3046
53313067187,13 PONY Drive GREENVALE 3059
53313095116,71 BRIGHT Street TORQUAY 3228
53313095262,31 STORRER Avenue TORQUAY 3228
53313095394,11 STORRER Avenue TORQUAY 3228
53313095527,89 BRIGHT Street TORQUAY 3228
53313095650,75 SHORTRIDGE Drive LUCAS 3350
53313096996,14 BOSTON Street FAWKNER 3060
53313099131,136 WOODSWALLOW Entrance SUNSHINE NORTH 3020
53313099973,11 ZIRCON Street ALFREDTON 3350
53313101327,60 ALBERT Drive MELTON SOUTH 3338
53313255541,21 TARRNOOK Drive STRATHFIELDSAYE 3551
53313256094,18 BELDI Street ALFREDTON 3350
53313256796,10 KONARK Road BONNIE BROOK 3335
53313257209,17 MERRITT Court ALTONA 3018
53313257330,2 COLLIE Walk SUNBURY 3429
53313257470,7 KEITH Crescent BROADMEADOWS 3047
53313257613,26 BOWENIA Avenue CRAIGIEBURN 3064
53313257752,6 KIWARRA Court STRATHFIELDSAYE 3551
53313257884,8 RIHANNA Street GREENVALE 3059
53313258413,781 AITKEN Boulevard CRAIGIEBURN 3064
53313258544,15 CANARY Drive ARMSTRONG CREEK 3217
53313258676,17 CLEAR Drive TARNEIT 3029
53313258819,13 LAFLIN Avenue TARNEIT 3029
53313258940,1 KANYA Avenue STRATHFIELDSAYE 3551
53313259344,6 CARDAMON Street ARMSTRONG CREEK 3217
53313259476,35 CODRINGTON Road TRUGANINA 3029
53313260016,16 FREYCINET Court WARRNAMBOOL 3280
53313260278,17 TANZANITE Circuit CRAIGIEBURN 3064
53313260823,5 PLANK Lane TARNEIT 3029
53313261095,7 RESPECT Way TARNEIT 3029
53313261771,11 PRIMULA Street DIGGERS REST 3427
53313262050,11 FLANNERY Circuit CHARLEMONT 3217
53313262605,10 BOLD FRONT Court MINERS REST 3352
53313042577,2 LIM Way AINTREE 3336
53313042819,15 ALTO Crescent GREENVALE 3059
53313043229,8 DADSWELL Way MINERS REST 3352
53313043568,5 NABRO Street TRUGANINA 3029
53313043700,18 ARCADIA Drive WEIR VIEWS 3338
53313284203,12 HELENIC Drive GREENVALE 3059
53313285530,6 NIKOLAOS Street SMYTHES CREEK 3351
53313286322,12 ELMWOOD Street DEANSIDE 3336
53313286595,77 WATERS Drive SEAHOLME 3018
53313286736,18 SUMAR Drive CRAIGIEBURN 3064
53313286869,11 MARTIN Street AINTREE 3336
53313287148,20 BRIND Way LUCAS 3350
53313287543,8 MAGARA Walk TARNEIT 3029
53313288798,6 DUBBO Street ALBION 3020
53313068128,7 RANCE Road DELACOMBE 3356
53313068382,13 SOCORRO Way TRUGANINA 3029
53313069200,8 SAPLING Boulevard TARNEIT 3029
53313069606,35 RAINIER Drive TRUGANINA 3029
53313069885,17 CUTHBERT Street BROADMEADOWS 3047
53313070168,11A FERGUSON Street SPOTSWOOD 3015
53313071505,41 KYEAMBA Circuit BACCHUS MARSH 3340
53313072590,9 ZIRCON Street ALFREDTON 3350
53313073283,28 GEMINI Crescent TRUGANINA 3029
53313073557,13 CLOVELLY Avenue GLENROY 3046
53313073689,149 MORGAN Street SEBASTOPOL 3356
53313074935,28 LANGDON Drive WYNDHAM VALE 3024
53313101582,18 HOLYROOD Avenue STRATHMORE 3041
53313102521,38 BROWN Street PORTARLINGTON 3223
53313103074,4 MARGINELLA Avenue WYNDHAM VALE 3024
53313103347,79 VALIANT Road SMYTHES CREEK 3351
53313104057,35 EREBUS Street KEILOR PARK 3042
53313104980,10 TOWERTREE Street TRUGANINA 3029
53313106086,3 KALAN Way WARRNAMBOOL 3280
53313106367,59 WOODSWALLOW Entrance SUNSHINE NORTH 3020
53313106523,3 AMAK Grove TRUGANINA 3029
53313107217,50 EMPRESS Boulevard OCEAN GROVE 3226
53313107934,28A PERCY Street NEWPORT 3015
53313108651,20 MCBRYDE Street FAWKNER 3060
53313348337,37 MOORE Way LUCAS 3350
53313262991,775 AITKEN Boulevard CRAIGIEBURN 3064
53313263131,43 EVANS Way LUCAS 3350
53313263263,44 FAWKNER Crescent ARMSTRONG CREEK 3217
53313263669,24 LENA Crescent TRUGANINA 3029
53313264352,2 ORIENTEERING Drive GREENVALE 3059
53313264484,73 ROYAL Road BRAYBROOK 3019
53313264880,12 BOSSINI Street TRUGANINA 3029
53313265145,41 ROCHFORD Way MELTON SOUTH 3338
53313265573,60 FLANAGAN Street TARNEIT 3029
53313266399,3 VALROSE Road CHARLEMONT 3217
53313266663,6 FARRIER Road WYNDHAM VALE 3024
53313266944,5 TELOPEA Road CRAIGIEBURN 3064
53313268206,32 HEATHCOTE Street MOUNT DUNEED 3217
53313507364,18 SASHA Crescent TRUGANINA 3029
53313507496,8 MISTEN Avenue ALTONA NORTH 3025
53313507629,7 ROSALA Avenue ALTONA NORTH 3025
53313508024,25 LANGER Road DEANSIDE 3336
53313508726,3 DUNKERRIN Avenue GISBORNE 3437
53313508999,190 BUCKLEY Street FOOTSCRAY 3011
53313509542,32 BUSHRANGER Drive SUNBURY 3429
53313289333,1 VALIANT Street DEANSIDE 3336
53313289739,17 ORCHID Street MAIDSTONE 3012
53313290879,29 HARVEYS Lane JACKASS FLAT 3556
53313291713,44 LUGANO Avenue ALFREDTON 3350
53313292122,16 LAW Court WYNDHAM VALE 3024
53313293070,7 CARMICHAEL Road WARRNAMBOOL 3280
53313293491,187 WARATAH Road HUNTLY 3551
53313293765,28 CHAMBERLAIN Drive ARMSTRONG CREEK 3217
53313294037,41 BOWENIA Avenue CRAIGIEBURN 3064
53313294440,17 HEATHCOTE Street MOUNT DUNEED 3217
53313294572,67 GRAINGER Parade LUCAS 3350
53313294715,56 HALDANE Road NIDDRIE 3042
53313295258,5 PECOS Place ROXBURGH PARK 3064
53313295570,10 WEDGE Circuit INVERMAY PARK 3350
53313075462,14 LANGDON Drive WYNDHAM VALE 3024
53313316865,27 WALTERS Way ALFREDTON 3350
53313316997,27 REARDON Crescent ST LEONARDS 3223
53313317400,16 LEE Road LUCAS 3350
53313317549,7A TOVA Avenue BELL POST HILL 3215
53313317814,8 BINGHAM Street TARNEIT 3029
53313318084,5 KNOWLES Street FYANSFORD 3218
53313318232,21 MARY Drive ALFREDTON 3350
53313319315,7 CHARTERS Way HUNTLY 3551
53313320395,15 ESCARPMENT Drive FYANSFORD 3218
53313320669,26 DOMA Drive TRUGANINA 3029
53313320791,14 GIBSONS Circuit BONNIE BROOK 3335
53313321880,38 GRAINGER Parade LUCAS 3350
53313322028,35 CORIDALE Boulevard LARA 3212
53313322151,6 BANBURY Road BONNIE BROOK 3335
53313322282,11 HILLSBOROUGH Walk CHARLEMONT 3217
53313322423,15 ADVENTURE Avenue FRASER RISE 3336
53313348477,48 CARFIN Circuit THORNHILL PARK 3335
53313348733,12 GAINSBOROUGH Road WILLIAMS LANDING 3027
53313349007,18 WINTON Drive FRASER RISE 3336
53313349277,27 YEARLING Promenade WERRIBEE 3030
53313349864,10 GIBSONS Circuit BONNIE BROOK 3335
53313350260,54 KING Street KOROIT 3282
53313350798,2A GLADMAN Road MADDINGLEY 3340
53313351598,46 KAMALA Drive TARNEIT 3029
53313351854,5 CONRICK Way KOROIT 3282
53313351986,23 SAGRADA Way FRASER RISE 3336
53313352124,18-20 MOONAH Circuit LARA 3212
53313352396,23 BRISBANE Street LARA 3212
53313352941,18 GINKGO Street FRASER RISE 3336
53313353220,12 MONTROSE Court GOLDEN SQUARE 3555
53313353353,89 CERBERUS Drive OCEAN GROVE 3226
53313353485,14 CONDER Parade CLIFTON SPRINGS 3222
53313353759,2 PURBA Close DEANSIDE 3336
53313353881,11 WENLYAN Drive GREENVALE 3059
53313354559,10 ORANGE Drive FRASER RISE 3336
53313354822,13 PETRONAS Drive FRASER RISE 3336
53313354970,36 MARY Drive ALFREDTON 3350
53313355929,12 YARRA Drive WARRNAMBOOL 3280
53313509674,16 SHINRONE Drive GISBORNE 3437
53313509930,16 WARANGAL Way DEANSIDE 3336
53313510071,15 KILTEELY Street GISBORNE 3437
53313510633,8 SHANGHAI Walk TRUGANINA 3029
53313510766,7 VERDALE Drive ALFREDTON 3350
53313511020,4 PAGE Street MARYBOROUGH 3465
53313511558,26 INGALLS Road MAMBOURIN 3024
53313511698,18 COURTENAY Promenade FRASER RISE 3336
53313511821,11 GREVILLEA Drive MOUNT DUNEED 3217
53313511954,94 GREVILLEA Drive MOUNT DUNEED 3217
53313512083,24 NOVA Street WEIR VIEWS 3338
53313512629,1 WELHAM Close BONNIE BROOK 3335
53313512892,3 SUMMERTIME Avenue CHARLEMONT 3217
53313513024,22 SHINRONE Drive GISBORNE 3437
53313513552,16 CADENZA Walk TARNEIT 3029
53313513684,22 GALACTIC Avenue STRATHFIELDSAYE 3551
53313514089,57 FLEURIEU Circuit ARMSTRONG CREEK 3217
53313514213,8 BROAD Road FRASER RISE 3336
53313514352,6 BALLAD Street STRATHTULLOH 3338
53313514492,8 HUNTINGFIELD Street THORNHILL PARK 3335
53313514625,6 LOCH Street THORNHILL PARK 3335
53313514898,94 LOLLIPOP Crescent SUNBURY 3429
53313515609,11 GAMUT Crescent BONNIE BROOK 3335
53313515730,43 VERONA Crescent FRASER RISE 3336
53313516290,3 WHATMAN Street LUCAS 3350
53313516564,43 BRYGEE Close SUNSHINE NORTH 3020
53313516696,20 ENRICA Drive MELTON SOUTH 3338
53313296513,25 FRAGRANT Drive LARA 3212
53313297170,19 GUIDANCE Way TARNEIT 3029
53313297451,31 LIND Street STRATHMORE 3041
53313297724,7 HOOVER Street CRAIGIEBURN 3064
53313298137,10 VALROSE Road CHARLEMONT 3217
53313298672,18 PINDER Court ST ALBANS PARK 3219
53313298938,13 KANGAS Walk TRUGANINA 3029
53313299077,50 MORNINGSIDE Drive THORNHILL PARK 3335
53313299201,56 NATURALISTE Way ARMSTRONG CREEK 3217
53313299465,6 AVONBURY Drive ARMSTRONG CREEK 3217
53313299607,5 HOOVER Street CRAIGIEBURN 3064
53313299738,6 SANDY Crescent INVERMAY PARK 3350
53313538954,6 HERTALI Street TRUGANINA 3029
53313539085,14 AMPERSAND Boulevard TRUGANINA 3029
53313539219,19 ALISO Street TRUGANINA 3029
53313539480,8 LIMESTONE Street CHARLEMONT 3217
53313539754,14 HALO Street TARNEIT 3029
53313540176,34 JENG Loop TARNEIT 3029
53313540449,5 LAFLIN Avenue TARNEIT 3029
53313540571,10 DERRIMUT Street ROCKBANK 3335
53313540706,43 BOUQUET Circuit DIGGERS REST 3427
53313540837,3 HECTOR Street FRASER RISE 3336
53313541101,13 MAXELA Court DAYLESFORD 3460
53313541231,13 STREAM Street MOUNT DUNEED 3217
53313541777,34 LIMPET Circuit POINT LONSDALE 3225
53313541902,21 HAKEA Drive ELLIMINYT 3250
53313542170,77 EAGLEMONT Drive STRATHTULLOH 3338
53313542304,6 ERVINE Drive WYNDHAM VALE 3024
53313542435,28 LORIKEET Circuit ROCKBANK 3335
53313542575,19 HANSEL Drive WERRIBEE 3030
53313322960,4 PETERLEE Walk WERRIBEE 3030
53313323119,10 MONTEREY Street ARMSTRONG CREEK 3217
53313324239,17 TRICKETT Drive TRUGANINA 3029
53313324362,18 ALCOCK Road TRUGANINA 3029
53313324494,116 JUKES Road FAWKNER 3060
53313324627,21 TRICKETT Drive TRUGANINA 3029
53313325550,20 STEAMBOAT Avenue WINTER VALLEY 3358
53313325823,159 FLINDERS Avenue LARA 3212
53313325956,8 PETRONAS Drive FRASER RISE 3336
53313326368,1 CURRUMBIN Street ARMSTRONG CREEK 3217
53313326490,10 PATRIOT Crescent SMYTHES CREEK 3351
53313327027,27 BEAUMONT Avenue CHARLEMONT 3217
53313327150,6 STONES Street CHARLEMONT 3217
53313327281,34 BOLITHO Terrace MAIDEN GULLY 3551
53313327422,42 NOLITA Walk POINT COOK 3030
53313328118,53 AURICH Street WEIR VIEWS 3338
53313328396,3 DELL Boulevard FYANSFORD 3218
53313328545,35 KYEAMBA Circuit BACCHUS MARSH 3340
53313328685,29 SCORPIO Road WEIR VIEWS 3338
53313329080,17A BURNLEIGH Drive GLADSTONE PARK 3043
53313329668,1 PEMBERTON Street MOUNT DUNEED 3217
53313329790,45 BASTEN Avenue DEANSIDE 3336
53313356051,33 BEAUMONT Avenue CHARLEMONT 3217
53313356183,21 COOLBINIA Avenue WERRIBEE 3030
53313356860,1 BENTONS Way ARMSTRONG CREEK 3217
53313357131,14 AVAWARD Street WYNDHAM VALE 3024
53313357263,12 BURBIDGE Street TRUGANINA 3029
53313357819,3 VALBERG Street WINTER VALLEY 3358
53313358115,24 VERNAL Circuit MOUNT DUNEED 3217
53313358377,4 SANTAROSA Way EPSOM 3551
53313358502,166 CLARA Avenue TRUGANINA 3029
53313358641,4 SCHOFIELD Street ESSENDON 3040
53313359038,8 CAROB Street MICKLEHAM 3064
53313359722,30 SPREE Street TARNEIT 3029
53313360129,2 KIANA Way ROXBURGH PARK 3064
53313360276,15 BENTONS Way ARMSTRONG CREEK 3217
53313360425,20 SEVENHILL Drive MOUNT DUNEED 3217
53313360558,47 LANGDON Drive WYNDHAM VALE 3024
53313360847,179 WARATAH Road HUNTLY 3551
53313360987,51 FLEURIEU Circuit ARMSTRONG CREEK 3217
53313361111,16 DIATREME Street CRAIGIEBURN 3064
53313361241,31 BELDI Street ALFREDTON 3350
53313361381,51 SAMUEL Road WEIR VIEWS 3338
53313362461,10 VIOLA Drive ROCKBANK 3335
53313362593,34 ALCOCK Road TRUGANINA 3029
53313362859,116 BRIGHTVALE Boulevard WYNDHAM VALE 3024
53313363278,20 BRYGEE Close SUNSHINE NORTH 3020
53313517513,17 POLMONT Avenue THORNHILL PARK 3335
53313518065,43 CONONDALE Avenue TRUGANINA 3029
53313518602,20 PETUNIA Way FRASER RISE 3336
53313519021,19 KELLEHER Way DENNINGTON 3280
53313519154,68 CLAUDIA Crescent KURUNJANG 3337
53313519559,13 PRAISE Street FRASER RISE 3336
53313519681,1 CINDER Drive TARNEIT 3029
53313519822,96 DYSON Drive LUCAS 3350
53313520087,5 GOWAR Road TARNEIT 3029
53313520211,36 ITALIANATE Avenue DEANSIDE 3336
53313520368,2 APPALOOSA Avenue TAYLORS LAKES 3038
53313520896,14 SKYPAC Drive TRUGANINA 3029
53313521151,19 GREVILLEA Drive MOUNT DUNEED 3217
53313521290,7 POLMONT Avenue THORNHILL PARK 3335
53313521571,36 STUBBERFIELD Road TARNEIT 3029
53313521706,11 HALO Street TARNEIT 3029
53313521837,23 MUSTANG Circuit BONNIE BROOK 3335
53313521977,34 CHLOE Street TARNEIT 3029
53313522109,59 ROBINSON Street ARMSTRONG CREEK 3217
53313522239,41 BURSARIA Street JACKASS FLAT 3556
53313522512,17 DORTON Glade DRYSDALE 3222
53313522651,16 HUNTINGFIELD Street THORNHILL PARK 3335
53313522791,53 CORIDALE Boulevard LARA 3212
53313522940,91 EDITH Street TARNEIT 3029
53313523097,97 EDITH Street TARNEIT 3029
53313762166,24 CART Road FRASER RISE 3336
53313762307,25 BEAR Street TARNEIT 3029
53313762561,29 ELMHURST Avenue AINTREE 3336
53313762703,106 MEDALLION Boulevard TARNEIT 3029
53313762842,36 LENA Crescent TRUGANINA 3029
53313763108,4 ILLUSION Terrace DIGGERS REST 3427
53313763378,255 MANOR LAKES Boulevard MANOR LAKES 3024
53313763503,5 ADAGIO Road STRATHTULLOH 3338
53313542700,8 TRIUMPH Avenue TARNEIT 3029
53313542971,5 DUGAN Street THORNHILL PARK 3335
53313543137,6 BLACKALL Street TRUGANINA 3029
53313543665,36 RALLY Street TARNEIT 3029
53313543797,3 HOLSTEIN Crescent TARNEIT 3029
53313543938,4 NOAH Court TRUGANINA 3029
53313544060,51 INGLENOOK Circuit ARMSTRONG CREEK 3217
53313544358,24 HARKNESS Road MADDINGLEY 3340
53313544498,170 FARM Road WERRIBEE 3030
53313544639,86 WOODSWALLOW Entrance SUNSHINE NORTH 3020
53313544779,2 AMALFI Street WINTER VALLEY 3358
53313545034,21 INGLENOOK Circuit ARMSTRONG CREEK 3217
53313545167,71 CORIDALE Boulevard LARA 3212
53313545439,43 EUMARELLA Street TULLAMARINE 3043
53313545645,41 FRONTIER Circuit TARNEIT 3029
53313545777,6 BRIDSON Street LUCAS 3350
53313546073,12 LILYPAD Way ROCKBANK 3335
53313546346,58 GREYJOY Road CHARLEMONT 3217
53313546494,18 ALISTER Grove TARNEIT 3029
53313546635,55 FLEURIEU Circuit ARMSTRONG CREEK 3217
53313547871,88 ROBINSON Street ARMSTRONG CREEK 3217
53313548005,10 LUNAR Drive GREENVALE 3059
53313548275,16 KIMZY Circuit WERRIBEE 3030
53313548400,58 INGLIS Street BALLAN 3342
53313548689,36 HALCYON Road DEANSIDE 3336
53313548953,34 HALCYON Road DEANSIDE 3336
53313549521,2 NOEL Way TARNEIT 3029
53313549804,12 RIVERVIEW Drive WINCHELSEA 3241
53313550076,28A KING WILLIAM Street BROADMEADOWS 3047
53313550200,116 VERONA Crescent FRASER RISE 3336
53313550349,11 HEDGELEY Avenue DEANSIDE 3336
53313330057,56 LUGANO Avenue ALFREDTON 3350
53313330909,55 LINDSAY Gardens POINT COOK 3030
53313331039,72 STRATUS Street TARNEIT 3029
53313331162,8 APPLE GUM Court LARA 3212
53313332110,9 VENICE Drive WINTER VALLEY 3358
53313571683,82 LENA Crescent TRUGANINA 3029
53313571965,76 WOODLEA Boulevard AINTREE 3336
53313572226,17 POLLEN Street MOUNT DUNEED 3217
53313572523,18 BOURNE Boulevard DENNINGTON 3280
53313572664,30 OPULENT Boulevard TARNEIT 3029
53313572796,12 JENG Loop TARNEIT 3029
53313572937,15 RAPTOR Lane WINTER VALLEY 3358
53313573069,129 ATHERSTONE Boulevard STRATHTULLOH 3338
53313573191,5 BOSCASTLE Way WERRIBEE 3030
53313573489,16 SANKURU Road TRUGANINA 3029
53313573745,20 GLOVER Street MAMBOURIN 3024
53313574173,5 EASTBOURNE Street TRUGANINA 3029
53313574307,66 SILVER Drive DIGGERS REST 3427
53313574578,58 VIOLA Drive ROCKBANK 3335
53313574974,4 SUMMERTIME Avenue CHARLEMONT 3217
53313575511,84 HIGHLINE Boulevard TRUGANINA 3029
53313576212,87 ABBEYGATE Drive WERRIBEE 3030
53313697387,6 LITHIC Road CRAIGIEBURN 3064
53313697512,10 GELANTIPY Drive TRUGANINA 3029
53313697643,8 CHANDLER Street SMYTHES CREEK 3351
53313697783,5 GAMUT Crescent BONNIE BROOK 3335
53313697918,7 ORNAMENT Avenue TARNEIT 3029
53313937818,47 ERSKINVILLE Road TARNEIT 3029
53313937957,6 HUSTLING Street TARNEIT 3029
53313938106,137 CODRINGTON Road TRUGANINA 3029
53313938236,52 HORSESHOE Parade FRASER RISE 3336
53313938376,34 BASIN Street FRASER RISE 3336
53313938519,30 HAMISH Road DARLEY 3340
53313938640,13 DUO Walk WERRIBEE 3030
53313938907,13 SPARLAND Street MANOR LAKES 3024
53313939053,41 CAMMISS Way TRUGANINA 3029
53313939185,21 HARDIMAN Circuit FYANSFORD 3218
53313939458,10 BANKSIA Court CAMPBELLS CREEK 3451
53313939608,56 COTTER Way TRUGANINA 3029
53313939739,23 BET Street TRUGANINA 3029
53313939994,3 BILLOP Walk WERRIBEE 3030
53313940275,11 MULGRAVE Street LARA 3212
53313940424,25 ORMOND Boulevard TARNEIT 3029
53313940565,11 CANDLES Street TARNEIT 3029
53313940715,28 MARENTELLI Avenue ARMSTRONG CREEK 3217
53313940846,14 ESTLLEY Court CANADIAN 3350
53313940978,79 SNOWBIRD Road WINTER VALLEY 3358
53313941240,12 MAUVELOUS Avenue TARNEIT 3029
53313941372,27 BATTEN Road CHARLEMONT 3217
53313941515,19 GLOVER Street MAMBOURIN 3024
53313941654,3 LYTTELTON Place SUNBURY 3429
53313941794,13 IRONWOOD Road MICKLEHAM 3064
53313941927,30 RICE FLOWER Crescent STRATHTULLOH 3338
53313942057,66 PALARA Drive STRATHTULLOH 3338
53313942189,7 TINSMITH Drive KYNETON 3444
53313942460,11 FORBES Street ARMSTRONG CREEK 3217
53313942592,7 CELOSIA Way TARNEIT 3029
53313942741,50 ELMHURST Avenue AINTREE 3336
53313943293,8 BROKEN Way TRUGANINA 3029
53313943434,13 CUBAN Road TARNEIT 3029
53313943988,47 WETHERBY Circuit LARA 3212
53313944112,16 CYAD Way MANOR LAKES 3024
53313944242,41 BLOOM Drive ALTONA NORTH 3025
53313944374,241 OHALLORANS Road LARA 3212
53313723380,10 CASSIDY Road WERRIBEE 3030
53313723515,13 RIVERSDALE Boulevard WEIR VIEWS 3338
53313723662,9 MALUA Road BONNIE BROOK 3335
53313723794,3 COOK Court SUNBURY 3429
53313723935,24 JIMMY Street CHARLEMONT 3217
53313724067,15 BLUEGRASS Way WINTER VALLEY 3358
53313724462,42 REFLECTIONS Crescent LARA 3212
53313724612,26 FLANAGAN Close ARMSTRONG CREEK 3217
53313724743,39 COTTER Way TRUGANINA 3029
53313725148,209 STONEHILL Drive MADDINGLEY 3340
53313725287,39 FLUME Street LARA 3212
53313725444,6 CUSHION Way TARNEIT 3029
53313725719,82 MATTINA Circuit GREENVALE 3059
53313725858,17 TODD Street LUCAS 3350
53313726146,62 MCKINLEY Drive TRUGANINA 3029
53313726277,133 SHELTERBELT Avenue WEIR VIEWS 3338
53313726541,1 ZEPPELIN Way DIGGERS REST 3427
53313726709,42 EMU Parade JACANA 3047
53313726830,29 WILDLIFE Circuit FRASER RISE 3336
53313726963,29 SPARROWHAWK Crescent DEANSIDE 3336
53313727259,7 ESK Street LARA 3212
53313727381,23 SORBUS Street TARNEIT 3029
53313727516,8 HEDGEROW Circuit CORIO 3214
53313727663,4 FULHAM Circuit BACCHUS MARSH 3340
53313727805,8 FUSION Drive WYNDHAM VALE 3024
53313728209,6 STELLAR Road BONNIE BROOK 3335
53313728470,3 ROOSEVELT Drive ROCKBANK 3335
53313728605,8 TAXON Road WEIR VIEWS 3338
53313728736,5 TENOR Street STRATHTULLOH 3338
53313728876,24 RYDER Street CHARLEMONT 3217
53313729000,10 MEREDITH Street MAMBOURIN 3024
53313729131,50 VASSE Circuit MOUNT DUNEED 3217
53313729270,45 VASSE Circuit MOUNT DUNEED 3217
53313729413,6 LORIKEET Circuit ROCKBANK 3335
53313729544,3 RATHMINES Road TRUGANINA 3029
53313729676,6 ALBATROSS Close MOOLAP 3224
53313729819,13 ARRAMONT Road GREENVALE 3059
53313970083,4 MARCHADOR Street BONNIE BROOK 3335
53313970217,69 COUNTESS Street ARMSTRONG CREEK 3217
53313970496,11 VILLANDRY Street ROXBURGH PARK 3064
53313970629,53 SLINKY Street DEANSIDE 3336
53313135753,15 ALVERTON Drive POINT COOK 3030
53313135885,33 BROADFIELD Road BROADMEADOWS 3047
53313136140,9 HAIGH Place MOUNT PLEASANT 3350
53313136289,1 ADAMS Way MADDINGLEY 3340
53313136810,41 STOCKMANS Drive TRUGANINA 3029
53313139688,2 MILLEARA Road KEILOR EAST 3033
53313380135,55 LANGDON Drive WYNDHAM VALE 3024
53313380936,29 DANTE Crescent BONSHAW 3352
53313381209,62 BUCKNALL Street CARISBROOK 3464
53313381605,27 TERRACOTTA Avenue TARNEIT 3029
53313381744,8 DRAYTON Place WARRNAMBOOL 3280
53313381876,33 MAKEDONIA Street TARNEIT 3029
53313918494,5 GENOVESI Street CHARLEMONT 3217
53313918750,25 BALLANRONG Road BONNIE BROOK 3335
53313919022,44 WILDWOOD Road AINTREE 3336
53313919286,21 REDCRAZE Road BONNIE BROOK 3335
53313919411,119 MEDALLION Boulevard TARNEIT 3029
53313919550,34 SPARROWHAWK Crescent DEANSIDE 3336
53313919682,39 CLAY Crescent ROCKBANK 3335
53313919956,7 ARACAR Street TRUGANINA 3029
53313920236,6 ATISHA Street WYNDHAM VALE 3024
53313920501,6 HERTFORD Place STRATHTULLOH 3338
53313920798,4 SPRINGVIEW Place ROMSEY 3434
53313921053,14 ROURKE Street TARNEIT 3029
53313921193,83 WHITECROSS Drive THORNHILL PARK 3335
53313921325,32 CORBUSIER Way WERRIBEE 3030
53313921458,6 GORKHA Way WERRIBEE 3030
53313921580,107 HOUDINI Drive TARNEIT 3029
53313921721,22 MACARA Street SUNBURY 3429
53313921854,15 GARGANEY Road ARMSTRONG CREEK 3217
53313157062,16 HANCOCK Crescent BRAYBROOK 3019
53313158267,76 ROYAL Road BRAYBROOK 3019
53313158399,8 SERGEANT Walk BRAYBROOK 3019
53313158530,86 ROYAL Road BRAYBROOK 3019
53313158928,12 COLE Street BRAYBROOK 3019
53313159083,9 TRIBUTARY Way WEIR VIEWS 3338
53313159217,194 HIGHLANDER Drive CRAIGIEBURN 3064
53313159356,18 APPLE GUM Circuit BELLBRAE 3228
53313160835,19 ADORI Street MARIBYRNONG 3032
53313944549,10 BALDWIN Road FRASER RISE 3336
53313944814,16 BASIN Street FRASER RISE 3336
53313944945,58 CLAY Crescent ROCKBANK 3335
53313945084,18 CRESTHAVEN Road TARNEIT 3029
53313945218,7 ROBWOOD Street ARMSTRONG CREEK 3217
53313945349,13 COROMANDEL Drive LARA 3212
53313945471,11 PRAISE Street FRASER RISE 3336
53313945753,86 MANDALAY Avenue ARMSTRONG CREEK 3217
53313945885,20 WATTLESIDE Drive OCEAN GROVE 3226
53313946033,30 COOK Road MELTON SOUTH 3338
53313946173,12 BUICK Road SMYTHES CREEK 3351
53313946578,20 AMAZING Boulevard FRASER RISE 3336
53313946711,20 SLINKY Street DEANSIDE 3336
53313946850,8 BUD Street DIGGERS REST 3427
53313946990,5 ALKINGTON Way WERRIBEE 3030
53313947121,4 YEOMAN Street MELTON SOUTH 3338
53313947278,27 PASCAL Crescent MOUNT DUNEED 3217
53313947403,33 LINKAGE Street BONSHAW 3352
53313947542,58 MAIN Street AINTREE 3336
53313947674,10 PRUNUS Crescent FRASER RISE 3336
53313947817,27 WYLIE Street CHARLEMONT 3217
53313947948,54 WOODLAND Street LARA 3212
53313948087,26 COURTENAY Promenade FRASER RISE 3336
53313948350,21 TURIN Avenue DEANSIDE 3336
53313948482,33 ROBWOOD Street ARMSTRONG CREEK 3217
53313948617,49 MAIN Street AINTREE 3336
53313948748,35 LORIKEET Circuit ROCKBANK 3335
53313949028,8 CREATIVITY Walk AINTREE 3336
53313949151,6 PICKERING Crescent LARA 3212
53313949282,8 RUMEX Street DEANSIDE 3336
53313949556,9 PETRUS Way CHARLEMONT 3217
53313949688,2 PETRUS Way CHARLEMONT 3217
53313950085,32 ROBWOOD Street ARMSTRONG CREEK 3217
53313950340,8 BALLANRONG Road BONNIE BROOK 3335
53313950621,258 MANOR LAKES Boulevard MANOR LAKES 3024
53313950779,59 GRAPPENHALL Avenue STRATHTULLOH 3338
53313950904,18 ANISATA Way MANOR LAKES 3024
53313951217,4 AVENIDA Road GREENVALE 3059
53313951613,16 CANAL Street FRASER RISE 3336
53313951744,34A ASPEN Street WINTER VALLEY 3358
53313951876,37 BLACKWATTLE Drive ARMSTRONG CREEK 3217
53313970892,13 TREFOIL Road TARNEIT 3029
53313971032,169 DRYLAND Boulevard MICKLEHAM 3064
53313971296,28 HARRIOTT Road ARMSTRONG CREEK 3217
53313971560,25 BENSON Drive WERRIBEE 3030
53313971833,12 CONFERTA Road TARNEIT 3029
53313972269,76 REGAL Road POINT COOK 3030
53313972524,8 WARANGAL Way DEANSIDE 3336
53313972665,27 CAPTAIN Drive POINT COOK 3030
53313972797,8 DAMESFLY Circuit TARNEIT 3029
53313973060,4 BRAHMAN Street DEANSIDE 3336
53313973480,44 PANKINA Road MAMBOURIN 3024
53313973615,16 MONTVIEW Court CORIO 3214
53313973886,42 RECOGNITION Avenue TARNEIT 3029
53313974010,6 LAANECOORIE Walk EYNESBURY 3338
53313974141,7 KENDRA Place BONSHAW 3352
53313974415,5 WILD ORCHID Street BROOKFIELD 3338
53313974546,59 ARNISON Road TARNEIT 3029
53313974678,13 AMALFI Street WINTER VALLEY 3358
53313974950,18 TRILLER Street GREENVALE 3059
53313975081,13 TOLKIEN Drive MAMBOURIN 3024
53313975215,7 WIDMARK Road TRUGANINA 3029
53313975346,58 SHANTI Circuit WERRIBEE 3030
53313975536,7 SPROUT Drive TARNEIT 3029
53313975669,13 RAWLINSON Street MADDINGLEY 3340
53313975791,112 FANTAIL Way BROOKFIELD 3338
53313975932,8 SALTWORKS Street POINT COOK 3030
53313976625,69 COSMOPOLITAN Drive WYNDHAM VALE 3024
53313976766,243 WILDERNESS Drive MOUNT DUNEED 3217
53313976908,17 QUEST Drive FRASER RISE 3336
53313977037,15 MABER Street TARNEIT 3029
53313977193,58 HONEYPOT Circuit MICKLEHAM 3064
53313977325,11 BURNIE Street ARMSTRONG CREEK 3217
53313977466,67 CRAYCROFT Road TRUGANINA 3029
53313977739,14 HEALY Drive TRUGANINA 3029
53313977862,27 NEMI Parade TARNEIT 3029
53313977994,8 ANISEED Street MICKLEHAM 3064
53313978134,45 PIGATO Crescent DEANSIDE 3336
53313978273,32 SINGLETON Circuit ARMSTRONG CREEK 3217
53313382139,3 DOMINIQUE Street TRUGANINA 3029
53313382278,13 ADRIANUS Street ALFREDTON 3350
53313383482,6 BIAS Way HOPPERS CROSSING 3029
53313383617,110 MOSSFIEL Drive HOPPERS CROSSING 3029
53313383748,6 CALA Street WEST FOOTSCRAY 3012
53313384012,14 POPPY Grove TORQUAY 3228
53313384274,44 DANTE Crescent BONSHAW 3352
53313384944,41 WALTON Street MELTON SOUTH 3338
53313385209,16 DEVONSHIRE Road THORNHILL PARK 3335
53313385330,294 BLACKSHAWS Road ALTONA NORTH 3025
53313385470,56 GIBSONS Circuit BONNIE BROOK 3335
53313385876,9 BIBURY Street LARA 3212
53313386018,47 DANDELION Crescent ROCKBANK 3335
53313386149,30 REVERENCE Drive ROCKBANK 3335
53313386405,147 BONNIEBROOK Road BONNIE BROOK 3335
53313386544,4 PALMASTON Drive GREENVALE 3059
53313387088,16 NETHERLEY Walk ARMSTRONG CREEK 3217
53313387351,90 GIBSONS Circuit BONNIE BROOK 3335
53313387772,4 PISCES Crescent TRUGANINA 3029
53313388193,18 STEAMBOAT Avenue WINTER VALLEY 3358
53313388325,3 ATTADALE Avenue WERRIBEE 3030
53313388458,66 LYNWOOD Drive THORNHILL PARK 3335
53313388945,8 OLEARIA Court LARA 3212
53313389076,50 STRATUS Street TARNEIT 3029
53313389200,28 CONIFER Street ARMSTRONG CREEK 3217
53313161362,8 BONSALLO Walk TARNEIT 3029
53313161768,12 MEREDITH Street ST LEONARDS 3223
53313163103,54 WARMINGTON Road SUNSHINE WEST 3020
53313163508,29 CROWN Drive FRASER RISE 3336
53313164042,35 SARATOGA Circuit DRYSDALE 3222
53313166312,15 PADMA Boulevard TARNEIT 3029
53313166583,6 SILVER LEAF Way WINTER VALLEY 3358
53313166724,23 WAVERTREE Crescent WERRIBEE 3030
53313166857,84 RESTFUL Way ROCKBANK 3335
53313167128,31 HELENIC Drive GREENVALE 3059
53313167382,473 BLACKSHAWS Road ALTONA NORTH 3025
53313167517,584 PASCOE VALE Road PASCOE VALE 3044
53313167656,7 SOMERDALE Avenue WYNDHAM VALE 3024
53313167913,6 MARTIN Street AINTREE 3336
53313168317,40 CROWN Drive FRASER RISE 3336
53313168448,1B ONYX Way TARNEIT 3029
53313952008,12 FORBES Street ARMSTRONG CREEK 3217
53313952147,104 MAMIC Boulevard FRASER RISE 3336
53313952278,17 PRATHAM Street TARNEIT 3029
53313952403,7 OHAGAN Way TRUGANINA 3029
53313952534,49 LORIKEET Circuit ROCKBANK 3335
53313952674,15 MANIKATO Drive BONNIE BROOK 3335
53313952964,6 ZELKOVA Circuit FRASER RISE 3336
53313953095,10 BAXTER Street MAMBOURIN 3024
53313953243,52 JOURNEY Crescent MOUNT DUNEED 3217
53313953383,20 EARLVILLE Street MANOR LAKES 3024
53313953518,24 ZELKOVA Circuit FRASER RISE 3336
53313953649,25 FROLIC Street TARNEIT 3029
53313188711,42522 ANDERSON Road SUNBURY 3429
53313189782,59 BECKET Street GLENROY 3046
53313190329,15 MIDGARD Road WEIR VIEWS 3338
53313190592,131 MARADONA Boulevard DEANSIDE 3336
53313190998,8 MEADOWS Drive DEANSIDE 3336
53313191384,3 STACEY Parade MOUNT COTTRELL 3024
53313191525,5 DESMOND Street LUCAS 3350
53313191658,119 CARTER Road ARMSTRONG CREEK 3217
53313192183,8 RIMMINGTON Way ROCKBANK 3335
53313192456,34A WOODVILLE PARK Drive HOPPERS CROSSING 3029
53313193140,12 RIMMINGTON Way ROCKBANK 3335
53313194080,2 LOVELL Lane AINTREE 3336
53313978547,16 DEANOS Road FRASER RISE 3336
53313978828,3 SALSOLA Road MICKLEHAM 3064
53313978951,8 HAMPTON Street DEANSIDE 3336
53313979082,15 DUNBAR Street FRASER RISE 3336
53313979216,15 FIRMONA Street TARNEIT 3029
53313979355,16 BASQUE Drive THORNHILL PARK 3335
53313979487,8 BIVONGI Road DEANSIDE 3336
53313979612,22 MILESI Street CHARLEMONT 3217
53313979743,59 HAPPINESS Way WYNDHAM VALE 3024
53313979883,28 DELORAINE Street ARMSTRONG CREEK 3217
53313980019,16 ALEXANDER Court SUNBURY 3429
53313980307,59 MEALIE Avenue MICKLEHAM 3064
53313980462,185 WOODS Road TRUGANINA 3029
53313980594,14 CORDATA Road POINT COOK 3030
53313980727,1 DEER Walk POINT COOK 3030
53313980850,8 EGRET Way DIGGERS REST 3427
53313981009,153 BRAMLEY Avenue CHARLEMONT 3217
53313981279,15 VILANA Drive SUNBURY 3429
53313981576,24 TURIN Avenue DEANSIDE 3336
53313981840,39 ANAHEIM Avenue HUNTLY 3551
53313982112,10 WALLALOO Drive EYNESBURY 3338
53313982242,55 PADMA Boulevard TARNEIT 3029
53313982374,41 PADMA Boulevard TARNEIT 3029
53313982509,27 HANOVER Circuit MELTON SOUTH 3338
53313982648,55 BRAY Street DEANSIDE 3336
53313982770,251 WILDERNESS Drive MOUNT DUNEED 3217
53313982905,5 NOKOTA Circuit BONNIE BROOK 3335
53313983035,13 PARSONAGE Crescent TRUGANINA 3029
53313983175,4 PALERMO Road DEANSIDE 3336
53313983430,201 ALFRED Road STRATHTULLOH 3338
53313983563,16 SHALE Road WERRIBEE 3030
53313983705,10 GREENMOUNT Avenue ARMSTRONG CREEK 3217
53313984132,13 DEER Walk POINT COOK 3030
53313984271,44 EVERBLOOM Crescent TARNEIT 3029
53313984406,8 COMOSA Street ROCKBANK 3335
53313984545,43 WHEATSHEAF Road WYNDHAM VALE 3024
53313984685,2 PERUGIA Street DEANSIDE 3336
53313984826,9 CAMPHOR Grove ROCKBANK 3335
53313984959,22 ROSMEAD Street CRAIGIEBURN 3064
53313985080,19 CHILULA Street HUNTLY 3551
53313985214,34 GYMEA Street MOUNT DUNEED 3217
53313985353,33 PRIYA Street WERRIBEE 3030
53313985511,33 CALIFORNIA Way BONNIE BROOK 3335
53313985650,17 GLORY Way ARMSTRONG CREEK 3217
53313985790,10 STAND Street SUNBURY 3429
53313389471,9 CHERRY Avenue CAMPBELLS CREEK 3451
53313390150,93 CLARKES Road FYANSFORD 3218
53313390695,2 CORIDALE Boulevard LARA 3212
53313390969,17 ESTLLEY Court CANADIAN 3350
53313391495,27 DANTE Crescent BONSHAW 3352
53313392055,10 SHEARMAN Road DEANSIDE 3336
53313392600,54 CROWTHER Drive LUCAS 3350
53313392731,29 ALDERLEY Crescent DEANSIDE 3336
53313393144,51 PINTAIL Drive TORQUAY 3228
53313393275,16 AZALEA Way ROCKBANK 3335
53313393400,23 HIMALAYAS Street TRUGANINA 3029
53313393953,10 KARACHI Avenue MOUNT COTTRELL 3024
53313394224,33 KURUNG Drive WYNDHAM VALE 3024
53313394365,16 HONEYEATER Way MOUNT DUNEED 3217
53313394620,21 COLMAR Street LARA 3212
53313394893,15 BOSSINI Street TRUGANINA 3029
53313395487,54 SECTION Road GREENVALE 3059
53313395834,13 WARRIGAL Drive AINTREE 3336
53313634588,18 BYROCK Street TRUGANINA 3029
53313634713,124 VERONA Crescent FRASER RISE 3336
53313634844,6 JARVIS Way LUCAS 3350
53313634984,45 JOEY Crescent DEANSIDE 3336
53313635118,18 GANSHA Street WEIR VIEWS 3338
53313635248,28 LADHAMS Way MADDINGLEY 3340
53313635370,11 GLENARD Avenue STRATHTULLOH 3338
53313635545,66 ORNAMENT Avenue TARNEIT 3029
53313170173,8 LAUTARET Road BROWN HILL 3350
53313170974,11 CORELLA Walk MAIDSTONE 3012
53313171108,112 WELCOME Parade WYNDHAM VALE 3024
53313171386,32 NATAL Road TARNEIT 3029
53313171511,27 HOWKINS Avenue WINTER VALLEY 3358
53313172499,11 ALDERNEY Street TARNEIT 3029
53313411674,16 MONDO Street ROCKBANK 3335
53313411809,31 ISLAMABAD Crescent MOUNT COTTRELL 3024
53313412201,11 NOSILLA Street SMYTHES CREEK 3351
53313412332,13 STEADFIELD Circuit MELTON SOUTH 3338
53313412993,11 WELLARD Boulevard INVERMAY PARK 3350
53313413397,117 NEWMARKET Road WERRIBEE 3030
53313413793,4 GORKHA Way WERRIBEE 3030
53313413926,8 BUNCE Court FYANSFORD 3218
53313414180,16 BLUEWREN Street KURUNJANG 3337
53313414461,5 COFFEY Street TARNEIT 3029
53313414593,40 BRAMFORD Crescent TRUGANINA 3029
53313194634,18 FLAGSTONE Street WERRIBEE 3030
53313194917,1 PEDDAR Way CRAIGIEBURN 3064
53313195590,72 CONNAUGHT Road TARNEIT 3029
53313196005,4 GIGGS Street DEANSIDE 3336
53313197231,17 HOWKINS Avenue WINTER VALLEY 3358
53313198180,22 CONSTANCE Street WERRIBEE 3030
53313198445,5 RIMMINGTON Way ROCKBANK 3335
53313199115,26 FRONTIER Circuit TARNEIT 3029
53313199245,86 CONNAUGHT Road TARNEIT 3029
53313199502,30 NATURALISTE Way ARMSTRONG CREEK 3217
53313199641,1 WOODVALE Grove ESSENDON 3040
53313199916,61 ISLA Avenue GLENROY 3046
53313200466,31 ELECTRA Drive WILLIAMS LANDING 3027
53313201273,45 COSMOS Street GLENROY 3046
53313201804,2 CARMICHAEL Road WARRNAMBOOL 3280
53313220470,38 VANBURN Road TRUGANINA 3029
53313220876,66 YARROWEE Street SEBASTOPOL 3356
53313221702,4 FAITH Road TARNEIT 3029
53313222310,157 FLINDERS Avenue LARA 3212
53313222821,173-177 PASCOE VALE Road MOONEE PONDS 3039
53313223233,10 HOLMAN Crescent BACCHUS MARSH 3340
53313223508,5 GODRICH Street SUNBURY 3429
53313223639,24 PELICAN Drive WINTER VALLEY 3358
53313223787,14 TOWERTREE Street TRUGANINA 3029
53313224348,21 SOUTHDOWN Avenue TRUGANINA 3029
53313224744,34 COLLINSON Street KEILOR PARK 3042
53313225544,33 NEPEAN Street BROADMEADOWS 3047
53313225676,141 MAIN Road ST ALBANS 3021
53313226360,28 GORDON Street NEWPORT 3015
53313226633,8 TANBAR Street FRASER RISE 3336
53313227160,13 PARKFIELD Boulevard CHARLEMONT 3217
53313227879,6 KYEAMBA Circuit BACCHUS MARSH 3340
53313228003,4 EASTRIDGE Street GREENVALE 3059
53313228134,8 GUDDI Court GREENVALE 3059
53313635810,72 CORIDALE Boulevard LARA 3212
53313635941,95 FUCHSIA Drive ROCKBANK 3335
53313636108,68 BENDIGO Drive TARNEIT 3029
53313636361,94 SHOREBREAK Way OCEAN GROVE 3226
53313636493,38 SARAN Crescent DEANSIDE 3336
53313636634,7 SKALKOZ Street WILLIAMS LANDING 3027
53313636767,50 ORIENTATION Avenue TARNEIT 3029
53313637186,21 DUNKERRIN Avenue GISBORNE 3437
53313637310,8 LINDSAY Court MELTON 3337
53313637441,54 GUTHRIE Drive MELTON SOUTH 3338
53313637573,20 ELLIMATTA Road MAMBOURIN 3024
53313637716,29 BISHOPGATE Boulevard BONNIE BROOK 3335
53313637847,77 NASCENT Drive TARNEIT 3029
53313638381,2 CROWLANDS Circuit EYNESBURY 3338
53313639209,102 VERONA Crescent FRASER RISE 3336
53313639348,39 SPOONBILL Avenue WINTER VALLEY 3358
53313639488,20 BIRDWOOD Drive ST LEONARDS 3223
53313639760,28 LOMBARDY Walk DEANSIDE 3336
53313639902,9 AMPHITHEATRE Street EYNESBURY 3338
53313640034,118 MONTEGO Boulevard SUNBURY 3429
53313640167,8 ELAINE Street TARNEIT 3029
53313640298,59 SHOWMAN Drive DIGGERS REST 3427
53313640439,13 BUTTERNUT Street HARKNESS 3337
53313640562,1 BERRI Street BACCHUS MARSH 3340
53313641123,19 EIFFEL Avenue BONNIE BROOK 3335
53313641255,7 OPULENCE Avenue FRASER RISE 3336
53313641651,108 ODYSSEY Boulevard TARNEIT 3029
53313641819,4 ELOARA Street TARNEIT 3029
53313642087,16 YIRRANGAN Road SUNBURY 3429
53313642211,16 STARKE Street DEANSIDE 3336
53313642474,33 STELLAR Road BONNIE BROOK 3335
53313642617,33 SANCTUM Drive WEIR VIEWS 3338
53313642748,16 APSLEY Street STRATHFIELDSAYE 3551
53313643012,11 COLACHI Road TRUGANINA 3029
53313415147,5 CHARTERS Way HUNTLY 3551
53313415278,27 VULCAN Drive CRAIGIEBURN 3064
53313415411,1 MCKELL Street DEANSIDE 3336
53313415542,10 CONTROL Street GREENVALE 3059
53313415682,70 GIBSONS Circuit BONNIE BROOK 3335
53313415817,3 RED WATTLE Way GREENVALE 3059
53313416087,5 HABERFIELD Street WARRNAMBOOL 3280
53313416227,12 CORIDALE Boulevard LARA 3212
53313416350,41 KAMALA Drive TARNEIT 3029
53313416623,2 ENCHANTED Road FRASER RISE 3336
53313416756,14 BROWN Street BONNIE BROOK 3335
53313416896,6 VASTU Street WERRIBEE 3030
53313417035,3 LANGER Road DEANSIDE 3336
53313417168,59 CROWTHER Drive LUCAS 3350
53313417299,3 DALGLISH Street DEANSIDE 3336
53313417422,44 DIANCHI Drive WYNDHAM VALE 3024
53313417563,73 KENSINGTON Boulevard SMYTHES CREEK 3351
53313417836,17 PERIVALE Crescent WYNDHAM VALE 3024
53313418230,3 SNIPE Street WINTER VALLEY 3358
53313419189,3 SANTAROSA Way EPSOM 3551
53313420147,1 VASTU Street WERRIBEE 3030
53313420286,8 HIGGINS Walk ST ALBANS 3021
53313420550,46 MAREMMANO Crescent TAYLORS LAKES 3038
53313420682,139 BONNIEBROOK Road BONNIE BROOK 3335
53313421087,26 YARROWEE Parade REDAN 3350
53313421482,18 CHERISH Street FRASER RISE 3336
53313421617,13 MILNE Street SUNBURY 3429
53313421748,17 DIATREME Street CRAIGIEBURN 3064
53313202098,16 BEATTIE Court COLAC 3250
53313202503,30 SUMAR Drive CRAIGIEBURN 3064
53313203582,9 LIMESTONE Street CHARLEMONT 3217
53313203717,55 MAMIC Boulevard FRASER RISE 3336
53313203988,5 WHITE GUM Way WINTER VALLEY 3358
53313204268,12 INLET Drive MOUNT DUNEED 3217
53313204390,101 CALLAWAY Street MAMBOURIN 3024
53313204523,19 RAINIER Drive TRUGANINA 3029
53313443237,49 CROWTHER Drive LUCAS 3350
53313443360,46 RUTHVEN Way MAMBOURIN 3024
53313443633,13 ESTRELLA Street BONSHAW 3352
53313443898,8 SUPPER Street SUNBURY 3429
53313444020,20 STELLAR Road BONNIE BROOK 3335
53313444730,16 HENLIX Court MOUNT CLEAR 3350
53313444870,4 CORK Street ALFREDTON 3350
53313445274,148 ALTEZZE Drive TRUGANINA 3029
53313445417,18 FAWKNER Crescent ARMSTRONG CREEK 3217
53313445548,4 CLAPHAM Crescent WYNDHAM VALE 3024
53313445688,34-38 HORSBURGH Drive ALTONA NORTH 3025
53313446356,10 BONDON Crescent MANOR LAKES 3024
53313446488,9 MCKELL Street DEANSIDE 3336
53313446613,71 SUMAR Drive MICKLEHAM 3064
53313446744,17 SPRINTER Way WINTER VALLEY 3358
53313446884,8 SOCIAL Street TARNEIT 3029
53313447023,11 CHERISH Drive TARNEIT 3029
53313447287,61 NORMANBY Boulevard DEANSIDE 3336
53313447428,21 JOEY Crescent DEANSIDE 3336
53313447957,16 CAHILL Street ST ALBANS 3021
53313448088,155 PRINCES Street FLEMINGTON 3031
53313617691,54 COMMUNAL Road WYNDHAM VALE 3024
53313618096,20 OTTERHAM Way WERRIBEE 3030
53313618228,38 VILLETTE Avenue TARNEIT 3029
53313618351,33 BUSHRANGER Drive SUNBURY 3429
53313618632,25 HUBBLE Drive GREENVALE 3059
53313857931,50 WOODS Road TRUGANINA 3029
53313858063,25 OMAR Street WYNDHAM VALE 3024
53313858195,6 NED Street GREENVALE 3059
53313858666,11 BEVERLY Way ARMSTRONG CREEK 3217
53313858798,10 SERENE Drive STRATHFIELDSAYE 3551
53313858939,51 MERINDAH Boulevard DEANSIDE 3336
53313859078,16 MUREX Street POINT LONSDALE 3225
53313859333,7 ASPEN Street WINTER VALLEY 3358
53313859466,16 ASHFORDBY Street BONNIE BROOK 3335
53313859616,5 STINT Street TARNEIT 3029
53313859747,21 ERVINE Drive WYNDHAM VALE 3024
53313860005,3 ROSSO Drive TARNEIT 3029
53313860152,16 NANKEEN Grove DEANSIDE 3336
53313860418,27 NOKOTA Circuit BONNIE BROOK 3335
53313860549,194A MASCOMA Street STRATHMORE HEIGHTS 3041
53313861084,52 GRANGEHILL Mews WYNDHAM VALE 3024
53313861224,97 NAPIER Street ESSENDON 3040
53313861357,25 BALBI Road TRUGANINA 3029
53313861489,47 LEEWARD Drive TARNEIT 3029
53313861753,284 HUMMINGBIRD Boulevard TARNEIT 3029
53313861885,18 FOLD Circuit BONNIE BROOK 3335
53313862023,35 GIOVANNI Drive CHARLEMONT 3217
53313862156,8 PEBBLE Street GREENVALE 3059
53313862295,67 TULSI Avenue WERRIBEE 3030
53313862428,9 CASPIAN Street BONNIE BROOK 3335
53313862569,12 FREW Road MAMBOURIN 3024
53313862691,79 CENTURION Avenue TARNEIT 3029
53313862832,7 BAXTER Street MAMBOURIN 3024
53313862965,27 ASHFORDBY Street BONNIE BROOK 3335
53313863228,38 CRIB Street TARNEIT 3029
53313863369,58 GRAINGER Parade LUCAS 3350
53313863501,1015 MORRIS Road TRUGANINA 3029
53313863632,71 LENA Crescent TRUGANINA 3029
53313864053,42 RAVENSCRAIG Drive STRATHTULLOH 3338
53313643290,27 HUBBARD Street WYNDHAM VALE 3024
53313643423,7 RANELAGH Avenue STRATHTULLOH 3338
53313643556,13 PURPLE Road FRASER RISE 3336
53313643696,11 OMAR Street WYNDHAM VALE 3024
53313643960,41 SHOREBREAK Way OCEAN GROVE 3226
53313644091,13 MATT Walk SUNBURY 3429
53313644249,37 CONONDALE Avenue TRUGANINA 3029
53313644389,1 KIRKWOOD Street GISBORNE 3437
53313644653,12 AGATHA Way WERRIBEE 3030
53313644926,19 SHEEPYARD Way DIGGERS REST 3427
53313645239,15 TRADITION Walk TARNEIT 3029
53313645379,11 MATT Walk SUNBURY 3429
53313645504,91 WILLIAMS LANDING Boulevard WILLIAMS LANDING 3027
53313645635,8 CANTER Road TARNEIT 3029
53313646056,19 HUFFNELL Road DEANSIDE 3336
53313646196,90 MONCRIEFF Crescent WANDANA HEIGHTS 3216
53313646328,124 BRAMLEY Avenue CHARLEMONT 3217
53313646469,10 AZAS Street TRUGANINA 3029
53313646601,105 WILLIAMS LANDING Boulevard WILLIAMS LANDING 3027
53313646732,45 CORMORANT Grange WINTER VALLEY 3358
53313646872,2 RICHARD Court CRESWICK 3363
53313647152,32 OTTERHAM Way WERRIBEE 3030
53313647432,63 LENA Crescent TRUGANINA 3029
53313647846,36 GUSTAVE Avenue MICKLEHAM 3064
53313647978,49 OPAL Drive LEOPOLD 3224
53313648126,56 HEMINGWAY Drive ROCKBANK 3335
53313648380,20 ZEAL Road WINTER VALLEY 3358
53313648515,16 WOODLAND Street LARA 3212
53313648654,57 BENDIGO Drive TARNEIT 3029
53313648786,52 OPAL Drive LEOPOLD 3224
53313648927,7 TAMWORTH Drive ROCKBANK 3335
53313649059,7 BUSHLAND Way JACKASS FLAT 3556
53313649339,35 FRITELLI Circuit WYNDHAM VALE 3024
53313649462,11 APORTA Avenue TARNEIT 3029
53313649594,8 SHINRONE Drive GISBORNE 3437
53313649735,5 REFLECTIONS Crescent LARA 3212
53313649990,10 PENVER Terrace WERRIBEE 3030
53313650124,24 ALTO Grange WINTER VALLEY 3358
53313650264,9 CALLICOMA Street MICKLEHAM 3064
53313889975,15 PALETTE Street MAMBOURIN 3024
53313890101,20 SHEARS Drive FRASER RISE 3336
53313422421,10 HURON Road CRAIGIEBURN 3064
53313422554,22 MASTERS Drive WINTER VALLEY 3358
53313423263,57 TERRACOTTA Avenue TARNEIT 3029
53313423395,31 ELDENWOOD Mews CANADIAN 3350
53313423676,13 MILLBROOK Drive WYNDHAM VALE 3024
53313424469,145 BATTEN Road ARMSTRONG CREEK 3217
53313424619,24 MOOMBIL Road TRUGANINA 3029
53313424740,44 BRAMFORD Crescent TRUGANINA 3029
53313424872,3 MOUNTAIN ASH Circuit WINTER VALLEY 3358
53313425284,23 FLANNERY Circuit CHARLEMONT 3217
53313426472,14 STARKE Street DEANSIDE 3336
53313426746,9 STARKE Street DEANSIDE 3336
53313426904,14 HOTCHKISS Way SMYTHES CREEK 3351
53313427033,33 GREVILLEA Drive MOUNT DUNEED 3217
53313427173,5 FARRINGTON Avenue ALTONA NORTH 3025
53313666310,124 DYSON Drive LUCAS 3350
53313666532,35 RAPTOR Lane WINTER VALLEY 3358
53313666698,53 BRISBANE Street LARA 3212
53313666962,59 SUNLIGHT Circuit LARA 3212
53313667092,7 ASPERULA Street TARNEIT 3029
53313667365,4 UTOPIA Way WEIR VIEWS 3338
53313667778,11 BLOOMINGBURG Road MANOR LAKES 3024
53313667903,74 CARFIN Circuit THORNHILL PARK 3335
53313668041,5 CLEAR Drive TARNEIT 3029
53313668173,37 BLESS Drive TARNEIT 3029
53313668339,1 COUNCILLOR Drive WEIR VIEWS 3338
53313668462,16 DANUBE Road TRUGANINA 3029
53313668594,46 WOODLAND Street LARA 3212
53313448212,155 PRINCES Street FLEMINGTON 3031
53313448351,45 EIFFEL Avenue BONNIE BROOK 3335
53313448491,9 YEOMAN Street MELTON SOUTH 3338
53313448624,57 TOWER Street THORNHILL PARK 3335
53313448757,45 MULLINGAR Drive ALFREDTON 3350
53313448889,109 MERINDAH Boulevard DEANSIDE 3336
53313449029,9 PURITY Way ARMSTRONG CREEK 3217
53313449152,62C HART Street COLAC 3250
53313449418,23 MAPLE Walk MOONEE PONDS 3039
53313449945,18 PISCES Crescent TRUGANINA 3029
53313450086,18 SOUTHDOWN Avenue TRUGANINA 3029
53313450359,5 SUPREME Avenue GREENVALE 3059
53313450499,29 STRATUS Street TARNEIT 3029
53313450630,5 RACING Way WINTER VALLEY 3358
53313450763,19 SHINRONE Drive GISBORNE 3437
53313450905,14 CROSBY Street TRUGANINA 3029
53313451043,23 CONTE Close COBURG 3058
53313451191,31 LANA Drive JACKASS FLAT 3556
53313451323,12 BLAKE Drive MADDINGLEY 3340
53313451852,27 MADIGAN Road LANCEFIELD 3435
53313451984,7 STACCATO Terrace STRATHTULLOH 3338
53313452543,17 SUMAR Drive CRAIGIEBURN 3064
53313452675,15 HIGH Street KYNETON 3444
53313452818,8 MCKECHNIE Street ST ALBANS 3021
53313452949,6 GUSTAVE Avenue CRAIGIEBURN 3064
53313453088,38 LANA Drive JACKASS FLAT 3556
53313453228,66 CURTIN Drive DEANSIDE 3336
53313453369,3 JONQUIL Walk DIGGERS REST 3427
53313453624,15 ELM Drive FRASER RISE 3336
53313453897,24 BLACKALL Street TRUGANINA 3029
53313454301,37 VERDALE Drive ALFREDTON 3350
53313454572,12 ZIDANE Avenue DEANSIDE 3336
53313454721,52 FEEHAN Avenue MOONEE PONDS 3039
53313455003,135 INSHORE Drive TORQUAY 3228
53313455266,18 MANSELL Drive DENNINGTON 3280
53313455398,4 BRASSWOOD Close WERRIBEE 3030
53313864193,12 FORTITUDE Drive SOUTH KINGSVILLE 3015
53313864325,5 FORTUNE Avenue SOUTH KINGSVILLE 3015
53313864466,13 MILLBROOK Road BONSHAW 3352
53313864630,50 KRATERON Street FRASER RISE 3336
53313864763,41 COBRAM Drive EYNESBURY 3338
53313864895,71 WATERFERN Street FRASER RISE 3336
53313865175,16 BERNADETTE Road GREENVALE 3059
53313865309,6 DEVONIA Avenue FRASER RISE 3336
53313865448,42 POLLEN Road TARNEIT 3029
53313865588,24 LINKAGE Street BONSHAW 3352
53313865713,39 LITHIC Road CRAIGIEBURN 3064
53313865976,132 SHELTERBELT Avenue WEIR VIEWS 3338
53313866118,9 PALLADIAN Avenue CHARLEMONT 3217
53313866248,38 ARNOLD Circuit CHARLEMONT 3217
53313866370,181 CALLAWAY Street MAMBOURIN 3024
53313866513,22 PARADISE Circuit ARMSTRONG CREEK 3217
53313867048,28 MOLLYAN Avenue CHARLEMONT 3217
53313867196,37 JARLATH Drive MAMBOURIN 3024
53313867451,40 POLLEN Road TARNEIT 3029
53313867583,5 LEDGER Street TRUGANINA 3029
53313867724,4 BYROCK Street TRUGANINA 3029
53313867857,148 ATHERSTONE Boulevard STRATHTULLOH 3338
53313867989,7 BOOTH Road MADDINGLEY 3340
53313868113,55-57 CHITON Way POINT LONSDALE 3225
53313868251,25 ARENAL Drive TRUGANINA 3029
53313868383,59 LORIKEET Circuit ROCKBANK 3335
53313868524,27 DUKE Street ARMSTRONG CREEK 3217
53313868665,16 FRUIT Street TARNEIT 3029
53313868815,114 GRANDVISTA Boulevard WERRIBEE 3030
53313868946,10 ASHFORDBY Street BONNIE BROOK 3335
53313869077,12 KUTJERA Street MANOR LAKES 3024
53313869219,34 BLENRIL Avenue TARNEIT 3029
53313869358,7 DEVONIA Avenue FRASER RISE 3336
53313869480,3 AQUA Walk ALTONA NORTH 3025
53313869621,5 FARMINGDALE Street MANOR LAKES 3024
53313869904,40 MARGIE Street WYNDHAM VALE 3024
53313870318,3 SPADEFOOT Place STRATHTULLOH 3338
53313870457,11 BERRI Street BACCHUS MARSH 3340
53313870853,25 PRUNUS Crescent FRASER RISE 3336
53313870993,3 EMBER Road MADDINGLEY 3340
53313871133,23 FAWKNER Crescent ARMSTRONG CREEK 3217
53313871554,6 DUNLEVY Street TRUGANINA 3029
53313890231,1 PEBBLE Street GREENVALE 3059
53313890364,57 SULLIVAN Street LUCAS 3350
53313890506,10 LEPPERTON Street WERRIBEE 3030
53313890637,22 CONFERTA Road TARNEIT 3029
53313890760,5 MAKYBE Street BONNIE BROOK 3335
53313891032,31 REED Court DEANSIDE 3336
53313891165,6 ALTAR Street TRUGANINA 3029
53313891296,32 WANDERLUST Drive MOUNT DUNEED 3217
53313891560,4 PROPHECY Road BONSHAW 3352
53313891973,40 CORMORANT Grange WINTER VALLEY 3358
53313892129,112 ODYSSEY Boulevard TARNEIT 3029
53313892251,9 GRADED Street MANOR LAKES 3024
53313892566,67 CONONDALE Avenue TRUGANINA 3029
53313892716,22 NEWFOUNDLAND Circuit BONNIE BROOK 3335
53313892847,51 HAPPINESS Way WYNDHAM VALE 3024
53313892979,15 CLIPSTONE Crescent FRASER RISE 3336
53313893103,23 MARACAIBO Crescent MANOR LAKES 3024
53313893381,4 LAXMI Avenue WERRIBEE 3030
53313893647,53 SNOWBIRD Road WINTER VALLEY 3358
53313893912,14 NEWFOUNDLAND Circuit BONNIE BROOK 3335
53313894042,65 MUNRO Drive CHARLEMONT 3217
53313894182,54 ABINGDON Boulevard LARA 3212
53313894587,23 DELAWARR Parade HUNTLY 3551
53313894876,10 GLENARD Avenue STRATHTULLOH 3338
53313895040,10 JESSUP Street HUNTLY 3551
53313895314,35 XENIA Street MANOR LAKES 3024
53313895461,5 MIGHTY Road SUNBURY 3429
53313895593,49 TRANQUILITY Crescent ARMSTRONG CREEK 3217
53313895726,12 WILLARD Road TRUGANINA 3029
53313895867,61 GILROY Crescent CHARLEMONT 3217
53313896008,122 SUMAC Street BROOKFIELD 3338
53313896139,13 BASILICO Street WYNDHAM VALE 3024
53313896261,18 REUNION Parade TARNEIT 3029
53313896403,6 ALDGATE Street FRASER RISE 3336
53313896550,3 STRIKER Way TARNEIT 3029
53313896682,17 BAINBRIDGE Road MANOR LAKES 3024
53313896817,26 SONIA Crescent GREENVALE 3059
53313896948,36 ERIN Drive FRASER RISE 3336
53313897094,68 GRAPPENHALL Avenue STRATHTULLOH 3338
53313897226,32 LUCANIA Crescent TARNEIT 3029
53313897367,6 FENDY Street TARNEIT 3029
53313897648,60 MARYANNE Way FRASER RISE 3336
53313668735,39 RAAM Circuit ARMSTRONG CREEK 3217
53313669156,21 MONFERRATO Avenue TARNEIT 3029
53313669287,7 SCANLON Street LUCAS 3350
53313669691,38 VASSE Circuit MOUNT DUNEED 3217
53313669824,54 GRANDVIEW Crescent DARLEY 3340
53313669965,22 CALLICOMA Street MICKLEHAM 3064
53313670098,14 HENTY Lane HUNTLY 3551
53313670511,369 PATULLOS Road LARA 3212
53313670642,17 MICROPORA Drive WYNDHAM VALE 3024
53313670782,13 WOODLAND Street LARA 3212
53313670923,146 SPARROVALE Road CHARLEMONT 3217
53313671070,41 DODDS Lane BALLARAT EAST 3350
53313671343,3 CAMELON Avenue THORNHILL PARK 3335
53313671475,34 FRASER Street MOUNT PLEASANT 3350
53313671618,33 MANGOSTEEN Drive TRUGANINA 3029
53313671871,44 SLINKY Street DEANSIDE 3336
53313672142,18 HEDGEROW Circuit CORIO 3214
53313672408,26 CAMPBELL Street WARRNAMBOOL 3280
53313672812,9 MARACAIBO Crescent MANOR LAKES 3024
53313673222,62 CROWLANDS Circuit EYNESBURY 3338
53313673355,2 AQUA Walk ALTONA NORTH 3025
53313673495,5 HERON Way MELTON SOUTH 3338
53313673628,72 KYLE Road ALTONA NORTH 3025
53313673769,207 MARACANA Avenue MANOR LAKES 3024
53313673891,77 PHOENIX Road ALTONA NORTH 3025
53313674023,6 WALCHO Street TRUGANINA 3029
53313674295,3 KARDAK Street TARNEIT 3029
53313674428,25B SPOONBILL Avenue WINTER VALLEY 3358
53313674551,8 LOLLIPOP Crescent SUNBURY 3429
53313674683,111 WILLOBY Drive ALFREDTON 3350
53313674965,74 FRENCH Road GREENVALE 3059
53313675106,27 GATHERING Grove TARNEIT 3029
53313675236,10 TARNALA Road TARNEIT 3029
53313675376,3 MAGNIFICENT Grove MOUNT DUNEED 3217
53313675501,84 PLYMOUTH Drive ROCKBANK 3335
53313675765,26 HAWKESTONE Street MELTON SOUTH 3338
53313675921,31 EIFFEL Avenue BONNIE BROOK 3335
53313676053,10 VASSE Circuit MOUNT DUNEED 3217
53313455794,11 ROLLS Road SMYTHES CREEK 3351
53313455943,5 EVERGREEN Street ARMSTRONG CREEK 3217
53313456222,91 GRAINGER Parade LUCAS 3350
53313456628,21 WHITEHOUSE Terrace THORNHILL PARK 3335
53313456751,7 PAMPAS Street ROCKBANK 3335
53313456883,5 KANGAROO Way ARMSTRONG CREEK 3217
53313457016,4A MCCORMACKS Road MADDINGLEY 3340
53313457155,7 COPPICE Street LARA 3212
53313457328,13 WHIPBIRD Way ST LEONARDS 3223
53313458137,8 MAYOPARK Street DEANSIDE 3336
53313458401,4 VERDANT Court KANGAROO FLAT 3555
53313458540,27 FUCHSIA Drive ROCKBANK 3335
53313458672,9 BOUQUET Circuit DIGGERS REST 3427
53313458839,26 MASTERS Drive WINTER VALLEY 3358
53313698170,36 DEVOTION Way TARNEIT 3029
53313698312,5 FAIRYWREN Street ARMSTRONG CREEK 3217
53313698443,13 SAFRANO Street TARNEIT 3029
53313698700,52 PLAINS Circuit AINTREE 3336
53313698849,9 PHIPPS Road WERRIBEE 3030
53313699129,44 STONNEYBURN Road THORNHILL PARK 3335
53313699251,37 EVERGREEN Street ARMSTRONG CREEK 3217
53313699391,23 BURRIDGE Street DEANSIDE 3336
53313699524,32 MILANO Road BURNSIDE 3023
53313699920,3 FINN Way TARNEIT 3029
53313700052,16 COCKERELL Street TARNEIT 3029
53313700318,2 GALERAS Street TRUGANINA 3029
53313700738,5 CHAD Street DEANSIDE 3336
53313701010,72 GREYJOY Road CHARLEMONT 3217
53313701141,9 GERLZONDA Avenue DEANSIDE 3336
53313701280,33 MONTVIEW Court CORIO 3214
53313701415,80 PRESENTATION Boulevard WINTER VALLEY 3358
53313701811,40 AVISHA Way GREENVALE 3059
53313701942,4 HARSHAW Road THORNHILL PARK 3335
53313702089,10 HABITAT Way ARMSTRONG CREEK 3217
53313702213,6 MARU Place LOVELY BANKS 3213
53313871942,7 KEELEEN CRST  WARRNAMBOOL 3280
53313872229,16 ALLANSFORD Crescent ARMSTRONG CREEK 3217
53313872377,15 LEEWARD Drive TARNEIT 3029
53313872526,3 BAMAL Street SUNBURY 3429
53313872682,5 PRANA Way WERRIBEE 3030
53313873350,6 BULLAWAH Road GREENVALE 3059
53313873482,23 CACTI Street TARNEIT 3029
53313873617,1156 DOHERTYS Road TARNEIT 3029
53313873756,80 MCKINLEY Drive TRUGANINA 3029
53313873888,27 TOOMEY Street HUNTLY 3551
53313109451,22 GIBSON Way MADDINGLEY 3340
53313109583,47 WOODSWALLOW Entrance SUNSHINE NORTH 3020
53313109718,23 WOODSWALLOW Entrance SUNSHINE NORTH 3020
53313109849,41 WOODSWALLOW Entrance SUNSHINE NORTH 3020
53313109989,53 RESTFUL Way ROCKBANK 3335
53313110261,20 HENSHALL Road STRATHMORE 3041
53313111524,122 WOODSWALLOW Entrance SUNSHINE NORTH 3020
53313112760,15 BEATTIE Court COLAC 3250
53313113165,38 NEPEAN Street BROADMEADOWS 3047
53313113314,38 NEPEAN Street BROADMEADOWS 3047
53313114139,32A ELIZA Street KEILOR PARK 3042
53313897770,44 YELLOWSTONE Drive TRUGANINA 3029
53313897905,52 WALTON Street MELTON SOUTH 3338
53313898317,78 SHOREBREAK Way OCEAN GROVE 3226
53313898456,11 TRAYNOR Street TARNEIT 3029
53313898596,11 SEACHANGE Street ARMSTRONG CREEK 3217
53313898737,6 CALDERAS Road DEANSIDE 3336
53313898860,22 KETTLEWELL Drive LARA 3212
53313899001,4 HALCYON Road DEANSIDE 3336
53313899132,13 INFUSE Road WYNDHAM VALE 3024
53313899271,12 PELICAN Drive WINTER VALLEY 3358
53313899414,96 OAKDEAN Boulevard OCEAN GROVE 3226
53313899545,30 VOLANT Drive ARMSTRONG CREEK 3217
53313899677,72 WALTON Street MELTON SOUTH 3338
53313899810,5 TOLKIEN Drive MAMBOURIN 3024
53313899959,28 SAMOLUS Street MICKLEHAM 3064
53313900099,23 FENDY Street TARNEIT 3029
53313900395,36 PALETTE Street MAMBOURIN 3024
53313900669,4 HAMILTON Street DEER PARK 3023
53313900940,5 JOUST Way FRASER RISE 3336
53313901071,4 MELIA Street ROMSEY 3434
53313901205,25 FLINT Street WERRIBEE 3030
53313901476,12 ORCHARD Street MADDINGLEY 3340
53313901601,7 VOLTAGE Street SUNBURY 3429
53313901732,12 BENHAR Street THORNHILL PARK 3335
53313902012,9 ANPENSU Avenue MOUNT DUNEED 3217
53313902324,9 WILBY Walk WYNDHAM VALE 3024
53313902457,3 WILDERNESS Road FRASER RISE 3336
53313902597,13 BRAMPTON Crescent BONNIE BROOK 3335
53313902738,5 GRAPPENHALL Avenue STRATHTULLOH 3338
53313902861,45 ORNAMENT Avenue TARNEIT 3029
53313903002,57 DELIA Avenue SUNBURY 3429
53313903182,4 EMPTY Road SUNBURY 3429
53313903447,30 DALK Drive GISBORNE 3437
53313903587,2 BOTANY Street LARA 3212
53313903728,134 HOUDINI Drive TARNEIT 3029
53313903869,110 BARRACOUTA Drive ARMSTRONG CREEK 3217
53313903991,67 MONTEGO Boulevard SUNBURY 3429
53313904131,114 UPLANDS Crescent WEIR VIEWS 3338
53313904270,113 MEDALLION Boulevard TARNEIT 3029
53313904413,21 MAKYBE Street BONNIE BROOK 3335
53313904552,25 SELHURST Grove WYNDHAM VALE 3024
53313904684,22 GYMEA Street MOUNT DUNEED 3217
53313904833,42 MARIGOLD Drive FRASER RISE 3336
53313904966,48 REVERENCE Drive ROCKBANK 3335
53313905097,71 HAPPINESS Way WYNDHAM VALE 3024
53313905229,85 TULSI Avenue WERRIBEE 3030
53313905360,18 REVIVAL Street CHARLEMONT 3217
53313676185,15 CALLICOMA Street MICKLEHAM 3064
53313676854,3 DALMORE Street DEANSIDE 3336
53313677125,9 WITHERS Street MOUNT DUNEED 3217
53313677257,8 HUMMOCK Rise WERRIBEE 3030
53313677389,7 HONEYEATER Way ROCKBANK 3335
53313677546,16 ROTUNNO Drive CHARLEMONT 3217
53313677678,28 CASTLECRAG Way STRATHTULLOH 3338
53313677803,61 WHITECROSS Drive THORNHILL PARK 3335
53313678073,20 SHADDOCK Street TARNEIT 3029
53313678207,58 PEARLROCK Drive MOUNT DUNEED 3217
53313678346,2 WINDERS Lane POINT LONSDALE 3225
53313678742,37 MONTVIEW Court CORIO 3214
53313678874,19 TARNALA Road TARNEIT 3029
53313679008,6 MELISSA Street TARNEIT 3029
53313679312,12 WETLAND Drive WILLIAMSTOWN 3016
53313679583,9 GREGSON Street HUNTLY 3551
53313679872,5 EAGLE Close MOOLAP 3224
53313680008,26 SIERRA Street TRUGANINA 3029
53313680278,2 RINGTAIL Place LARA 3212
53313680682,84 EAGLEMONT Drive STRATHTULLOH 3338
53313680956,55 MESSENGER Parade LUCAS 3350
53313681087,37 IVORY Street COBBLEBANK 3338
53313681631,30 BENSON Drive WERRIBEE 3030
53313681764,43 MONTAGNA Circuit ARMSTRONG CREEK 3217
53313682042,10 HALLINAN Street TARNEIT 3029
53313922297,99 WHITES Road MOUNT DUNEED 3217
53313922420,61 LISTON Avenue TARNEIT 3029
53313922553,70 SHEARWATER Drive ARMSTRONG CREEK 3217
53313922685,23 BOXER Drive WYNDHAM VALE 3024
53313922959,24 BALBI Road TRUGANINA 3029
53313923116,9 EARHART Street DIGGERS REST 3427
53313923386,15 CELOSIA Way TARNEIT 3029
53313923511,52 ADENMORE Circuit DEANSIDE 3336
53313702476,15 BUSTER Street SUNBURY 3429
53313702619,17 ALDERNEY Street TARNEIT 3029
53313702872,3 PURI Street WERRIBEE 3030
53313703153,10 MILKY Way DEANSIDE 3336
53313703292,112 SUMAC Street BROOKFIELD 3338
53313703433,14 HUBBARD Street LUCAS 3350
53313703566,1 REDHAVEN Place EPSOM 3551
53313703716,56 CAVALIER Street WYNDHAM VALE 3024
53313703847,3 PRATO Street GREENVALE 3059
53313703979,12 FERNSIDE Drive DIGGERS REST 3427
53313704103,20 SHERRY Circuit FRASER RISE 3336
53313704241,7 UTOPIA Way WEIR VIEWS 3338
53313704508,42 EVERGREEN Street ARMSTRONG CREEK 3217
53313704647,90 GREYJOY Road CHARLEMONT 3217
53313704787,136 SPARROVALE Road CHARLEMONT 3217
53313704912,7 JENKINS Street WERRIBEE 3030
53313705042,23 JENKINS Street WERRIBEE 3030
53313705174,6 UNISON Road STRATHTULLOH 3338
53313705316,33 RIVERSDALE Boulevard WEIR VIEWS 3338
53313705455,29 FLEURIEU Circuit ARMSTRONG CREEK 3217
53313705712,48 WOODLAND Street LARA 3212
53313705876,29 SANKURU Road TRUGANINA 3029
53313706296,16 MOLLERS Lane LEOPOLD 3224
53313706437,102 SUMAC Street BROOKFIELD 3338
53313706560,9 CANMORE Street WERRIBEE 3030
53313706692,41 RIVERSDALE Boulevard WEIR VIEWS 3338
53313707096,35 JOURNEY Crescent MOUNT DUNEED 3217
53313707666,18 ESK Street LARA 3212
53313707808,4 MONETA Way WEIR VIEWS 3338
53313707939,8 ARDHA Road TARNEIT 3029
53313708078,19 AGATHA Way WERRIBEE 3030
53313708333,37 VULCAN Drive CRAIGIEBURN 3064
53313708466,15 NOPAL Boulevard FRASER RISE 3336
53313708608,56 STONNEYBURN Road THORNHILL PARK 3335
53313709003,46 UNICO Circuit MOUNT DUNEED 3217
53313709150,4 CASSOWARY Way WINTER VALLEY 3358
53313709281,20 TRAVERSE Avenue TARNEIT 3029
53313115368,11 BRANDON Mews GROVEDALE 3216
53313115631,27 FRAGRANT Crescent DIGGERS REST 3427
53313116044,16 CORDHILL Circuit AINTREE 3336
53313116300,5 BICKERTON Street WERRIBEE 3030
53313118220,5 COOLBINIA Avenue WERRIBEE 3030
53313119047,61 ABBOTSWICK Circuit WILLIAMS LANDING 3027
53313119442,8 TYALLA Street WYNDHAM VALE 3024
53313119574,6 BOURNE Boulevard DENNINGTON 3280
53313905492,10 KYAH Street FRASER RISE 3336
53313905625,19 ANGUS Way NEW GISBORNE 3438
53313905766,4 ROSEDALE Circuit LARA 3212
53313905916,12 AINTREE Street CRAIGIEBURN 3064
53313141884,5 PRISTINE Drive WYNDHAM VALE 3024
53313142427,14 MULLINGAR Drive ALFREDTON 3350
53313143490,13 GLADE Avenue ALTONA NORTH 3025
53313143764,15 VEDA Street WERRIBEE 3030
53313144746,30 HUTCHISON Road MAMBOURIN 3024
53313145272,22 DIRECTIONS Drive GREENVALE 3059
53313146215,74 STRATUS Street TARNEIT 3029
53313146890,6 STROLL Lane FRASER RISE 3336
53313147749,51 RESTFUL Way ROCKBANK 3335
53313147889,65 CALLISTEMON Circuit LARA 3212
53313923917,7 MULGA Street SUNBURY 3429
53313924047,8 HORSESHOE Parade FRASER RISE 3336
53313924179,11 STEVENAGE Way WERRIBEE 3030
53313924303,16 GARDENVIEW Drive DIGGERS REST 3427
53313924442,18 PRAISE Street FRASER RISE 3336
53313924574,93 BLUEBOTTLE Parade ROCKBANK 3335
53313924709,18 BERNADETTE Road GREENVALE 3059
53313924830,45 FUSION Drive WYNDHAM VALE 3024
53313924970,419 MARACANA Avenue MANOR LAKES 3024
53313925104,4 BULRUSH Retreat MANOR LAKES 3024
53313925517,120 TULSI Avenue WERRIBEE 3030
53313925656,131 BINGHAM Circuit THORNHILL PARK 3335
53313925788,28 WEBBER Street TARNEIT 3029
53313925913,6 GLABELLA Avenue TARNEIT 3029
53313926191,4 CYNARA Road ROCKBANK 3335
53313926456,83 BLUEBOTTLE Parade ROCKBANK 3335
53313926596,8 EUNOMUS Way CHARLEMONT 3217
53313926860,25 SAMOLUS Street MICKLEHAM 3064
53313927270,39 MULLINGAR Drive ALFREDTON 3350
53313927544,17 MINDIL Street ARMSTRONG CREEK 3217
53313927684,17 PERSLEY Street TARNEIT 3029
53313927833,24 ARBUCKLE Road WERRIBEE 3030
53313927966,17 LUIS Street BALLAN 3342
53313928097,26 BIRDWOOD Drive ST LEONARDS 3223
53313928237,20 FENDY Street TARNEIT 3029
53313928360,39 BOXER Drive WYNDHAM VALE 3024
53313928492,39 BOXER Drive WYNDHAM VALE 3024
53313928633,115 BRIGHTVALE Boulevard WYNDHAM VALE 3024
53313928773,47 SHORTRIDGE Drive LUCAS 3350
53313928908,15 SPRINGLANDS Crescent FRASER RISE 3336
53313929038,7 RHAPSODY Road SUNBURY 3429
53313929459,34 NEWFOUNDLAND Circuit BONNIE BROOK 3335
53313929716,24 BLOOM Drive ALTONA NORTH 3025
53313929855,29 MARIGOLD Drive FRASER RISE 3336
53313929987,7 RAINDROP Circuit FRASER RISE 3336
53313930113,20 AMPHITRITE Way ARMSTRONG CREEK 3217
53313930243,44 IMAGINE Drive STRATHFIELDSAYE 3551
53313930383,23 KINGSBURY Road DEANSIDE 3336
53313930518,12 BUDDING Street DIGGERS REST 3427
53313930649,7 RAMBLER Boulevard TARNEIT 3029
53313930771,13 MAIDMENT Street LUCAS 3350
53313710084,143 CALLAWAY Street MAMBOURIN 3024
53313710224,5 JOHNSTONE Street EAST BENDIGO 3550
53313710357,29 WOOLSPINNER Crescent WYNDHAM VALE 3024
53313710489,6 POLMONT Avenue THORNHILL PARK 3335
53313710620,5 SELBY Way BONNIE BROOK 3335
53313710761,20 ARKLAY Road THORNHILL PARK 3335
53313710893,46 CAVALIER Street WYNDHAM VALE 3024
53313711297,690 BATMAN Road INDENTED HEAD 3223
53313711420,15 THOMAS Street LAVERTON 3028
53313711553,6 SAFRANO Street TARNEIT 3029
53313711685,16 LONGTOWN Road THORNHILL PARK 3335
53313711959,47 MONTVIEW Court CORIO 3214
53313712096,7 THEMEDA Avenue LARA 3212
53313712519,67 KENSINGTON Boulevard SMYTHES CREEK 3351
53313712640,473 OHALLORANS Road LARA 3212
53313712772,83 MORNINGTON Avenue TARNEIT 3029
53313712915,17 WILDERNESS Road FRASER RISE 3336
53313713053,1 DIABLO Place SMYTHES CREEK 3351
53313713185,9 PEDLEY Way TRUGANINA 3029
53313713905,48 VIVERO Road WYNDHAM VALE 3024
53313953995,8 SINCLAIR Close WINCHELSEA 3241
53313954135,3 TINTAGEL Way WERRIBEE 3030
53313954274,58 FAIRHALL Avenue WERRIBEE 3030
53313954423,16 PRUNUS Crescent FRASER RISE 3336
53313954706,29 FARRINGTON Avenue MELTON SOUTH 3338
53313954837,23 TRANQUILITY Crescent ARMSTRONG CREEK 3217
53313954977,7 BARNMEAD Street DEANSIDE 3336
53313955101,25 SUMAC Street BROOKFIELD 3338
53313955249,71 ROMULEA Circuit DIGGERS REST 3427
53313955777,30 CASPIAN Drive CRAIGIEBURN 3064
53313956040,56 GRAND SCENIC Drive BROOKFIELD 3338
53313956172,39 AMPERSAND Boulevard TRUGANINA 3029
53313956306,11 SIENNA Avenue FRASER RISE 3336
53313956461,4 URQUHART Street ROCKBANK 3335
53313956768,5 ROSMEAD Street CRAIGIEBURN 3064
53313957179,10 SUE Street WYNDHAM VALE 3024
53313957311,6 AUGGIE Way TARNEIT 3029
53313121861,3 SCOTT Street WARRNAMBOOL 3280
53313122018,28 ADORI Street MARIBYRNONG 3032
53313122296,22 ALTO Crescent GREENVALE 3059
53313122825,58 GREVILLEA Drive MOUNT DUNEED 3217
53313123526,11 MAKEDONIA Street TARNEIT 3029
53313123930,192 HUMMINGBIRD Boulevard TARNEIT 3029
53313364079,22 CURRUMBIN Street ARMSTRONG CREEK 3217
53313364203,10 RUBENS Street TARNEIT 3029
53313364334,30 SCHEFFLERA Street CRAIGIEBURN 3064
53313364617,20 BROOKES Street FYANSFORD 3218
53313365044,13 CAROB Street MICKLEHAM 3064
53313365192,17 SEASCAPE Drive OCEAN GROVE 3226
53313365607,26 SPREE Street TARNEIT 3029
53313365886,22 EREMAEA Road CRAIGIEBURN 3064
53313366141,76 WINGED FOOT Drive SUNSHINE NORTH 3020
53313367156,17 MONTVIEW Court CORIO 3214
53313367287,9 LAUNCESTON Street OCEAN GROVE 3226
53313367957,37 LIME Crescent DIGGERS REST 3427
53313368343,7 GALLEY Way ARMSTRONG CREEK 3217
53313368483,13 CACTI Street TARNEIT 3029
53313368618,8 LIME Crescent DIGGERS REST 3427
53313368772,67 HARRIER Circuit DEANSIDE 3336
53313148152,4 ORMOND Street PASCOE VALE 3044
53313149027,6 RESTFUL Way ROCKBANK 3335
53313150035,7 MADELEINE Road BROWN HILL 3350
53313150844,29 KYEAMBA Circuit BACCHUS MARSH 3340
53313151248,13 BRIGHTON Rise MADDINGLEY 3340
53313151388,18 DYER Way MADDINGLEY 3340
53313152335,38 CHERISH Drive TARNEIT 3029
53313153557,26B KANOWNA Street WILLIAMSTOWN 3016
53313154258,16 STRONG Street SPOTSWOOD 3015
53313154398,12 COBBY Street LAVERTON 3028
53313154521,20 DAGLISH Way WERRIBEE 3030
53313154662,42 MOORE Way LUCAS 3350
53313154927,20 HOLLYHOKE Drive MADDINGLEY 3340
53313155059,77 GREENE Street SOUTH KINGSVILLE 3015
53313155586,23 EDDY Crescent TARNEIT 3029
53313931060,36 ABINGDON Boulevard LARA 3212
53313931192,7 PERSLEY Street TARNEIT 3029
53313931324,14 PRETTY Walk FRASER RISE 3336
53313931465,16 WHEAT Street DIGGERS REST 3427
53313931597,21 DUNPHY Street TARNEIT 3029
53313931720,22 BARDOT Way BURNSIDE 3023
53313931886,56 LILLROSE Drive CHARLEMONT 3217
53313932032,52 APORTA Avenue TARNEIT 3029
53313932296,42 MANTIS Circuit TARNEIT 3029
53313932560,66 GRAPPENHALL Avenue STRATHTULLOH 3338
53313933115,6 CAVESSON Road FRASER RISE 3336
53313933377,16 BURGESS Road TARNEIT 3029
53313933526,39 CORONADO Way TARNEIT 3029
53313933667,67 ABINGDON Boulevard LARA 3212
53313933922,20 REDCRAZE Road BONNIE BROOK 3335
53313934054,9 GILLANDERS Street WARRNAMBOOL 3280
53313934194,8 STUBBERFIELD Road TARNEIT 3029
53313935028,84 RIHANNA Street GREENVALE 3059
53313935300,31 CROSSMOUNT Drive NEW GISBORNE 3438
53313935431,732 GRAND Boulevard MICKLEHAM 3064
53313935696,240 MARACANA Avenue MANOR LAKES 3024
53313935837,24 ALISTER Grove TARNEIT 3029
53313935960,24 MOLLERS Lane LEOPOLD 3224
53313936091,37 BATTEN Road CHARLEMONT 3217
53313936223,34 PEDIRKA Road TRUGANINA 3029
53313936364,19 OLDENBURG Drive BONNIE BROOK 3335
53313936496,33 RUBUS Walk WERRIBEE 3030
53313936629,49 TULLA Circuit BURNSIDE 3023
53313937156,86 GRAPPENHALL Avenue STRATHTULLOH 3338
53313937428,24 PRUNUS Crescent FRASER RISE 3336
53313937551,5 MYLAH Road WINTER VALLEY 3358
53313173168,5 DOMINICO Street ST LEONARDS 3223
53313173299,9 HAKEA Drive CASTLEMAINE 3450
53313173422,6 METROPOL Lane GEELONG WEST 3218
53313957757,29 ROSEHILL Way DIGGERS REST 3427
53313957889,10 PRATTYS Way MAIDEN GULLY 3551
53313958160,2 CREATIONS Walk WYNDHAM VALE 3024
53313958440,58 MARGIE Street WYNDHAM VALE 3024
53313958707,21 COSGROVE Street TARNEIT 3029
53313958879,17 SEACHANGE Street ARMSTRONG CREEK 3217
53313959003,21 ELBERTA Road TARNEIT 3029
53313959142,12 COUSINS Road WARRNAMBOOL 3280
53313959273,30 WHEAT Street DIGGERS REST 3427
53313959547,5 FRIESIAN Street BONNIE BROOK 3335
53313959679,22 WOLVERING Crescent TRUGANINA 3029
53313959804,9 ANISEED Street MICKLEHAM 3064
53313959943,13 SPREADING Road MICKLEHAM 3064
53313960218,286 MANOR LAKES Boulevard MANOR LAKES 3024
53313960349,29 COTTER Way TRUGANINA 3029
53313960638,124 MEDALLION Boulevard TARNEIT 3029
53313960761,66 STAKES Boulevard MANOR LAKES 3024
53313961059,4 HILLTOP Drive CHARLEMONT 3217
53313961181,177 SAWMILL Road HUNTLY 3551
53313961479,13 BURGESS Road TARNEIT 3029
53313961628,15 GENOVESI Street CHARLEMONT 3217
53313961883,18 ZELKOVA Circuit FRASER RISE 3336
53313962285,43 ACKLAND Street ARMSTRONG CREEK 3217
53313962410,20 WITHERS Road BONSHAW 3352
53313962559,29 TRUNCATA Drive TARNEIT 3029
53313962709,9 MECHANICAL Road SUNBURY 3429
53313962830,9 MACHINE Street SUNBURY 3429
53313962963,7 PEREGRINE Way MELTON SOUTH 3338
53313963104,63 DALK Drive GISBORNE 3437
53313963250,116 MAMIC Boulevard FRASER RISE 3336
53313963390,131 HOUDINI Drive TARNEIT 3029
53313963523,38 MIGHTY Road SUNBURY 3429
53313963656,22 AKRON Street MANOR LAKES 3024
53313963796,20 VERONA Grove ARMSTRONG CREEK 3217
53313963937,24 ERVINE Drive WYNDHAM VALE 3024
53313964084,12 ANISATA Way MANOR LAKES 3024
53313964218,7 CARSWELL Street ARMSTRONG CREEK 3217
53313964497,15 BELCONNEN Avenue STRATHTULLOH 3338
53313964753,83 MESSENGER Parade LUCAS 3350
53313368915,24 CHERISH Street FRASER RISE 3336
53313369061,26 KELMSCOTT Way WERRIBEE 3030
53313369854,60 RALEIGH Circuit ARMSTRONG CREEK 3217
53313371638,10 HOWKINS Avenue WINTER VALLEY 3358
53313371778,9 TRICKETT Drive TRUGANINA 3029
53313371911,19 PEMBERTON Street MOUNT DUNEED 3217
53313372049,14 SINOPIA Street TARNEIT 3029
53313372584,9 SUMMERS Court LANCEFIELD 3435
53313372719,790 MORRIS Road TRUGANINA 3029
53313372998,71 WEDGE TAIL Drive WINTER VALLEY 3358
53313374061,37 MULLINGAR Drive ALFREDTON 3350
53313374325,24 COLMAR Street LARA 3212
53313374466,8 DIANCHI Drive WYNDHAM VALE 3024
53313374598,42 MOTION Drive MOUNT DUNEED 3217
53313375168,24 ADANSONIA Circuit MICKLEHAM 3064
53313375456,41 SAMUEL Road WEIR VIEWS 3338
53313376019,7 SENISE Street FRASER RISE 3336
53313376289,2A WOORIGOLEEN Drive KEILOR EAST 3033
53313156254,5 ERASMUS Avenue CRAIGIEBURN 3064
53313156511,5 CROWTHER Drive LUCAS 3350
53313396246,25 RIO Way TRUGANINA 3029
53313396378,19 COOLBINIA Avenue WERRIBEE 3030
53313396511,5 STILO Crescent TRUGANINA 3029
53313396790,3 LOCH Entrance SUNSHINE NORTH 3020
53313396923,24 CHIVE Walk TARNEIT 3029
53313397474,16 CURTIN Drive DEANSIDE 3336
53313397623,8 CROSBY Street TRUGANINA 3029
53313397896,3 ISLAMABAD Crescent MOUNT COTTRELL 3024
53313398169,150 ALTEZZE Drive TRUGANINA 3029
53313398290,23 GRAND VIEW Drive MCKENZIE HILL 3451
53313398423,16 MAKITI Crescent HARKNESS 3337
53313398696,17 GOLDSTRAW Esplanade WARRNAMBOOL 3280
53313398829,40 MAREMMANO Crescent TAYLORS LAKES 3038
53313398960,16 TURIN Avenue DEANSIDE 3336
53313399496,3 CALLANISH Street TRUGANINA 3029
53313399629,13 LAMONGAN Rise TRUGANINA 3029
53313400025,1 CAROB Street MICKLEHAM 3064
53313400158,7 VERNAL Circuit MOUNT DUNEED 3217
53313400561,42248 MILLIGAN Circuit CHARLEMONT 3217
53313400834,39 COTTON Circuit GISBORNE 3437
53313401098,8 LUSITANO Street TAYLORS LAKES 3038
53313401378,16 DAFFODIL Crescent DIGGERS REST 3427
53313401634,14 ALDERNEY Street TARNEIT 3029
53313401767,33 BRENTHAM Crescent WERRIBEE 3030
53313402037,3 KNIGHT Street MADDINGLEY 3340
53313174118,5 ATTADALE Avenue WERRIBEE 3030
53313174388,6 NUTTALL Street MAMBOURIN 3024
53313174802,11B LORNE Street YARRAVILLE 3013
53313176541,158 LICENSE Road DIGGERS REST 3427
53313176947,25 CROWN Drive FRASER RISE 3336
53313177201,4 TOPAZ Street ALFREDTON 3350
53313177878,79 CARTER Road ARMSTRONG CREEK 3217
53313178983,11 KNIGHT Street MADDINGLEY 3340
53313179247,1 GOODENIA Avenue LARA 3212
53313179387,25 BOWENIA Avenue CRAIGIEBURN 3064
53313179536,855 BALLARAT Road DEER PARK 3023
53313180320,29 RESTFUL Way ROCKBANK 3335
53313180734,237 SOVEREIGN Drive MOUNT DUNEED 3217
53313181147,18 MAGNOLIA Drive ROMSEY 3434
53313965446,131 ASHBURY Boulevard ARMSTRONG CREEK 3217
53313965703,67 MUNRO Drive CHARLEMONT 3217
53313965834,4 ASTRO Street WERRIBEE 3030
53313965974,8 NEASDEN Walk WYNDHAM VALE 3024
53313966254,28 DUNCAN Street FYANSFORD 3218
53313966386,67 SLINKY Street DEANSIDE 3336
53313966782,35 KAGAN Walk WERRIBEE 3030
53313966917,14 MIA Street ALFREDTON 3350
53313967194,34 FARRIER Boulevard FRASER RISE 3336
53313967334,14 RANGIPO Street TRUGANINA 3029
53313967490,58 MONTMARTE Boulevard BURNSIDE 3023
53313967797,20 GEC Boulevard FRASER RISE 3336
53313967920,12 ANISEED Street MICKLEHAM 3064
53313968201,8 ELLIOTTDALE Walk ROCKBANK 3335
53313968358,65 LOUISVILLE Drive THORNHILL PARK 3335
53313968655,44 WETHERBY Circuit LARA 3212
53313968805,7 CONSAW Street ARMSTRONG CREEK 3217
53313969231,15 GLENORCHY Street EYNESBURY 3338
53313969397,16 GENEROSA Grove TARNEIT 3029
53313969520,30 BACALL Street TRUGANINA 3029
53313969653,23 POLLEN Road TARNEIT 3029
53313969803,12 MOYLAN Drive ROCKBANK 3335
53313204838,48B SHORING Road DIGGERS REST 3427
53313205380,36 CALLISTEMON Circuit LARA 3212
53313205515,67 GREVILLEA Drive MOUNT DUNEED 3217
53313206074,25 CLEAR Drive TARNEIT 3029
53313206208,19 ARCADIA Drive WEIR VIEWS 3338
53313206347,4 EAGLE Road ARMSTRONG CREEK 3217
53313206883,111 CARROLL Lane GREENVALE 3059
53313207016,23 ABBOTSWICK Circuit WILLIAMS LANDING 3027
53313376545,61 WATTLEBIRD Court SUNSHINE NORTH 3020
53313376834,12 LE MAITRE Drive BANNOCKBURN 3331
53313377502,5 MORITZ Drive WINTER VALLEY 3358
53313377633,63 STRATUS Street TARNEIT 3029
53313378046,25 BENTONS Way ARMSTRONG CREEK 3217
53313378178,1 SOCIAL Street TARNEIT 3029
53313378467,19 BOWKER Court PORT FAIRY 3284
53313378609,102 SHORTRIDGE Drive LUCAS 3350
53313378863,9 LAMONGAN Rise TRUGANINA 3029
53313379556,18 WARANGAL Way DEANSIDE 3336
53313618765,26 BUTCHER Crescent LAVERTON 3028
53313618897,5 DEVOTION Way TARNEIT 3029
53313619037,11 COULEE Street CRAIGIEBURN 3064
53313619301,10 WESTPHALIA Walk BONNIE BROOK 3335
53313619432,54 MONCRIEFF Crescent WANDANA HEIGHTS 3216
53313619715,75 SHELTERBELT Avenue WEIR VIEWS 3338
53313619854,46 BOTANICAL Drive LARA 3212
53313620127,7 MANSELL Drive DENNINGTON 3280
53313620655,31 DURELL Road TRUGANINA 3029
53313620787,59 CURTIN Drive DEANSIDE 3336
53313621050,93 BROCKWOOD Street DEANSIDE 3336
53313621190,9 LOWELL Road TARNEIT 3029
53313621322,46 BOTANICAL Drive LARA 3212
53313621488,39 CANYON Circuit BONNIE BROOK 3335
53313621613,31 DEVOTION Way TARNEIT 3029
53313622064,5 GALILEO Place GREENVALE 3059
53313622336,54 ABBOTSWICK Circuit WILLIAMS LANDING 3027
53313622469,12 MOUNTAIN Avenue MANOR LAKES 3024
53313402291,30 ENGLAND Street WERRIBEE 3030
53313402440,5 FARRIER Road WYNDHAM VALE 3024
53313402598,8 ENGLAND Street WERRIBEE 3030
53313402854,15 YUCAMANE Drive TRUGANINA 3029
53313403266,108 WINIFRED Street OAK PARK 3046
53313403794,48 GREAVES Avenue DEANSIDE 3336
53313403927,10 JOEY Crescent DEANSIDE 3336
53313404727,128 JUSCELINA Drive CRAIGIEBURN 3064
53313404982,1035 DOHERTYS Road TARNEIT 3029
53313405262,64 CORDHILL Circuit AINTREE 3336
53313405394,14 LUSITANO Street TAYLORS LAKES 3038
53313405527,63 SUMAR Drive MICKLEHAM 3064
53313405668,4 MICICH Court ALFREDTON 3350
53313406070,97 OLDBRIDGE Boulevard WEIR VIEWS 3338
53313406369,7 KANGAROO Way ARMSTRONG CREEK 3217
53313406624,17 MORITZ Drive WINTER VALLEY 3358
53313406897,3 ESTLLEY Court CANADIAN 3350
53313407318,7 CANARY Drive ARMSTRONG CREEK 3217
53313407457,8 CARMICHAEL Road WARRNAMBOOL 3280
53313408514,21 COFFEY Street TARNEIT 3029
53313409040,14 KANGAROO Crescent AINTREE 3336
53313409306,53 HARRINGTON Terrace ST LEONARDS 3223
53313181817,100 WATTLE Road MAIDSTONE 3012
53313182647,109 RESTFUL Way ROCKBANK 3335
53313182928,290 LEAKES Road TRUGANINA 3029
53313183068,241 BUCKLEY Street ABERFELDIE 3040
53313183272,36 HONOUR Avenue WINTER VALLEY 3358
53313183546,22 CLAUDIA Crescent KURUNJANG 3337
53313183942,6 OPAL Street ALFREDTON 3350
53313184379,83 WEDGE TAIL Drive WINTER VALLEY 3358
53313184651,19 BASTEN Avenue DEANSIDE 3336
53313184783,8 RENNISON Street BRAYBROOK 3019
53313184958,73 VINCENT Street OAK PARK 3046
53313185097,24 WESTBURY Avenue ROCKBANK 3335
53313185758,22 VEDA Street WERRIBEE 3030
53313186425,32 HOLMAN Crescent BACCHUS MARSH 3340
53313186821,6 ANDERSON Road SUNBURY 3429
53313187778,18 FAWKNER Road PASCOE VALE 3044
53313187903,6 ANDERSON Road SUNBURY 3429
53313427454,9 SUNNY Street SUNBURY 3429
53313427711,6 MIGHTY Road SUNBURY 3429
53313207427,21 SPREE Street TARNEIT 3029
53313207823,31 REARDON Crescent ST LEONARDS 3223
53313208789,61 WEDGE TAIL Drive WINTER VALLEY 3358
53313208914,18 FARRIER Boulevard FRASER RISE 3336
53313209052,14 FARRIER Boulevard FRASER RISE 3336
53313210135,255A QUEEN Street ALTONA 3018
53313211645,9 QUIRK Road LUCAS 3350
53313211785,6 QUINN Street MADDINGLEY 3340
53313212344,6 THACKER Court CARDIGAN 3352
53313212732,46B ROSAMOND Road MARIBYRNONG 3032
53313213401,35 BLACKWOOD Road LARA 3212
53313214480,28 PLOUGH Drive CURLEWIS 3222
53313622724,13 CASSOWARY Way WINTER VALLEY 3358
53313622997,7 PURITAN Street ROCKBANK 3335
53313623129,22 HANSEL Drive WERRIBEE 3030
53313623251,7 CALLICOMA Street MICKLEHAM 3064
53313623391,25 TESLA Road ROCKBANK 3335
53313623665,21 DANDELION Crescent ROCKBANK 3335
53313623815,24 WALTER Street CHARLEMONT 3217
53313623954,9 DALMORE Street DEANSIDE 3336
53313624085,11 BIBURY Street LARA 3212
53313625034,1 LOVERING Way LUCAS 3350
53313625421,70 LEO Avenue TARNEIT 3029
53313625562,7 IVORY Street COBBLEBANK 3338
53313625827,40 LOGAN Street EYNESBURY 3338
53313626109,19 STORK Street WINTER VALLEY 3358
53313626362,25 STRICTA Circuit FRASER RISE 3336
53313626900,10 WANDERLUST Drive MOUNT DUNEED 3217
53313627047,26 BLENRIL Avenue TARNEIT 3029
53313627450,6 ICARUS Street TARNEIT 3029
53313628112,5 WARREN Street THORNHILL PARK 3335
53313628250,17 CATCHMENT Drive FRASER RISE 3336
53313628382,17 RICHEY Promenade GISBORNE 3437
53313628517,71 SUNLIGHT Circuit LARA 3212
53313628656,13 GAO Circuit DARLEY 3340
53313628986,31 BANUM Crescent ASCOT VALE 3032
53313629266,85 CROWLANDS Circuit EYNESBURY 3338
53313629408,18 CALLANISH Street TRUGANINA 3029
53313629679,19 JONATHAN Street GREENVALE 3059
53313629804,21 READMAN Road FRASER RISE 3336
53313629951,9 MOMIL Road MOUNT COTTRELL 3024
53313409859,8 TAIPAN Circuit TARNEIT 3029
53313410000,3 BALLANTYNE Street WARRNAMBOOL 3280
53313410288,5 DEVENISH Way ST LEONARDS 3223
53313410413,8 CAPEK Street SUNBURY 3429
53313410966,193 SHORTRIDGE Drive LUCAS 3350
53313411526,36 WALLANGARA Boulevard HARKNESS 3337
53313650396,5 WIRILDA Street TORQUAY 3228
53313650529,53 DELIA Avenue SUNBURY 3429
53313650652,31 BIRDWOOD Drive ST LEONARDS 3223
53313650792,28 WOODLAND Street LARA 3212
53313650933,492 PASCOE VALE Road STRATHMORE 3041
53313651337,62 SUNLIGHT Circuit LARA 3212
53313651592,83 CASTLECRAG Way STRATHTULLOH 3338
53313651725,22 ESK Street LARA 3212
53313651881,61 METROON Drive WEIR VIEWS 3338
53313652275,39 PHOENIX Road ALTONA NORTH 3025
53313652418,2 MAGNOLIA Court EPSOM 3551
53313652945,84 LENA Crescent TRUGANINA 3029
53313653076,14 PROSPECT Walk ALTONA NORTH 3025
53313653218,6 PROSPECT Walk ALTONA NORTH 3025
53313653497,8 PAVILION Street DEANSIDE 3336
53313653620,26 METROON Drive WEIR VIEWS 3338
53313653761,23 KILIMANJARO Street CRAIGIEBURN 3064
53313653893,42 PENVER Terrace WERRIBEE 3030
53313654727,82 EAGLEMONT Drive STRATHTULLOH 3338
53313654868,128 BRAMLEY Avenue CHARLEMONT 3217
53313655009,6 KINCADE Street LUCAS 3350
53313655287,4 ALISTER Grove TARNEIT 3029
53313655701,15 ABARTH Grove BURNSIDE 3023
53313655832,32 VASSE Circuit MOUNT DUNEED 3217
53313428262,7 WARBLER Court WINTER VALLEY 3358
53313428668,30 KINGDOM Boulevard WEIR VIEWS 3338
53313428790,6 LAPIS Street ARMSTRONG CREEK 3217
53313428931,28 KINGDOM Boulevard WEIR VIEWS 3338
53313429063,22 SKYPAC Street WEIR VIEWS 3338
53313429327,6 MANSELL Drive DENNINGTON 3280
53313430187,22 KARACHI Avenue MOUNT COTTRELL 3024
53313430731,20 PECHORA Street TRUGANINA 3029
53313432216,14 YARRA Drive WARRNAMBOOL 3280
53313432446,19 RIVERSIDE Place BROWN HILL 3350
53313432578,10 RIVERSIDE Place BROWN HILL 3350
53313433238,7A ORBOST Drive MINERS REST 3352
53313433378,10 MCARTHUR Place WARRNAMBOOL 3280
53313433503,64 HEMINGWAY Drive ROCKBANK 3335
53313433767,34 COURTENAY Promenade FRASER RISE 3336
53313434039,31 SPOONBILL Avenue WINTER VALLEY 3358
53313434162,18 EUCALYPTUS Street JACKASS FLAT 3556
53313434293,3 SARAN Crescent DEANSIDE 3336
53313434434,4 DAFFODIL Crescent DIGGERS REST 3427
53313435104,91 NORMANBY Boulevard DEANSIDE 3336
53313435234,27 JOEY Crescent DEANSIDE 3336
53313435531,11 VON GUERARD Boulevard WARRNAMBOOL 3280
53313215546,2A VINE Street WEST FOOTSCRAY 3012
53313215803,9 CANARY Drive ARMSTRONG CREEK 3217
53313216081,15 LUGANO Avenue ALFREDTON 3350
53313216221,16 BENTONS Way ARMSTRONG CREEK 3217
53313216486,18 BOWENIA Avenue CRAIGIEBURN 3064
53313216890,20 ORIENTEERING Drive GREENVALE 3059
53313217021,6 JANTAR Way FRASER RISE 3336
53313217731,53 BROOM Road AINTREE 3336
53313218291,24 KONARK Road BONNIE BROOK 3335
53313218424,37 SPENCE Street KEILOR PARK 3042
53313218565,38 NEWMARKET Road WERRIBEE 3030
53313219232,5 ALLIANCE Street WERRIBEE 3030
53313219372,45 VETRANO Avenue ALFREDTON 3350
53313220068,4 MAGARA Walk TARNEIT 3029
53313220190,11 PINES Way CRAIGIEBURN 3064
53313459111,4 MANE Walk FRASER RISE 3336
53313459241,44 DAGLISH Way WERRIBEE 3030
53313459381,13 EVERGREEN Street ARMSTRONG CREEK 3217
53313459647,34 CROWN Drive FRASER RISE 3336
53313460052,31 CAMPBELL Road HUNTLY 3551
53313460597,41 CALLANISH Street TRUGANINA 3029
53313460738,25 YEOMAN Street MELTON SOUTH 3338
53313460861,33 SUNNY Street SUNBURY 3429
53313461133,15 GATHERING Grove TARNEIT 3029
53313630224,23 SHERRY Circuit FRASER RISE 3336
53313630357,13 CAPRISE Road FRASER RISE 3336
53313630507,14 COTTONWOOD Road DIGGERS REST 3427
53313630786,21 COOL Street SUNBURY 3429
53313631067,10 BENMORE Street MAMBOURIN 3024
53313631222,5 BENMORE Street MAMBOURIN 3024
53313631363,24 BOHEMIAN Road SUNBURY 3429
53313631495,31 ZIPPY Circuit TARNEIT 3029
53313631644,45 WOOLSPINNER Crescent WYNDHAM VALE 3024
53313631925,9 NYORA Grove MOUNT HELEN 3350
53313632327,19 PASCAL Crescent MOUNT DUNEED 3217
53313632475,28 BABINA Avenue MELTON SOUTH 3338
53313632780,1 CAMPIGLI Street TARNEIT 3029
53313633045,7 MULLINS Way SUNBURY 3429
53313633177,32 ISHERWOOD Road DEANSIDE 3336
53313633319,27 MONAVALE Drive MOUNT DUNEED 3217
53313633440,7 PURI Street WERRIBEE 3030
53313633580,14 HELWANI Walk TRUGANINA 3029
53313633862,7 BELCONNEN Avenue STRATHTULLOH 3338
53313634011,15 CAVA Circuit SUNBURY 3429
53313634142,12 QUINTA Crescent SUNBURY 3429
53313634281,16 ERVINE Drive WYNDHAM VALE 3024
53313634448,16 QUINTA Crescent SUNBURY 3429
53313874028,58 SUNNY Street SUNBURY 3429
53313874169,264 BOUNDARY Road MOUNT DUNEED 3217
53313874300,1148 DOHERTYS Road TARNEIT 3029
53313874431,81 OPAL Drive LEOPOLD 3224
53313874564,8 SIENNA Avenue FRASER RISE 3336
53313874696,19 BLOSSOM Drive MADDINGLEY 3340
53313874837,14 AMPHITRITE Way ARMSTRONG CREEK 3217
53313874977,16 RICE FLOWER Crescent STRATHTULLOH 3338
53313875101,100 CONONDALE Avenue TRUGANINA 3029
53313875231,6 WITHERS Road BONSHAW 3352
53313875514,43 LOLLIPOP Crescent SUNBURY 3429
53313875777,39 COBRAM Drive EYNESBURY 3338
53313875910,6 TERRACOTTA Avenue TARNEIT 3029
53313876040,215 BONNIEBROOK Road BONNIE BROOK 3335
53313876172,16 PEDIRKA Road TRUGANINA 3029
53313876306,24 GUNTER Drive TARNEIT 3029
53313876453,6 JIMMY Street CHARLEMONT 3217
53313876585,19 BYROCK Street TRUGANINA 3029
53313876710,3 CYNARA Road ROCKBANK 3335
53313877114,18 FRUIT Street TARNEIT 3029
53313656096,30 MCGEACHIN Street LUCAS 3350
53313656369,44 SLAVKO Drive FRASER RISE 3336
53313656491,29 ARRANMORE Drive MINERS REST 3352
53313656772,24 RYEBANK Avenue WERRIBEE 3030
53313656907,10 COTTON Circuit GISBORNE 3437
53313657036,8 KIRSTEN Street WYNDHAM VALE 3024
53313657169,17 PROSPECT Walk ALTONA NORTH 3025
53313657449,30 NEWPORT Crescent INDENTED HEAD 3223
53313657589,57 LYNWOOD Drive THORNHILL PARK 3335
53313657720,30 GATHERING Grove TARNEIT 3029
53313657861,21 DOBRE Walk TRUGANINA 3029
53313657993,78 ERSKINE Road WINTER VALLEY 3358
53313658257,12 GHOST GUM Way JACKASS FLAT 3556
53313658686,16 BLENRIL Avenue TARNEIT 3029
53313658811,39 EDIFICE Drive TARNEIT 3029
53313658950,18 PAPYRUS Way ROCKBANK 3335
53313659081,44 STUBBERFIELD Road TARNEIT 3029
53313659635,26 DAWSON Street THORNHILL PARK 3335
53313659768,9 LEGION Avenue TARNEIT 3029
53313660346,4 NEVIS Place TRUGANINA 3029
53313660478,54 SCORIA Circuit CRAIGIEBURN 3064
53313660627,48 FORREST GREEN Drive ARMSTRONG CREEK 3217
53313660882,28 SILVER Drive DIGGERS REST 3427
53313661016,22 RECREATION Drive WARRNAMBOOL 3280
53313661170,12 ARARAT Street TRUGANINA 3029
53313661304,22 GOSFIELD Drive WERRIBEE 3030
53313661857,9 HOLST Street ARMSTRONG CREEK 3217
53313661989,9 IONICA Loop TRUGANINA 3029
53313662267,3 SERENITY Street ARMSTRONG CREEK 3217
53313662399,21 YILDIZ Street CHARLEMONT 3217
53313662530,10 EVERGREEN Street ALTONA NORTH 3025
53313662936,22 SARAN Crescent DEANSIDE 3336
53313663068,33 STEWART Court WARRNAMBOOL 3280
53313663190,4 MAROON Street TARNEIT 3029
53313663330,63 NASCENT Drive TARNEIT 3029
53313435664,7 PHOENIX Road ALTONA NORTH 3025
53313435796,24 SCOTTSDALE Street CHARLEMONT 3217
53313436323,3 BANBURY Road BONNIE BROOK 3335
53313436456,15 SELLS Road LUCAS 3350
53313436753,4 DOMINIQUE Street TRUGANINA 3029
53313436885,72 LYNWOOD Drive THORNHILL PARK 3335
53313437157,21 ROSEWOOD Drive OCEAN GROVE 3226
53313437413,39 CANADIAN Avenue WERRIBEE 3030
53313437552,21 MADIGAN Road LANCEFIELD 3435
53313437692,103 ROBINSON Street ARMSTRONG CREEK 3217
53313437825,382 MCGEORGE Road GISBORNE 3437
53313438360,137 INSHORE Drive TORQUAY 3228
53313438492,20 ROOSEVELT Drive ROCKBANK 3335
53313438766,18 SHEOAK Street EPSOM 3551
53313439153,38 GASCOYNE Circuit LARA 3212
53313439292,31 THRUMS Road MAMBOURIN 3024
53313439558,24 MENDOCINO Crescent TARNEIT 3029
53313439680,65 PEAR Parade FRASER RISE 3336
53313439954,18 MCKELL Street DEANSIDE 3336
53313440276,22 LIGHTFOOT Way DEANSIDE 3336
53313440419,10 SACRAMENTO Way COBURG 3058
53313440540,16 BLACKWOOD Close COBURG 3058
53313440672,30 UNISON Road STRATHTULLOH 3338
53313440815,25 SEASCAPE Drive OCEAN GROVE 3226
53313440962,197 GEELONG Road WERRIBEE 3030
53313441225,43 MUTTON Road FAWKNER 3060
53313441358,24 LUBEC Street LARA 3212
53313441498,6 LANTERN Way TARNEIT 3029
53313441754,38 CANADIAN Avenue WERRIBEE 3030
53313442024,14 SCOTTSDALE Street CHARLEMONT 3217
53313442296,49 STELLAR Road BONNIE BROOK 3335
53313442429,24 MANSELL Drive DENNINGTON 3280
53313442702,25 WICKLOW Drive MELTON SOUTH 3338
53313461265,15 ANGUL Parade DEANSIDE 3336
53313461605,9 LAPIS Street ARMSTRONG CREEK 3217
53313461736,29 COPPICE Street LARA 3212
53313461869,62 LYNWOOD Drive THORNHILL PARK 3335
53313462393,46 FLEURIEU Circuit ARMSTRONG CREEK 3217
53313462534,9 SILVER SMITH Drive KYNETON 3444
53313462724,22 CINDER Drive TARNEIT 3029
53313462857,24 ROSEWOOD Drive OCEAN GROVE 3226
53313463251,10 SANTAROSA Way EPSOM 3551
53313463383,22 DUNKERRIN Avenue GISBORNE 3437
53313463649,14 TRAFALGAR Street STRATHTULLOH 3338
53313463789,15 ELDENWOOD Mews CANADIAN 3350
53313463914,6 ELDENWOOD Mews CANADIAN 3350
53313464201,30 BARNARDS Road BONNIE BROOK 3335
53313464340,7 CORREA Street MOUNT DUNEED 3217
53313464472,177 LIGHTSVIEW Boulevard ROCKBANK 3335
53313464607,36 CONONDALE Avenue TRUGANINA 3029
53313464738,10 LAPIS Street ARMSTRONG CREEK 3217
53313465159,1 LAW Court WYNDHAM VALE 3024
53313465712,8 ICONIC Drive TARNEIT 3029
53313466000,66 TOWNLEY Boulevard WERRIBEE 3030
53313466131,6 ARYA Road CHARLEMONT 3217
53313466270,39 MAGNIFICENT Grove MOUNT DUNEED 3217
53313466405,59 PEAR Parade FRASER RISE 3336
53313466544,5 LILIUM Street DIGGERS REST 3427
53313466676,15 ARRAN Street GISBORNE 3437
53313466801,59 MERULA Drive MAMBOURIN 3024
53313467236,3 KELSON Street WARRNAMBOOL 3280
53313467501,4 GRIFFITH Road DEANSIDE 3336
53313467640,11 SANTAROSA Way EPSOM 3551
53313468210,22A FREEMAN Street CASTLEMAINE 3450
53313468341,18 LEAFY Street LARA 3212
53313468481,12 HANCOCK Street ALTONA 3018
53313468755,19 CURRUMBIN Street ARMSTRONG CREEK 3217
53313877384,16 OAK Court BRAYBROOK 3019
53313877525,26 ASHTON Avenue WINTER VALLEY 3358
53313877658,59 LISTON Avenue TARNEIT 3029
53313877921,48 MARYANNE Way FRASER RISE 3336
53313878193,13 MOLLYAN Avenue CHARLEMONT 3217
53313878325,17 RIVULET Road BONSHAW 3352
53313878466,96 HOMESTEAD Drive LARA 3212
53313878608,4 REPARTEE Street TARNEIT 3029
53313878739,69 MERINDAH Boulevard DEANSIDE 3336
53313878879,15 NATURE Road TARNEIT 3029
53313879003,10 SPARLAND Street MANOR LAKES 3024
53313879142,11 TENOR Street STRATHTULLOH 3338
53313879273,5 DUNLEVY Street TRUGANINA 3029
53313879408,229 CUTHBERTS Road LUCAS 3350
53313879539,17 DAVENPORT Street ARMSTRONG CREEK 3217
53313879679,25 CAPARI Walk ROCKBANK 3335
53313879804,23 SHILLINGS Road MAMBOURIN 3024
53313879935,46 MARIGOLD Drive FRASER RISE 3336
53313880076,6 NUNDA Way MANOR LAKES 3024
53313880218,2 RIBBONWOOD Crescent SUNSHINE NORTH 3020
53313880349,12 SPOTTED GUM Crescent SUNSHINE NORTH 3020
53313880471,23 BRUSHBOX Street SUNSHINE NORTH 3020
53313880606,49 BRUSHBOX Street SUNSHINE NORTH 3020
53313880745,19 RIBBONWOOD Crescent SUNSHINE NORTH 3020
53313880877,35 RIBBONWOOD Crescent SUNSHINE NORTH 3020
53313881001,9 PYTHAIS Way CHARLEMONT 3217
53313881140,23 KOSCIUSZKO Drive CRAIGIEBURN 3064
53313881289,19 OSPREY Drive FRASER RISE 3336
53313881414,7 WEDGE Avenue MOOLAP 3224
53313881545,1A DARTER Way ARMSTRONG CREEK 3217
53313881826,13 VICKERS Way SUNSHINE NORTH 3020
53313882088,5 VICKERS Way SUNSHINE NORTH 3020
53313882212,14 HOROMIDIS Street CHARLEMONT 3217
53313882351,19 SILIQUA Street TARNEIT 3029
53313882483,8 KUTJERA Street MANOR LAKES 3024
53313882749,34 GEC Boulevard FRASER RISE 3336
53313883061,27 ANTHER Avenue TARNEIT 3029
53313883193,3 HERON Way MELTON SOUTH 3338
53313883466,75 MONTEGO Boulevard SUNBURY 3429
53313883608,21 ALLANSFORD Crescent ARMSTRONG CREEK 3217
53313883739,32 CRUZ Road WINTER VALLEY 3358
53313884150,9 LILLYPILLY Street FRASER RISE 3336
53313884281,69 CONONDALE Avenue TRUGANINA 3029
53313884416,27 NITRARIA Street MICKLEHAM 3064
53313884555,23 GUNANGARA Drive MUCKLEFORD 3451
53313884836,18 LEDMORE Street TRUGANINA 3029
53313663595,5 MAINLAND Way WERRIBEE 3030
53313664131,10 MILSOM Avenue FRASER RISE 3336
53313664263,9 PEASNELL Street LUCAS 3350
53313664413,2 GIBSON Court COLAC 3250
53313664676,126 WILLOBY Drive ALFREDTON 3350
53313665213,3 CALISTA Drive MARYBOROUGH 3465
53313665352,23 LOUISVILLE Drive THORNHILL PARK 3335
53313665502,2 BLOMELEY Drive LUCAS 3350
53313665641,56 HOMESTEAD Drive LARA 3212
53313665773,4 WHATMAN Street LUCAS 3350
53313665916,8 HAYWARD Street LARA 3212
53313666054,47 MICROPORA Drive WYNDHAM VALE 3024
53313666186,26 YILDIZ Street CHARLEMONT 3217
53313906046,21 DRYANDRA Street MANOR LAKES 3024
53313906178,5 SHEARMAN Road DEANSIDE 3336
53313906302,83 KINGDOM Boulevard WEIR VIEWS 3338
53313906441,21 OROURKE Street LUCAS 3350
53313906987,56 ABBOTSWICK Circuit WILLIAMS LANDING 3027
53313907150,8 CRIB Street TARNEIT 3029
53313907299,3 JASON Street SUNBURY 3429
53313907687,14 LUCANIA Crescent TARNEIT 3029
53313907812,79 CONONDALE Avenue TRUGANINA 3029
53313908090,13 DUNCAN Street FYANSFORD 3218
53313908230,8 GREGSON Street HUNTLY 3551
53313908363,4 HATTERSLEY Chase WERRIBEE 3030
53313908660,21 COMPANY Avenue SUNBURY 3429
53313908810,17 GRAMERCY Place STRATHTULLOH 3338
53313908941,92 HORSESHOE BEND Road CHARLEMONT 3217
53313909080,9 KEYSTONE Drive SUNBURY 3429
53313909214,17 GARGANEY Road ARMSTRONG CREEK 3217
53313909353,40 VERDANT Street LARA 3212
53313909610,25 HAMMERSMITH Road WYNDHAM VALE 3024
53313909741,90 ELMHURST Avenue AINTREE 3336
53313910023,50 YARLINGTON Road TARNEIT 3029
53313910287,11 FELICIA Road WILLIAMSTOWN NORTH 3016
53313910569,121 TULSI Avenue WERRIBEE 3030
53313910691,31 ERIN Drive FRASER RISE 3336
53313682182,45 STUBBERFIELD Road TARNEIT 3029
53313682587,6 MONETA Way WEIR VIEWS 3338
53313682843,84 REFLECTIONS Crescent LARA 3212
53313682983,37 GERLZONDA Avenue DEANSIDE 3336
53313683379,5 PAMPAS Street ROCKBANK 3335
53313683512,18 TUITION Drive TARNEIT 3029
53313683643,51 GERLZONDA Avenue DEANSIDE 3336
53313683775,24 GERLZONDA Avenue DEANSIDE 3336
53313683900,26 KOBE Street DEANSIDE 3336
53313684048,12 GAO Circuit DARLEY 3340
53313684575,8 MAHONEY Drive TARNEIT 3029
53313684718,5 GITA Crescent WERRIBEE 3030
53313684849,96 WALKSIDE Boulevard FRASER RISE 3336
53313684971,3 MALONEY Street LUCAS 3350
53313685251,11 CAPRISE Road FRASER RISE 3336
53313685391,29 BENSON Drive WERRIBEE 3030
53313685540,18 ZENITH Walk GREENVALE 3059
53313685680,24 BLOODSWORTH Road DEANSIDE 3336
53313685815,545 GREEN HILL Road EYNESBURY 3338
53313685962,56 SUMAC Street BROOKFIELD 3338
53313686093,38 ICONIC Drive TARNEIT 3029
53313686373,15 WIDNES Court DEER PARK 3023
53313686508,71 CASTLECRAG Way STRATHTULLOH 3338
53313686795,21 BANAHAW Road TRUGANINA 3029
53313686936,12 CLAYTON Street LARA 3212
53313687067,14 SERENITY Street ARMSTRONG CREEK 3217
53313687199,23 GERLZONDA Avenue DEANSIDE 3336
53313687604,22 DEXTER Street DEANSIDE 3336
53313687735,1 CARAVAN Street MICKLEHAM 3064
53313687875,60 VASSE Circuit MOUNT DUNEED 3217
53313688130,101 HOMESTEAD Drive LARA 3212
53313688262,24 DREAMER Circuit MOUNT DUNEED 3217
53313688675,68 BUCHANAN Boulevard ARMSTRONG CREEK 3217
53313688800,34 PAVILION Street DEANSIDE 3336
53313688949,16 FRANCA Avenue FRASER RISE 3336
53313689070,29 WILDERNESS Road FRASER RISE 3336
53313689204,7 VIVERO Road WYNDHAM VALE 3024
53313469150,22 WALTER Street CHARLEMONT 3217
53313469422,44 VILLETTE Avenue TARNEIT 3029
53313469555,15 SHEARMAN Road DEANSIDE 3336
53313469687,6 LABICHEA Street CRAIGIEBURN 3064
53313469976,5 PLUME Terrace ROCKBANK 3335
53313470102,39 RUISLIP Avenue STRATHTULLOH 3338
53313470232,5 SUPPER Street SUNBURY 3429
53313470380,21 ROWANDS Street MOUNT DUNEED 3217
53313470679,9 LAW Court WYNDHAM VALE 3024
53313471230,9 GRAYMORE Street TARNEIT 3029
53313471370,4 PROVENCE Court BROWN HILL 3350
53313471505,42 ALTEZZE Drive TRUGANINA 3029
53313471776,25 GREVILLEA Drive MOUNT DUNEED 3217
53313471901,107 BINGHAM Circuit THORNHILL PARK 3335
53313472039,3 WHITEGUM Street HARKNESS 3337
53313472187,199 HUMMINGBIRD Boulevard TARNEIT 3029
53313472749,14 MUSTANG Circuit BONNIE BROOK 3335
53313473037,9 BISHOPGATE Boulevard BONNIE BROOK 3335
53313473160,14 EVERGREEN Street ARMSTRONG CREEK 3217
53313473301,14 SELLS Road LUCAS 3350
53313473432,24 SILVEREYE Street TORQUAY 3228
53313473697,44 WALLANGARA Boulevard HARKNESS 3337
53313473838,22 ELM Drive FRASER RISE 3336
53313474646,6 BRASSWOOD Close WERRIBEE 3030
53313474778,14 LILIUM Street DIGGERS REST 3427
53313474911,66 CONSERVATORY Drive DEANSIDE 3336
53313714051,28 GUSTAVE Avenue MICKLEHAM 3064
53313714183,7 DIABLO Place SMYTHES CREEK 3351
53313714893,14 JIMMY Street CHARLEMONT 3217
53313715025,19 CROPLEY Street LUCAS 3350
53313715181,1 MONTGOMERY Street MOONEE PONDS 3039
53313715315,17 RYEBANK Avenue WERRIBEE 3030
53313715446,37 SARIC Street FRASER RISE 3336
53313715578,18 GRIBBLE Street LUCAS 3350
53313884969,11 BOOTH Road MADDINGLEY 3340
53313885118,17 BAYVIEW Walk THORNHILL PARK 3335
53313885248,29 BLOSSOM Drive MADDINGLEY 3340
53313885370,22 SAMPFORD Street ARMSTRONG CREEK 3217
53313885505,32 TEKAPO Street TRUGANINA 3029
53313885644,9 LEEWARD Drive TARNEIT 3029
53313885776,5 BAYVIEW Walk THORNHILL PARK 3335
53313886049,36 MARIGOLD Drive FRASER RISE 3336
53313886189,33 PEDIRKA Road TRUGANINA 3029
53313886313,31 BEAR Street TARNEIT 3029
53313886444,9 JAGGED Circuit TARNEIT 3029
53313886576,7 STRIKER Way TARNEIT 3029
53313886972,71 WATTLEBIRD Drive LARA 3212
53313887105,6 ATHENA Road WEIR VIEWS 3338
53313887524,19 JARVIS Street HUNTLY 3551
53313887657,4 TIMOR Road TRUGANINA 3029
53313887797,12 CLEMENTINE Street MADDINGLEY 3340
53313887938,10 TONAL Street MAMBOURIN 3024
53313888060,70 BROCKWOOD Street DEANSIDE 3336
53313888192,1 EDGERTON Place MADDINGLEY 3340
53313888332,46 COBRAM Drive EYNESBURY 3338
53313888607,1 BLOSSOM Drive MADDINGLEY 3340
53313888894,18 ALTEZZE Drive TRUGANINA 3029
53313889042,3 EBB Drive TARNEIT 3029
53313889174,11 BAYVIEW Walk THORNHILL PARK 3335
53313889447,9 MINOA Road MANOR LAKES 3024
53313889704,52 CHARLESTON Road DEANSIDE 3336
53313125135,6 TOWERTREE Street TRUGANINA 3029
53313125670,82 LUGANO Avenue ALFREDTON 3350
53313126397,335 CHARLEMONT Road ARMSTRONG CREEK 3217
53313127345,8 RANCE Road DELACOMBE 3356
53313910965,127 BURVILLES Road ARMSTRONG CREEK 3217
53313911096,13 CHARBEL Street GREENVALE 3059
53313911228,3 ATKINS Crescent PORT FAIRY 3284
53313911351,30 BALLANRONG Road BONNIE BROOK 3335
53313911501,31 FELICIA Road WILLIAMSTOWN NORTH 3016
53313911640,20 STARTHISTLE Approach ROCKBANK 3335
53313912464,76 LUCANIA Crescent TARNEIT 3029
53313912606,51 ORNAMENT Avenue TARNEIT 3029
53313912737,8 ARROWGRASS Walk THORNHILL PARK 3335
53313912877,15 HAMPSHIRE Avenue ROCKBANK 3335
53313913001,36 COBUNGRA Road WEIR VIEWS 3338
53313913140,19 ABARTH Street TARNEIT 3029
53313913289,25-27 PALLADIAN Avenue CHARLEMONT 3217
53313913553,19 DUNCLIFFE Road TRUGANINA 3029
53313913693,24 COSGROVE Street TARNEIT 3029
53313913826,23 BEADNELL Place STRATHTULLOH 3338
53313914080,32 DEVONIA Avenue FRASER RISE 3336
53313914378,55 IRVINGTON Road MANOR LAKES 3024
53313914503,27 BIRDWOOD Drive ST LEONARDS 3223
53313914634,64 SUNNY Street SUNBURY 3429
53313914774,24 MAIN Street AINTREE 3336
53313914909,1 PEATLAND Walk WERRIBEE 3030
53313915039,66 HANOVER Circuit MELTON SOUTH 3338
53313915162,12 TEXEL Road MAMBOURIN 3024
53313915303,17 BERNER Avenue TARNEIT 3029
53313915434,42 ADLINGTON Avenue GREENVALE 3059
53313915567,13 GIOVANNI Drive CHARLEMONT 3217
53313915699,9 PLAINS Circuit AINTREE 3336
53313915963,7 NODE Way DIGGERS REST 3427
53313916094,3 CAVA Circuit SUNBURY 3429
53313916226,24 POLLEN Road TARNEIT 3029
53313916367,25 ALISMA Avenue DEANSIDE 3336
53313916499,7 MANIKATO Drive BONNIE BROOK 3335
53313916622,25 MOHAWK Street WYNDHAM VALE 3024
53313916755,19 REDCRAZE Road BONNIE BROOK 3335
53313916895,20 ROBWOOD Street ARMSTRONG CREEK 3217
53313917026,17 CAMMISS Way TRUGANINA 3029
53313917159,36 MARCHADOR Street BONNIE BROOK 3335
53313917280,15 HOLLIOAKE Drive LUCAS 3350
53313917421,37 CORONADO Way TARNEIT 3029
53313917554,34 UPLANDS Crescent MELTON SOUTH 3338
53313917694,21 BLESS Drive TARNEIT 3029
53313917968,24 MAXI Drive WINTER VALLEY 3358
53313918099,28 MARION Street BONSHAW 3352
53313918221,12 ZELKOVA Circuit FRASER RISE 3336
53313689624,1005 SHERRARD Street BALLARAT NORTH 3350
53313689970,44 KENNARD Grove CHARLEMONT 3217
53313690138,21 BAINBRIDGE Road MANOR LAKES 3024
53313690285,5 TRAVERSE Way FRASER RISE 3336
53313690410,4 MESTON Street TRUGANINA 3029
53313690541,4 PERCHERON Street BONNIE BROOK 3335
53313690947,39 LITORIA Drive DEANSIDE 3336
53313691226,46 SHOREBREAK Way OCEAN GROVE 3226
53313691796,15 THOMAS Street LAVERTON 3028
53313691929,18 AMARA Street TARNEIT 3029
53313692067,3 VIOLETTA Boulevard DIGGERS REST 3427
53313692199,60 SHOWMAN Drive DIGGERS REST 3427
53313692347,19 CANAL Street FRASER RISE 3336
53313692479,21 SEMOLINA Street MANOR LAKES 3024
53313692644,33 AMUKTA Road TRUGANINA 3029
53313692925,58 ARNOLD Circuit CHARLEMONT 3217
53313693477,28 HORSESHOE Parade FRASER RISE 3336
53313693626,24 REFLECTIONS Crescent LARA 3212
53313693774,16 TROPHY Drive TARNEIT 3029
53313693909,8 DARTMOOR Street BONNIE BROOK 3335
53313694047,15 AARON Road TARNEIT 3029
53313694303,5 SPACES Street SUNBURY 3429
53313694434,5 SEDEL Walk SUNBURY 3429
53313694574,21 BANUM Crescent ASCOT VALE 3032
53313694709,27 ACKERMAN Street ARMSTRONG CREEK 3217
53313694830,3 POPPY Drive GISBORNE 3437
53313695104,17 GLACIER Street CRAIGIEBURN 3064
53313695234,117 SUNDANCE Boulevard WINTER VALLEY 3358
53313695499,7 PAWLING Street ROCKBANK 3335
53313696035,34 LITORIA Drive DEANSIDE 3336
53313696175,16 SKYROS Road FRASER RISE 3336
53313696448,46 CASTLECRAG Way STRATHTULLOH 3338
53313696729,85 OLDBRIDGE Boulevard WEIR VIEWS 3338
53313696852,39 AMBERSWEET Drive TARNEIT 3029
53313696984,11 FRANCA Avenue FRASER RISE 3336
53313697255,21 TALOUMBI Crescent GREENVALE 3059
53313715850,13 WENSLEYDALE Drive ROCKBANK 3335
53313716130,32 GOLDFINCH Road WINTER VALLEY 3358
53313716279,103 ABBEYGATE Drive WERRIBEE 3030
53313716412,5 VENETIAN Way TARNEIT 3029
53313716551,90 HOMESTEAD Drive LARA 3212
53313716691,5 COOPWORTH Way ROCKBANK 3335
53313717095,163 SPARROVALE Road CHARLEMONT 3217
53313717227,70 LORIKEET Circuit ROCKBANK 3335
53313717368,17 VALENCIA Street WEIR VIEWS 3338
53313717500,10 BINGHAM Street TARNEIT 3029
53313717914,368 MCGEORGE Road GISBORNE 3437
53313718044,13 MENTELLE Street MOUNT DUNEED 3217
53313718176,32 BUCKINGHAM Boulevard STRATHTULLOH 3338
53313718300,60 ERSKINE Road WINTER VALLEY 3358
53313718449,340 MCGEORGE Road GISBORNE 3437
53313718845,54 FRENCH Road GREENVALE 3059
53313718985,13 KINGSLEY Promenade HUNTLY 3551
53313719119,75 WHITECROSS Drive THORNHILL PARK 3335
53313719249,10 KAPRUN Street WINTER VALLEY 3358
53313719371,52 REVELSTOKE Way WINTER VALLEY 3358
53313719514,19 MOSSMAN Street LARA 3212
53313719653,55 DELIA Avenue SUNBURY 3429
53313719934,5 BINGLEY Street CRAIGIEBURN 3064
53313720074,24 ELECTRO Street WINTER VALLEY 3358
53313720208,48 UNICO Circuit MOUNT DUNEED 3217
53313720339,45 VIVERO Road WYNDHAM VALE 3024
53313720462,23 TAMWORTH Drive ROCKBANK 3335
53313720604,280 RESERVE Road CHARLEMONT 3217
53313720735,88 BAXTERPARK Drive THORNHILL PARK 3335
53313720875,24 CHLOE Street TARNEIT 3029
53313722112,35 WARANGAL Way DEANSIDE 3336
53313722291,3 BERNADETTE Road GREENVALE 3059
53313722458,42 SIRIANNI Boulevard FRASER RISE 3336
53313722715,64 SUNLIGHT Circuit LARA 3212
53313722986,10 DEVONSHIRE Road THORNHILL PARK 3335
53313723240,11 TARNALA Road TARNEIT 3029
53313128434,7 WARATAH Way ELLIMINYT 3250
53313129037,8 TRAFALGAR Street STRATHTULLOH 3338
53313129177,20A LYONS Street MINERS REST 3352
53313129301,91 MARKET Road WERRIBEE 3030
53313130953,18 ADORI Street MARIBYRNONG 3032
53313131084,6 ANDERSON Road SUNBURY 3429
53313131218,69 DAWNVIEW Crescent ROXBURGH PARK 3064
53313132576,17 GROWTH Drive WEIR VIEWS 3338
53313132832,28 ASPIRING Drive HUNTLY 3551
53313133897,50 CHERISH Drive TARNEIT 3029
53313134029,15 CORDHILL Circuit AINTREE 3336
53313134160,19 APPLE GUM Circuit BELLBRAE 3228
53313134291,181-186 SHELL Road OCEAN GROVE 3226
53314005278,11 MOONAH Circuit POINT LONSDALE 3225
53314005451,34 ELOQUENCE Road TARNEIT 3029
53314005601,14 PAROO Street TRUGANINA 3029
53314005781,22 CANDELO Way TARNEIT 3029
53314005922,14 BREEZY Circuit WERRIBEE 3030
53314006054,8 CALADENIA Avenue TARNEIT 3029
53314006186,44 MAREMMANO Crescent TAYLORS LAKES 3038
53314006310,2 DREAM Street SEBASTOPOL 3356
53314006459,16 STONECUTTER Loop FRASER RISE 3336
53314006599,15 DREAM Street SEBASTOPOL 3356
53314006789,39 RAWLINSON Street MADDINGLEY 3340
53314007102,36 DEVONIA Avenue FRASER RISE 3336
53314007240,138 ALTEZZE Drive TRUGANINA 3029
53314007398,4 GRASSY Street WINTER VALLEY 3358
53314007539,31 PANDAVA Road WERRIBEE 3030
53314007687,11 COTSWOLD Street MAMBOURIN 3024
53314007812,15 KINGIA Street COBBLEBANK 3338
53314007976,8 DULCIS Street MANOR LAKES 3024
53314008124,181 FRONTIER Avenue AINTREE 3336
53314008264,14 SERAPHINA Drive WYNDHAM VALE 3024
53314008406,18 SOMMERVILLE Boulevard WARRNAMBOOL 3280
53314008545,26 CRICKET Circuit TARNEIT 3029
53314009412,38 MONTE Street FRASER RISE 3336
53314009551,133 MERINDAH Boulevard DEANSIDE 3336
53314009818,546 GREEN HILL Road EYNESBURY 3338
53314010009,62 OSCAR Crescent DEANSIDE 3336
53314010148,20 DARMAC Street MOUNT DUNEED 3217
53314010592,27 RIVULET Road BONSHAW 3352
53314010767,11 BIVONGI Road DEANSIDE 3336
53314010917,19 WILDCHERRY Street FRASER RISE 3336
53314011047,2 DOLCETTO Way FRASER RISE 3336
53314011212,29 ALLANSFORD Crescent ARMSTRONG CREEK 3217
53314011369,4 ANGELICA Circuit FRASER RISE 3336
53314011533,3 MINTBUSH Street MAMBOURIN 3024
53314011666,80 DAYBREAK Vista MICKLEHAM 3064
53314011963,6 CAMPHOR Grove ROCKBANK 3335
53314012092,89 GRAPPENHALL Avenue STRATHTULLOH 3338
53314012240,127 BINGHAM Circuit THORNHILL PARK 3335
53314012398,4 DINNER Grove TARNEIT 3029
53314012654,72 MADEIRA Drive TRUGANINA 3029
53314012943,9 XAVIER Road MADDINGLEY 3340
53314013264,15 WINFRED Drive MAMBOURIN 3024
53300342857,49 CANTS Road COLAC 3250
53300352244,111 LONSDALE Street HAMILTON 3300
53314013727,138 BONNIEBROOK Road BONNIE BROOK 3335
53314013850,24 POWER Street AINTREE 3336
53314013982,102 DOMINION Drive BURNSIDE 3023
53314014122,5 FLEUR Street JACKASS FLAT 3556
53314014254,24 ANTHURIUM Drive MOUNT DUNEED 3217
53314014404,3 FREE Crescent SUNBURY 3429
53314014543,14 BASQUE Drive THORNHILL PARK 3335
53314014683,8 WINDERMERE Way WYNDHAM VALE 3024
53314014980,50 GREENMONT Road WYNDHAM VALE 3024
53314015146,81 ALLANSFORD Crescent ARMSTRONG CREEK 3217
53314015293,73 LIBERATION Drive ARMSTRONG CREEK 3217
53314015731,7 OWLET Street TARNEIT 3029
53314015897,5 STARKE Street DEANSIDE 3336
53314016029,11 GRANDVIEW Crescent DARLEY 3340
53314016367,8 PINTAIL Drive MELTON SOUTH 3338
53314016531,8 DOTTEREL Street GREENVALE 3059
53314016671,10 DINNER Grove TARNEIT 3029
53314016838,28 DUROCHER Crescent TARNEIT 3029
53314016961,4 SANDRINGHAM Street STRATHTULLOH 3338
53314017119,19 ALDRICH Street THORNHILL PARK 3335
53314017257,11 VILANA Drive SUNBURY 3429
53314017587,16 SHIRAZ Avenue FRASER RISE 3336
53314017744,69 MADEIRA Drive TRUGANINA 3029
53314018024,84 ROSSO Drive TARNEIT 3029
53314018207,2 IVAN Way FRASER RISE 3336
53314018354,7 CORINTH Street MANOR LAKES 3024
53314018627,37 MURTOA Crescent EYNESBURY 3338
53314018825,20 PEBBLE Street GREENVALE 3059
53314019155,27 GLENMORE Street WINCHELSEA 3241
53314019583,6 EUCALYPT Street ARMSTRONG CREEK 3217
53314019898,6 ORILEY Street CHARLEMONT 3217
53300398536,87 MT NAPIER Road HAMILTON 3300
53300343680,35 MT NAPIER Road HAMILTON 3300
53300344423,99-101 VERDON Street WARRNAMBOOL 3280
53314086376,5 PALEY Circuit MOUNT DUNEED 3217
53314086640,219 FRONTIER Avenue AINTREE 3336
53314087060,31 LONGLEAF Street FYANSFORD 3218
53314087192,15 TOTTORI Road TRUGANINA 3029
53314087399,23 SMETHURST Road TARNEIT 3029
53314087522,73 KETTLEWELL Drive LARA 3212
53314087663,18 ARCHDALE Street DEANSIDE 3336
53314087952,47 ARGANT Loop SUNBURY 3429
53314088249,25 ANDRE Walk TRUGANINA 3029
53314088371,14 SHENIZ Avenue FRASER RISE 3336
53314088506,24 CAVILL Way TARNEIT 3029
53314088637,6 ROHAB Crescent MOUNT COTTRELL 3024
53314088777,74 COBRAM Drive EYNESBURY 3338
53314089040,13 TUSCALEE Terrace THORNHILL PARK 3335
53314089172,18 TAXON Road WEIR VIEWS 3338
53314089453,8 MINYIP Walk EYNESBURY 3338
53314089585,9 MONTENEGRO Crescent MOUNT DUNEED 3217
53314089710,34 IREDALE Promenade SUNBURY 3429
53314089981,15 MILAN Street DEANSIDE 3336
53314090288,110 BUCKINGHAM Boulevard STRATHTULLOH 3338
53314090429,41 ROUNDTOP Road TRUGANINA 3029
53314090552,2 STRONG View FRASER RISE 3336
53314090684,68 STAKES Boulevard MANOR LAKES 3024
53314090819,4 BUTTERS Road WARRNAMBOOL 3280
53314090973,3 PEACH Street CRAIGIEBURN 3064
53314091115,3 TIPPERARY Drive ROCKBANK 3335
53314091253,42 GRAMPIANS Avenue WERRIBEE 3030
53314091385,18 SWORD Road THORNHILL PARK 3335
53313228408,36 ROCHFORD Way MELTON SOUTH 3338
53313228687,26 KAREN Road TARNEIT 3029
53313229082,22 CABANE Circuit MOUNT DUNEED 3217
53313229628,14 KONARK Road BONNIE BROOK 3335
53313229751,20 MEADOWS Drive DEANSIDE 3336
53313230067,19B KYNOCH Street DEER PARK 3023
53313230216,31 CHISHOLM Street MARYBOROUGH 3465
53313230347,12 GALLAXUS Avenue WYNDHAM VALE 3024
53313230487,3 BIPLANE Way DIGGERS REST 3427
53313230751,34 MACFARLANE Street TORQUAY 3228
53313231031,8 PERCEVAL Place MAMBOURIN 3024
53313231602,14 INLET Drive MOUNT DUNEED 3217
53313231733,228 KOROROIT CREEK Road WILLIAMSTOWN 3016
53313231866,16 WARATAH Street WEST FOOTSCRAY 3012
53313232005,21 HOWARD Street ALTONA MEADOWS 3028
53313232152,15 NERISSA Grove OAK PARK 3046
53313232283,712A EUREKA Street BALLARAT EAST 3350
53313234677,5 SOCORRO Way TRUGANINA 3029
53313234826,20A PROSPECT Street ESSENDON WEST 3040
53313235650,18 PELICAN Drive WINTER VALLEY 3358
53300399336,272 GRAY Street HAMILTON 3300
53300399732,110 MT NAPIER Road HAMILTON 3300
53300400277,14 GRIEVE Street WARRNAMBOOL 3280
53314054318,18 KARDINIA Street BONSHAW 3352
53314054597,6 SURFIE Walk SUNBURY 3429
53314054720,550 EPSOM Road FLEMINGTON 3031
53314054861,11 PEACH Street CRAIGIEBURN 3064
53314055002,7 PRAISE Road TARNEIT 3029
53314055415,42 NEWLAND Drive ARMSTRONG CREEK 3217
53314055554,6 GRANVILLE Street MANOR LAKES 3024
53314055811,18 PEACH Street CRAIGIEBURN 3064
53314055942,341 HOMESTEAD Drive LARA 3212
53314056081,26 PONTBURN Road TRUGANINA 3029
53314056750,25 POLLEN Road TARNEIT 3029
53314056882,7 CARRICK Lane STRATHMORE 3041
53314057293,36 ARACAR Street TRUGANINA 3029
53314057574,40 PEACHTREE Avenue DEANSIDE 3336
53314057717,7 EUKIE Court HUNTLY 3551
53314058250,70 MAYWOOD Road MANOR LAKES 3024
53314058382,22 ERSKINE Road WINTER VALLEY 3358
53314058523,11 SMETHURST Road TARNEIT 3029
53314058656,26 BOLDISTON Crescent HUNTLY 3551
53314059051,21 SHELTERBELT Avenue WEIR VIEWS 3338
53314059323,8 STEVIE Road SUNBURY 3429
53314059456,11 NITRARIA Street MICKLEHAM 3064
53314059737,8 ITALIANATE Street CHARLEMONT 3217
53314059877,14 PROBER Crescent TRUGANINA 3029
53314060003,11 PIGEON Street CHARLEMONT 3217
53314060134,14 POOLE Way LUCAS 3350
53314060266,34 HOWELL Crescent TRUGANINA 3029
53314060687,7 BIBURY Street LARA 3212
53314060812,1 MORANT Street MAMBOURIN 3024
53314060969,8 DAPPLE Street TARNEIT 3029
53314061090,18 PERSLEY Street TARNEIT 3029
53314061222,16 EUCALYPT Street ARMSTRONG CREEK 3217
53314061769,34 SUMAC Street BROOKFIELD 3338
53314091659,31 FREEDOM Drive MOUNT DUNEED 3217
53314091781,11 ELISE Street GREENVALE 3059
53314091916,9 KAREN Road TARNEIT 3029
53314092052,41 WATERFERN Street FRASER RISE 3336
53314092318,42 WITTON Boulevard WARRNAMBOOL 3280
53314092589,5 LOMANDRA Drive GISBORNE 3437
53314092714,10 APPRENTICES Road SUNBURY 3429
53314092845,8 FLORIBUNDA Road TARNEIT 3029
53314092977,6 AVI Walk ARMSTRONG CREEK 3217
53314093125,11 SLADE Street SUNBURY 3429
53314093257,27 MASAYA Avenue TRUGANINA 3029
53314093389,9 AMARA Street TARNEIT 3029
53314093514,15 PETUNIA Crescent ARMSTRONG CREEK 3217
53314093653,34 SADDLE Way GREENVALE 3059
53314093785,45 HACKAMORE Street TARNEIT 3029
53314093926,6 TALENCE Street GREENVALE 3059
53314094058,33 BANKS Drive DIGGERS REST 3427
53314094198,3 WINDROCK Avenue CRAIGIEBURN 3064
53314094320,16 TEMPLETONIA Circuit MICKLEHAM 3064
53314094593,45 OSCAR Crescent DEANSIDE 3336
53314094742,32 MISTLETOE Drive STRATHTULLOH 3338
53314095008,14 MINYIP Walk EYNESBURY 3338
53314095139,34 WATERCOURSE Avenue LARA 3212
53314095278,16 MABER Street TARNEIT 3029
53314095403,67 AUSTIN Street WINCHELSEA 3241
53314095674,16 KUTJERA Street MANOR LAKES 3024
53314095956,95 WATERCOURSE Avenue LARA 3212
53314096087,11 VERMENTINO Street MOUNT DUNEED 3217
53314096350,26 GYMBOWEN Avenue EYNESBURY 3338
53314096482,19 BRUSHTON Street MANOR LAKES 3024
53314096617,21 ESMERALDA Avenue TARNEIT 3029
53314096748,3 FELDSPAR Road TARNEIT 3029
53314096888,21 GIOVANNI Drive CHARLEMONT 3217
53314097011,124 WHITES Road MOUNT DUNEED 3217
53314097142,11 TANBY Drive HUNTLY 3551
53314097273,81 MONTMARTE Boulevard BURNSIDE 3023
53314097416,14 SALENTO Street MOUNT DUNEED 3217
53314097555,28 KENNING Road TARNEIT 3029
53314097828,43 TEMPLETONIA Circuit MICKLEHAM 3064
53314097969,8 TURKEY Road TARNEIT 3029
53314098230,6 ANGELINA Terrace TRUGANINA 3029
53314098363,22 SHEOAK Court COLAC 3250
53314098636,16 PRATTYS Way MAIDEN GULLY 3551
53314098769,18 DEANSIDE Drive DEANSIDE 3336
53313235923,22 SASHA Crescent TRUGANINA 3029
53313236204,48B SPENCE Street KEILOR PARK 3042
53313236475,24 BLUEWREN Street KURUNJANG 3337
53313475826,6 SUPPER Street SUNBURY 3429
53313476098,3 DOVE Avenue WINTER VALLEY 3358
53313476361,5 BUDDHA Walk TRUGANINA 3029
53313476511,12 ARBUCKLE Road WERRIBEE 3030
53313476668,25 GILLIFLOWER Street TARNEIT 3029
53313477342,78 TOWNLEY Boulevard WERRIBEE 3030
53313477482,69 HEMINGWAY Drive ROCKBANK 3335
53313477617,13 KASAI Walk TRUGANINA 3029
53313478044,13 LAPIS Street ARMSTRONG CREEK 3217
53313478184,6 CENTINELA Street TARNEIT 3029
53313478589,1 SHEOAK Court CAMPBELLS CREEK 3451
53313478714,5 NAGAR Street THORNHILL PARK 3335
53313479520,6 COURTENAY Promenade FRASER RISE 3336
53313479653,48 WALTERS Way ALFREDTON 3350
53313479793,5 RESPECT Way TARNEIT 3029
53313479950,29 AVONBURY Drive ARMSTRONG CREEK 3217
53313480364,101 ROBINSON Street ARMSTRONG CREEK 3217
53313480506,16 NAGAR Street THORNHILL PARK 3335
53313481180,56 HOLST Street ARMSTRONG CREEK 3217
53313481445,8 GUNAWAN Drive TARNEIT 3029
53313481593,4 CALLICOMA Street MICKLEHAM 3064
53300401953,122 JENNINGS Street COLAC 3250
53314061891,34 PLATERO Boulevard JACKASS FLAT 3556
53314062039,5 KAVERI Street TARNEIT 3029
53314062162,743 NEALE Road DEANSIDE 3336
53314062293,21 PEACH Street CRAIGIEBURN 3064
53314062426,32 SEDNA Street LEOPOLD 3224
53314062567,22 PARSONAGE Crescent TRUGANINA 3029
53314062699,6 ESPALIER Road TARNEIT 3029
53314062955,14 FRENCH Road GREENVALE 3059
53314063104,4 VICOSA Drive ARMSTRONG CREEK 3217
53314063234,2 TRAPANI Grove DEANSIDE 3336
53314063367,93 CHATEAU Promenade DEANSIDE 3336
53314063499,34 PARKDALE Street GREENVALE 3059
53314063630,4 GINGELL Way LUCAS 3350
53314063788,4 POMEROY Rise MOUNT DUNEED 3217
53314063929,6 CELLINI Street TARNEIT 3029
53314064051,34 BURGESS Road TARNEIT 3029
53314064191,10 DAMESFLY Circuit TARNEIT 3029
53314064331,64 MARY Drive ALFREDTON 3350
53314064464,24 CHARTREUSE Street GREENVALE 3059
53314064761,33 EMILIA Circuit FRASER RISE 3336
53314065025,34 CARROLL Lane GREENVALE 3059
53314065158,58 SLOOP Street TARNEIT 3029
53314065307,17 MULGRAVE Street LARA 3212
53314065438,11 HANOVERIAN Street AINTREE 3336
53314065561,16 APPRENTICES Road SUNBURY 3429
53314065693,13 MORLEY Street WERRIBEE 3030
53314065842,8 STILT Street AINTREE 3336
53314065974,14 ADDAI Street GREENVALE 3059
53314066116,4 COGHILL Loop ROCKBANK 3335
53314066246,2 CUPOLA Walk TRUGANINA 3029
53314066642,26 NOLAN Street AINTREE 3336
53314066923,37 LISTON Avenue TARNEIT 3029
53314067194,21 PINTAIL Drive MELTON SOUTH 3338
53314067350,5 HONEYPOT Circuit MICKLEHAM 3064
53314067500,26 YOUYANGS Street TRUGANINA 3029
53314067657,11 CRESWELL Place STRATHTULLOH 3338
53314067797,27 KINGSBURY Road DEANSIDE 3336
53314067938,8 KEARNEY Place SUNBURY 3429
53314068077,3 PIRKA Way WERRIBEE 3030
53314068332,65 HONEYPOT Circuit MICKLEHAM 3064
53314068465,9 GOODWIN Street THORNHILL PARK 3335
53314068607,3 COTTAGE Crescent TORQUAY 3228
53314069002,3 WALLAGA Road TRUGANINA 3029
53314069141,44 HARRISON Street MARYBOROUGH 3465
53314069415,11 SUSTAIN Street MAMBOURIN 3024
53314098891,702 GRAND Boulevard MICKLEHAM 3064
53314099049,3 RITA Crescent BROOKFIELD 3338
53314099171,3 GOPAL Way WERRIBEE 3030
53314099305,28 GIBSON Street LUCAS 3350
53314099436,2 HONEYDEW Drive TARNEIT 3029
53314099725,9 NOAH Street GISBORNE 3437
53314099866,7 ARDSLEY Street MANOR LAKES 3024
53314099998,82 GRAPPA Circuit WYNDHAM VALE 3024
53314100139,114 GREYJOY Road CHARLEMONT 3217
53314100261,17 ZALE Street LEOPOLD 3224
53314100393,18 FLANK Walk FRASER RISE 3336
53314100526,13 WATERCOURSE Avenue LARA 3212
53314100667,10 COOKSON Way TARNEIT 3029
53314100799,11 GOODWIN Street THORNHILL PARK 3335
53314101054,12 CAVIAR Circuit AINTREE 3336
53314101334,4 VONDEL Avenue TARNEIT 3029
53314101467,222 BONNIEBROOK Road BONNIE BROOK 3335
53314101599,24 CORDYLINE Street MOUNT DUNEED 3217
53314101730,17 BANROCK Court WAURN PONDS 3216
53314101863,6 ROCKIN Road SUNBURY 3429
53313482145,4 TAYLORS Circuit CHARLEMONT 3217
53313482419,2 BUNTING Court ALTONA NORTH 3025
53313482558,26 LOGAN Street EYNESBURY 3338
53313482839,6 HILDEBRANDT Street WARRNAMBOOL 3280
53313482962,12 RIHANNA Street GREENVALE 3059
53313483103,14 KOOMBA Crescent GREENVALE 3059
53313483233,89 FUCHSIA Drive ROCKBANK 3335
53313483373,65 CROWN Drive FRASER RISE 3336
53313483516,131 POLLY Parade TARNEIT 3029
53313483779,9 LANCASHIRE Drive WERRIBEE 3030
53313483912,7 HELDER Drive MAMBOURIN 3024
53313484042,13 DURELL Road TRUGANINA 3029
53313484712,72 VERONA Crescent FRASER RISE 3336
53313485099,67 BULLA Road ESSENDON 3040
53313485221,7 RIDLEY Street DRYSDALE 3222
53313485354,20 TERRACOTTA Avenue TARNEIT 3029
53313485486,19 STREAM Street MOUNT DUNEED 3217
53313485750,24 BABINA Avenue MELTON SOUTH 3338
53313485882,13 VEL Street DEANSIDE 3336
53313486427,7 URSINI Circuit TRUGANINA 3029
53313486690,37 EVANS Way LUCAS 3350
53313486823,26 WINGED FOOT Drive SUNSHINE NORTH 3020
53313486956,60 WASHINGTON Drive THORNHILL PARK 3335
53313487086,48 WASHINGTON Drive THORNHILL PARK 3335
53313487226,180 HIGHLANDER Drive CRAIGIEBURN 3064
53313487499,39 SHEARWATER Drive ARMSTRONG CREEK 3217
53313487763,12 OVERALL Street LUCAS 3350
53313487895,10 BABINA Avenue MELTON SOUTH 3338
53313488150,35 ANGUL Parade DEANSIDE 3336
53313488299,6 TUCKEROO Street WINTER VALLEY 3358
53313488422,12 SHEARMAN Road DEANSIDE 3336
53313488555,21 GRETTA Street SMYTHES CREEK 3351
53313488687,16 SILVEREYE Street TORQUAY 3228
53313488951,41609 HAVEN Court ARMSTRONG CREEK 3217
53313489216,24 MCKELL Street DEANSIDE 3336
53313489355,23 BALLAD Street STRATHTULLOH 3338
53313489487,5 SANTAROSA Way EPSOM 3551
53300209478,83 HIGH Street ARARAT 3377
53300209504,15 QUEEN Street ARARAT 3377
53314069546,8 CANDELO Way TARNEIT 3029
53314069694,9 BUCKINGHAM Boulevard STRATHTULLOH 3338
53300216474,1 VIEWPOINT Street ARARAT 3377
53300217430,9 MELALEUCA Court ARARAT 3377
53300217497,4 HIGH Street HORSHAM 3400
53300226508,10 HIGH Street HORSHAM 3400
53313489612,52 RALEIGH Circuit ARMSTRONG CREEK 3217
53313489883,27 WATTLEBIRD Court SUNSHINE NORTH 3020
53313490256,5 PROCTOR Street HUNTLY 3551
53313490784,11 GOODENIA Avenue LARA 3212
53313491337,29 CALIFORNIA Way BONNIE BROOK 3335
53313730643,7 FILLMORE Drive CRAIGIEBURN 3064
53313730775,42 HAMISH Road DARLEY 3340
53313731601,24 KALAMUNDRA Drive WERRIBEE 3030
53313731997,41 WHITECROSS Drive THORNHILL PARK 3335
53313732135,26 GATHERING Grove TARNEIT 3029
53313732274,47 WIDMARK Road TRUGANINA 3029
53313732409,4 MACARA Street SUNBURY 3429
53313732670,11 MAPLE Walk MOONEE PONDS 3039
53313732805,12 JOBS Road ROCKBANK 3335
53313732936,36 DUTCH Road SUNBURY 3429
53313733231,61 DOVE Avenue WINTER VALLEY 3358
53313733496,9 COSGROVE Street TARNEIT 3029
53313733785,6 FIERO Court GREENVALE 3059
53313734058,10 ARRAMONT Road GREENVALE 3059
53313734180,34 MARGIE Street WYNDHAM VALE 3024
53313734314,19 PRATHAM Street TARNEIT 3029
53313734453,3 ALBATROSS Close MOOLAP 3224
53313734726,13 FAWCETT Road LUCAS 3350
53313734882,31 BABINA Avenue MELTON SOUTH 3338
53313735022,155 BRAMLEY Avenue CHARLEMONT 3217
53313735163,49 NECTAR Drive MOUNT DUNEED 3217
53313735427,30 HARLEQUIN Avenue DEANSIDE 3336
53313735700,36 VERDANT Street LARA 3212
53313735964,6 UNICO Circuit MOUNT DUNEED 3217
53313736113,4 RAMBLER Boulevard TARNEIT 3029
53300275561,149 BARKLY Street ARARAT 3377
53300275636,21 MCLEAN Street ARARAT 3377
53300219675,5 WOOD Street STAWELL 3380
53300293092,2 CARROL Street HORSHAM 3400
53313736251,46 HARLEQUIN Avenue DEANSIDE 3336
53313736383,9 ITALIANATE Avenue DEANSIDE 3336
53313736665,31 EVERGREEN Street ARMSTRONG CREEK 3217
53313736807,5 VOLT Street WINTER VALLEY 3358
53313736938,28 VOLLEY Street TARNEIT 3029
53313737069,3 WHITFIELD Crescent CRAIGIEBURN 3064
53313737200,50 HAWKESTONE Street MELTON SOUTH 3338
53313737349,5 BUNYIP Street GISBORNE 3437
53313737606,15 SUPEN Street MOUNT DUNEED 3217
53313737745,13 HILDEBRANDT Street WARRNAMBOOL 3280
53313737911,20 WINDOW Road TARNEIT 3029
53313738041,32 EVERGREEN Street ARMSTRONG CREEK 3217
53313738181,42 CAMFIELD Crescent MAMBOURIN 3024
53313738982,12 LEO FRANCIS Drive WARRNAMBOOL 3280
53313739130,17 WINDMILL Avenue SUNBURY 3429
53313739262,14 IMATRA Loop TARNEIT 3029
53313739551,25 BUTCHERBIRD Parade WINTER VALLEY 3358
53313739683,49 FRITELLI Circuit WYNDHAM VALE 3024
53313739818,69 IMATRA Loop TARNEIT 3029
53313739957,11 SKYROS Road FRASER RISE 3336
53313740080,19 GLENARD Avenue STRATHTULLOH 3338
53313740214,6 DANUBE Road TRUGANINA 3029
53313740345,13 MAPLE Walk MOONEE PONDS 3039
53313740485,35 SLINKY Street DEANSIDE 3336
53313740759,56 PENVER Terrace WERRIBEE 3030
53313740881,4 BRAMPTON Crescent BONNIE BROOK 3335
53313741039,7 KURREWA Walk RIPPLESIDE 3215
53313741162,5 HEYSEN Way HUNTLY 3551
53313741293,93 VERE Court DEANSIDE 3336
53313741567,9 KEATS Circuit ARMSTRONG CREEK 3217
53313741717,13 FAIRYWREN Street ARMSTRONG CREEK 3217
53313741970,16 CUSHION Way TARNEIT 3029
53313742110,35 HORSESHOE Parade FRASER RISE 3336
53313742240,19 BAINBRIDGE Road MANOR LAKES 3024
53313742778,8 HEDGELEY Avenue DEANSIDE 3336
53313743033,580 MELBOURNE Road SPOTSWOOD 3015
53313743173,5 FELIX Mews MOONEE PONDS 3039
53313743446,11 IMATRA Loop TARNEIT 3029
53313743578,20 CATTLECROSSING Way SUNBURY 3429
53300276569,20 QUEEN Street ARARAT 3377
53300277807,1 MANSE Street STAWELL 3380
53300284884,5 MCLEAN Street ARARAT 3377
53300285314,43 VIEWPOINT Street ARARAT 3377
53300285528,51 VIEWPOINT Street ARARAT 3377
53300293695,29 BARNES Street STAWELL 3380
53300294355,58 MCLACHLAN Street HORSHAM 3400
53300294810,170 MAIN Street STAWELL 3380
53313743842,5 LAMPRA Way HUNTLY 3551
53313744108,10 LORD Street THORNHILL PARK 3335
53313744378,35 EMMANUE Street DEANSIDE 3336
53313744503,21 RESERVOIR Road FRASER RISE 3336
53313744774,41 EDIFICE Drive TARNEIT 3029
53313745442,6 LAING Street BONNIE BROOK 3335
53313745856,24 MOSSMAN Street LARA 3212
53313745996,21 VOLANT Drive ARMSTRONG CREEK 3217
53313985949,12 ANTHURIUM Drive MOUNT DUNEED 3217
53313986096,44 CAPTAIN Drive POINT COOK 3030
53313986236,15 WALLAGA Road TRUGANINA 3029
53313986369,7 NEMI Parade TARNEIT 3029
53313986501,11 CLAUDE Crescent NEW GISBORNE 3438
53313986658,5 FARRIER Drive KYNETON 3444
53313986780,59 EGREMONT Avenue TARNEIT 3029
53313986947,108 UPLANDS Crescent WEIR VIEWS 3338
53313987085,9 KOORA Drive SUNBURY 3429
53313987381,33 STONNEYBURN Road THORNHILL PARK 3335
53313987516,10 ARGANT Loop SUNBURY 3429
53313987655,34 CONRICK Way KOROIT 3282
53313987787,124 WATTLEBIRD Drive LARA 3212
53313987928,21 PALLADIAN Avenue CHARLEMONT 3217
53313988075,83 CHARLESTON Road DEANSIDE 3336
53313988217,543 HOGANS Road TARNEIT 3029
53313988356,26 KEEWONG Road TARNEIT 3029
53313988983,14 SUSTAIN Street MAMBOURIN 3024
53313989255,532 GREEN HILL Road EYNESBURY 3338
53313989437,11 LINDQUIST Drive GISBORNE 3437
53313989585,50 COBUNGRA Road WEIR VIEWS 3338
53313989726,4 NARADA Road TRUGANINA 3029
53313989999,635 HOGANS Road TARNEIT 3029
53313990123,14 GLENMORE Parkway ROCKBANK 3335
53313990270,4 SUNNYBANK Road FRASER RISE 3336
53313990405,22 IVORY Street COBBLEBANK 3338
53313990585,2 ALKINGTON Way WERRIBEE 3030
53313990742,17 BAMAL Street SUNBURY 3429
53313990874,17 PINEVALE Avenue WYNDHAM VALE 3024
53313991008,14 GILLANDERS Street WARRNAMBOOL 3280
53313991155,22 CUPOLA Walk TRUGANINA 3029
53300278093,43 WILLIAM Street STAWELL 3380
53300279101,97 MCPHERSON Street HORSHAM 3400
53300287185,17 QUEEN Street ARARAT 3377
53300295957,99999 GRANO Street ARARAT 3377
53300296491,99999 HOUSTON Street STAWELL 3380
53313991312,64 PARADOXA Drive TARNEIT 3029
53313991469,27 ZALE Street LEOPOLD 3224
53313991601,15 OSCAR Crescent DEANSIDE 3336
53313991781,127 NEWMARKET Road WERRIBEE 3030
53313991916,25 HOLSTEIN Crescent TARNEIT 3029
53313992201,65 WOOLSPINNER Crescent WYNDHAM VALE 3024
53313992358,43 VARNISH Road TARNEIT 3029
53313992508,9 PLATT Drive MADDINGLEY 3340
53313992639,5 KIRNER Road MELTON SOUTH 3338
53313992762,20 ROSMEAD Street CRAIGIEBURN 3064
53313992904,27 GRAMERCY Place STRATHTULLOH 3338
53313993050,94 CLIPSTONE Crescent FRASER RISE 3336
53313993190,6 NITRARIA Street MICKLEHAM 3064
53313993348,4 FILOLI Street WYNDHAM VALE 3024
53313993514,28 SECHURA Road TRUGANINA 3029
53313993645,30 WEYBA Street TRUGANINA 3029
53313993777,43 GRANGEHILL Mews WYNDHAM VALE 3024
53313993910,59 CASTELLO Drive DEANSIDE 3336
53313994073,244 KOSSUTH Street SEBASTOPOL 3356
53313994207,30 LOWLAND Crescent TRUGANINA 3029
53313994346,113 WATTLEBIRD Drive LARA 3212
53313994504,17 MONASTERY Court TARNEIT 3029
53313994651,25 BASILICO Street WYNDHAM VALE 3024
53313994791,32 DOCKER Court ALTONA MEADOWS 3028
53313994924,26 HARRIS Drive LUCAS 3350
53313995056,25 SIAN Circuit WAURN PONDS 3216
53313995352,10 RANGELAND Street MAMBOURIN 3024
53313995492,27 AMAZING Boulevard FRASER RISE 3336
53313995641,14 ARDEL Street THORNHILL PARK 3335
53313995817,14 IRONCAP Road MICKLEHAM 3064
53313995956,4 LEAFVIEW Drive GREENVALE 3059
53313996087,17 ADRIANUS Street ALFREDTON 3350
53313996211,27 WEBBER Street TARNEIT 3029
53313996350,15 RUBUS Walk WERRIBEE 3030
53313996748,3 ARCHDALE Street DEANSIDE 3336
53313996914,664 HOGANS Road TARNEIT 3029
53313997043,60 UPLANDS Crescent MELTON SOUTH 3338
53313997183,26 HAVANA Circuit BURNSIDE 3023
53313997317,4 SKELETON Avenue TRUGANINA 3029
53313997464,19 HICKLING Road TARNEIT 3029
53313997620,19 GIANT Road TARNEIT 3029
53313997935,6 ELISE Street GREENVALE 3059
53313998090,12 CORREA Way NEW GISBORNE 3438
53313998256,1 INFUSE Road WYNDHAM VALE 3024
53313998396,45 GREENPOINT Drive ROCKBANK 3335
53313998703,41 SEARS Avenue WARRNAMBOOL 3280
53313998974,23 WALLALOO Drive EYNESBURY 3338
53313999254,11 APRICOT Circuit TARNEIT 3029
53300337799,51 BARKLY Street PORTLAND 3305
53300354844,57 FRENCH Street HAMILTON 3300
53300355553,3 MOFFAT Court PORTLAND 3305
53313999527,7 CODRINGTON Street MELTON SOUTH 3338
53313999650,67 ROMULEA Circuit DIGGERS REST 3427
53313999790,16 MELALEUCA Street ARMSTRONG CREEK 3217
53313999965,11 BALLANRONG Road BONNIE BROOK 3335
53314000109,17 NISHI Walk DEANSIDE 3336
53314000239,4 LEVITTOWN Rise WERRIBEE 3030
53314000387,43 EBB Drive TARNEIT 3029
53314000528,25 BANQUET Drive TARNEIT 3029
53314000684,24 WOLVERING Crescent TRUGANINA 3029
53314000825,16 MOYLAN Drive ROCKBANK 3335
53314000973,12 YANGKAK Street WARRNAMBOOL 3280
53314001115,4 ASHTON Street BACCHUS MARSH 3340
53314001261,8 USHER Way MADDINGLEY 3340
53314001674,10 FORREST GREEN Drive ARMSTRONG CREEK 3217
53314001956,40 RAVENSCRAIG Drive STRATHTULLOH 3338
53314002093,7 WEYBA Street TRUGANINA 3029
53314002274,6 MASH Road TARNEIT 3029
53314002431,26 HILLTOP Drive CURLEWIS 3222
53314002571,74 CODRINGTON Road TRUGANINA 3029
53314002762,192 ALTEZZE Drive TRUGANINA 3029
53313237004,14 JANSON Street MAIDSTONE 3012
53313237135,79 WIRELESS Drive AINTREE 3336
53313237267,6 ALCOCK Road TRUGANINA 3029
53313237530,60 EAGLEBAY Road ARMSTRONG CREEK 3217
53313237663,10 TURNBERRY Drive SUNBURY 3429
53313238217,32 CHURCHILL Street GLENROY 3046
53313239024,18 ADMIRATION Walk TARNEIT 3029
53313239165,24 VIGNETTE Road DIGGERS REST 3427
53313239296,2 GODRICH Street SUNBURY 3429
53313239429,37 MAMIC Boulevard FRASER RISE 3336
53313239692,5 TOSCANA Street TRUGANINA 3029
53313239825,8 ORIENTEERING Drive GREENVALE 3059
53313240486,37 TANZANITE Circuit CRAIGIEBURN 3064
53313240627,2 RAILWAY Parade SOLDIERS HILL 3350
53300347921,4 MOFFAT Court PORTLAND 3305
53314102002,4 PARKDALE Street GREENVALE 3059
53314102159,8 HONEYDEW Drive TARNEIT 3029
53314102470,24 LATIGO Street FRASER RISE 3336
53314102605,45 JOURNEY Crescent MOUNT DUNEED 3217
53314102736,203 WHITECROSS Drive THORNHILL PARK 3335
53314103018,14 ADAGIO Road STRATHTULLOH 3338
53314103149,27 ELAINE Street TARNEIT 3029
53314103429,16 HACKAMORE Street TARNEIT 3029
53314103819,57 HOMESTEAD Drive LARA 3212
53314103958,22 WILDCHERRY Street FRASER RISE 3336
53314104097,1 ALISO Street TRUGANINA 3029
53314104237,24 CONTROL Street GREENVALE 3059
53314104534,29 RESIN Street MAMBOURIN 3024
53314104667,30 NEMI Parade TARNEIT 3029
53314104799,7 PACKINGTON Grove FRASER RISE 3336
53314104922,27 RESIN Street MAMBOURIN 3024
53314105079,36 MATTINA Circuit GREENVALE 3059
53314105211,98 WATERCOURSE Avenue LARA 3212
53314105342,16 MASH Road TARNEIT 3029
53314105474,16 HARRIS Street ROCKBANK 3335
53314105617,48 NEWFOUNDLAND Circuit BONNIE BROOK 3335
53313241427,37 FRAGRANT Crescent DIGGERS REST 3427
53313241550,15 DEVON Place FOOTSCRAY 3011
53313241823,5 SHADOWBOX Court SUNSHINE NORTH 3020
53313242366,26 TELOPEA Road CRAIGIEBURN 3064
53313242779,44 NEWMARKET Road WERRIBEE 3030
53313242928,22 LAMONGAN Rise TRUGANINA 3029
53313243322,13 PRIMULA Street DIGGERS REST 3427
53313243876,29 SHADOWBOX Court SUNSHINE NORTH 3020
53313244018,13 HIRATA Boulevard WYNDHAM VALE 3024
53313244405,67 THUNDER Street NORTH BENDIGO 3550
53313244825,22 HENLIX Court MOUNT CLEAR 3350
53313245484,32 COLLINSON Street KEILOR PARK 3042
53313247027,46 CROWN Drive FRASER RISE 3336
53313247430,23 WENTWORTH Court TORQUAY 3228
53313247695,51 WALTON Street MELTON SOUTH 3338
53313248256,78 EAGLEBAY Road ARMSTRONG CREEK 3217
53314070231,9 NORMANTON Street LARA 3212
53314070371,24 WHITBY Circuit FRASER RISE 3336
53314070506,10 DARKE Boulevard ROCKBANK 3335
53314070637,6 CARDING Street TRUGANINA 3029
53314070777,47 FROST Drive CHARLEMONT 3217
53314070902,13 CHORILAENA Way MICKLEHAM 3064
53314071032,10 CRICKET Circuit TARNEIT 3029
53314071165,44 CUPOLA Walk TRUGANINA 3029
53314071306,2 ANAND Way DEANSIDE 3336
53314071437,12 CAVILL Way TARNEIT 3029
53314071560,65 CONONDALE Avenue TRUGANINA 3029
53314071833,12 BOBBIN Street FRASER RISE 3336
53314071966,9 ELEVATION Drive FYANSFORD 3218
53314072095,44 DUNEVIEW Drive OCEAN GROVE 3226
53314072227,7 ALROSE Grove DEANSIDE 3336
53314072375,6 KARKALLA Avenue MICKLEHAM 3064
53314072500,13 CAVILL Way TARNEIT 3029
53314072631,36 CAPTAIN Drive POINT COOK 3030
53314072764,12 EUCALYPT Street ARMSTRONG CREEK 3217
53314072906,20 KARKALLA Avenue MICKLEHAM 3064
53314073169,1 TAWNY Close BALLARAT EAST 3350
53314073290,23 HOWDEN Crescent BRAYBROOK 3019
53314073431,122 ESTUARY Boulevard LEOPOLD 3224
53314073714,19 HUTCHINSON Drive LUCAS 3350
53314073845,9 STEVIE Road SUNBURY 3429
53314073985,4 GRIMSBY Avenue FRASER RISE 3336
53314074119,19 BISTRE Road TARNEIT 3029
53314074257,13 ZEST Street AINTREE 3336
53314074389,3 RAKIA Walk FRASER RISE 3336
53314074520,10 CODRINGTON Street MELTON SOUTH 3338
53314074785,14 PEBBLE Street GREENVALE 3059
53314075058,62 CARRICK Avenue STRATHTULLOH 3338
53314075486,4 SHEOAK Court COLAC 3250
53314075627,28 KARKALLA Avenue MICKLEHAM 3064
53314075750,20 CANDELO Way TARNEIT 3029
53314076155,30 ELECTRIC Crescent MOUNT DUNEED 3217
53314076286,8 MORLEY Street WERRIBEE 3030
53314076427,16 VERONICA Crescent DEANSIDE 3336
53314076568,22 CHARTREUSE Street GREENVALE 3059
53314076718,14 CONFERTA Road TARNEIT 3029
53314105748,66 POWDERBARK Crescent MICKLEHAM 3064
53314105870,18 LOWLAND Crescent TRUGANINA 3029
53314106151,32 WARHAWKE Road AINTREE 3336
53314106282,8 MONTENEGRO Crescent MOUNT DUNEED 3217
53314106417,42 HOWELL Crescent TRUGANINA 3029
53314106548,24 OHAGAN Way TRUGANINA 3029
53314106696,21 MERIDIE Way DARLEY 3340
53314106845,3 BRUSHTAIL Street MAMBOURIN 3024
53314106977,30 MADEIRA Drive TRUGANINA 3029
53314107100,13 HYDEPARK Crescent STRATHTULLOH 3338
53314107396,19 MEL Avenue TARNEIT 3029
53314107529,20 ALTAR Street TRUGANINA 3029
53314107652,11 WINDJAMMER Street TARNEIT 3029
53314107792,9 MONASTERY Court TARNEIT 3029
53314108057,119 SPARROVALE Road CHARLEMONT 3217
53314108189,63 HACKAMORE Street TARNEIT 3029
53314108329,11 SIDING Street WERRIBEE 3030
53314108452,13 ASHFORDBY Street BONNIE BROOK 3335
53314108584,10 OAKTREE Lane CRESWICK 3363
53314108719,7 HOLDER Street WARRNAMBOOL 3280
53314108858,15 REGNER Drive SUNBURY 3429
53314108980,29 ILLUSTRATION Avenue MAMBOURIN 3024
53314109114,26 BONNYVIEW Road CRAIGIEBURN 3064
53314109244,5 NOLAN Street AINTREE 3336
53314109519,16 ENDURANCE Road AINTREE 3336
53314109640,12 MOONLIGHT Drive MOUNT DUNEED 3217
53314109780,70 HURST Drive TARNEIT 3029
53314109921,12 LANGFORD Street WERRIBEE 3030
53314110055,16 REPARTEE Street TARNEIT 3029
53314110187,44 HORSESHOE Parade FRASER RISE 3336
53314110468,9 KAVERI Street TARNEIT 3029
53314110600,76 ODYSSEY Boulevard TARNEIT 3029
53314110731,21 COLCHESTER Drive WERRIBEE 3030
53314110864,23 EAST FIELD Street MARYBOROUGH 3465
53314111144,9 FULHAM Circuit BACCHUS MARSH 3340
53314111275,27 CLARA Court GREENVALE 3059
53314111400,5 WINFRED Drive MAMBOURIN 3024
53314111671,55 CELESTIAL Circuit TARNEIT 3029
53314111806,5 GIBSON Street LUCAS 3350
53314112074,5 TEMPLETONIA Circuit MICKLEHAM 3064
53314112208,11 AGNEW Walk TRUGANINA 3029
53314112347,11 WEYBA Street TRUGANINA 3029
53314112479,22 MABER Street TARNEIT 3029
53314112612,24 TECOMA Street MANOR LAKES 3024
53314113009,12 AZIZ Boulevard MOUNT COTTRELL 3024
53313248792,41 AQUIVER Terrace MINERS REST 3352
53313248974,38 RAYMOND Street SUNSHINE WEST 3020
53313249122,151 MCBRYDE Street FAWKNER 3060
53313250065,35 GALLAXUS Avenue WYNDHAM VALE 3024
53313250592,59 SWAN Boulevard WINTER VALLEY 3358
53313250858,40 JOURNEY Drive FRASER RISE 3336
53313251120,17 CROWN Drive FRASER RISE 3336
53313251780,35 MARXSEN Parade LUCAS 3350
53313252043,7 BANKSIA Walk MAIDSTONE 3012
53313491642,31 FLEURIEU Circuit ARMSTRONG CREEK 3217
53313491800,13 MORAY Street FAWKNER 3060
53313491931,15 BRUSHTAIL Court SUNSHINE NORTH 3020
53313492202,9 WINDOW Road TARNEIT 3029
53313492598,10 SKYPAC Drive TRUGANINA 3029
53313492739,55 JOEY Crescent DEANSIDE 3336
53313492879,55 CORDHILL Circuit AINTREE 3336
53313493003,29 BABINA Avenue MELTON SOUTH 3338
53313493416,31 HARRIER Circuit DEANSIDE 3336
53313493687,115 BALLARAT-CARNGHAM Road WINTER VALLEY 3358
53313494222,11 NAGAR Street THORNHILL PARK 3335
53313494370,4 HABITAT Way ARMSTRONG CREEK 3217
53313494513,13 AVAWARD Street WYNDHAM VALE 3024
53313494644,20 DAFFODIL Crescent DIGGERS REST 3427
53313494919,18 MCARTHUR Place WARRNAMBOOL 3280
53300405374,115 PERCY Street PORTLAND 3305
53314077275,7 IRONCAP Road MICKLEHAM 3064
53314077418,4 GIANT Road TARNEIT 3029
53314077549,43 AMAZING Boulevard FRASER RISE 3336
53314077671,33 CONWAY Circuit AINTREE 3336
53314077814,33 MASAYA Avenue TRUGANINA 3029
53314078084,13 CHOL Street THORNHILL PARK 3335
53314078357,81 SHOWMAN Drive DIGGERS REST 3427
53314078497,15 LIALI Avenue TRUGANINA 3029
53314078753,101 BRUNDELL Avenue ROCKBANK 3335
53314078893,4 STRIKER Way TARNEIT 3029
53314079025,23 FALCON Street ARMSTRONG CREEK 3217
53314079158,11 MCKELL Street DEANSIDE 3336
53314079420,59 PYRUS Crescent MICKLEHAM 3064
53314079553,53 REED Court DEANSIDE 3336
53314079810,5 GARRONG Street BACCHUS MARSH 3340
53314079959,59 MAYWOOD Road MANOR LAKES 3024
53314080082,27 LEVITTOWN Rise WERRIBEE 3030
53314080222,19 SHEARS Drive FRASER RISE 3336
53314080355,8 ARCHDALE Street DEANSIDE 3336
53314080495,15 DELMARE Drive LEOPOLD 3224
53314080628,130 ELIZABETH Drive SUNBURY 3429
53314080883,2 FAWN Street WYNDHAM VALE 3024
53314081049,16 ARRAMONT Road GREENVALE 3059
53314081171,11 BLENRIL Avenue TARNEIT 3029
53314081305,1 CALLAWAY Street MAMBOURIN 3024
53314081436,34 MULLINGAR Drive ALFREDTON 3350
53314081576,6 COFFEY Street HUNTLY 3551
53314081701,42 VARNISH Road TARNEIT 3029
53314081972,5 MATTNICK Boulevard CHARLEMONT 3217
53314082268,15 PYRUS Crescent MICKLEHAM 3064
53314082390,146 SHELTERBELT Avenue WEIR VIEWS 3338
53314082523,3 BAXTER Street MAMBOURIN 3024
53314082671,39 OSCAR Crescent DEANSIDE 3336
53314082806,4 COTTON Street MICKLEHAM 3064
53314082937,16 CAVILL Way TARNEIT 3029
53314083224,8 MANGIONI Drive DEANSIDE 3336
53314083372,8 KURRAJONG Road MICKLEHAM 3064
53314083507,14 NEMI Parade TARNEIT 3029
53314083812,50 VARNISH Road TARNEIT 3029
53314083951,13 MOGGS Road MAMBOURIN 3024
53314084082,23 KNOWSLEY Avenue TARNEIT 3029
53314084222,23 WELLARD Boulevard INVERMAY PARK 3350
53314084363,13 HELVETICA Street TRUGANINA 3029
53314113279,10 BREWSTER Street ALFREDTON 3350
53314113404,13 ELLISBURG Street MANOR LAKES 3024
53314113535,20 WEYBA Street TRUGANINA 3029
53314113675,23 SKYPAC Drive TRUGANINA 3029
53314113800,14 PINTAIL Drive MELTON SOUTH 3338
53314113931,23 BRAY Street DEANSIDE 3336
53314114096,11 MYSTIC Street MOUNT DUNEED 3217
53314114244,11 PACKINGTON Grove FRASER RISE 3336
53314114376,21 BUTTERCUP Crescent ARMSTRONG CREEK 3217
53314114501,31 BLYTON Road DEANSIDE 3336
53314114640,1 FEATHERTOP Drive MOUNT DUNEED 3217
53314114921,51 BONNYVIEW Road CRAIGIEBURN 3064
53314115061,44 KOODYA Street MAMBOURIN 3024
53314115333,26 TALOUMBI Crescent GREENVALE 3059
53314115466,205 FRONTIER Avenue AINTREE 3336
53314115598,161 SARIC Street FRASER RISE 3336
53314115721,33 PIGMENT Drive MAMBOURIN 3024
53314116027,30 SABRO Street SUNBURY 3429
53314116168,11 MORLEY Street WERRIBEE 3030
53314116299,18 TRAPANI Grove DEANSIDE 3336
53314116430,18 SLADE Street SUNBURY 3429
53314116563,17 TOADLET Street WYNDHAM VALE 3024
53314116695,7 ARABIAN Avenue AINTREE 3336
53314116844,35 ARDSLEY Street MANOR LAKES 3024
53314116984,22 WEYBA Street TRUGANINA 3029
53314117247,39 SERENE Avenue ARMSTRONG CREEK 3217
53314117512,9 CLEF Street STRATHTULLOH 3338
53313495329,11 FALCON Court FOOTSCRAY 3011
53313495610,8 BRASSWOOD Close WERRIBEE 3030
53313495741,17 ERASMUS Avenue CRAIGIEBURN 3064
53313496015,20 RED WATTLE Way GREENVALE 3059
53313496303,4 STEADFIELD Circuit MELTON SOUTH 3338
53313496574,13 WINDOW Road TARNEIT 3029
53313496709,45 AVONBURY Drive ARMSTRONG CREEK 3217
53313496830,13 NORTHWATTLE Crescent CORIO 3214
53313497111,6 DUGAN Street THORNHILL PARK 3335
53313497241,73 CORIDALE Boulevard LARA 3212
53313497508,54 CORIDALE Boulevard LARA 3212
53313497647,7 WOOLSPINNER Crescent WYNDHAM VALE 3024
53313497904,20 WASHINGTON Drive THORNHILL PARK 3335
53313498034,19 BURBIDGE Street TRUGANINA 3029
53313498439,3 OVERALL Street LUCAS 3350
53313498562,18 ERVINE Drive WYNDHAM VALE 3024
53313499387,6 ISHERWOOD Road DEANSIDE 3336
53313499512,20 GRIBBLE Street LUCAS 3350
53313499643,11 AMARA Street TARNEIT 3029
53313500065,41 VERONA Crescent FRASER RISE 3336
53313500197,7 EVERGREEN Street ARMSTRONG CREEK 3217
53313500873,27 JUMPS Street WINTER VALLEY 3358
53313501138,4 EMPRESS Street WYNDHAM VALE 3024
53313501260,48 TOWER Street THORNHILL PARK 3335
53313501402,34 LIDDERDALE Drive GISBORNE 3437
53313501541,21 KASAI Walk TRUGANINA 3029
53313501673,5 LUNAR Drive GREENVALE 3059
53313502092,3 VERDALE Drive ALFREDTON 3350
53300212233,99 BREWSTER Road ARARAT 3377
53314084495,7 PEACH Street CRAIGIEBURN 3064
53314084628,6 MONTENEGRO Crescent MOUNT DUNEED 3217
53314084751,28 SPRINTER Way WINTER VALLEY 3358
53314084891,45 WATERFERN Street FRASER RISE 3336
53314085023,98 DARDEL Drive BANNOCKBURN 3331
53314085287,56 SAMA Promenade TRUGANINA 3029
53314085576,4 DRAFT Street MANOR LAKES 3024
53314085719,14 REDLEAF Way GREENVALE 3059
53314085840,10 PICASSO Street WINTER VALLEY 3358
53314085980,17 PEACH Street CRAIGIEBURN 3064
53314086114,23 SAMOLUS Street MICKLEHAM 3064
53300220286,12 HIGH Street HORSHAM 3400
53300220591,28 LIGAR Street STAWELL 3380
53300229749,20 HIGH Street HORSHAM 3400
53313502893,3 FRIENDSHIP Place FRASER RISE 3336
53313503033,8 ROOSEVELT Drive ROCKBANK 3335
53313503166,7 GAINSBOROUGH Road WILLIAMS LANDING 3027
53313503297,85 HIGHLINE Boulevard TRUGANINA 3029
53313503826,4 ERVINE Drive WYNDHAM VALE 3024
53313504220,6 CROSBY Street TRUGANINA 3029
53313504782,15 ASTRONOMY Street GREENVALE 3059
53313505491,22 SHELLARD Street ALTONA NORTH 3025
53313505624,5 SUNFLOWER Walk BONNIE BROOK 3335
53313505765,32 BISHOPGATE Boulevard BONNIE BROOK 3335
53313505897,4 SUNNY Street SUNBURY 3429
53313506291,61 SUMAR Drive MICKLEHAM 3064
53313506689,22 WATTLESEED Drive FRASER RISE 3336
53313506838,39 BOTANICAL Drive LARA 3212
53313506961,2 LOMBARDY Walk DEANSIDE 3336
53313507223,64 HOLST Street ARMSTRONG CREEK 3217
53313746268,152 SPARROVALE Road CHARLEMONT 3217
53313746400,148 WHITES Road MOUNT DUNEED 3217
53313746549,16 WITTON Boulevard WARRNAMBOOL 3280
53313746671,12 PAVILION Street DEANSIDE 3336
53313747119,24 STONNEYBURN Road THORNHILL PARK 3335
53313747249,12 ARLINGTON Street DEANSIDE 3336
53313747514,7 HEALY Drive TRUGANINA 3029
53313747645,11 HEY Street WILLIAMS LANDING 3027
53313747793,5 SKYROS Road FRASER RISE 3336
53313747926,33 PROSECCO Street TARNEIT 3029
53313748066,43 SLINKY Street DEANSIDE 3336
53313748207,15 FAIRYWREN Street ARMSTRONG CREEK 3217
53313748338,11 SUNLIGHT Circuit LARA 3212
53313748461,105 WATERFERN Street FRASER RISE 3336
53300213843,99999 SKENE Street STAWELL 3380
53300214528,26 QUEEN Street ARARAT 3377
53300221847,13 VIEWPOINT Street ARARAT 3377
53300223247,33 VIEWPOINT Street ARARAT 3377
53300296525,179 BAILLIE Street HORSHAM 3400
53313749147,266 BOUNDARY Road MOUNT DUNEED 3217
53313749278,981 MORRIS Road TRUGANINA 3029
53313749542,23 HUNTINGFIELD Street THORNHILL PARK 3335
53313749682,59 TANNUM Circuit TRUGANINA 3029
53313749948,1 EFFRON Close MELTON SOUTH 3338
53313750071,20 AMAZON Street TRUGANINA 3029
53313750213,36 HANOVER Circuit MELTON SOUTH 3338
53313750344,33 SLINKY Street DEANSIDE 3336
53313751006,7 BUCKLAND Court BALLARAT EAST 3350
53313751145,19 VOGUE Drive WYNDHAM VALE 3024
53313751284,50 JANSON Road BROWN HILL 3350
53313751680,42 DALK Drive GISBORNE 3437
53313751821,6 VALENCIA Street WEIR VIEWS 3338
53313751954,42 MONTVIEW Court CORIO 3214
53313752083,90 MESSENGER Parade LUCAS 3350
53313752371,21 GILLANDERS Street WARRNAMBOOL 3280
53313752506,26 ELECTRO Street WINTER VALLEY 3358
53313752760,1 VERMILLION Road TARNEIT 3029
53313753040,83 KENSINGTON Boulevard SMYTHES CREEK 3351
53313753172,11 PERNONIE Street LUCAS 3350
53313753306,50 REFLECTIONS Crescent LARA 3212
53313753585,159 SAWMILL Road HUNTLY 3551
53313753710,38 MULLINS Way SUNBURY 3429
53313754147,37 JOURNEY Crescent MOUNT DUNEED 3217
53313754568,40 SPOONBILL Avenue WINTER VALLEY 3358
53313754690,18 ARRAMONT Road GREENVALE 3059
53313754823,95 HALCYON Road DEANSIDE 3336
53313754956,147 ASHBURY Boulevard ARMSTRONG CREEK 3217
53313755095,17 JACKSONIA Drive MICKLEHAM 3064
53313755235,4 TALE Lane FRASER RISE 3336
53313755368,70 DELL Boulevard FYANSFORD 3218
53313755490,26 MAGGIE Crescent MAMBOURIN 3024
53313755649,13 UTOPIA Way WEIR VIEWS 3338
53313755914,25 GAO Circuit DARLEY 3340
53313756192,26 PETERBOROUGH Rise WERRIBEE 3030
53313756324,8 RYSA Road GREENVALE 3059
53300281783,70 QUEEN Street ARARAT 3377
53300297498,9 TOWER Square WARRNAMBOOL 3280
53313756589,231 COASTAL Boulevard OCEAN GROVE 3226
53313756746,10 VIVERO Road WYNDHAM VALE 3024
53313756878,55 FERONIA Avenue TARNEIT 3029
53313757019,9 WEBB Street MAMBOURIN 3024
53313757158,6 ASPERULA Street TARNEIT 3029
53313757297,14 VENITA Walk TARNEIT 3029
53313757685,77 ERSKINE Road WINTER VALLEY 3358
53313757826,14 CHOIR Lane TARNEIT 3029
53313757982,63 SARIC Street FRASER RISE 3336
53313758394,13 VOLANT Drive ARMSTRONG CREEK 3217
53313758527,4 SABLE Street GREENVALE 3059
53313758650,28 BALBI Road TRUGANINA 3029
53313758782,36 OTTERHAM Way WERRIBEE 3030
53313758923,3 GIBSONS Circuit BONNIE BROOK 3335
53313759055,8 DENNISON Street DEANSIDE 3336
53313759311,10 BERTRAND Drive DENNINGTON 3280
53313759450,3 BLOMELEY Drive LUCAS 3350
53313759582,11 LONGLEAF Street FYANSFORD 3218
53313759848,53 COQUINA Drive POINT LONSDALE 3225
53313759988,53 FOAL Circuit FRASER RISE 3336
53313760120,23 FOAL Circuit FRASER RISE 3336
53313760252,23 HEALY Drive TRUGANINA 3029
53313760384,93 MAKEDONIA Street TARNEIT 3029
53313760525,115 SPARROVALE Road CHARLEMONT 3217
53313760658,13 EDIFICE Drive TARNEIT 3029
53313760780,83 CENTURION Avenue TARNEIT 3029
53313761078,1011 MORRIS Road TRUGANINA 3029
53313761202,40 PENDOWER Way WERRIBEE 3030
53313761359,12 WOODLAND Street LARA 3212
53313761630,15 CINDIA Crescent TARNEIT 3029
53313761763,10 BACALL Street TRUGANINA 3029
53313761895,20 NYMAN Circuit TARNEIT 3029
53314002904,21 PINEVALE Avenue WYNDHAM VALE 3024
53314003209,12 LUCK Street SEBASTOPOL 3356
53314003554,43 WINFRED Drive MAMBOURIN 3024
53314003686,20 HORGI Street WYNDHAM VALE 3024
53314003811,17 EQUESTRIAN Street TARNEIT 3029
53314003950,235 WALKER Street SEBASTOPOL 3356
53314004255,87 BUCKINGHAM Boulevard STRATHTULLOH 3338
53314004405,25 SALSOLA Road MICKLEHAM 3064
53314004627,33 HOMEBUSH Esplanade FRASER RISE 3336
53314004825,8 GUARDAVALLE Street DEANSIDE 3336
53314004981,25 MARYANNE Way FRASER RISE 3336
53300283480,20 FLATTELY Street ARARAT 3377
53300283738,31 VIEWPOINT Street ARARAT 3377
53300283837,35 OCONNOR Street HORSHAM 3400
53300289834,42 HIGH Street ARARAT 3377
53300291436,7 DAVID Street HORSHAM 3400
53300291460,30 PRYORS Road HORSHAM 3400
53314201562,9 GUNZEL Street THORNHILL PARK 3335
53314201704,24 NEWLAND Drive ARMSTRONG CREEK 3217
53314201975,4 YUROKE Road GREENVALE 3059
53314202385,41 TRUNCATA Drive TARNEIT 3029
53314202510,59 TANGLEWOOD Boulevard TRUGANINA 3029
53314202659,8 TRANQUIL Crescent COLAC 3250
53314203062,94 MANDALAY Avenue ARMSTRONG CREEK 3217
53314203194,16 GALANTHUS Street CHARLEMONT 3217
53314203474,48 ROSEDALE Circuit LARA 3212
53314203730,60 CORYMBIA Street MOUNT DUNEED 3217
53314203888,26 HAIRPIN Drive TARNEIT 3029
53314204012,5 RHUBARB Way THORNHILL PARK 3335
53314204143,14 PORTER Street WERRIBEE 3030
53314204274,45 WHEATSHEAF Road WYNDHAM VALE 3024
53314204548,7 TURQUOISE Way MICKLEHAM 3064
53314204670,14 GREENOCK Court WARRNAMBOOL 3280
53314204805,118 MAMIC Boulevard FRASER RISE 3336
53314204944,43 GEOMETRY Drive CHARLEMONT 3217
53314205075,26 PICKERING Crescent LARA 3212
53314205209,78 MAYWOOD Road MANOR LAKES 3024
53314205470,22 OTTAWA Street TRUGANINA 3029
53314205605,27 SUNSTONE Drive COBBLEBANK 3338
53314205736,14 SHIVAY Street DEANSIDE 3336
53314206000,86 HURST Drive TARNEIT 3029
53314206131,86 TEMPLETONIA Circuit MICKLEHAM 3064
53314206263,23 GOLD Street TARNEIT 3029
53314206413,9 NEEDLETAIL Road DEANSIDE 3336
53314206684,22 ARCHDUKE Drive DEANSIDE 3336
53314206819,41 ROSEDALE Circuit LARA 3212
53314206940,38 REUNION Parade TARNEIT 3029
53314207088,23 BASQUE Drive THORNHILL PARK 3335
53314207212,13 CAPULIN Walk FRASER RISE 3336
53314207483,3 ALBERT Street WINCHELSEA 3241
53314207624,6 DOCK Walk ARMSTRONG CREEK 3217
53314207889,18 WARATAH Way ELLIMINYT 3250
53314208160,27 COROMANDEL Drive LARA 3212
53314208432,16 CRANBROOK Way WERRIBEE 3030
53314208572,45 INNOVATION Avenue ROCKBANK 3335
53314208739,9 KIPPFORD Street FRASER RISE 3336
53300000434,283 WHITEHALL Street YARRAVILLE 3013
53300000519,99999 RAILWAY Crescent WILLIAMSTOWN 3016
53300000699,99999 KOROROIT CREEK Road ALTONA 3018
53300000798,99999 MERINO Street LAVERTON NORTH 3026
53300000921,24 ROBERTSON Street KENSINGTON 3031
53300000988,99999 OPERATIONS Road MELBOURNE AIRPORT 3045
53300001037,99999 OPERATIONS Road TULLAMARINE 3043
53300002925,22 MCLEOD Street NORTH GEELONG 3215
53300003017,43 LEATHER Street BREAKWATER 3219
53300240631,99999 LOWE Street ARARAT 3377
53300240771,49 VIEWPOINT Street ARARAT 3377
53300240946,35 HIGH Street ARARAT 3377
53300240979,29 HIGH Street ARARAT 3377
53300241036,11 HIGH Street ARARAT 3377
53314179832,83 HANOVER Circuit MELTON SOUTH 3338
53314179972,10 ASPERULA Street TARNEIT 3029
53314180108,18 DOCK Walk ARMSTRONG CREEK 3217
53314180238,31 OSCAR Crescent DEANSIDE 3336
53314180361,7 NED Road MAMBOURIN 3024
53314180503,12 HAFLINGER Road TARNEIT 3029
53314180634,59 EVERBLOOM Crescent TARNEIT 3029
53314180909,24 MEMORY Road DEANSIDE 3336
53314181055,45 RANGELAND Street MAMBOURIN 3024
53314209142,12 GEOMETRY Drive CHARLEMONT 3217
53314209687,53 ARCHER Drive LARA 3212
53314209828,82 PEAR Street WYNDHAM VALE 3024
53314210092,53 ORLOV Street AINTREE 3336
53314210507,11 PENZO Way TARNEIT 3029
53314210761,14 MARSDENIA Street MANOR LAKES 3024
53314210903,13 LANGFORD Street WERRIBEE 3030
53314211166,56 DELIA Avenue SUNBURY 3429
53314211297,18 ROHAB Crescent MOUNT COTTRELL 3024
53314211561,159 WHITECROSS Drive THORNHILL PARK 3335
53314211693,64 BANKS Drive DIGGERS REST 3427
53314211826,13 HAFLINGER Road TARNEIT 3029
53314211967,42 POTALA Avenue BONNIE BROOK 3335
53314212096,16 PEBBLE Street GREENVALE 3059
53314212228,51 DIAMOND GULLY Road MUCKLEFORD 3451
53300003049,99999 RYRIE Street EAST GEELONG 3219
53300003189,99999 GREAT OCEAN Road ALLANSFORD 3277
53300003238,99999 COMMERCIAL Road KOROIT 3282
53300004681,99999 FOOTSCRAY Road FOOTSCRAY 3011
53300004723,88 BALLARAT Road FOOTSCRAY 3011
53300004871,99999 NELSON Place WILLIAMSTOWN 3016
53300004939,99999 CROTHERS Street BRAYBROOK 3019
53300005160,250 PRINCES Highway WERRIBEE 3030
53300005275,8 NELSON Street GLENROY 3046
53300006969,302 BOUNDARY Road EAST GEELONG 3219
53300007058,99999 LYDIARD Street BALLARAT 3350
53300007099,99999 MATHESON Road CASTLEMAINE 3450
53300007288,99999 SOMERVILLE Road SUNSHINE WEST 3020
53300007320,2 CORIO QUAY Road NORTH GEELONG 3215
53300007354,99999 BELL Street COBURG 3058
53300007405,1 HOPKINS Avenue EAGLEHAWK 3556
53300008377,99999 GIRDLESTONE Street ARARAT 3377
53300008435,99999 CENTRE Road MELBOURNE AIRPORT 3045
53300262997,18 HIGH Street HORSHAM 3400
53300305106,28 MT NAPIER Road HAMILTON 3300
53300248765,307 NAVARRE Road STAWELL 3380
53300249319,99999 GIRDLESTONE Street ARARAT 3377
53300249390,18 QUEEN Street ARARAT 3377
53300263938,7 GEORGE Road ARARAT 3377
53300264607,99999 NEWINGTON Road STAWELL 3380
53300264787,31 HIGH Street ARARAT 3377
53300307950,159 BALLARAT Road HAMILTON 3300
53300365819,34 BALMORAL Street PORTLAND 3305
53300249557,15 MCLEAN Street ARARAT 3377
53300313512,9 TOWER Square WARRNAMBOOL 3280
53300321332,257 HANLON Parade PORTLAND 3305
53300266932,57 VIEWPOINT Street ARARAT 3377
53300328921,24 OLD PT CAMPBELL Road COBDEN 3266
53300329557,73 CAPE NELSON Road PORTLAND 3305
53300366261,70 FLAXMAN Street WARRNAMBOOL 3280
53300322940,27 HESSE Street COLAC 3250
53300323188,99999 NORTH BOUNDARY Road HAMILTON 3300
53314117783,41 BLYTON Road DEANSIDE 3336
53314117918,343 PATULLOS Road LARA 3212
53314118089,10 SANDRINGHAM Street STRATHTULLOH 3338
53314118213,20 PARSONAGE Crescent TRUGANINA 3029
53314118344,104 UPLANDS Crescent WEIR VIEWS 3338
53314118476,26 CELESTIAL Way GREENVALE 3059
53314118619,14 REGNER Drive SUNBURY 3429
53314118872,510 BOUNDARY Road ARMSTRONG CREEK 3217
53314119006,6 PINE CONE Walk FRASER RISE 3336
53314119153,5 AFFOGATO Crescent MOUNT DUNEED 3217
53314119284,4 DUROCHER Crescent TARNEIT 3029
53314119425,100 FANTAIL Way BROOKFIELD 3338
53314119558,40 NASCENT Drive TARNEIT 3029
53314119698,6 BUTTERCUP Crescent ARMSTRONG CREEK 3217
53300368430,74 HURD Street PORTLAND 3305
53300369513,101 FRENCH Street HAMILTON 3300
53300369703,21 HYLAND Street HAMILTON 3300
53314149613,63 HOMEBUSH Esplanade FRASER RISE 3336
53314149760,8 NORTHSTOWE Crescent STRATHTULLOH 3338
53314149892,8 BLANC Drive TRUGANINA 3029
53300374612,68 MT NAPIER Road HAMILTON 3300
53300375610,64 MT NAPIER Road HAMILTON 3300
53314119962,105 HEMINGWAY Drive ROCKBANK 3335
53314120094,66C SHELTERBELT Avenue WEIR VIEWS 3338
53314120250,19 SIDDELL Road GREENVALE 3059
53314120382,11 MOMIL Road MOUNT COTTRELL 3024
53314120648,5 SAGO Walk MICKLEHAM 3064
53314120788,8 RENEE Street SUNBURY 3429
53314120913,9 NECTARINE Street THORNHILL PARK 3335
53314121043,18 MASAYA Avenue TRUGANINA 3029
53314121175,8 MOHAWK Street WYNDHAM VALE 3024
53314121323,7 KOOLAH Drive LARA 3212
53314121456,26 MAKITI Crescent HARKNESS 3337
53314121860,10 MAGGIE Crescent MAMBOURIN 3024
53314121992,12 ZEST Street AINTREE 3336
53314122122,34 PINE CONE Walk FRASER RISE 3336
53314122254,11 PIGMENT Drive MAMBOURIN 3024
53314122394,22 MIDFORD Avenue WERRIBEE 3030
53314122527,53 LOLLIPOP Crescent SUNBURY 3429
53314122782,8 WOODLAND Way FYANSFORD 3218
53314122923,4 REEFTON Street MAMBOURIN 3024
53314123187,16 VARNISH Road TARNEIT 3029
53314123468,25 WHELAN Street ARMSTRONG CREEK 3217
53314123590,7 TRILLER Street GREENVALE 3059
53314123731,5 BAHIA Way MOUNT DUNEED 3217
53314123864,50 CUBITT Crescent TARNEIT 3029
53314124005,2 SALTGRASS Avenue TARNEIT 3029
53314124136,198 FARM Road WERRIBEE 3030
53314124283,29 TRIESTE Crescent DEANSIDE 3336
53314124432,5 TINKER Lane MADDINGLEY 3340
53314124715,21 OPULENT Boulevard TARNEIT 3029
53314124846,29 ATACAZO Avenue TRUGANINA 3029
53314125110,38 DELIA Avenue SUNBURY 3429
53314125380,28 GANGUR Way FRASER RISE 3336
53314125515,27 WATERCOURSE Avenue LARA 3212
53314125654,78 WHITES Road MOUNT DUNEED 3217
53314125786,13 YAMBULLA Street TARNEIT 3029
53314125927,42 KAILASH Road WERRIBEE 3030
53314126067,9 GREENEDGE Walk DIGGERS REST 3427
53314126208,11 PANNAL Way LARA 3212
53314126339,42 APRICOT Circuit TARNEIT 3029
53314126604,28 VICOSA Drive ARMSTRONG CREEK 3217
53314126743,57 SLINKY Street DEANSIDE 3336
53314126883,14 ATTRACTION Way MAMBOURIN 3024
53314127056,36 BURRAWANG Loop MICKLEHAM 3064
53314127188,65 LUCANIA Crescent TARNEIT 3029
53314127328,72 LUCANIA Crescent TARNEIT 3029
53314150026,54 KEYSTONE Drive SUNBURY 3429
53314150167,29 WESTDAHL Street TRUGANINA 3029
53314150322,24 PYRUS Crescent MICKLEHAM 3064
53314150455,87 NASCENT Drive TARNEIT 3029
53314150884,39 TODD Street LUCAS 3350
53314151024,14 SHERYL Street SUNBURY 3429
53314151296,63 STREAM Road WYNDHAM VALE 3024
53314151437,28 BAYBERRY Street ARMSTRONG CREEK 3217
53314151692,11 HONEYPOT Circuit MICKLEHAM 3064
53314151841,23 CRANBERRY Crescent THORNHILL PARK 3335
53314151973,77 HANOVER Circuit MELTON SOUTH 3338
53314152105,5 COMB Street MANOR LAKES 3024
53314152235,6 FIRETAIL Crescent BANNOCKBURN 3331
53314152500,15 WIRY Way TARNEIT 3029
53314152631,37 SABRO Street SUNBURY 3429
53314153060,23 FASCINATION Circuit AINTREE 3336
53314153192,29 ROMULEA Circuit DIGGERS REST 3427
53314153324,13 MONTENEGRO Crescent MOUNT DUNEED 3217
53314153465,120 PANAIA Boulevard TRUGANINA 3029
53314153597,24 BLOOMINGBURG Road MANOR LAKES 3024
53314153720,58 HARGREAVES Street PORTARLINGTON 3223
53314153861,19 POWDERBARK Crescent MICKLEHAM 3064
53314154133,4 VARNA Way MANOR LAKES 3024
53314154265,37 WHITBY Circuit FRASER RISE 3336
53314154538,53 JAGGED Circuit TARNEIT 3029
53314154661,215 SINCLAIRS Road DEANSIDE 3336
53314154926,23 COMPANY Avenue SUNBURY 3429
53314155221,5 CLARA Court GREENVALE 3059
53314155354,8 LOQUAT Street LARA 3212
53314155486,53 ACKLAND Street ARMSTRONG CREEK 3217
53314155750,13 TENDRIL Street LARA 3212
53314155882,30 HANOVERIAN Street AINTREE 3336
53314156022,107 BROOKING Road GISBORNE 3437
53314156163,21 CONWAY Circuit AINTREE 3336
53314156294,25 FORAKER Road TRUGANINA 3029
53314156849,20 VILANA Drive SUNBURY 3429
53314157104,8 CURYO Street EYNESBURY 3338
53314157242,4 THURLING Parade LUCAS 3350
53314157509,85 TUFF Street WERRIBEE 3030
53300376070,36 MT NAPIER Road HAMILTON 3300
53300376410,8 BLOCK Street WARRNAMBOOL 3280
53314127591,45 EBB Drive TARNEIT 3029
53314127724,11 VOLTAGE Street SUNBURY 3429
53314127997,6 REDCRAZE Road BONNIE BROOK 3335
53314128129,15 COWBOY Walk FRASER RISE 3336
53314128284,9 PICTURE Street MAMBOURIN 3024
53314128425,75 DRYLAND Boulevard MICKLEHAM 3064
53314128558,38 KEEWONG Road TARNEIT 3029
53314128680,44 IMPLEXA Drive TARNEIT 3029
53314128815,36 PAROO Street TRUGANINA 3029
53314129480,36 CASPIAN Drive CRAIGIEBURN 3064
53314129621,23 CELESTIAL Way GREENVALE 3059
53314129762,64 BURRAWANG Loop MICKLEHAM 3064
53314129894,11 APPRENTICES Road SUNBURY 3429
53314130036,49 LUCANIA Crescent TARNEIT 3029
53314130300,10 PERSIMMON Road CRAIGIEBURN 3064
53314130431,79 DRYLAND Boulevard MICKLEHAM 3064
53314130571,19 GAWLER Street WERRIBEE 3030
53314130714,146 ADELONG Way BACCHUS MARSH 3340
53314130845,169 FRONTIER Avenue AINTREE 3336
53314130977,12 WATCHUPGA Street EYNESBURY 3338
53314131119,6 CLOVER Drive ROCKBANK 3335
53314131257,15 FENWICK Street TARNEIT 3029
53314131514,59 QUINTA Crescent SUNBURY 3429
53314131653,4 ANTIPODA Street TARNEIT 3029
53314131785,5 PEACH Street CRAIGIEBURN 3064
53314131910,40 BURRAWANG Loop MICKLEHAM 3064
53314132048,8 FIELDIA Road TARNEIT 3029
53314132328,60 BROCKWOOD Street DEANSIDE 3336
53314132865,8 HOLDER Street WARRNAMBOOL 3280
53314133129,79 KARDINIA Street BONSHAW 3352
53314133269,3 HALLIGAN Street LUCAS 3350
53300233412,38 VIEWPOINT Street ARARAT 3377
53300233452,65 VIEWPOINT Street ARARAT 3377
53300233493,61 VIEWPOINT Street ARARAT 3377
53314157630,61 GAITS Drive TARNEIT 3029
53314158035,84 BURRAWANG Loop MICKLEHAM 3064
53314158175,44 INLET Drive MOUNT DUNEED 3217
53314158456,27 KUTJERA Street MANOR LAKES 3024
53314158588,23 SPRINT Road FRASER RISE 3336
53314158713,8 ADDLESTONE Mews DEANSIDE 3336
53314158852,28 ELLISBURG Street MANOR LAKES 3024
53314158992,59 MESSARA Walk TRUGANINA 3029
53314159124,27 SUNDEWS Crescent ARMSTRONG CREEK 3217
53314159396,6 PIGMENT Drive MAMBOURIN 3024
53314159537,9 SUNPEAKS Street WINTER VALLEY 3358
53314159677,4 FIGTREE Road DEANSIDE 3336
53314159802,10 MCLAREN Street WARRNAMBOOL 3280
53314159941,28 SOCIETY Circuit AINTREE 3336
53314160074,25 SUNNYBANK Road FRASER RISE 3336
53314160216,77 AUSTIN Street WINCHELSEA 3241
53314160347,8 PYRUS Crescent MICKLEHAM 3064
53314160487,8 CRYMELON Street EYNESBURY 3338
53314160612,19 BINDAREE Drive MELTON SOUTH 3338
53314161017,25 KEYSTONE Drive SUNBURY 3429
53314161412,41 POWDERBARK Crescent MICKLEHAM 3064
53314161569,21 MYLAH Road WINTER VALLEY 3358
53314161691,26 HUNTINGTON Avenue BONNIE BROOK 3335
53314161824,14 TRIESTE Crescent DEANSIDE 3336
53314161957,18 BEAUTIDE Road TARNEIT 3029
53314162104,1 WATERCOURSE Avenue LARA 3212
53314162234,48 OPULENT Boulevard TARNEIT 3029
53314162367,6 PAGE Street TRUGANINA 3029
53314162509,24 ZALE Street LEOPOLD 3224
53314162937,11 BRIDOON Road TARNEIT 3029
53314163076,49 HUNTINGTON Avenue BONNIE BROOK 3335
53314163224,5 SCANLON Street LUCAS 3350
53314163357,5 PYRITES Street TARNEIT 3029
53314163638,29 CUBITT Crescent TARNEIT 3029
53314163778,80 MORNINGSIDE Drive THORNHILL PARK 3335
53314164041,42 TIMETABLE Street MAMBOURIN 3024
53314164315,29 SABRO Street SUNBURY 3429
53314164446,16 IPSWICH Avenue WERRIBEE 3030
53314164578,7 JACKEROO Street MANOR LAKES 3024
53314164711,23 CINNAMON Circuit FRASER RISE 3336
53314164850,10 PALASH Way THORNHILL PARK 3335
53314164982,14 VANDELAY Avenue CHARLEMONT 3217
53314165122,68 GATEAU Drive WERRIBEE 3030
53314181195,6 RIBOLLA Way SUNBURY 3429
53314181343,78 RAILWAY Street ALTONA 3018
53314181475,6 GOKUL Way LEOPOLD 3224
53314181624,16 DUNPHY Street TARNEIT 3029
53314181757,10 PARSONAGE Crescent TRUGANINA 3029
53314182027,57 BISHOPGATE Boulevard BONNIE BROOK 3335
53314182168,11 KULMANI Street JACKASS FLAT 3556
53314182317,6 KOORA Drive SUNBURY 3429
53314182448,21 RIVETING Road WYNDHAM VALE 3024
53314182588,5 ALVERTON Drive POINT COOK 3030
53314182713,312 MARATHON Boulevard CRAIGIEBURN 3064
53314183132,107 DRYLAND Boulevard MICKLEHAM 3064
53314183264,34 BUTTERCUP Crescent ARMSTRONG CREEK 3217
53314183414,21 GOLDRUSH Parade FRASER RISE 3336
53314183685,5 TAYNISH Street TARNEIT 3029
53314183810,115 BURSA Drive WYNDHAM VALE 3024
53314184080,241 FRONTIER Avenue AINTREE 3336
53314184345,48 POTALA Avenue BONNIE BROOK 3335
53314184626,16 XENIA Street MANOR LAKES 3024
53314184759,26 RETREAT Crescent SUNBURY 3429
53314184899,28 REUNION Parade TARNEIT 3029
53314185039,77 SNOWBIRD Road WINTER VALLEY 3358
53314185162,27 HUTCHINSON Drive LUCAS 3350
53314185293,29 MARADONA Boulevard DEANSIDE 3336
53314185582,56 GARDENVALE Avenue MAMBOURIN 3024
53314185970,209 BONNIEBROOK Road BONNIE BROOK 3335
53314186112,30 GRANITE Crescent FRASER RISE 3336
53314186242,3 GRASSTREE Drive OCEAN GROVE 3226
53314186374,39 LUCANIA Crescent TARNEIT 3029
53314186509,18 SCOPARIA Street CHARLEMONT 3217
53314186648,17 SCANLON Street LUCAS 3350
53314186905,41 PARKLEA Way THORNHILL PARK 3335
53314212351,30 GALIUM Road TARNEIT 3029
53314212624,20 PROSECCO Vista FRASER RISE 3336
53314212889,6 SCOPARIA Street CHARLEMONT 3217
53314213418,72 PEAR Street WYNDHAM VALE 3024
53314213557,28 MANGIONI Drive DEANSIDE 3336
53314213697,5 FOSSICKER Street FRASER RISE 3336
53314213953,16 HOIST Drive TARNEIT 3029
53314214357,12 MARSDENIA Street MANOR LAKES 3024
53314214620,5 DUNKEN Street CHARLEMONT 3217
53314214753,26 YUCCA Street WYNDHAM VALE 3024
53314214893,11 GIBSON Street LUCAS 3350
53314215025,19 TIMETABLE Street MAMBOURIN 3024
53314215166,17 KNOTTY Road BONNIE BROOK 3335
53314215553,5 TUSCALEE Terrace THORNHILL PARK 3335
53314215834,59 COLLETTE Circuit DEANSIDE 3336
53314215967,69 GRANT Street SEBASTOPOL 3356
53314165254,175 BURVILLES Road ARMSTRONG CREEK 3217
53300241720,101 BANFIELD Street ARARAT 3377
53300243393,39 HIGH Street ARARAT 3377
53314187174,11 LANHAM Street LUCAS 3350
53314187308,9 DRUMCHAPEL Crescent STRATHTULLOH 3338
53314187562,40 RANCE Road DELACOMBE 3356
53314187835,6 BROILER Street ROCKBANK 3335
53314188247,37 ROEHAMPTON Crescent WERRIBEE 3030
53314188379,13 BAYEST Walk FRASER RISE 3336
53314188504,22 PYRUS Crescent MICKLEHAM 3064
53314188775,27 DUGITE Street WYNDHAM VALE 3024
53314189304,7 VARIA Street TARNEIT 3029
53314189435,17 SOCIETY Circuit AINTREE 3336
53314189568,15 IRVINE Street WARRNAMBOOL 3280
53314189690,43 ABINGDON Boulevard LARA 3212
53314190510,1 SATORI Street MAMBOURIN 3024
53314190659,22 CHALLENGER Street PORTARLINGTON 3223
53314190781,17 LANYON Crescent TARNEIT 3029
53314190922,24 ELVES Walk TARNEIT 3029
53314191054,60 DAGLISH Way WERRIBEE 3030
53314191186,12 LUIS Street BALLAN 3342
53314191310,18 COFFEY Street HUNTLY 3551
53314191581,27 GARNER Grove ROCKBANK 3335
53314191716,4 ELBERTA Road TARNEIT 3029
53314191995,45 HOMESTEAD Drive LARA 3212
53314192125,30 TIMETABLE Street MAMBOURIN 3024
53314192257,15 TOWAMBA Way TARNEIT 3029
53314192520,40 NEWFOUNDLAND Circuit BONNIE BROOK 3335
53314193058,1 BEGA Street ARMSTRONG CREEK 3217
53314193180,35 WARIN Lane BACCHUS MARSH 3340
53314193314,12 MILKMAIDS Avenue DEANSIDE 3336
53314193445,6 GOWAR Walk EYNESBURY 3338
53314193585,785 EYNESBURY Road EYNESBURY 3338
53314193726,12 LIBERTY Drive LARA 3212
53314194121,88 HURST Drive TARNEIT 3029
53314194393,28 MALLARD Parade WINTER VALLEY 3358
53314216511,10 DELHI Way WERRIBEE 3030
53314216650,43 POTALA Avenue BONNIE BROOK 3335
53314216790,75 PRUDENCE Parade POINT COOK 3030
53314217342,26 FRANCA Avenue FRASER RISE 3336
53314217482,75 COLLETTE Circuit DEANSIDE 3336
53314218282,5 CANNUM Road EYNESBURY 3338
53314218423,14 JACOBENA Road MELTON SOUTH 3338
53314218688,133 GRANDVISTA Boulevard WERRIBEE 3030
53314218813,41 POTALA Avenue BONNIE BROOK 3335
53314219217,12 GOLDSWORTHY Street HUNTLY 3551
53314219752,44 LANYON Crescent TARNEIT 3029
53314221098,6 MARLBOROUGH Street AINTREE 3336
53314221220,62 BANKS Drive DIGGERS REST 3427
53314221353,24 AYLWARD Street LUCAS 3350
53314221767,7 ARD Avenue DEANSIDE 3336
53314222185,17 TOOMBON Street WERRIBEE 3030
53314222854,54 KARDINIA Street BONSHAW 3352
53314194534,11 DOCK Walk ARMSTRONG CREEK 3217
53314194682,795 EYNESBURY Road EYNESBURY 3338
53314194817,7 BANJO Boulevard FRASER RISE 3336
53314195474,29 AQUAMARINE Drive MICKLEHAM 3064
53314195771,10 WHITBY Circuit FRASER RISE 3336
53314195906,51 VILANA Drive SUNBURY 3429
53314196044,15 BALLISTER Street WYNDHAM VALE 3024
53314196176,26 BETTERIDGE Street LUCAS 3350
53314196318,36 PANIA Street BROWN HILL 3350
53314196571,33 RHEA Drive LEOPOLD 3224
53314196706,21 WALLAGA Road TRUGANINA 3029
53300250440,26 PEARL Street HORSHAM 3400
53300250937,80 BREWSTER Road ARARAT 3377
53314224495,25 ROLFE Street WARRNAMBOOL 3280
53314224628,4 PROSECCO Vista FRASER RISE 3336
53314227176,27 CLIMBING Drive WYNDHAM VALE 3024
53300259358,12 QUEEN Street ARARAT 3377
53300301574,65 CAMPBELL Street COLAC 3250
53300302323,21 HART Street COLAC 3250
53300302570,7 GREAT OCEAN Road ALLANSFORD 3277
53300309964,52 LAVA Street WARRNAMBOOL 3280
53300251456,19 WOOD Street STAWELL 3380
53300251497,15 WOOD Street STAWELL 3380
53300252452,2 VIEWPOINT Street ARARAT 3377
53300259912,22 BLAKE Street ARARAT 3377
53300260127,77 VIEWPOINT Street ARARAT 3377
53300260904,16 WOOD Street STAWELL 3380
53300261002,21 WOOD Street STAWELL 3380
53300311979,95 KEPLER Street WARRNAMBOOL 3280
53300324938,34 BURVILLES Road PORTLAND 3305
53300363233,54 PERTOBE Road WARRNAMBOOL 3280
53300370271,6 CRAMER Street WARRNAMBOOL 3280
53300370315,6 CRAMER Street WARRNAMBOOL 3280
53300371214,2 PANORAMA Avenue WARRNAMBOOL 3280
53300319907,23 HART Street COLAC 3250
53300320046,37 JUKES Street WARRNAMBOOL 3280
53300325706,114 BROWNING Street PORTLAND 3305
53300364827,10 HOPKINS Road WARRNAMBOOL 3280
53300365058,15 MURRAY Street WARRNAMBOOL 3280
53300365346,73 OSWALD Street PORTLAND 3305
53314133401,9 TYQUIN Drive SUNBURY 3429
53314133665,15 DRUM Street MAMBOURIN 3024
53314133979,72 BURRAWANG Loop MICKLEHAM 3064
53314134103,54 ALTURA Drive TRUGANINA 3029
53314134233,20 CABANDA Road TARNEIT 3029
53314134381,7 PERSANO Way TAYLORS LAKES 3038
53314134516,131 ALBERT Drive MELTON SOUTH 3338
53314134647,19 FORZA Place SEBASTOPOL 3356
53314134928,5 MALHAM Street LARA 3212
53300373168,34 BALMORAL Street PORTLAND 3305
53300373323,161 BORONIA Drive PORTLAND 3305
53300320350,4 WALLS Road WARRNAMBOOL 3280
53300379346,123 BARKLY Street PORTLAND 3305
53300328559,150 HURD Street PORTLAND 3305
53300328780,99999 KEPLER Street WARRNAMBOOL 3280
53314135316,23 CONSTANCE Way NEW GISBORNE 3438
53314135455,5 CASELIN Street TARNEIT 3029
53314135991,6 SPRINTER Drive THORNHILL PARK 3335
53314136255,36 PROPHECY Road BONSHAW 3352
53314136387,5 ELLISBURG Street MANOR LAKES 3024
53314136536,48 KEYSTONE Drive SUNBURY 3429
53314136669,28 MADEIRA Drive TRUGANINA 3029
53314136791,14 BALLANRONG Road BONNIE BROOK 3335
53314137063,15 MALHAM Street LARA 3212
53314137195,41 DUNPHY Street TARNEIT 3029
53314137335,7 KUTCH Way DEANSIDE 3336
53314137600,4 HOWELL Crescent TRUGANINA 3029
53314137864,28 MONTENEGRO Crescent MOUNT DUNEED 3217
53314137996,10 PINATUBO Street TRUGANINA 3029
53314138136,5 LUCKNOW Street MAMBOURIN 3024
53314138390,33 CHALCOT Circuit FRASER RISE 3336
53314138523,12 SKIPTON Street LARA 3212
53314139365,13 MURPHY Street WARRNAMBOOL 3280
53314139497,21 VANDELAY Avenue CHARLEMONT 3217
53314139620,7 BURNAGE Place STRATHTULLOH 3338
53314139761,34 DUNPHY Street TARNEIT 3029
53314139893,28 BUICK Road SMYTHES CREEK 3351
53314140027,53 APPALOOSA Avenue TAYLORS LAKES 3038
53314140448,15 LIBERTY Drive LARA 3212
53314140570,12 WILDACRE Way ROCKBANK 3335
53314140705,9 ESMERALDA Avenue TARNEIT 3029
53314140844,4 LANGFORD Street WERRIBEE 3030
53314141100,42 WHELAN Street ARMSTRONG CREEK 3217
53314141230,3 SAVONA Way MANOR LAKES 3024
53314141370,7 KRANZ Road TARNEIT 3029
53314141644,8 DANA Drive TRUGANINA 3029
53314141933,42 FOLIAGE Drive TARNEIT 3029
53314142351,7 SLADE Street SUNBURY 3429
53314142501,10 EXMOOR Street BONNIE BROOK 3335
53314142632,5 GAETANO Way TRUGANINA 3029
53314165527,10 CRANBERRY Crescent THORNHILL PARK 3335
53314165650,3 KUMARA Drive MANOR LAKES 3024
53314166070,7 ASHOKA Drive THORNHILL PARK 3335
53314166204,11 CINNAMON Circuit FRASER RISE 3336
53314166335,37 MALKARI Circuit GREENVALE 3059
53314166475,14 VERBECK Road TRUGANINA 3029
53314166600,14 WARRACKNABEAL Road EYNESBURY 3338
53314166731,3 WINX Street AINTREE 3336
53314166864,180 MOUNT MARY Road EYNESBURY 3338
53314167004,59 FRENCH Road GREENVALE 3059
53314167151,8 TYWIN Street CHARLEMONT 3217
53314167282,24 GRANITE Crescent FRASER RISE 3336
53314167417,73 HANOVER Circuit MELTON SOUTH 3338
53314167571,13 CAMPBELL Street WARRNAMBOOL 3280
53314167706,22 VALENCIA Street WEIR VIEWS 3338
53314167837,40 BONNYVIEW Road CRAIGIEBURN 3064
53314167960,1 MACHAKOS Place MOUNT DUNEED 3217
53314168101,44 DEVESHA Drive ARMSTRONG CREEK 3217
53314168249,20 IVAN Way FRASER RISE 3336
53314168371,4 LATIGO Street FRASER RISE 3336
53314168506,66 WINFRED Drive MAMBOURIN 3024
53314168645,22 LIPARI Crescent DEANSIDE 3336
53314168785,71 GAITS Drive TARNEIT 3029
53314168910,20 TRIESTE Crescent DEANSIDE 3336
53314169198,22 TRIESTE Crescent DEANSIDE 3336
53314169320,7 XAVIER Road MADDINGLEY 3340
53314169453,16 RIBOLLA Way SUNBURY 3429
53314169585,22 KELSON Street WARRNAMBOOL 3280
53314169874,35 MANNING Street ALTONA 3018
53314170000,16 BARDSLEY Crescent SUNBURY 3429
53314170131,81 HANOVER Circuit MELTON SOUTH 3338
53314170270,73 EVERBLOOM Crescent TARNEIT 3029
53314170544,40 FASCINATION Circuit AINTREE 3336
53314170676,77 MARADONA Boulevard DEANSIDE 3336
53314170819,5 AQUAMARINE Drive MICKLEHAM 3064
53314170940,10 MOSMAN Circuit TARNEIT 3029
53314171205,9 SUNRISE Street ARMSTRONG CREEK 3217
53314171484,24 BUTCHERBIRD Parade WINTER VALLEY 3358
53314171619,4 BRUSHTAIL Street MAMBOURIN 3024
53314171880,16 IMITATION Road TARNEIT 3029
53314172012,12 TAWNY Street FRASER RISE 3336
53314172143,13 ARCHER Drive LARA 3212
53314172274,35 VOYAGE Street MOUNT DUNEED 3217
53314142765,28 TRIESTE Crescent DEANSIDE 3336
53314142915,5 GARRETT Street HUNTLY 3551
53314143053,15 IMITATION Road TARNEIT 3029
53314143185,3 FURLONG Way AINTREE 3336
53314143319,53 PLATERO Boulevard JACKASS FLAT 3556
53314143598,14 HACKAMORE Street TARNEIT 3029
53314143854,79 SHOWMAN Drive DIGGERS REST 3427
53314143986,28 SPREADING Road MICKLEHAM 3064
53314144126,29 AMIATA Drive TRUGANINA 3029
53314144380,16 GRANITE Crescent FRASER RISE 3336
53314144515,9 BUTTERFLY Crescent MICKLEHAM 3064
53314144794,16 MECHANICAL Road SUNBURY 3429
53314144927,12 ARCHDUKE Drive DEANSIDE 3336
53314145059,28 COLLETTE Circuit DEANSIDE 3336
53314145199,3 KINANE Street MELTON SOUTH 3338
53314145462,16 FASCINATION Circuit AINTREE 3336
53314145751,68 FRANK Avenue TRUGANINA 3029
53314145883,206 COASTAL Boulevard OCEAN GROVE 3226
53314146017,125 BRENDAN Road GREENVALE 3059
53314146148,91 NASCENT Drive TARNEIT 3029
53314146295,22 SPRINTER Way WINTER VALLEY 3358
53314146551,32 DUNEVIEW Drive OCEAN GROVE 3226
53314146719,7 FETE Way TARNEIT 3029
53314146866,17 SUNPEAKS Street WINTER VALLEY 3358
53314147129,4 BUNGALALLY Walk EYNESBURY 3338
53314147284,10 PUMP Street TARNEIT 3029
53314147433,42 LIALI Avenue TRUGANINA 3029
53314147566,64 TEMPLETONIA Circuit MICKLEHAM 3064
53314147698,44 GEC Boulevard FRASER RISE 3336
53314147847,17 CRICKET Circuit TARNEIT 3029
53314148111,20 PINATUBO Street TRUGANINA 3029
53314148241,16 NURTURE Street MAMBOURIN 3024
53314148381,42 CUBITT Crescent TARNEIT 3029
53314148522,89 AMBROSIA Drive ARMSTRONG CREEK 3217
53314148655,154 SHELTERBELT Avenue WEIR VIEWS 3338
53314148795,22 CAMPBELL Road HUNTLY 3551
53314148936,10 SESAME Street FRASER RISE 3336
53314149075,43 ST MARTINS Place MOUNT CLEAR 3350
53314149217,41 SCULLIN Road CHARLEMONT 3217
53314149348,196 HORSESHOE BEND Road CHARLEMONT 3217
53314172417,9 BASQUE Drive THORNHILL PARK 3335
53314172952,1 RYSA Road GREENVALE 3059
53314173083,13 HUXLEY Street WYNDHAM VALE 3024
53314173348,21 WILLIAMS Road MOUNT DUNEED 3217
53314173752,3 MIDLAND Highway CAMPBELLS CREEK 3451
53314173884,196 MOUNT MARY Road EYNESBURY 3338
53314174024,26 LIVESTOCK Street TARNEIT 3029
53314174296,32 BAYBERRY Street ARMSTRONG CREEK 3217
53314174429,18 FALSTAFF Street FRASER RISE 3336
53314174560,18 PEWTER Street MAMBOURIN 3024
53314174692,22 HAIRPIN Drive TARNEIT 3029
53314174825,44 BIRCHWOOD Crescent BONNIE BROOK 3335
53314174958,8 ELBRIDGE Road MANOR LAKES 3024
53314175097,16 KELSEY Road WYNDHAM VALE 3024
53314175484,63 MESSARA Walk TRUGANINA 3029
53314175625,21 BLAUER Road SUNBURY 3429
53314175766,22 WALLAGA Road TRUGANINA 3029
53314176020,17 MOLETTE Road SUNBURY 3429
53314176302,37 ROSEDALE Circuit LARA 3212
53314176708,23 CHARLOTTE Street OAK PARK 3046
53314176962,3 MANGIONI Drive DEANSIDE 3336
53314177092,216 MOUNT MARY Road EYNESBURY 3338
53314177232,31 MICHELSON Drive MADDINGLEY 3340
53314177365,20 WALLAGA Road TRUGANINA 3029
53314177794,31 AQUAMARINE Drive MICKLEHAM 3064
53314177927,51 JAGGED Circuit TARNEIT 3029
53314178067,23 ELBERT Street CHARLEMONT 3217
53314178230,11 JERMYN Street FRASER RISE 3336
53314178370,21 PATRIOT Crescent SMYTHES CREEK 3351
53314178505,101 CRAYCROFT Road TRUGANINA 3029
53314178636,24 MERIDIE Way DARLEY 3340
53314178776,6 TIMETABLE Street MAMBOURIN 3024
53314179049,40 YUCAMANE Drive TRUGANINA 3029
53314179171,38 RAINBOW Drive DEANSIDE 3336
53314179305,32 STACEY Parade MOUNT COTTRELL 3024
53314179444,44 KEEWONG Road TARNEIT 3029
53314179701,27 AMALFI Parade DEANSIDE 3336
53314196993,26 OSKI Street WYNDHAM VALE 3024
53314197124,27 LANNING Way DEANSIDE 3336
53314197256,48 GOLD STAR Road FRASER RISE 3336
53314197396,245 OHALLORANS Road LARA 3212
53314197529,133 HOLYOAKE Parade MANOR LAKES 3024
53314197652,40 CRICKET Circuit TARNEIT 3029
53314197784,66 STEAMBOAT Avenue WINTER VALLEY 3358
53314197933,7 ARKBAR Avenue DEANSIDE 3336
53314198065,16 STRINGYBARK Drive LARA 3212
53314198197,35 FUJI Drive TRUGANINA 3029
53314198337,15 KOORA Drive SUNBURY 3429
53314198485,9 MALONEY Road GISBORNE 3437
53314198610,11 GINGELL Way LUCAS 3350
53314198759,73 COLLETTE Circuit DEANSIDE 3336
53314198881,27 AQUAMARINE Drive MICKLEHAM 3064
53314199021,10 TWAIN Road MAMBOURIN 3024
53314199285,21 BAYEST Walk FRASER RISE 3336
53314199559,16 GILLIES Street MELTON SOUTH 3338
53314199681,7 BUCCO Drive TARNEIT 3029
53314199816,13 CLIMBING Drive WYNDHAM VALE 3024
53314200085,61 PYRUS Crescent MICKLEHAM 3064
53314200219,3 RUMBEE Crescent TARNEIT 3029
53314200340,2 ACHELOUS Place ARMSTRONG CREEK 3217
53314200621,2 RIVERLEA Drive JACKASS FLAT 3556
53314200886,113 CRAYCROFT Road TRUGANINA 3029
53314201026,562 BOUNDARY Road ARMSTRONG CREEK 3217
53314201167,19 GOOROC Walk EYNESBURY 3338
53314201298,5 SODERSTROM Street LUCAS 3350
53300389767,91 KENNEDY Street HAMILTON 3300
53300389998,2 WOOD Street PORTLAND 3305
53314228645,64 SHACKLETON Street BELMONT 3216
53314228902,20 FIELDIA Road TARNEIT 3029
53314229320,16 SLOOP Street TARNEIT 3029
53300238163,85 BREWSTER Road ARARAT 3377
53300238205,91 BREWSTER Road ARARAT 3377
53300238542,12 ANDREW Street HORSHAM 3400
53300239391,22 BOWDEN Street HORSHAM 3400
53301051427,63 CONNOLLY Avenue COBURG NORTH 3058
53300272491,16A HIGH Street ARARAT 3377
53301035180,65 ALEC Crescent FAWKNER 3060
53301052358,106-110 LORNE Street FAWKNER 3060
53301052508,1691 HUME Highway CAMPBELLFIELD 3061
53301052886,92 MATHIESON Street FAWKNER 3060
53300274232,28 QUEEN Street ARARAT 3377
53300274903,8 YOUNG Street HORSHAM 3400
53301037814,1968 HUME Highway CAMPBELLFIELD 3061
53301037953,63 NICHOLSON Street COBURG 3058
53300415615,5 LINDSAY Street DENNINGTON 3280
53300330053,65 MT NAPIER Road HAMILTON 3300
53300330144,59 MT NAPIER Road HAMILTON 3300
53300330185,7 TYERS Street HAMILTON 3300
53300330382,71 MT NAPIER Road HAMILTON 3300
53300417108,72 MT NAPIER Road HAMILTON 3300
53300332262,82 WALLACE Street COLAC 3250
53300390602,83 MT NAPIER Road HAMILTON 3300
53300409764,91 KEPLER Street WARRNAMBOOL 3280
53300409962,4 HELPMANN Court WARRNAMBOOL 3280
53300418088,9 HELPMANN Court WARRNAMBOOL 3280
53300463811,99999 HAIG Street HAMILTON 3300
53300465188,22A STEPHENS Street WARRNAMBOOL 3280
53300471303,79 DRUMMOND Street DENNINGTON 3280
53300471632,10480 PRINCES Highway WARRNAMBOOL 3280
53300480583,85 COMMERCIAL Road KOROIT 3282
53300484700,75 WILSON Street COLAC 3250
53300485105,13 ABBOT Street HAMILTON 3300
53300485500,99999 BROWN Street HAMILTON 3300
53300485914,56 ALEXANDRA Parade HAMILTON 3300
53300008510,99999 RIDING BOUNDARY Road DEER PARK 3023
53300008625,99999 POWELL Street WHITE HILLS 3550
53300008732,41 STREZLECKI Avenue SUNSHINE WEST 3020
53300020077,99999 STRICKLAND Road EAST BENDIGO 3550
53300020143,99999 VICTOR Street NORTH GEELONG 3215
53300020241,7 YORK Street AIRPORT WEST 3042
53300466815,51 CRAMER Street WARRNAMBOOL 3280
53300864082,22 HEWITT Street ARARAT 3377
53300864271,38 HIGH Street ARARAT 3377
53300472927,147 ROONEYS Road WARRNAMBOOL 3280
53300473842,75 DONOVANS Road WARRNAMBOOL 3280
53300474189,26 SHENFIELD Street COBDEN 3266
53300474254,31 ROSS Street WARRNAMBOOL 3280
53300966418,2 ELIZABETH Street HORSHAM 3400
53300020498,99999 TYERS Street HAMILTON 3300
53300020639,99999 TAYLOR Street GOLDEN SQUARE 3555
53300020696,27 TOTTENHAM Parade WEST FOOTSCRAY 3012
53300030003,99999 TREWIN Street WENDOUREE 3355
53300200315,86 BREWSTER Road ARARAT 3377
53300867670,12 WALNUT Avenue HORSHAM 3400
53300868876,99999 HORSHAM Plaza HORSHAM 3400
53300878495,22 HEWITT Street ARARAT 3377
53300880675,5 BEGG Street HORSHAM 3400
53300894476,22 WILLIAMS Road HORSHAM 3400
53300899138,2 GROSS Court HORSHAM 3400
53300956251,2 GREVILLIA Court HORSHAM 3400
53300956284,5 GREVILLIA Court HORSHAM 3400
53300956310,8 GREVILLIA Court HORSHAM 3400
53300957713,112 BREWSTER Road ARARAT 3377
53300202045,83 BREWSTER Road ARARAT 3377
53300202945,20 WOOD Street STAWELL 3380
53300969163,99999 WESTERN Highway HORSHAM 3400
53300269266,7 GEORGE Road ARARAT 3377
53301039118,142 GAFFNEY Street COBURG 3058
53301039230,1788 HUME Highway CAMPBELLFIELD 3061
53301039388,1962-1964 HUME Highway CAMPBELLFIELD 3061
53301039941,99999 SELWYN Avenue CRAIGIEBURN 3064
53300271181,23 WOOD Street STAWELL 3380
53300333392,11 CHAMBERLAIN Court HAMILTON 3300
53300419250,1 HELPMANN Court WARRNAMBOOL 3280
53300411052,96-108 THOMPSON Street HAMILTON 3300
53300411300,70 MT BAIMBRIDGE Road HAMILTON 3300
53300335695,139 MT NAPIER Road HAMILTON 3300
53301107063,7 MONTECARLO Court GREENVALE 3059
53300413492,23 GAY Street WARRNAMBOOL 3280
53300395864,43 MT NAPIER Road HAMILTON 3300
53300467507,457 RAGLAN Parade WARRNAMBOOL 3280
53300468959,105 MT NAPIER Road HAMILTON 3300
53300475525,8 CHAMBERLAIN Court HAMILTON 3300
53300475808,132 MT NAPIER Road HAMILTON 3300
53300476250,26 FLINDERS Street PORTLAND 3305
53300482470,2 MOFFAT Court PORTLAND 3305
53300397736,45 MT NAPIER Road HAMILTON 3300
53300203051,83 HIGH Street ARARAT 3377
53300469931,38 IRVINGS Lane KOROIT 3282
53300470584,24 BAYVIEW Terrace WARRNAMBOOL 3280
53300478066,5 MOFFAT Court PORTLAND 3305
53300484403,2 SOPHIA Street ALLANSFORD 3277
53300204248,19 WIMMERA Street STAWELL 3380
53300204561,45 HIGH Street ARARAT 3377
53300943903,11 RIVER Road HORSHAM 3400
53300960790,3 HUCKER Street ARARAT 3377
53300962168,63 VIEWPOINT Street ARARAT 3377
53300206699,24 VIEWPOINT Street ARARAT 3377
53300955237,209 NAVARRE Road STAWELL 3380
53300962812,40 VIEWPOINT Street ARARAT 3377
53300445255,1 ARTHUR Street PORTLAND 3305
53300445320,19 CHAMBERLAIN Court HAMILTON 3300
53300445651,115 ROONEYS Road WARRNAMBOOL 3280
53300445775,133 ROONEYS Road WARRNAMBOOL 3280
53300446583,8 HELPMANN Court WARRNAMBOOL 3280
53300446625,3 DIGBY Road HAMILTON 3300
53300452846,5 CHAMBERLAIN Court HAMILTON 3300
53300453695,115 PERCY Street PORTLAND 3305
53300453935,99999 SHAKESPEARE Street HAMILTON 3300
53300454553,99999 SHAKESPEARE Street HAMILTON 3300
53300501102,153 SKENE Street WARRNAMBOOL 3280
53300501471,6 CRAMER Street WARRNAMBOOL 3280
53300507849,4 SHEVILLE Court PORTLAND 3305
53300507872,8 SHEVILLE Court PORTLAND 3305
53300516413,43 KEPLER Street WARRNAMBOOL 3280
53300516504,1145 RAGLAN Parade WARRNAMBOOL 3280
53300516593,85 MERRI Street WARRNAMBOOL 3280
53300516627,275 LAVA Street WARRNAMBOOL 3280
53300516783,175 MURRAY Street COLAC 3250
53300516825,10600 PRINCES Highway WARRNAMBOOL 3280
53300516874,346 MURRAY Street COLAC 3250
53300502122,70 MT BAIMBRIDGE Road HAMILTON 3300
53300502675,12 COOPER Court COLAC 3250
53300502701,9 COOPER Court COLAC 3250
53300509516,37 ARDLIE Street WARRNAMBOOL 3280
53300509597,99999 NEYLON Street COBDEN 3266
53300509805,49 PALMER Street PORTLAND 3305
53300509861,99999 KENT Road HAMILTON 3300
53300510912,99999 PERTOBE Road WARRNAMBOOL 3280
53300517624,46240 FRANK Street ALLANSFORD 3277
53300517907,80 MORRISS Road WARRNAMBOOL 3280
53300518013,2 SIMPSON Street WARRNAMBOOL 3280
53300518104,99999 PERCY Street PORTLAND 3305
53300518242,99999 PERTOBE Road WARRNAMBOOL 3280
53300518466,8 SPENCE Street WARRNAMBOOL 3280
53300518499,180 TIMOR Street WARRNAMBOOL 3280
53300519183,4 HODGE Court PORTLAND 3305
53300982711,4 GARRARD Street HORSHAM 3400
53301010152,1657-1659 HUME Highway CAMPBELLFIELD 3061
53301011349,71 CONNOLLY Avenue COBURG NORTH 3058
53300422930,99999 GORAE WEST Road PORTLAND 3305
53300431132,48 EDDINGTON Street WARRNAMBOOL 3280
53301078164,1657-1659 HUME Highway CAMPBELLFIELD 3061
53300425330,66 BALLARAT Road HAMILTON 3300
53300431967,224 MORTLAKE Road WARRNAMBOOL 3280
53300425371,66 BALLARAT Road HAMILTON 3300
53300425439,52 MT NAPIER Road HAMILTON 3300
53300426123,1 OTWAY Road WARRNAMBOOL 3280
53300434051,10 HOPKINS Road WARRNAMBOOL 3280
53300495630,115 MT NAPIER Road HAMILTON 3300
53300495814,70 MT BAIMBRIDGE Road HAMILTON 3300
53300495846,70 MT BAIMBRIDGE Road HAMILTON 3300
53300439934,18 GREENVALE Court WARRNAMBOOL 3280
53300447846,10440 PRINCES Highway WARRNAMBOOL 3280
53300488980,16 MOORE Street WARRNAMBOOL 3280
53300490187,101 ARDLIE Street WARRNAMBOOL 3280
53300497859,1 OLD PT CAMPBELL Road COBDEN 3266
53300441593,62 MT NAPIER Road HAMILTON 3300
53300441973,250-252 EDGAR Street PORTLAND 3305
53300442599,9 WRIGHTS Road WARRNAMBOOL 3280
53300448828,51 HYLAND Street WARRNAMBOOL 3280
53300490582,1 CHAMBERLAIN Court HAMILTON 3300
53300490856,16 HAMMOND Street HAMILTON 3300
53300490921,1 VICTORIA Street HAMILTON 3300
53300491250,23 CHAMBERLAIN Court HAMILTON 3300
53300504549,53 CROTHERS Road WARRNAMBOOL 3280
53300504905,99999 MCINTYRE Street HAMILTON 3300
53300511562,29 WANSTEAD Street WARRNAMBOOL 3280
53300511760,70 MT BAIMBRIDGE Road HAMILTON 3300
53300976754,82 WILSON Street HORSHAM 3400
53300984749,30 ARTHUR Drive HORSHAM 3400
53300984830,43 ARTHUR Drive HORSHAM 3400
53300984871,24 ARTHUR Drive HORSHAM 3400
53300985094,41 ARTHUR Drive HORSHAM 3400
53300985128,17 FERGUSON Close HORSHAM 3400
53300985234,24 SUTHERLAND Street STAWELL 3380
53300985382,7 FERGUSON Close HORSHAM 3400
53300985418,15 FERGUSON Close HORSHAM 3400
53300985565,7 EVANS PARK Drive ARARAT 3377
53300985608,16 EVANS PARK Drive ARARAT 3377
53300985648,47 ARTHUR Drive HORSHAM 3400
53300985671,19 FERGUSON Close HORSHAM 3400
53300985806,22 DUMESNY Street HORSHAM 3400
53300985862,19 DOMAIN Circuit ARARAT 3377
53300985905,8 DOMAIN Circuit ARARAT 3377
53300986035,5 FERGUSON Close HORSHAM 3400
53300506363,99999 COULSTOCK Street WARRNAMBOOL 3280
53300506883,1 COOPER Court COLAC 3250
53300506919,5 COOPER Court COLAC 3250
53300506990,12 JENEAN Court WARRNAMBOOL 3280
53300507492,1 STACEY Court WARRNAMBOOL 3280
53300513425,99999 KING Street HAMILTON 3300
53300513524,13 CHAMBERLAIN Court HAMILTON 3300
53300514052,70 MT BAIMBRIDGE Road HAMILTON 3300
53300514508,38 PRINCESS Street WARRNAMBOOL 3280
53300979096,2 TOOLEY Court HORSHAM 3400
53300986102,5 EVANS PARK Drive ARARAT 3377
53300986175,41 GOLF LINKS Road ARARAT 3377
53300986232,20 STEPHENS Street HORSHAM 3400
53300986309,9 FERGUSON Close HORSHAM 3400
53300986331,2 MULLER Street HORSHAM 3400
53300986398,53 MCNEILL Street ARARAT 3377
53300986430,4 FERGUSON Close HORSHAM 3400
53300986497,10 EVANS PARK Drive ARARAT 3377
53300986646,36 DUMESNY Street HORSHAM 3400
53300986745,24 DUMESNY Street HORSHAM 3400
53300986877,11 TREACEY Street HORSHAM 3400
53300987000,1 OMAROO Court ARARAT 3377
53300987109,1 LANGI VIEW Court ARARAT 3377
53300987157,18 STEPHENS Street HORSHAM 3400
53300987180,45 GOLF LINKS Road ARARAT 3377
53300987263,27 STEPHENS Street HORSHAM 3400
53301057606,108 LORNE Street FAWKNER 3060
53301058173,20 FLORENCE Street COBURG 3058
53301007767,60 SHEFFIELD Street COBURG 3058
53301016594,230 BELL Street COBURG 3058
53300434852,40 MILTON Street HAMILTON 3300
53301073494,73 CONNOLLY Avenue COBURG NORTH 3058
53300427921,6 CHAMBERLAIN Court HAMILTON 3300
53300428418,99999 ROBERTS Street HAMILTON 3300
53300428565,66 BALLARAT Road HAMILTON 3300
53300435090,48 EDDINGTON Street WARRNAMBOOL 3280
53300436206,28 ALLAN Street WARRNAMBOOL 3280
53301084442,24 IRENE Street COBURG NORTH 3058
53300443480,131 CAPE NELSON Road PORTLAND 3305
53300443795,32 FLINDERS Street PORTLAND 3305
53300444851,48 EDDINGTON Street WARRNAMBOOL 3280
53300451436,10 HOPKINS Road WARRNAMBOOL 3280
53300451477,99999 DICKENS Street HAMILTON 3300
53300493840,5 KITCHENER Street HAMILTON 3300
53301123150,24 WOODWORTH Court ROXBURGH PARK 3064
53300852722,28 CROTHERS Road WARRNAMBOOL 3280
53301172123,43 LOCH Street COBURG 3058
53301180953,1060 SYDNEY Road COBURG NORTH 3058
53301189894,22 BUDDS Street COBURG 3058
53300857325,21 VIEWPOINT Street ARARAT 3377
53300857374,21-25 VIEWPOINT Street ARARAT 3377
53300857707,82 BALLARAT Road HAMILTON 3300
53301026800,1685 HUME Highway CAMPBELLFIELD 3061
53301019530,9 SHEFFIELD Street COBURG 3058
53301019993,67 VICTORIA Street COBURG 3058
53301095300,2 MADEIRA Court ROXBURGH PARK 3064
53301095894,19 IRENE Street COBURG NORTH 3058
53301097719,1657-1659 HUME Highway CAMPBELLFIELD 3061
53301309624,80B BARKLY Terrace BENDIGO 3550
53301309658,90 BARKLY Terrace BENDIGO 3550
53301310179,186 BARNARD Street BENDIGO 3550
53301310410,239 BARNARD Street BENDIGO 3550
53300455584,81 MT NAPIER Road HAMILTON 3300
53301098392,7 HEATHWOOD Close CRAIGIEBURN 3064
53301357112,539 NAPIER Street BENDIGO 3550
53301357177,21 DOAK Street EAST BENDIGO 3550
53301357275,122 DON Street BENDIGO 3550
53301302397,27 ARMS Street LONG GULLY 3550
53301303018,183 ARNOLD Street BENDIGO 3550
53301303058,192 ARNOLD Street BENDIGO 3550
53301303165,214 ARNOLD Street NORTH BENDIGO 3550
53301303198,214 ARNOLD Street NORTH BENDIGO 3550
53301303973,253 ASPINALL Street GOLDEN SQUARE 3555
53300456749,9 TOWER Square WARRNAMBOOL 3280
53300456848,44 HARRIS Street WARRNAMBOOL 3280
53301358521,41 DOWDING Street CALIFORNIA GULLY 3556
53301359059,36 DROUGHT Street BENDIGO 3550
53301108806,1657-1659 HUME Highway CAMPBELLFIELD 3061
53300520330,10 BAYNES Street DENNINGTON 3280
53300520645,10 HOPKINS Road WARRNAMBOOL 3280
53300520686,10 HOPKINS Road WARRNAMBOOL 3280
53300521255,115 KOROIT Street WARRNAMBOOL 3280
53300521288,5 HIDER Street WARRNAMBOOL 3280
53300521314,9 MILLER Street COLAC 3250
53300521362,99999 KENT Road HAMILTON 3300
53300521405,112 MERRI Street WARRNAMBOOL 3280
53300521478,99999 COBDEN-TERANG Road COBDEN 3266
53300521528,80 MORRISS Road WARRNAMBOOL 3280
53300521611,99999 ALEXANDRA Parade HAMILTON 3300
53300521651,28 CANTERBURY Road WARRNAMBOOL 3280
53300521684,14 BENTINCK Street PORTLAND 3305
53300521726,99999 LORD Street COBDEN 3266
53300521750,123 HART Street ELLIMINYT 3250
53300521874,99999 PERTOBE Road WARRNAMBOOL 3280
53300844588,72 LONGFIELD Street STAWELL 3380
53300844844,3 WILLOWTREE Lane WARRNAMBOOL 3280
53301167437,401 MORELAND Road COBURG 3058
53301169211,1708 HUME Highway CAMPBELLFIELD 3061
53301175077,99 CONNOLLY Avenue COBURG NORTH 3058
53301175184,69 CONNOLLY Avenue COBURG NORTH 3058
53301170518,4 MONTECARLO Court GREENVALE 3059
53301250267,202 OHEA Street COBURG 3058
53301025132,6 LEEDS Place CAMPBELLFIELD 3061
53301235894,97 MAJOR Road FAWKNER 3060
53301241852,32 IRENE Street COBURG NORTH 3058
53301252732,17 JAMES Street FAWKNER 3060
53301025586,1689 HUME Highway CAMPBELLFIELD 3061
53301090566,27 IRENE Street COBURG NORTH 3058
53301236407,29 TONKIN Avenue COBURG NORTH 3058
53301244160,1657-1659 HUME Highway CAMPBELLFIELD 3061
53301244291,1730 HUME Highway CAMPBELLFIELD 3061
53301312826,84 BAXTER Street BENDIGO 3550
53301313171,99999 BAYNE Street BENDIGO 3550
53301297679,5 ALBION Street KENNINGTON 3550
53301298090,26 ALDER Street KANGAROO FLAT 3555
53301298158,32 ALDER Street KANGAROO FLAT 3555
53301298222,42 ALDER Street KANGAROO FLAT 3555
53301298256,44 ALDER Street KANGAROO FLAT 3555
53301298289,44 ALDER Street KANGAROO FLAT 3555
53301298321,48 ALDER Street KANGAROO FLAT 3555
53301304526,193 ASPINALL Street GOLDEN SQUARE 3555
53301305006,9 ATKINS Street NORTH BENDIGO 3550
53301313436,20 BAYNE Street BENDIGO 3550
53301313460,23 BAYNE Street BENDIGO 3550
53301313493,26 BAYNE Street BENDIGO 3550
53301313527,26 BAYNE Street BENDIGO 3550
53301313592,33 BAYNE Street BENDIGO 3550
53301313642,37 BAYNE Street BENDIGO 3550
53301313675,43 BAYNE Street BENDIGO 3550
53301313725,50 BAYNE Street BENDIGO 3550
53301313759,55 BAYNE Street BENDIGO 3550
53301313782,61 BAYNE Street BENDIGO 3550
53301313818,65 BAYNE Street BENDIGO 3550
53301313858,70 BAYNE Street BENDIGO 3550
53301313881,73 BAYNE Street BENDIGO 3550
53301313917,77 BAYNE Street BENDIGO 3550
53301313949,83 BAYNE Street BENDIGO 3550
53301313980,2 BEAUMONT Court FLORA HILL 3550
53301094680,15 PRINCESS Street COBURG NORTH 3058
53301298462,116 ALDER Street KANGAROO FLAT 3555
53301299394,177 ALLINGHAM Street KANGAROO FLAT 3555
53301299444,193 ALLINGHAM Street KANGAROO FLAT 3555
53301299477,199 ALLINGHAM Street KANGAROO FLAT 3555
53301360891,34 EAGLEHAWK Road LONG GULLY 3550
53300461393,171 HART Street ELLIMINYT 3250
53300461849,35 HIGH Street KOROIT 3282
53300462044,18 FLINDERS Court PORTLAND 3305
53300462381,51 BARKLY Street PORTLAND 3305
53300463133,88 RYOT Street WARRNAMBOOL 3280
53300848169,7 GOLDSMITH Street HAMILTON 3300
53300848647,2 OTWAY Street PORTLAND 3305
53301364420,99999 EDWARDS Road BENDIGO 3550
53301364462,99999 EDWARDS Road KENNINGTON 3550
53301128506,1721 HUME Highway CAMPBELLFIELD 3061
53301331991,5660 CALDER Highway BIG HILL 3555
53301332022,5660 CALDER Highway BIG HILL 3555
53301332196,5693 CALDER Highway BIG HILL 3555
53301332229,5704 CALDER Highway BIG HILL 3555
53301332261,5750 CALDER Highway BIG HILL 3555
53301332294,5766-5770 CALDER Highway KANGAROO FLAT 3555
53301338319,58-62 CHAPEL Street BENDIGO 3550
53301338913,30 CHARLESTON Place BENDIGO 3550
53301338978,99999 CHARLESTON Road BENDIGO 3550
53301339011,145 CHARLESTON Road BENDIGO 3550
53301345636,242 CONDON Street KENNINGTON 3550
53301346741,127 CONDON Street KENNINGTON 3550
53301346800,167 CONDON Street STRATHDALE 3550
53301346998,8 CONNELLEY Street BENDIGO 3550
53301195587,31 IRENE Street COBURG NORTH 3058
53301137471,25 IRENE Street COBURG NORTH 3058
53301348465,19 COWPER Street NORTH BENDIGO 3550
53301348508,9 CRAIG Street LONG GULLY 3550
53301196593,65 CONNOLLY Avenue COBURG NORTH 3058
53301196692,77 CONNOLLY Avenue COBURG NORTH 3058
53301199142,518 SYDNEY Road COBURG 3058
53301262559,38 RODNEY Avenue COBURG NORTH 3058
53301204413,121 ANDERSON Road FAWKNER 3060
53301204726,35 IRENE Street COBURG NORTH 3058
53301205016,11 BARROW Street COBURG 3058
53301207521,1780 HUME Highway CAMPBELLFIELD 3061
53301257624,8 ALLAN Street FAWKNER 3060
53301257822,9 SHEFFIELD Street COBURG 3058
53301265685,1657-1659 HUME Highway CAMPBELLFIELD 3061
53301124875,1551 HUME Highway CAMPBELLFIELD 3061
53301327989,88 PALL Mall BENDIGO 3550
53301332700,6 CALEDONIA Street NORTH BENDIGO 3550
53301283003,1657-1659 HUME Highway CAMPBELLFIELD 3061
53301341307,84 CHURCH Street EAGLEHAWK 3556
53301341454,24 CHURCH Street KANGAROO FLAT 3555
53301334457,1 CARMEN Lane BENDIGO 3550
53301334589,3 CAROLIN Street FLORA HILL 3550
53301342426,2 EBONY Place KENNINGTON 3550
53301144130,1870B HUME Highway CAMPBELLFIELD 3061
53301144774,1 MONTECARLO Court GREENVALE 3059
53301209049,1717 HUME Highway CAMPBELLFIELD 3061
53301152793,1708 HUME Highway CAMPBELLFIELD 3061
53301267310,124 SOMERTON Road ROXBURGH PARK 3064
53301267797,10 MONTECARLO Court GREENVALE 3059
53301268225,67 ALEC Crescent FAWKNER 3060
53301218198,9 SHEFFIELD Street COBURG 3058
53301269562,19 VICTORIA Street COBURG 3058
53301322668,9 BRIDGE Street BENDIGO 3550
53301372465,10 FOREST Lane BENDIGO 3550
53301372720,25 FOREST Street BENDIGO 3550
53301435221,175 LODDON VALLEY Highway EAGLEHAWK 3556
53301435255,181 LODDON VALLEY Highway EAGLEHAWK 3556
53301435296,214 LODDON VALLEY Highway EAGLEHAWK 3556
53301435320,220 LODDON VALLEY Highway EAGLEHAWK 3556
53301435354,228 LODDON VALLEY Highway EAGLEHAWK 3556
53301435387,237 LODDON VALLEY Highway EAGLEHAWK 3556
53301379909,17 GORDON Street SPRING GULLY 3550
53301380394,88-90 GOYNES Road EPSOM 3551
53301354371,13 DAY Street EAST BENDIGO 3550
53301444230,272 MAIDEN GULLY Road MAIDEN GULLY 3551
53301430322,22 LEIGH Avenue KENNINGTON 3550
53301222802,1657-1659 HUME Highway CAMPBELLFIELD 3061
53301558361,161 WOODWARD Road GOLDEN SQUARE 3555
53301558394,122 WOODWARD Road GOLDEN SQUARE 3555
53301558428,148 WOODWARD Road GOLDEN SQUARE 3555
53301558452,167 WOODWARD Road GOLDEN SQUARE 3555
53301558493,179A WOODWARD Road GOLDEN SQUARE 3555
53301566903,507 NAPIER Street BENDIGO 3550
53301287993,46327 RUSSELL Street COBURG 3058
53301231795,1723 HUME Highway CAMPBELLFIELD 3061
53301568880,196 MCIVOR Road BENDIGO 3550
53301568916,252 MCIVOR Road BENDIGO 3550
53301569062,172 WOODWARD Road GOLDEN SQUARE 3555
53301569161,6 ROWAN Street BENDIGO 3550
53301372993,95 FOREST Street BENDIGO 3550
53301288389,1780 HUME Highway CAMPBELLFIELD 3061
53301365197,70 EDWARDS Road JACKASS FLAT 3556
53301366007,245 ALLINGHAM Street KANGAROO FLAT 3555
53301374742,99999 FRISWELL Avenue FLORA HILL 3550
53301374966,4 FROG HOLLOW Road STRATHDALE 3550
53301375008,8 FROG HOLLOW Road STRATHDALE 3550
53301375205,65 FURNESS Street KANGAROO FLAT 3555
53301291443,20 MCBRYDE Street FAWKNER 3060
53305190719,54 FIELD Street OCEAN GROVE 3226
53301368042,9 EMMA Place BENDIGO 3550
53301368075,7 EMMA Place BENDIGO 3550
53301439166,193 MACKENZIE Street GOLDEN SQUARE 3555
53301439495,4 MACKENZIE Street GOLDEN SQUARE 3555
53301439529,12 MACKENZIE Street GOLDEN SQUARE 3555
53301439553,17 MACKENZIE Street GOLDEN SQUARE 3555
53301439594,20 MACKENZIE Street GOLDEN SQUARE 3555
53301439628,20 MACKENZIE Street GOLDEN SQUARE 3555
53301439660,22 MACKENZIE Street GOLDEN SQUARE 3555
53301439693,26 MACKENZIE Street GOLDEN SQUARE 3555
53301350991,151 CRUSOE Road KANGAROO FLAT 3555
53301431000,2 MURCHISON Street SAILORS GULLY 3556
53301431791,8 LIGHTFOOT Street CALIFORNIA GULLY 3556
53301432079,99999 LILY Street BENDIGO 3550
53301439735,30 MACKENZIE Street GOLDEN SQUARE 3555
53301439769,32 MACKENZIE Street GOLDEN SQUARE 3555
53301439792,35 MACKENZIE Street GOLDEN SQUARE 3555
53301439826,39 MACKENZIE Street GOLDEN SQUARE 3555
53301439875,46 MACKENZIE Street GOLDEN SQUARE 3555
53301439901,46 MACKENZIE Street GOLDEN SQUARE 3555
53301439967,53 MACKENZIE Street GOLDEN SQUARE 3555
53301440025,60 MACKENZIE Street GOLDEN SQUARE 3555
53301440059,63 MACKENZIE Street GOLDEN SQUARE 3555
53301440090,68 MACKENZIE Street GOLDEN SQUARE 3555
53301440124,69 MACKENZIE Street GOLDEN SQUARE 3555
53301440166,72 MACKENZIE Street GOLDEN SQUARE 3555
53301440199,76 MACKENZIE Street GOLDEN SQUARE 3555
53301440230,80 MACKENZIE Street GOLDEN SQUARE 3555
53301440264,83 MACKENZIE Street GOLDEN SQUARE 3555
53301440307,88 MACKENZIE Street GOLDEN SQUARE 3555
53301440339,91 MACKENZIE Street GOLDEN SQUARE 3555
53301440370,98 MACKENZIE Street GOLDEN SQUARE 3555
53301440406,110 MACKENZIE Street GOLDEN SQUARE 3555
53301440446,120 MACKENZIE Street GOLDEN SQUARE 3555
53301440479,125 MACKENZIE Street GOLDEN SQUARE 3555
53301440505,127 MACKENZIE Street GOLDEN SQUARE 3555
53301440537,127 MACKENZIE Street GOLDEN SQUARE 3555
53301440578,132 MACKENZIE Street GOLDEN SQUARE 3555
53301440604,135 MACKENZIE Street GOLDEN SQUARE 3555
53301440644,143 MACKENZIE Street GOLDEN SQUARE 3555
53301440677,146 MACKENZIE Street GOLDEN SQUARE 3555
53301440711,153 MACKENZIE Street GOLDEN SQUARE 3555
53301440743,156 MACKENZIE Street GOLDEN SQUARE 3555
53301440792,161 MACKENZIE Street GOLDEN SQUARE 3555
53301440826,165 MACKENZIE Street GOLDEN SQUARE 3555
53301440868,169 MACKENZIE Street GOLDEN SQUARE 3555
53301440891,173 MACKENZIE Street GOLDEN SQUARE 3555
53301440925,176 MACKENZIE Street GOLDEN SQUARE 3555
53301440959,179 MACKENZIE Street GOLDEN SQUARE 3555
53301440990,184 MACKENZIE Street GOLDEN SQUARE 3555
53301441023,192 MACKENZIE Street GOLDEN SQUARE 3555
53301441057,195 MACKENZIE Street GOLDEN SQUARE 3555
53301442242,31 MAFEKING Street KENNINGTON 3550
53301442275,34 MAFEKING Street KENNINGTON 3550
53301442301,37 MAFEKING Street KENNINGTON 3550
53301442341,40 MAFEKING Street KENNINGTON 3550
53301442374,42 MAFEKING Street KENNINGTON 3550
53301442418,42 MAFEKING Street KENNINGTON 3550
53301442440,44 MAFEKING Street KENNINGTON 3550
53301442481,46 MAFEKING Street KENNINGTON 3550
53301159624,39 EDINGTON Way CRAIGIEBURN 3064
53301495912,10 QUEEN Street BENDIGO 3550
53301160856,1669 HUME Highway CAMPBELLFIELD 3061
53301498212,74 RACECOURSE Road EPSOM 3551
53301498244,78A RACECOURSE Road EPSOM 3551
53301499333,15 RAYWOOD Road SAILORS GULLY 3556
53301507179,288 ROWAN Street GOLDEN SQUARE 3555
53301569518,415 NAPIER Street BENDIGO 3550
53301227445,97 CONNOLLY Avenue COBURG NORTH 3058
53301553577,99999 WILLIAMSON Street BENDIGO 3550
53301553643,32 WILLIAMSON Street BENDIGO 3550
53301554641,13 WILLS Street BENDIGO 3550
53301561887,200 LODDON VALLEY Highway EAGLEHAWK 3556
53301562158,12 MOON Street EAGLEHAWK 3556
53301570178,161 ST AIDANS Road KENNINGTON 3550
53301570401,19 MIDAS Street STRATHFIELDSAYE 3551
53301228956,5 MONTECARLO Court GREENVALE 3059
53301555631,1 THE WINDING Way KANGAROO FLAT 3555
53301562743,104 VICTORIA Street EAGLEHAWK 3556
53301562925,132 MACDOUGALL Road GOLDEN SQUARE 3555
53301563535,26 BAYNE Street BENDIGO 3550
53301563569,46 BAYNE Street BENDIGO 3550
53301571928,23 MIDAS Street STRATHFIELDSAYE 3551
53301573294,238 WHITEHALL Street YARRAVILLE 3013
53301292647,445 SYDNEY Road COBURG 3058
53301293042,1594 HUME Highway CAMPBELLFIELD 3061
53301293190,1447 HUME Highway CAMPBELLFIELD 3061
53301293463,99999 NICHOLSON Street COBURG 3058
53301293538,1780 HUME Highway CAMPBELLFIELD 3061
53301564939,14A EWING Avenue FLORA HILL 3550
53301565037,24 CANNON Lane KANGAROO FLAT 3555
53301369742,22 EWING Avenue FLORA HILL 3550
53301294445,221 MORELAND Road COBURG 3058
53301294742,60 GAFFNEY Street COBURG 3058
53301370932,99999 FINN Street WHITE HILLS 3550
53301475573,6 NOBLE Court KANGAROO FLAT 3555
53301581464,99999 PASCO Street WILLIAMSTOWN 3016
53301581539,42 CIVIC Parade ALTONA 3018
53301581679,58 CHURCHILL Avenue MAIDSTONE 3012
53301524025,39 STAMFORD Street EPSOM 3551
53301524628,99999 STATION Street KANGAROO FLAT 3555
53301588113,381 BARKLY Street FOOTSCRAY 3011
53301589564,33-35 LATROBE Street FOOTSCRAY 3011
53301603267,99999 WILLIAMSTOWN Road YARRAVILLE 3013
53301603655,16 KOROROIT CREEK Road WILLIAMSTOWN 3016
53301603696,53 ELIZABETH Street NEWPORT 3015
53301604470,26 SUFFOLK Street WEST FOOTSCRAY 3012
53305153128,53 BELLEVUE Drive OCEAN GROVE 3226
53301387983,336A HARGREAVES Street BENDIGO 3550
53301591520,19 TRELOAR Court BRAYBROOK 3019
53301394097,2 HAVLIN Street BENDIGO 3550
53301394121,4 HAVLIN Street BENDIGO 3550
53301394163,8 HAVLIN Street BENDIGO 3550
53301394229,14 HAVLIN Street BENDIGO 3550
53301394253,20 HAVLIN Street BENDIGO 3550
53301394294,24 HAVLIN Street BENDIGO 3550
53301394328,28 HAVLIN Street BENDIGO 3550
53301394427,44 HAVLIN Street BENDIGO 3550
53301394484,50 HAVLIN Street QUARRY HILL 3550
53301394510,54 HAVLIN Street QUARRY HILL 3550
53305140143,99999 RESERVE Road MELTON 3337
53305141010,1681 BELLARINE Highway MARCUS HILL 3222
53305155891,99999 REYNOLDS Place MELTON SOUTH 3338
53301451625,80 MACDOUGALL Road GOLDEN SQUARE 3555
53301451659,102 MACDOUGALL Road GOLDEN SQUARE 3555
53301451690,109 MACDOUGALL Road GOLDEN SQUARE 3555
53301451724,118 MACDOUGALL Road GOLDEN SQUARE 3555
53301451766,127 MACDOUGALL Road GOLDEN SQUARE 3555
53301451799,130 MACDOUGALL Road GOLDEN SQUARE 3555
53301394550,60 HAVLIN Street QUARRY HILL 3550
53301394591,68 HAVLIN Street QUARRY HILL 3550
53301394740,84 HAVLIN Street QUARRY HILL 3550
53301394773,86 HAVLIN Street QUARRY HILL 3550
53301394872,98 HAVLIN Street QUARRY HILL 3550
53301394930,104 HAVLIN Street QUARRY HILL 3550
53301395006,117 HAVLIN Street QUARRY HILL 3550
53301395896,14 HEINZ Street WHITE HILLS 3550
53301402429,275 HIGH Street KANGAROO FLAT 3555
53301403568,33 MACKENZIE Street GOLDEN SQUARE 3555
53301446757,2 MARNIE Road KENNINGTON 3550
53301452597,8 MCINNES Street BIG HILL 3555
53301452795,757 MCIVOR Road JUNORTOUN 3551
53301452829,99999 MCIVOR Road BENDIGO 3550
53301453496,98 MCIVOR Road KENNINGTON 3550
53301453827,147 MCIVOR Road BENDIGO 3550
53301453926,159 MCIVOR Road BENDIGO 3550
53301453991,172 MCIVOR Road BENDIGO 3550
53301454024,180 MCIVOR Road BENDIGO 3550
53301454066,188 MCIVOR Road BENDIGO 3550
53301454099,192 MCIVOR Road BENDIGO 3550
53301454131,207 MCIVOR Road BENDIGO 3550
53301454165,207 MCIVOR Road BENDIGO 3550
53301454207,207 MCIVOR Road BENDIGO 3550
53301454247,221 MCIVOR Road BENDIGO 3550
53301454270,227 MCIVOR Road BENDIGO 3550
53301517467,54 SMITH Street NORTH BENDIGO 3550
53301468750,380 NAPIER Street BENDIGO 3550
53301468783,390 NAPIER Street BENDIGO 3550
53301468859,402 NAPIER Street BENDIGO 3550
53301468882,408 NAPIER Street BENDIGO 3550
53301468924,413 NAPIER Street BENDIGO 3550
53301468958,417 NAPIER Street BENDIGO 3550
53301468999,424 NAPIER Street BENDIGO 3550
53301469030,429 NAPIER Street BENDIGO 3550
53301469064,432 NAPIER Street BENDIGO 3550
53301469097,435 NAPIER Street BENDIGO 3550
53301469139,439 NAPIER Street BENDIGO 3550
53301469163,443 NAPIER Street BENDIGO 3550
53301469286,460 NAPIER Street WHITE HILLS 3550
53301469385,471 NAPIER Street BENDIGO 3550
53301469435,476 NAPIER Street BENDIGO 3550
53301469469,479 NAPIER Street BENDIGO 3550
53301469492,481 NAPIER Street BENDIGO 3550
53301469526,483 NAPIER Street BENDIGO 3550
53301469568,487 NAPIER Street BENDIGO 3550
53301469601,493 NAPIER Street BENDIGO 3550
53301469633,496 NAPIER Street BENDIGO 3550
53301462365,26 MOON Street EAGLEHAWK 3556
53301469718,506 NAPIER Street BENDIGO 3550
53301469740,509 NAPIER Street BENDIGO 3550
53301469773,514 NAPIER Street BENDIGO 3550
53301469809,514 NAPIER Street BENDIGO 3550
53301469849,517 NAPIER Street BENDIGO 3550
53301469872,521 NAPIER Street BENDIGO 3550
53301469916,525 NAPIER Street BENDIGO 3550
53301469948,533 NAPIER Street BENDIGO 3550
53301470170,564 NAPIER Street BENDIGO 3550
53301470205,569 NAPIER Street BENDIGO 3550
53301470766,74 NAPOLEON Crescent WHITE HILLS 3550
53301520537,93 SPECIMEN HILL Road GOLDEN SQUARE 3555
53301583830,31 RICHELIEU Street MAIDSTONE 3012
53301584210,57 WILLIAMSTOWN Road SEDDON 3011
53301525824,37 STERNBERG Street KENNINGTON 3550
53301533272,18 TARRAN Court KANGAROO FLAT 3555
53301533587,68 TAYLOR Street EPSOM 3551
53301533613,74 TAYLOR Street EPSOM 3551
53301533686,86 TAYLOR Street EPSOM 3551
53301533744,106 TAYLOR Street EPSOM 3551
53301533785,125 TAYLOR Street EPSOM 3551
53301533811,130 TAYLOR Street EPSOM 3551
53301534684,3 THE Lane STRATHDALE 3550
53301577189,2 CIVIC Parade ALTONA 3018
53301527754,99999 STRICKLAND Road EAST BENDIGO 3550
53301535188,99999 THISTLE Street BENDIGO 3550
53301594985,21 ALMA Street WEST FOOTSCRAY 3012
53305143211,1420 BELLARINE Highway WALLINGTON 3222
53301383505,3 GROWLER Street EAGLEHAWK 3556
53301383604,19 GROWLER Street EAGLEHAWK 3556
53301391310,7 HARPIN Place EAST BENDIGO 3550
53301397677,99999 HIGH Street BENDIGO 3550
53301398108,182 HIGH Street BENDIGO 3550
53301398130,186 HIGH Street BENDIGO 3550
53301398189,218 HIGH Street BENDIGO 3550
53301398220,237 HIGH Street BENDIGO 3550
53305150448,19 OCEAN THROUGHWAY  OCEAN GROVE 3226
53301393099,15-39 HATTAM Street GOLDEN SQUARE 3555
53301393172,31 HATTAM Street GOLDEN SQUARE 3555
53301393288,122 HATTAM Street GOLDEN GULLY 3555
53301398305,259 HIGH Street BENDIGO 3550
53301398337,366 HIGH Street BENDIGO 3550
53301399618,392 HIGH Street GOLDEN SQUARE 3555
53301399640,392-392 HIGH Street GOLDEN SQUARE 3555
53301399808,392 HIGH Street GOLDEN SQUARE 3555
53301407602,93 MACKENZIE Street GOLDEN SQUARE 3555
53301407725,163 MACKENZIE Street GOLDEN SQUARE 3555
53301407759,190 MACKENZIE Street GOLDEN SQUARE 3555
53301449750,99999 MAYFAIR PARK Estate BENDIGO 3550
53301449783,25B MAYFAIR PARK Estate BENDIGO 3550
53301449819,48A MAYFAIR PARK Estate BENDIGO 3550
53301450684,151 MCCRAE Street BENDIGO 3550
53301457695,590 MIDLAND Highway EPSOM 3551
53301457729,601 MIDLAND Highway EPSOM 3551
53301400807,91 HIGH Street KANGAROO FLAT 3555
53301400888,44 HIGH Street KANGAROO FLAT 3555
53301401135,44 HIGH Street KANGAROO FLAT 3555
53301401192,44 HIGH Street KANGAROO FLAT 3555
53301401267,54 HIGH Street KANGAROO FLAT 3555
53301408442,28 HOLMES Road NORTH BENDIGO 3550
53301514317,7 CATHERINE Street EAGLEHAWK 3556
53301515041,30 SIBLEY Place STRATHDALE 3550
53301515074,30 SIBLEY Place STRATHDALE 3550
53301515132,2 SILVERFOX Court STRATHDALE 3550
53301516148,177 SIMPSONS Road EAGLEHAWK 3556
53301516246,199 SIMPSONS Road EAGLEHAWK 3556
53301465939,42A MURPHY Street EAST BENDIGO 3550
53301466094,61 MURPHY Street EAST BENDIGO 3550
53301516428,4 SKENE Street KENNINGTON 3550
53305627709,51 FRAZER Street DAYLESFORD 3460
53305629183,11 POWELL Street OCEAN GROVE 3226
53301547884,1 WARRANWAH Drive KENNINGTON 3550
53305167739,28-30 ALLANVALE Avenue LEOPOLD 3224
53305608964,173 BALLAN Road WERRIBEE 3030
53305635826,203 GREAVES Street WERRIBEE 3030
53305806427,14 CHLOSAM Court CAIRNLEA 3023
53305654974,41 GEELONG-PORTARLINGTON Road PORTARLINGTON 3223
53305808309,23 ELLESMERE Court TRUGANINA 3029
53305158044,134 THE TERRACE  OCEAN GROVE 3226
53305788716,107 HARMONY Drive TARNEIT 3029
53301411662,14 HOWARD Place BENDIGO 3550
53301411992,50 HOWARD Street ASCOT 3551
53301412080,68 HOWARD Street EPSOM 3551
53301413442,1 HURLING Court GOLDEN SQUARE 3555
53301420745,6 KEENES Road LONG GULLY 3550
53301476184,80 NOLAN Street BENDIGO 3550
53301421100,18 KENNEDY Street EAST BENDIGO 3550
53301421132,18 KENNEDY Street EAST BENDIGO 3550
53301421370,87 KENNEWELL Street WHITE HILLS 3550
53301483725,84 PALL Mall BENDIGO 3550
53301483759,114 PALL Mall BENDIGO 3550
53305213383,177 GISBORNE-MELTON Road KURUNJANG 3337
53301485061,8 PANTON Street GOLDEN SQUARE 3555
53305444649,490 KEILOR-MELTON Road SYDENHAM 3037
53301541154,99999 VALENTINE Street BENDIGO 3550
53301486547,19 PARK Road BENDIGO 3550
53301486687,22 PARK Street STRATHDALE 3550
53305447254,33 MEADOW Way TARNEIT 3029
53305449418,329 ST ALBANS Road SUNSHINE 3020
53301541947,99999 VICTORIA Street EAGLEHAWK 3556
53301543082,143 VICTORIA Street EAGLEHAWK 3556
53301543166,99999 VIEW Street BENDIGO 3550
53301543248,26A VIEW Street BENDIGO 3550
53301543495,99 VIEW Street BENDIGO 3550
53305451430,6 CROMPTON Street SOLDIERS HILL 3350
53305452866,65 WATERVIEW Drive CAIRNLEA 3023
53305638012,2 CORAL Close NORTH GEELONG 3215
53305638169,31 PARK Street PORTARLINGTON 3223
53305160712,865A PORTARLINGTON Road MOOLAP 3224
53301551490,1 WEIR Court KANGAROO FLAT 3555
53301552605,1 WHITTAKER Street SPRING GULLY 3550
53301552637,5 WHITTAKER Street SPRING GULLY 3550
53305619986,35 BRENTWOOD Boulevard STRATHFIELDSAYE 3551
53305620647,511 MELTON Highway SYDENHAM 3037
53305621133,19 POWELL Street OCEAN GROVE 3226
53305645032,97 ROSSACK Drive WAURN PONDS 3216
53305161841,1060 BELLARINE Highway WALLINGTON 3222
53305821864,128 LYDIARD Street BALLARAT 3350
53305166261,55 WHITEHORSE Road MOOLAP 3224
53305824592,24 ASCOT Street BALLARAT CENTRAL 3350
53301415471,187 IRONSTONE Road EPSOM 3551
53301415745,23 JACKMAN Court GOLDEN SQUARE 3555
53301416406,84 JACOB Street NORTH BENDIGO 3550
53301480063,17 OLYMPIC Parade KANGAROO FLAT 3555
53305973225,1 HILL Street OCEAN GROVE 3226
53305973977,104 RAILWAY Street ALTONA 3018
53305205416,32 GREAT OCEAN Road JAN JUC 3228
53305205614,30 GREAT OCEAN Road JAN JUC 3228
53305222137,16 GREENSTEAD Amble KURUNJANG 3337
53301480772,146 OLYMPIC Parade KANGAROO FLAT 3555
53301480816,152 OLYMPIC Parade KANGAROO FLAT 3555
53301480856,158 OLYMPIC Parade KANGAROO FLAT 3555
53305223993,27 OCEAN THROUGHWAY  OCEAN GROVE 3226
53305476305,25 PRAHN Court BROOKFIELD 3338
53301483584,10 PALL Mall BENDIGO 3550
53301483668,60 PALL Mall BENDIGO 3550
53301483691,71 PALL Mall BENDIGO 3550
53301546325,61 WADE Street GOLDEN SQUARE 3555
53301546359,61 WADE Street GOLDEN SQUARE 3555
53305604179,60 ANNANDALE Road TULLAMARINE 3043
53305606043,2055 PORTARLINGTON Road DRYSDALE 3222
53305894439,820 COOPER Street CAMPBELLFIELD 3061
53305897275,4 KENT MANOR  HAMILTON 3300
53305897531,176B BLIND CREEK Road CARDIGAN 3352
53305240387,4 GEORGIAN Place MELTON 3337
53305924195,64 RACECOURSE Road EPSOM 3551
53305500220,131 GEELONG-PORTARLINGTON Road PORTARLINGTON 3223
53305500361,86A SURF COAST Highway TORQUAY 3228
53305350559,4 KINGSVILLE Street KINGSVILLE 3012
53305352216,605 PORTARLINGTON Road MOOLAP 3224
53305370359,122 TAYLOR Street EPSOM 3551
53305516060,231 MOUNT PLEASANT Road HIGHTON 3216
53305371984,1 BRISTOW Street FOOTSCRAY 3011
53305373772,14 TWENTIETH Street HEPBURN 3461
53305521318,265 BOUNDARY Road NEWCOMB 3219
53305521457,265 BOUNDARY Road NEWCOMB 3219
53305524771,15 GREENSTEAD Amble KURUNJANG 3337
53305831342,195 HOOD Road PORTARLINGTON 3223
53305833966,40 IBBOTSON Street ST LEONARDS 3223
53305680245,10 ALLENS Road PORTARLINGTON 3223
53305682934,20 OLD PT CAMPBELL Road COBDEN 3266
53305698064,50 NELSON Avenue ALTONA MEADOWS 3028
53305547434,8 BLUEGUM Place GROVEDALE 3216
53305857148,16 KINGS DOMAIN  CAROLINE SPRINGS 3023
53305857279,6 KINGS DOMAIN  CAROLINE SPRINGS 3023
53305857485,14 KINGS DOMAIN  CAROLINE SPRINGS 3023
53305857866,34 EVANS Street SUNBURY 3429
53305858303,13 LANCELEY Green CAROLINE SPRINGS 3023
53305860226,8 SHANDEAU BOARDWALK  MELTON WEST 3337
53305226048,44 POWELL Street OCEAN GROVE 3226
53305860895,38 LEVIATHAN Place BALLARAT CENTRAL 3350
53305862460,17 KENT MANOR  HAMILTON 3300
53305241312,99999 DUNCAN Street BALLAN 3342
53305878094,36 JAMES Court DRYSDALE 3222
53305728447,96 GEELONG-PORTARLINGTON Road PORTARLINGTON 3223
53305729437,3 MACKEY Street NORTH GEELONG 3215
53305241393,99999 NELSON Street DARLEY 3340
53305241766,31 BAKER Street OCEAN GROVE 3226
53305252150,4 COLOMBARD Court WENDOUREE 3355
53305903174,60 MARKET Street KYNETON 3444
53305231460,48 POWELL Street OCEAN GROVE 3226
53305487013,99 MCPHERSON Boulevard ROXBURGH PARK 3064
53305487250,161-163 CRAIGIEBURN Road CRAIGIEBURN 3064
53305326178,18 ORUNGAL Court TORQUAY 3228
53305491592,36 NEW QUAY Promenade DOCKLANDS 3008
53305508058,60 GIBSON Street NORTH BENDIGO 3550
53305363781,32 CHARTER Road SUNBURY 3429
53305377502,104 ST ALBANS Road EAST GEELONG 3219
53305378276,21 HILLCREST Road GLENROY 3046
53305379036,555 KEILOR-MELTON Road SYDENHAM 3037
53305379103,555 KEILOR-MELTON Road SYDENHAM 3037
53305379176,555 KEILOR-MELTON Road SYDENHAM 3037
53305379241,555 KEILOR-MELTON Road SYDENHAM 3037
53305379300,555 KEILOR-MELTON Road SYDENHAM 3037
53305379373,555 KEILOR-MELTON Road SYDENHAM 3037
53305660702,44 BRENTWOOD Boulevard STRATHFIELDSAYE 3551
53305510469,113 GEELONG-PORTARLINGTON Road PORTARLINGTON 3223
53305510989,14 ROMAWI Street ALTONA 3018
53305515186,5 RESERVOIR Road DRYSDALE 3222
53305528709,210 LAURISTON-RESERVOIR Road KYNETON 3444
53305685391,337 MCGRATH Road WERRIBEE 3030
53305685797,312 ABERDEEN Street GEELONG WEST 3218
53305530697,266 HIGH Street KANGAROO FLAT 3555
53305531266,266 HIGH Street KANGAROO FLAT 3555
53305387897,2 CHARLEMONT Court OCEAN GROVE 3226
53305844039,1 HALLAN Close HAMILTON 3300
53305691473,216 KOROIT Street WARRNAMBOOL 3280
53305694673,7 HARROW Court SUNBURY 3429
53305695112,29 GEELONG-PORTARLINGTON Road PORTARLINGTON 3223
53305709497,4 KELSALL Court CASTLEMAINE 3450
53305714555,10 COOPER Drive ST ALBANS PARK 3219
53305557979,529 NAPIER Street BENDIGO 3550
53305850153,18 KINGS DOMAIN  CAROLINE SPRINGS 3023
53305852900,130 GEELONG-PORTARLINGTON Road PORTARLINGTON 3223
53305232770,90 WALLINGTON Road OCEAN GROVE 3226
53305716164,266 HIGH Street KANGAROO FLAT 3555
53305737464,5 ELLESMERE Court TRUGANINA 3029
53305234216,260 GRUBB Road OCEAN GROVE 3226
53305234751,99999 CLARINDA Street BACCHUS MARSH 3340
53305234826,66 BROOKLYN Road MELTON SOUTH 3338
53305235156,40 FINES Road LEOPOLD 3224
53305235767,1140 BELLARINE Highway WALLINGTON 3222
53306191573,55 LONSDALE Street HAMILTON 3300
53305946636,250 VICTORIA Street ALTONA MEADOWS 3028
53305948391,15 KENT MANOR  HAMILTON 3300
53306198931,67 ASHLEY Street WEST FOOTSCRAY 3012
53306221535,48 BRENTWOOD Boulevard STRATHFIELDSAYE 3551
53306226475,111 EUREKA Street BALLARAT EAST 3350
53306172688,5 KELLY Court NORTH GEELONG 3215
53306176129,2 BURTON Street LAVERTON 3028
53306378978,99999 EPSOM Road FLEMINGTON 3031
53306406368,99999 PIER Street PORTARLINGTON 3223
53305426795,30 THE CROSSWAY  AVONDALE HEIGHTS 3034
53306381751,66 SOMERVILLE Road RIDDELLS CREEK 3431
53306382070,99999 LANGS Road ASCOT VALE 3032
53306383382,14 PALL Mall BENDIGO 3550
53306414626,1 MICA Court WAURN PONDS 3216
53305566196,425 HOOD Road PORTARLINGTON 3223
53305583686,209 HUMFFRAY Street BALLARAT 3350
53305569082,17 GEELONG-PORTARLINGTON Road PORTARLINGTON 3223
53305586789,11 PARK Street FOOTSCRAY 3011
53305587885,99999 GRANTS Road MELBOURNE AIRPORT 3045
53305589295,1 LOCHARD Place WARRNAMBOOL 3280
53306598287,50 PRICE Street TORQUAY 3228
53305590584,3 THE Walk TAYLORS HILL 3037
53306604203,125 BAY CITY Plaza GEELONG 3220
53306604657,5 HOLDEN Avenue AVONDALE HEIGHTS 3034
53306632631,94 HILTON Street GLENROY 3046
53306633508,62 FIELD Street OCEAN GROVE 3226
53305754766,7C WERRIBEE Street WERRIBEE 3030
53305775103,266 HIGH Street KANGAROO FLAT 3555
53305775457,266 HIGH Street KANGAROO FLAT 3555
53305931358,13 GHOST GUM Boulevard MARYBOROUGH 3465
53305935176,39 WATERVIEW Lane CAIRNLEA 3023
53306828214,40 THE BOULEVARD  MOONEE PONDS 3039
53306831572,9999 GREAT OCEAN Road ALLANSFORD 3277
53306176855,15 QUEEN Street BALLARAT EAST 3350
53305938096,5 FIFTH Street HEPBURN SPRINGS 3461
53305957907,4 LANCELEY Green CAROLINE SPRINGS 3023
53305958796,41 BACCHUS MARSH Road BACCHUS MARSH 3340
53306214349,488 THE ESPLANADE  INDENTED HEAD 3223
53305410702,4 WHITAKER Street MAIDSTONE 3012
53305964175,228 MORTLAKE Road WARRNAMBOOL 3280
53305964357,2 THE Mall POINT COOK 3030
53306185162,1 FLORENCE Lane MARYBOROUGH 3465
53306188874,33 CANTS Road COLAC 3250
53305570693,199 GREAVES Street WERRIBEE 3030
53306391768,46364 QUEENSCLIFF Road PORTARLINGTON 3223
53306419732,246 MOUNT PLEASANT Road HIGHTON 3216
53305573422,118 GEELONG-PORTARLINGTON Road PORTARLINGTON 3223
53305592969,99999 GRAFTON Road WARRNAMBOOL 3280
53306398654,59 WATERVIEW Drive CAIRNLEA 3023
53305577381,32 OLIVE Grove PASCOE VALE 3044
53306611416,3 BURRENDONG Street WYNDHAM VALE 3024
53306612642,35 CALDER Street MANIFOLD HEIGHTS 3218
53306613632,545 HAMILTON Road RIDDELLS CREEK 3431
53306636997,71 MITCHELL Drive LARA 3212
53306639553,76 SUFFOLK Road SUNSHINE NORTH 3020
53305599799,24 BRENTWOOD Boulevard STRATHFIELDSAYE 3551
53306807805,18 DENA Court BELL PARK 3215
53306646723,108 NATIONAL Boulevard CAMPBELLFIELD 3061
53305761806,32 WEATHERBY Drive STRATHDALE 3550
53305762967,5 MELALEUCA Court HILLSIDE 3037
53306814825,36 BRIDGE Mall BALLARAT CENTRAL 3350
53306013868,13 VERLIN Street CASTLEMAINE 3450
53306019139,33 WRIGHT Street SUNSHINE WEST 3020
53305942485,9 LOCHARD Place WARRNAMBOOL 3280
53305998842,118 ASBURY Street OCEAN GROVE 3226
53306500097,9 WILLIAM Street PORT FAIRY 3284
53306323941,27 SHORE Place TORQUAY 3228
53306668198,9999 SHARON Street FLORA HILL 3550
53306671623,9999 MILL Road LARA 3212
53306483191,115 KIRKHAM Drive GREENVALE 3059
53306501194,7 SOUTH Road WOODEND 3442
53306674064,37 THE TERRACE  OCEAN GROVE 3226
53306509138,82 HILLCREST Drive WESTMEADOWS 3049
53306717005,54 CEMETERY Road COBDEN 3266
53306042156,204 SPECIMEN Vale BALLARAT EAST 3350
53306538953,182 MERRI Street WARRNAMBOOL 3280
53306063862,270 GRUBB Road WALLINGTON 3222
53306728208,118 HAVLIN Street QUARRY HILL 3550
53306229180,21 BRENTWOOD Boulevard STRATHFIELDSAYE 3551
53306067920,3 GRANGE MOUTH Place GREENVALE 3059
53306070002,132 MASON Street NEWPORT 3015
53306070075,132 MASON Street NEWPORT 3015
53306070223,132 MASON Street NEWPORT 3015
53306070298,132 MASON Street NEWPORT 3015
53306070364,132-136 MASON Street NEWPORT 3015
53306070421,132-136 MASON Street NEWPORT 3015
53306070496,132 MASON Street NEWPORT 3015
53306071040,132 MASON Street NEWPORT 3015
53306071379,132 MASON Street NEWPORT 3015
53306071445,132 MASON Street NEWPORT 3015
53306459281,3 THE Mews BARWON HEADS 3227
53306278525,99999 NEWCOMBE Street PORTARLINGTON 3223
53306280978,6 CUSHING Avenue CRESWICK 3363
53306438673,49 YALDWYN Street KYNETON 3444
53306462822,399 KEILOR-MELTON Road TAYLORS LAKES 3038
53306282931,126 GEELONG-PORTARLINGTON Road PORTARLINGTON 3223
53306308365,159 NEWCOMBE Street PORTARLINGTON 3223
53306650611,6 KENDALL Close NORTH GEELONG 3215
53306676655,28 LATROBE Terrace LARA 3212
53306485305,108 SURF COAST Highway TORQUAY 3228
53306490577,4 BRAESIDE Court ST ALBANS PARK 3219
53306490643,2 WALLACE Court ST ALBANS PARK 3219
53306490726,3 GLENAE Court ST ALBANS PARK 3219
53306494791,72 GARDEN Street PORTLAND 3305
53306026398,940 SYDNEY Road COBURG 3058
53306688393,35 HARRICKS Road KEILOR PARK 3042
53306525357,22 BUDDS Street COBURG 3058
53306055439,20 SHANDEAU BOARDWALK  MELTON WEST 3337
53306055506,8 OWEN Street FOOTSCRAY 3011
53306712105,108 TEMPLEWOOD Crescent AVONDALE HEIGHTS 3034
53306712500,615 CAMPERDOWN-COBDEN Road CAMPERDOWN 3260
53306713762,31 BAKER Street OCEAN GROVE 3226
53306731007,218 DON Street BENDIGO 3550
53306733561,28 LEURA Street CAMPERDOWN 3260
53306234726,36 SUNHILL Crescent ARDEER 3022
53306062007,27 AILSA Street ALTONA MEADOWS 3028
53306077382,16 SEAVIEW Crescent SEAHOLME 3018
53306737506,90 STATION Road NEW GISBORNE 3438
53306242372,4 THE Link SUNBURY 3429
53306242877,1 LANARK Way GOWANBRAE 3043
53306265994,320-322 JOSEPH Street CANADIAN 3350
53306082671,91 MAIN Road CHEWTON 3451
53306247538,699 PORT FAIRY-KOROIT Road KOROIT 3282
53306446041,3 STOCKMANS Rest MAIDEN GULLY 3551
53306446124,3 WILLIAM Street PORT FAIRY 3284
53306291496,229 KOROROIT CREEK Road WILLIAMSTOWN 3016
53306110955,105 ROSSACK Drive WAURN PONDS 3216
53306449225,15 CARLISLE Street WOODEND 3442
53306450805,15 COLLIER Street WOODEND 3442
53306475165,20 CHAMBERLAIN Court HAMILTON 3300
53306316055,165 SEPARATION Street NORTH GEELONG 3215
53306318686,5 NOONAN Grove WOODEND 3442
53306456536,66 MITCHELL Drive LARA 3212
53306457475,99999 WATTLE GROVE Road CAIRNLEA 3023
53307064554,177 MAIN Road ST ALBANS 3021
53306377021,99999 WATERVIEW Boulevard CRAIGIEBURN 3064
53306583124,7 BURRENDONG Street WYNDHAM VALE 3024
53307065966,4 LESLIE Street NEWPORT 3015
53306750007,59 BRENTWOOD Boulevard STRATHFIELDSAYE 3551
53306772412,534 MORRIS Road TARNEIT 3029
53306593684,7 MELBA Mews TARNEIT 3029
53306593750,21 MELBA Mews TARNEIT 3029
53306793128,66 FOREST Road LARA 3212
53306793193,66 FOREST Road LARA 3212
53306802806,1 NICK Street LEOPOLD 3224
53306802879,1750 STURT Street BALLARAT 3350
53307412083,400 BACCHUS MARSH Road LARA 3212
53307412752,388 MAIN Road ST ALBANS 3021
53306139240,26 MERCER Place GEELONG 3220
53306142327,239 MELROSE Drive TULLAMARINE 3043
53306142765,1030 PORTARLINGTON Road CURLEWIS 3222
53307553877,526 HARGREAVES Street BENDIGO 3550
53306330286,10 POWELL Street OCEAN GROVE 3226
53306146503,24 ROBERTS Avenue AIRPORT WEST 3042
53306332587,23C CAMBRIDGE Street CRESWICK 3363
53306332653,15I CAMBRIDGE Street CRESWICK 3363
53306353857,50B CHARTER Road SUNBURY 3429
53306355607,6 SKYE Court ST ALBANS PARK 3219
53307021184,98B GLENROY Road GLENROY 3046
53307021556,14 KURUNG Court GISBORNE 3437
53306338329,102 PALMERSTON Street BUNINYONG 3357
53306357206,99999 LAURIE NEVILL Place WILLIAMSTOWN NORTH 3016
53306358567,7 ROBERTS Court ST ALBANS PARK 3219
53307022932,12 LARKIN Street ESSENDON FIELDS 3041
53307026447,23 ABERNATHY Avenue DEER PARK 3023
53307050471,1 DELMAR Court KEILOR LODGE 3038
53306543458,14 DUNNER Place WARRNAMBOOL 3280
53306546610,9 SOUTH Road WOODEND 3442
53306364210,36 WATERVIEW Drive WHITE HILLS 3550
53307028988,1 OMAROO Place TAYLORS HILL 3037
53307029961,71 HIGH Street WOODEND 3442
53306758823,82 HILLCREST Drive WESTMEADOWS 3049
53307247941,70 LUTTET Street CRESWICK 3363
53306764046,9000 BRISTOL Street ESSENDON FIELDS 3041
53306785910,6 BOND Avenue ST ALBANS 3021
53306132312,2 BRODIE Court ST ALBANS PARK 3219
53306133292,5 BRODIE Court ST ALBANS PARK 3219
53306133375,4 CARRICK Court ST ALBANS PARK 3219
53306134151,184 MCKILLOP Street EAST GEELONG 3219
53306152524,30 KILBY Court DRYSDALE 3222
53306153176,33 RAYNER Lane KENSINGTON 3031
53307402507,17 HOLDEN Street MARYBOROUGH 3465
53307422131,704 ARMSTRONG Road MANOR LAKES 3024
53307565344,594 FULLARTON Road KEILOR PARK 3042
53306342289,22 SHORE Place TORQUAY 3228
53306344963,176 ORMOND Road EAST GEELONG 3219
53306367245,29 HILLCREST Road GLENROY 3046
53307570305,9 THE Glen DRYSDALE 3222
53306857245,99999 SHAKESPEARE Street HAMILTON 3300
53307057276,3 CLARCOLL Crescent KANGAROO FLAT 3555
53307058103,1 COVENTRY Street TULLAMARINE 3043
53307058233,1 COVENTRY Street TULLAMARINE 3043
53306555032,3059 MELBOURNE-LANCEFIELD Road ROMSEY 3434
53306369779,118 HAVLIN Street QUARRY HILL 3550
53307346050,79 MITCHELL Drive LARA 3212
53307445728,57 KABJO Drive LEOPOLD 3224
53307331806,10 THE Rise SUNBURY 3429
53307481008,37 BUCKLEY Way CAROLINE SPRINGS 3023
53307348007,20 LYONS Street MINERS REST 3352
53306881270,44927 LEAKES Road LAVERTON NORTH 3026
53306883762,30 GEELONG-PORTARLINGTON Road MOOLAP 3224
53307467341,10 ENGLISH Street ESSENDON NORTH 3041
53307483141,7 CUMBERLAND Road PASCOE VALE 3044
53307352691,23 THE Glen DRYSDALE 3222
53306886799,520 MORRIS Road TARNEIT 3029
53307085030,11 ABERNATHY Avenue DEER PARK 3023
53307085170,116 GEELONG-PORTARLINGTON Road PORTARLINGTON 3223
53306903315,48-58 CENTRAL Parkway CAROLINE SPRINGS 3023
53306903370,48-58 CENTRAL Parkway CAROLINE SPRINGS 3023
53306905475,70 MT BAIMBRIDGE Road HAMILTON 3300
53306905757,795 CAMPERDOWN-COBDEN Road CAMPERDOWN 3260
53306906104,472 MAIN Road ST ALBANS 3021
53307488901,48 CENTRAL Parkway CAROLINE SPRINGS 3023
53306929210,38 RICHARDSON Street PORTLAND 3305
53306929283,42 DUKE Street DRYSDALE 3222
53307508451,102 CALLOW Street BALLARAT EAST 3350
53307508526,102 CALLOW Street BALLARAT EAST 3350
53307508583,102 CALLOW Street BALLARAT EAST 3350
53307508659,102 CALLOW Street BALLARAT EAST 3350
53307094832,1 COVENTRY Street TULLAMARINE 3043
53306907629,10 NICK Street LEOPOLD 3224
53306908123,12 NICK Street LEOPOLD 3224
53306930739,7 CORK Place WAURN PONDS 3216
53306931705,508 MAIN Road ST ALBANS 3021
53307276513,5 PEPPERMINT Walk MELTON 3337
53307098768,158 COLAC Road WAURN PONDS 3216
53307425225,10 DELLBRIDGE Street GOLDEN SQUARE 3555
53307125728,712 ARMSTRONG Road MANOR LAKES 3024
53307141207,31 DIMORA Avenue CAMPERDOWN 3260
53307142014,29 THE BROADWAY  CAROLINE SPRINGS 3023
53307145833,7R EYNESBURY Road EYNESBURY 3338
53307426793,48 STATION Street ROMSEY 3434
53307447021,260 EAGLEHAWK Road CALIFORNIA GULLY 3556
53307448333,21 HADDON-WINDERMERE Road CARDIGAN VILLAGE 3352
53307333551,1 COVENTRY Street TULLAMARINE 3043
53307333691,1 COVENTRY Street TULLAMARINE 3043
53307335061,2 STAWELL Street BALLARAT EAST 3350
53306889933,199 WOODWARD Road GOLDEN SQUARE 3555
53306867921,166 MCIVOR Road BENDIGO 3550
53306895866,1 MINERAL SPRINGS Crescent HEPBURN SPRINGS 3461
53307473951,18 EAGLESNEST Way POINT COOK 3030
53307491047,7 SALTMIST Place OCEAN GROVE 3226
53307071535,6 DOYLE Lane CAROLINE SPRINGS 3023
53307071610,20 DOYLE Lane CAROLINE SPRINGS 3023
53306896343,95A GRAVESEND Street COLAC 3250
53307099121,8 DOYLE Lane CAROLINE SPRINGS 3023
53307077201,10 HORWOOD Drive CANADIAN 3350
53307102264,44 LEANDER Street FOOTSCRAY 3011
53307103527,24 THE BROADWAY  CAROLINE SPRINGS 3023
53306921472,70 CARMICHAEL Street HAMILTON 3300
53306946429,1 COVENTRY Street TULLAMARINE 3043
53306947021,1 COVENTRY Street TULLAMARINE 3043
53306947106,1 COVENTRY Street TULLAMARINE 3043
53307109161,233 SHEEDY Road GISBORNE 3437
53307129761,1 BIRK Court GOWANBRAE 3043
53307129844,15 BIRK Court GOWANBRAE 3043
53306947179,1 COVENTRY Street TULLAMARINE 3043
53306950416,1 SINNETT Street CHEWTON 3451
53307290380,320 EPSOM Road ASCOT VALE 3032
53307304315,165 STATION Road GISBORNE 3437
53307305353,12 KURUNG Court GISBORNE 3437
53307305503,16 PRIDHAM Street MARIBYRNONG 3032
53307309032,117 SUNSHINE Avenue KEALBA 3021
53307136189,26 THE BROADWAY  CAROLINE SPRINGS 3023
53307153471,44 CUMBERLAND Road PASCOE VALE SOUTH 3044
53307136782,81 GEELONG-PORTARLINGTON Road PORTARLINGTON 3223
53307325046,37 THE BROADWAY  CAROLINE SPRINGS 3023
53307159999,44 LEANDER Street FOOTSCRAY 3011
53308982371,19 BELMORE Road SUNSHINE 3020
53308549165,146 MT NAPIER Road HAMILTON 3300
53308550239,560 MORELAND Road BRUNSWICK WEST 3055
53307372293,8 STOCKMANS Rest MAIDEN GULLY 3551
53307585467,25A BECKET Street GLENROY 3046
53307587082,29 GERBERA Avenue NORLANE 3214
53307734121,48 CENTRAL Parkway CAROLINE SPRINGS 3023
53307737347,48 CENTRAL Parkway CAROLINE SPRINGS 3023
53307737406,48 CENTRAL Parkway CAROLINE SPRINGS 3023
53307737513,48 CENTRAL Parkway CAROLINE SPRINGS 3023
53307737644,48-58 CENTRAL Parkway CAROLINE SPRINGS 3023
53307737711,48 CENTRAL Parkway CAROLINE SPRINGS 3023
53306962920,531 MORRIS Road HOPPERS CROSSING 3029
53306979387,183 ESPLANADE  ALTONA 3018
53307006580,1 COVENTRY Street TULLAMARINE 3043
53307006648,1 COVENTRY Street TULLAMARINE 3043
53307006715,1 COVENTRY Street TULLAMARINE 3043
53307007091,1 COVENTRY Street TULLAMARINE 3043
53307741978,56 OXFORD Street WHITTINGTON 3219
53306966229,48-58 CENTRAL Parkway CAROLINE SPRINGS 3023
53306966385,48-58 CENTRAL Parkway CAROLINE SPRINGS 3023
53307171351,90 HAVLIN Street QUARRY HILL 3550
53306987043,4 BURTON Street LAVERTON 3028
53307173990,1133 EYRE Street BALLARAT CENTRAL 3350
53307197198,106B HAVLIN Street QUARRY HILL 3550
53307197593,16 COLBY Lane POINT COOK 3030
53307207558,38 RICHARDSON Street PORTLAND 3305
53307374126,761 SYDNEY Road COBURG 3058
53307238478,102 DRUMMOND Street BALLARAT CENTRAL 3350
53307238544,102 DRUMMOND Street BALLARAT CENTRAL 3350
53308521594,27 MOUNT PLEASANT Road BELMONT 3216
53307573438,35 WILMOTT Street GOLDEN SQUARE 3555
53307362312,26 KARLY Street LEOPOLD 3224
53308951156,4 THE Rise PORTARLINGTON 3223
53307575830,57 HUMFFRAY Street BALLARAT 3350
53307577851,7 DOCKLANDS Drive DOCKLANDS 3008
53307515300,13 FIRTH Way GREENVALE 3059
53308968355,210 MELROSE Drive TULLAMARINE 3043
53308974998,7 KENT Place STRATHFIELDSAYE 3551
53307517972,374 BARRY Road COOLAROO 3048
53307518749,8 MOUNT PLEASANT Road BELMONT 3216
53306967814,100 DUNCAN Street BALLARAT CENTRAL 3350
53306967895,531 KEILOR-MELTON Road SYDENHAM 3037
53306968027,531 KEILOR-MELTON Road SYDENHAM 3037
53306968224,531 KEILOR-MELTON Road SYDENHAM 3037
53306971774,417 BARKLY Street FOOTSCRAY 3011
53307541018,4 DELLBRIDGE Street GOLDEN SQUARE 3555
53307753064,821 DARLING Street REDAN 3350
53307753411,733 REMEMBRANCE Drive CARDIGAN 3352
53307182704,639 BALLARAT Road SUNSHINE 3020
53306998742,22 BURNETT Street SEBASTOPOL 3356
53307994619,11 OXLEY Court BROADMEADOWS 3047
53308000213,346 ABERDEEN Street GEELONG WEST 3218
53308045347,31 COWPER Street FOOTSCRAY 3011
53308047954,147 MAIN Road ST ALBANS 3021
53308052914,48 BOILING DOWN Road WARRNAMBOOL 3280
53307191382,11 RICHARDSON Court BACCHUS MARSH 3340
53307005590,1 COVENTRY Street TULLAMARINE 3043
53307210613,6 DEARNLEY Street MANIFOLD HEIGHTS 3218
53307211791,1732 BARWON HEADS Road BARWON HEADS 3227
53308013287,235 SHEEDY Road GISBORNE 3437
53308061072,21 KITTYHAWK Street AIRPORT WEST 3042
53307193428,110A MACDOUGALL Road GOLDEN SQUARE 3555
53307218984,140 RHINDS Road WALLINGTON 3222
53308482168,533 HIGH Street MELTON 3337
53307364894,26 ALBERT Street SEBASTOPOL 3356
53307222423,51 KABJO Drive LEOPOLD 3224
53307223968,185 HOOD Road PORTARLINGTON 3223
53307384728,2 PEPPERMINT Walk MELTON 3337
53307384892,12 PEPPERMINT Walk MELTON 3337
53308488940,54 PRINCES Highway PORT FAIRY 3284
53307648181,1 KATE Way HILLSIDE 3037
53307648256,46143 KATE Way HILLSIDE 3037
53307648396,1 KATE Way HILLSIDE 3037
53308097604,1 CLARENDON Avenue CRAIGIEBURN 3064
53308097685,1 CLARENDON Avenue CRAIGIEBURN 3064
53308109177,402 MAIN Road ST ALBANS 3021
53307797152,159 HARRINGTON Road WARRNAMBOOL 3280
53308591290,13 ORMESBY Place DEER PARK 3023
53308148159,30 RIVERSIDE Terrace BARWON HEADS 3227
53307830178,14 WANGANUI Court TAYLORS LAKES 3038
53307870463,79 BAYNE Street BENDIGO 3550
53307870653,11 LYTTLETON Avenue CASTLEMAINE 3450
53308172209,172 SINCLAIR Street COLAC 3250
53308217960,9 TARONGA Road TRUGANINA 3029
53308223967,41 PEARL Drive CRAIGIEBURN 3064
53308280563,9 TARONGA Road TRUGANINA 3029
53308280638,9 TARONGA Road TRUGANINA 3029
53308611173,42309 SILVERDALE Drive DARLEY 3340
53308612864,12 DENSHAM Way CRAIGIEBURN 3064
53307605365,7 WYNDCLIFFE Way ROXBURGH PARK 3064
53307606396,18 DELLBRIDGE Street GOLDEN SQUARE 3555
53308671762,24-28 ARMSTRONG Street BALLARAT CENTRAL 3350
53308739368,9 TARONGA Road TRUGANINA 3029
53308742024,48-58 CENTRAL Parkway CAROLINE SPRINGS 3023
53308742172,48-58 CENTRAL Parkway CAROLINE SPRINGS 3023
53307781792,39 LYDIARD Street BALLARAT 3350
53308701972,46366 FISHBURN Grove HARKNESS 3337
53307768459,172B ORMOND Road EAST GEELONG 3219
53307783994,10 KILGOUR Street GEELONG 3220
53307784852,317 KEILOR Road ESSENDON NORTH 3041
53307784943,243 TIMOR Street WARRNAMBOOL 3280
53307790595,19 MT NAPIER Road HAMILTON 3300
53307654080,126 SPENCER Street SEBASTOPOL 3356
53307654353,21 MAIDSTONE Street ALTONA 3018
53308089773,67 DARNLEY Street BRAYBROOK 3019
53308130182,398 SYDNEY Road COBURG 3058
53307813082,21 SHARON Street FLORA HILL 3550
53307850589,40-42 DE BURGH Road DRYSDALE 3222
53308568775,29 CASTLEMAINE Street YARRAVILLE 3013
53308638067,802 SYDNEY Road COBURG 3058
53308191952,109-111 MATTHEWS Road LOVELY BANKS 3213
53308197774,2 FLORENCE Place SUNSHINE WEST 3020
53308249161,42309 SILVERDALE Drive DARLEY 3340
53308249581,42309 SILVERDALE Drive DARLEY 3340
53308712028,9 TARONGA Road TRUGANINA 3029
53308267163,52 RACECOURSE Road EPSOM 3551
53307598922,12 FOREST Street COLAC 3250
53307620026,38 CHRIS Street LEOPOLD 3224
53308716888,709 TRESS Street GOLDEN POINT 3350
53308722330,125 HIGH Street WOODEND 3442
53307771678,16 THE Mews SUNBURY 3429
53307772823,48-58 CENTRAL Parkway CAROLINE SPRINGS 3023
53307622906,1 ABERVALE Way GROVEDALE 3216
53308771208,128-130 BLADIN Street LAVERTON 3028
53308096151,9 TARONGA Road TRUGANINA 3029
53311663622,9 TARONGA Road TRUGANINA 3029
53307939547,1 MONTVIEW Place BROOKFIELD 3338
53311670613,46327 TROWARD HARVEY Way CRAIGIEBURN 3064
53311670678,46327 TROWARD HARVEY Way CRAIGIEBURN 3064
53307913254,58 AVERYS Road EAGLEHAWK 3556
53307913353,6 KILMORE-LANCEFIELD Road LANCEFIELD 3435
53307916992,398 SYDNEY Road COBURG 3058
53307947995,384 BARRY Road CAMPBELLFIELD 3061
53308301155,167 MCIVOR Road STRATHDALE 3550
53308347312,8 DERHAM Street SPOTSWOOD 3015
53307959959,40 RAGLAN Street MARYBOROUGH 3465
53309902379,46266 WALKER Street CASTLEMAINE 3450
53309902585,100 OVERTON Road WILLIAMS LANDING 3027
53308313901,349 DOCKLANDS Drive DOCKLANDS 3008
53308779843,136 LAURISTON-RESERVOIR Road KYNETON 3444
53308365173,32 POWELL Street OCEAN GROVE 3226
53308786030,110-120 FOREST Road LARA 3212
53308786568,9 TARONGA Road TRUGANINA 3029
53308831349,7 RAILWAY Terrace KANGAROO FLAT 3555
53308831761,10 RAILWAY Street ALTONA 3018
53308434597,46082 WILLSMORE Street WILLIAMSTOWN 3016
53308439547,9 TARONGA Road TRUGANINA 3029
53308441158,24 PERCY Street PORTLAND 3305
53308441743,360-380 MCIVOR Road JUNORTOUN 3551
53308441941,9 TARONGA Road TRUGANINA 3029
53311395233,5 REDBIRD Street WALLINGTON 3222
53308902594,1A REMEMBRANCE Drive LUCAS 3350
53308906011,1 KORONG Court BROADMEADOWS 3047
53308912940,31 NORTH GATEWAY  WYNDHAM VALE 3024
53307709090,49 BINDI Street GLENROY 3046
53311670744,46327 TROWARD HARVEY Way CRAIGIEBURN 3064
53311670876,46327 TROWARD HARVEY Way CRAIGIEBURN 3064
53307697147,65 CAMPBELLS CREEK-FRYERS Road CAMPBELLS CREEK 3451
53307921943,86 HOPKINS Highway WARRNAMBOOL 3280
53309425182,163 RESORT Boulevard MOOLAP 3224
53308315963,122A HATTAM Street GOLDEN GULLY 3555
53307927163,11 BRIDGEVIEW Street BELMONT 3216
53307936306,367 TAYLORS Road ST ALBANS 3021
53309453547,37 EAST Street DAYLESFORD 3460
53309925586,44 THE Rise PORTARLINGTON 3223
53308448564,17 BRENTWOOD Boulevard STRATHFIELDSAYE 3551
53308454174,9 TARONGA Road TRUGANINA 3029
53308457945,400A RUBICON Street REDAN 3350
53308459355,11 FINLAY Avenue HARKNESS 3337
53308460990,2947 MELBOURNE-LANCEFIELD Road ROMSEY 3434
53308462523,1 KORONG Court BROADMEADOWS 3047
53309950429,9 TARONGA Road TRUGANINA 3029
53308869158,9 TARONGA Road TRUGANINA 3029
53308876501,9 TARONGA Road TRUGANINA 3029
53311415660,9 TARONGA Road TRUGANINA 3029
53308935578,9 CARTER Avenue WERRIBEE 3030
53308938944,47 HUTCHINSON Street ALBION 3020
53307703358,235 MAIN Road ST ALBANS 3021
53309627142,95 NICHOLSON Street WARRNAMBOOL 3280
53309647751,300-330 MILLERS Road ALTONA NORTH 3025
53311115295,223 SHEEDY Road GISBORNE 3437
53309699348,85 MOUNT DERRIMUT Road DEER PARK 3023
53309700603,9 TARONGA Road TRUGANINA 3029
53309710965,130 EAST Road HUNTLY 3551
53311189811,3 DEBORAH Street WERRIBEE 3030
53309069957,9 TARONGA Road TRUGANINA 3029
53311137019,2 GOLF CART Street MOOLAP 3224
53311137082,5 GOLF CART Street MOOLAP 3224
53311137158,87 GALLIPOLI Parade PASCOE VALE SOUTH 3044
53311138023,13 HEDLEY Street FAWKNER 3060
53311497830,22 AUGUSTA Drive MOOLAP 3224
53311204625,23-25 CUMBERLAND Road PASCOE VALE 3044
53311473857,50B HAMILTON Street CAMPERDOWN 3260
53311497897,15 AUGUSTA Drive MOOLAP 3224
53309479601,7 SHELL GRIT Circuit MOOLAP 3224
53309964741,12 SANTA ANNA Street MOOLAP 3224
53309965162,8 SPIKE BAR Way MOOLAP 3224
53309965541,3 SPIKE BAR Way MOOLAP 3224
53309534355,5 TOOHEY Drive WARRNAMBOOL 3280
53309539544,9 TARONGA Road TRUGANINA 3029
53311017441,60 PANORAMA Drive HARKNESS 3337
53309205345,9 TARONGA Road TRUGANINA 3029
53309983404,83-85 BULLA Road ESSENDON NORTH 3041
53311020834,9 TARONGA Road TRUGANINA 3029
53311021477,9 TARONGA Road TRUGANINA 3029
53309209207,9 TARONGA Road TRUGANINA 3029
53311448552,46 ORVIETO Street COBURG NORTH 3058
53309614744,39 POWELL Street OCEAN GROVE 3226
53309680754,65A MACKENZIE Street GOLDEN SQUARE 3555
53311427366,1 SERVICE Road MELBOURNE AIRPORT 3045
53311428760,99999 RIDING BOUNDARY Road RAVENHALL 3023
53311103290,54 MACKENZIE Street GOLDEN SQUARE 3555
53309034935,82B ASBURY Street OCEAN GROVE 3226
53311481695,183 WEST Street GLENROY 3046
53309049967,9 CANNING Street AVONDALE HEIGHTS 3034
53311523693,1 ELECTRIC Street GLENROY 3046
53311525475,5 SARATOGA Circuit DRYSDALE 3222
53311525541,200 EASTWOOD Crescent DRYSDALE 3222
53309490146,3B VICTORIA Street NORTH GEELONG 3215
53309495193,63 MITCHELL Drive LARA 3212
53311529147,200 EASTWOOD Crescent DRYSDALE 3222
53309551567,3 MASTERS Way MOOLAP 3224
53309551947,9 MASTERS Way MOOLAP 3224
53309560831,24 THE Rise PORTARLINGTON 3223
53309167784,766B DUNCANS Road WERRIBEE 3030
53309170021,21 TOOHEY Drive WARRNAMBOOL 3280
53309994145,60 BAND Lane WERRIBEE 3030
53309574015,46366 ETTRIC Way HIGHTON 3216
53311009168,4 WINIFRED Street ESSENDON 3040
53311009224,4 WINIFRED Street ESSENDON 3040
53311009299,4 WINIFRED Street ESSENDON 3040
53311009357,46177 WINIFRED Street ESSENDON 3040
53309397119,127B DAVIES Street BUNINYONG 3357
53309758374,272 MILLERS Road ALTONA NORTH 3025
53312370771,2 MACHAIR Drive POINT COOK 3030
53312371787,25 ERNEST Street BROADMEADOWS 3047
53311268605,35 REMARKABLE Drive MOUNT DUNEED 3217
53309808353,9 FEDERAL Street FOOTSCRAY 3011
53309811136,137 ASBURY Street OCEAN GROVE 3226
53311276657,11 MURRAY Street HAMLYN HEIGHTS 3215
53311545078,46240 HELEN Street ST ALBANS 3021
53311552239,9 TARONGA Road TRUGANINA 3029
53311552296,9 TARONGA Road TRUGANINA 3029
53312507408,3 HIGHVISTA Grove BALLARAT EAST 3350
53311997756,12 THE Mews SUNBURY 3429
53311621689,50 SILTY Way MOOLAP 3224
53311621820,27 MASTERS Way MOOLAP 3224
53311621895,24 MASTERS Way MOOLAP 3224
53311623683,23 WERRIBEE Street WERRIBEE 3030
53309362186,9 TARONGA Road TRUGANINA 3029
53309329400,72 PALL Mall BENDIGO 3550
53309362350,9 TARONGA Road TRUGANINA 3029
53312212262,336 MCIVOR Highway JUNORTOUN 3551
53312212337,336 MCIVOR Highway JUNORTOUN 3551
53309736975,5 PHILPOT Street LONG GULLY 3550
53309833839,8 FIELD Street OCEAN GROVE 3226
53312361945,336-380 MCIVOR Highway JUNORTOUN 3551
53311228500,99 STAWELL Street BALLARAT EAST 3350
53311240416,26 TANNIN Way WAURN PONDS 3216
53311314466,9 COOLUM Close MOOLAP 3224
53311314531,16 COOLUM Close MOOLAP 3224
53311314598,14 MASTERS Way MOOLAP 3224
53311314664,18 COOLUM Close MOOLAP 3224
53311376663,96B CALVERT Street HAMLYN HEIGHTS 3215
53311568474,15 BERNARD Street SPOTSWOOD 3015
53311390211,1 ELECTRIC Street GLENROY 3046
53311392395,96A MACKENZIE Street GOLDEN SQUARE 3555
53312022646,9 TARONGA Road TRUGANINA 3029
53311646414,1 RUEDIN Street HUNTLY 3551
53312028018,83 LANGTON Street GLENROY 3046
53312032613,2 CASHEL Avenue GROVEDALE 3216
53309303181,56 EDWARDS Street SEBASTOPOL 3356
53309303248,56 EDWARDS Street SEBASTOPOL 3356
53309303315,56 EDWARDS Street SEBASTOPOL 3356
53309332881,100 OVERTON Road WILLIAMS LANDING 3027
53309349266,53 THE Rise PORTARLINGTON 3223
53309351967,1 BONNEY Court MELBOURNE AIRPORT 3045
53312434601,6 RAFFLES Drive MOOLAP 3224
53312434667,6 DRIVER Street MOOLAP 3224
53311774337,96 HIGH Street EAGLEHAWK 3556
53311780633,130 LA SCALA Avenue MARIBYRNONG 3032
53311783486,17 GHOST GUM Boulevard MARYBOROUGH 3465
53311787604,125A OCEAN THROUGHWAY  OCEAN GROVE 3226
53311864880,9 TARONGA Road TRUGANINA 3029
53312091560,1 STELLING Drive LUCAS 3350
53312106962,2 THE Mews SUNBURY 3429
53311872802,320 EPSOM Road ASCOT VALE 3032
53312260345,34B HAVLIN Street BENDIGO 3550
53312114156,161 BULMANS Road MELTON WEST 3337
53312372859,19 COOPER Street BROADMEADOWS 3047
53312262786,99999 PALMERS Road WILLIAMS LANDING 3027
53312264337,6 COUPLING Way GLENROY 3046
53312264404,34 COUPLING Way GLENROY 3046
53312264493,9 COUPLING Way GLENROY 3046
53312280351,4 TRELAWNY Way WESTMEADOWS 3049
53311697224,294 CAMP Road BROADMEADOWS 3047
53312268453,27 FALKIRK Road NERRINA 3350
53312408408,32 DUNDAS Street DARLEY 3340
53311758470,50-58 ANDREW Street WHITE HILLS 3550
53312413497,97 VISTA Drive MELTON 3337
53311796828,54 THE Rise PORTARLINGTON 3223
53312226909,45 MAIN Street COBURG 3058
53312227105,9 HUNTINGDALE Drive MOOLAP 3224
53312227203,102 OVERTON Road WILLIAMS LANDING 3027
53312082765,9 TARONGA Road TRUGANINA 3029
53312082822,9 TARONGA Road TRUGANINA 3029
53311808211,9 IRVINGS Lane KOROIT 3282
53312119147,336 MCIVOR Highway JUNORTOUN 3551
53312378468,336-380 MCIVOR Highway JUNORTOUN 3551
53312380374,5 PAGE Street TRUGANINA 3029
53312121616,184 FERGUSON Street WILLIAMSTOWN 3016
53312271764,72 RIDGE Drive AVONDALE HEIGHTS 3034
53311714631,34 MASTERS Way MOOLAP 3224
53311714847,13 SILTY Way MOOLAP 3224
53312414025,32 ASPERA Drive BROOKFIELD 3338
53312416179,46177 WELLINGTON Parade WILLIAMSTOWN 3016
53312417225,21 COUPLING Way GLENROY 3046
53311728846,38-40 AITKEN Street SUNBURY 3429
53312487302,35 VISTA Circuit WESTMEADOWS 3049
53312929681,35 BURT Street ALTONA 3018
53312931185,42 WACKETT Street LAVERTON 3028
53312932487,126 DERBY Street PASCOE VALE 3044
53311898716,3 WIMBLEDON Close MOOLAP 3224
53311898789,8 WIMBLEDON Close MOOLAP 3224
53311899028,25 SILTY Way MOOLAP 3224
53312471851,203 FURLONG Road ST ALBANS 3021
53312933171,101 WALKER Street SEBASTOPOL 3356
53312933527,13 FLOURISH Drive MOUNT DUNEED 3217
53312934285,65 MASTERS Way MOOLAP 3224
53312934848,2 HOLMAN Crescent BACCHUS MARSH 3340
53312934970,14 COBALT Walk CRAIGIEBURN 3064
53312935432,12 WATERBIRD Circuit WEIR VIEWS 3338
53312935994,2 HUNTER Avenue TORQUAY 3228
53312936539,32 CABANE Circuit MOUNT DUNEED 3217
53311912467,9 TARONGA Road TRUGANINA 3029
53311981514,10 SAINT Road CRAIGIEBURN 3064
53312131720,4 HEPBURN Way DRYSDALE 3222
53312151159,38 BECKET Street GLENROY 3046
53312151217,48 BECKET Street GLENROY 3046
53312151280,60 BECKET Street GLENROY 3046
53311954618,9 TARONGA Road TRUGANINA 3029
53311954673,9 TARONGA Road TRUGANINA 3029
53311954749,9 TARONGA Road TRUGANINA 3029
53311993820,31 HARRISON Rise DRYSDALE 3222
53311993895,24 HARRISON Rise DRYSDALE 3222
53311993961,1 FRANKLIN Way DRYSDALE 3222
53312155002,147 MACKENZIE Street GOLDEN SQUARE 3555
53312172979,3 DAYLESFORD Lane DRYSDALE 3222
53312173169,336-380 MCIVOR Highway JUNORTOUN 3551
53312175354,3 HUNTINGDALE Drive MOOLAP 3224
53312312731,31 CHARLES ANDERSON Grove LAKE GARDENS 3355
53312312798,34 CHARLES ANDERSON Grove LAKE GARDENS 3355
53312312864,37 CHARLES ANDERSON Grove LAKE GARDENS 3355
53312312921,39 CHARLES ANDERSON Grove LAKE GARDENS 3355
53312350989,36 HEATHER Avenue KEILOR EAST 3033
53312353461,326 GREENHALGHS Road DELACOMBE 3356
53312476379,4 LYONS Street BALLARAT CENTRAL 3350
53313065661,42 BRITANNIA Street GEELONG WEST 3218
53313065728,42 BRITANNIA Street GEELONG WEST 3218
53313065934,14 PARAMOUNT Boulevard WYNDHAM VALE 3024
53313066255,59 SHORTRIDGE Drive LUCAS 3350
53313066940,11 DANAE Street GLENROY 3046
53313067681,17 LONGAN Street TRUGANINA 3029
53313067816,18 MAHER Street FAWKNER 3060
53313068689,3 TRIFT Street CRAIGIEBURN 3064
53313069570,5 SCARLET Walk TARNEIT 3029
53313069646,23 HANSON Street NIDDRIE 3042
53312162015,10 SARATOGA Circuit DRYSDALE 3222
53311974481,30 BLAIR Street BROADMEADOWS 3047
53313069911,21 ERNEST Street BROADMEADOWS 3047
53313070069,16 CHURCHILL Avenue MAIDSTONE 3012
53313071875,3 FOX Court JACANA 3047
53313072204,5 PARROT Street WINTER VALLEY 3358
53313072830,7 FANTAIL Street WINTER VALLEY 3358
53313073250,34 GEMINI Crescent TRUGANINA 3029
53312184751,1 MARATHON Boulevard CRAIGIEBURN 3064
53312644885,19 COMMUNAL Road WYNDHAM VALE 3024
53312645982,55 BALLARAT Road HAMILTON 3300
53312646116,142 MORELL Street GLENROY 3046
53312646452,16 KYNOCH Street DEER PARK 3023
53312171859,71 GIBSON Street BROADMEADOWS 3047
53312311505,46145 ROSS Street DARLEY 3340
53312323317,17 MURPHY Street ALTONA NORTH 3025
53312327169,62 BECKET Street GLENROY 3046
53312793293,36 ELSTONE Avenue AIRPORT WEST 3042
53312329123,29 SPIKE BAR Way MOOLAP 3224
53312467196,101 MOUNT PLEASANT Road BELMONT 3216
53312794531,2 WOOD GUM Court BELLBRAE 3228
53312794806,3 WILSON Street FAWKNER 3060
53312795885,9 RONALD Street BALLARAT CENTRAL 3350
53312796321,15 LAPIS Walk CRAIGIEBURN 3064
53312797071,6 ROSE GUM Circuit BELLBRAE 3228
53312798203,59 MANNY PAUL Circuit BURNSIDE HEIGHTS 3023
53312453328,1 HUTTON Street KYNETON 3444
53312347926,156 RESORT Boulevard MOOLAP 3224
53312555876,30 COUPLING Way GLENROY 3046
53313000208,66 RESTFUL Way ROCKBANK 3335
53313000388,46 HUBERT Avenue GLENROY 3046
53313001171,2 HYAMS Way TRUGANINA 3029
53313001725,19 WENLYAN Drive GREENVALE 3059
53313002078,99999 ROWSLEY STATION WEST Road MADDINGLEY 3340
53313002937,3 KYEAMBA Circuit BACCHUS MARSH 3340
53312668034,7 CLAYDON Grove TRUGANINA 3029
53312668463,58 PRESIDENTS Avenue OCEAN GROVE 3226
53312809876,78 LEONARD Avenue GLENROY 3046
53312679329,107 SOUTH Street HADFIELD 3046
53312573036,12 AYLESBURY Terrace WERRIBEE 3030
53312574223,16 ALEXANDRA Street SEBASTOPOL 3356
53312683933,16 CORRIGAN Avenue BROOKLYN 3012
53312697941,5 BRONTON Close KURUNJANG 3337
53312576857,60A SHAFTSBURY Street COBURG 3058
53312814538,145 STONEHILL Drive MADDINGLEY 3340
53312816229,30 STAFFORD Street FOOTSCRAY 3011
53312947610,7 IGNEOUS Road CRAIGIEBURN 3064
53312947972,6 BLIBURG Street JACANA 3047
53312948047,36 ROWE Street MARIBYRNONG 3032
53312829116,46 SELWYN Street ALBION 3020
53312829254,7 NORMANDE Court ASCOT 3551
53312702741,46 HERTFORD Road SUNSHINE 3020
53312715520,44166 PANDORA Court DRYSDALE 3222
53312717947,14 MARONG Court BROADMEADOWS 3047
53312948244,23 VOLGA Street HADFIELD 3046
53312948996,21 SILVER LEAF Way WINTER VALLEY 3358