unique_id,address
5330762290,1 ABERVALE Way GROVEDALE 3216
5330220970,1 APRICOT Court GROVEDALE 3216
5330242964,8 APRICOT Court GROVEDALE 3216
5330247797,3 APRICOT Court GROVEDALE 3216
5330248600,2 APRICOT Court GROVEDALE 3216
5330255029,7 APRICOT Court GROVEDALE 3216
5330259750,5 APRICOT Court GROVEDALE 3216
5330264493,4 APRICOT Court GROVEDALE 3216
5330221016,5 AQUA Court GROVEDALE 3216
5330221314,3 AQUA Court GROVEDALE 3216
5330225263,6 AQUA Court GROVEDALE 3216
5330234106,4 AQUA Court GROVEDALE 3216
5330271123,1 AQUA Court GROVEDALE 3216
5330223651,4 AUBURN Way GROVEDALE 3216
5330232767,8 AUBURN Way GROVEDALE 3216
5330235592,1 AUBURN Way GROVEDALE 3216
5330235595,3 AUBURN Way GROVEDALE 3216
5330276206,2 AUBURN Way GROVEDALE 3216
5330226003,9 CERISE Court GROVEDALE 3216
5330243517,2 CERISE Court GROVEDALE 3216
5330244071,7 CERISE Court GROVEDALE 3216
5330245030,4 CERISE Court GROVEDALE 3216
5330247075,5 CERISE Court GROVEDALE 3216
5330249063,3 CERISE Court GROVEDALE 3216
5330264021,1 CERISE Court GROVEDALE 3216
5330262252,113 CHURCH Street GROVEDALE 3216
5330232499,4 COBALT Court GROVEDALE 3216
5330232530,1 COBALT Court GROVEDALE 3216
5330233843,7 COBALT Court GROVEDALE 3216
5330265095,6 COBALT Court GROVEDALE 3216
5330270125,2 COBALT Court GROVEDALE 3216
5330221559,6 CRIMSON Mall GROVEDALE 3216
5330224301,4 CRIMSON Mall GROVEDALE 3216
5330241805,8 CRIMSON Mall GROVEDALE 3216
5330242562,7 CRIMSON Mall GROVEDALE 3216
5330253278,1 CRIMSON Mall GROVEDALE 3216
5330259716,2 CRIMSON Mall GROVEDALE 3216
5330269606,5 CRIMSON Mall GROVEDALE 3216
5330269800,3 CRIMSON Mall GROVEDALE 3216
5330250245,1 CYAN Court GROVEDALE 3216
5330253003,6 CYAN Court GROVEDALE 3216
5330259109,7 CYAN Court GROVEDALE 3216
5330259434,5 CYAN Court GROVEDALE 3216
5330259673,3 CYAN Court GROVEDALE 3216
5330259729,4 CYAN Court GROVEDALE 3216
5330272572,2 CYAN Court GROVEDALE 3216
5330248443,7 HARLEQUIN Court GROVEDALE 3216
5330248447,5 HARLEQUIN Court GROVEDALE 3216
5330248449,6 HARLEQUIN Court GROVEDALE 3216
5330248450,4 HARLEQUIN Court GROVEDALE 3216
5330248451,1 HARLEQUIN Court GROVEDALE 3216
5330225348,3 IVORY Court GROVEDALE 3216
5330226869,2 IVORY Court GROVEDALE 3216
5330228894,25 MAGENTA Street GROVEDALE 3216
5330230058,16 MAGENTA Street GROVEDALE 3216
5330230370,12 MAGENTA Street GROVEDALE 3216
5330230667,24 MAGENTA Street GROVEDALE 3216
5330230670,20 MAGENTA Street GROVEDALE 3216
5330230674,18 MAGENTA Street GROVEDALE 3216
5330230692,26 MAGENTA Street GROVEDALE 3216
5330232029,3 MAGENTA Street GROVEDALE 3216
5330232033,1 MAGENTA Street GROVEDALE 3216
5330269133,5 MAGENTA Street GROVEDALE 3216
5330269141,7 MAGENTA Street GROVEDALE 3216
5330269161,11 MAGENTA Street GROVEDALE 3216
5330269185,9 MAGENTA Street GROVEDALE 3216
5330271483,2 MAGENTA Street GROVEDALE 3216
5330274070,27 MAGENTA Street GROVEDALE 3216
5330276201,4 MAGENTA Street GROVEDALE 3216
5330276203,8 MAGENTA Street GROVEDALE 3216
5330276204,10 MAGENTA Street GROVEDALE 3216
5330221052,2 MIDNIGHT Loop GROVEDALE 3216
5330221285,6 MIDNIGHT Loop GROVEDALE 3216
5330221521,8 MIDNIGHT Loop GROVEDALE 3216
5330247896,21 MIDNIGHT Loop GROVEDALE 3216
5330247907,31 MIDNIGHT Loop GROVEDALE 3216
5330247908,29 MIDNIGHT Loop GROVEDALE 3216
5330247910,25 MIDNIGHT Loop GROVEDALE 3216
5330247911,30 MIDNIGHT Loop GROVEDALE 3216
5330247912,23 MIDNIGHT Loop GROVEDALE 3216
5330252023,15 MIDNIGHT Loop GROVEDALE 3216
5330252026,13 MIDNIGHT Loop GROVEDALE 3216
5330252027,11 MIDNIGHT Loop GROVEDALE 3216
5330268422,35 MIDNIGHT Loop GROVEDALE 3216
5330268714,33 MIDNIGHT Loop GROVEDALE 3216
5330268717,34 MIDNIGHT Loop GROVEDALE 3216
5330268718,36 MIDNIGHT Loop GROVEDALE 3216
5330270520,7 MIDNIGHT Loop GROVEDALE 3216
5330241728,4 MINT Court GROVEDALE 3216
5330246197,5 MINT Court GROVEDALE 3216
5330247076,1 MINT Court GROVEDALE 3216
5330250620,3 MINT Court GROVEDALE 3216
5330268393,2 MINT Court GROVEDALE 3216
5330246226,1 RUBY Court GROVEDALE 3216
5330246232,5 RUBY Court GROVEDALE 3216
5330249000,6 RUBY Court GROVEDALE 3216
5330249150,4 RUBY Court GROVEDALE 3216
5330255184,2 RUBY Court GROVEDALE 3216
5330257635,7 RUBY Court GROVEDALE 3216
5330259435,3 RUBY Court GROVEDALE 3216
5330225677,3 SAPPHIRE Loop GROVEDALE 3216
5330229691,34 SAPPHIRE Loop GROVEDALE 3216
5330232216,59 SAPPHIRE Loop GROVEDALE 3216
5330235533,45 SAPPHIRE Loop GROVEDALE 3216
5330235749,53 SAPPHIRE Loop GROVEDALE 3216
5330235750,55 SAPPHIRE Loop GROVEDALE 3216
5330235756,49 SAPPHIRE Loop GROVEDALE 3216
5330235986,47 SAPPHIRE Loop GROVEDALE 3216
5330239773,1 SAPPHIRE Loop GROVEDALE 3216
5330240059,5 SAPPHIRE Loop GROVEDALE 3216
5330240858,62 SAPPHIRE Loop GROVEDALE 3216
5330241572,58 SAPPHIRE Loop GROVEDALE 3216
5330241583,60 SAPPHIRE Loop GROVEDALE 3216
5330241628,42 SAPPHIRE Loop GROVEDALE 3216
5330254081,44 SAPPHIRE Loop GROVEDALE 3216
5330254574,66 SAPPHIRE Loop GROVEDALE 3216
5330257493,69 SAPPHIRE Loop GROVEDALE 3216
5330258301,28 SAPPHIRE Loop GROVEDALE 3216
5330258983,24 SAPPHIRE Loop GROVEDALE 3216
5330259855,26 SAPPHIRE Loop GROVEDALE 3216
5330260192,7 SAPPHIRE Loop GROVEDALE 3216
5330260351,38 SAPPHIRE Loop GROVEDALE 3216
5330261259,43 SAPPHIRE Loop GROVEDALE 3216
5330261278,41 SAPPHIRE Loop GROVEDALE 3216
5330269683,64 SAPPHIRE Loop GROVEDALE 3216
5330761890,20 SAPPHIRE Loop GROVEDALE 3216
5330231466,8 SEPIA Court GROVEDALE 3216
5330231470,7 SEPIA Court GROVEDALE 3216
5330231569,9 SEPIA Court GROVEDALE 3216
5330231576,11 SEPIA Court GROVEDALE 3216
5330264321,12 SEPIA Court GROVEDALE 3216
5330265098,4 SEPIA Court GROVEDALE 3216
5330275023,3 SEPIA Court GROVEDALE 3216
5330275044,1 SEPIA Court GROVEDALE 3216
5330225764,2 SHAMROCK Place GROVEDALE 3216
5330253780,1 SHAMROCK Place GROVEDALE 3216
5330266513,3 SHAMROCK Place GROVEDALE 3216
5330222016,16 TANGERINE Street GROVEDALE 3216
5330229131,1 TANGERINE Street GROVEDALE 3216
5330229135,3 TANGERINE Street GROVEDALE 3216
5330229138,9 TANGERINE Street GROVEDALE 3216
5330229142,5 TANGERINE Street GROVEDALE 3216
5330229527,4 TANGERINE Street GROVEDALE 3216
5330229528,8 TANGERINE Street GROVEDALE 3216
5330229533,10 TANGERINE Street GROVEDALE 3216
5330229556,6 TANGERINE Street GROVEDALE 3216
5330235753,22 TANGERINE Street GROVEDALE 3216
5330248838,18 TANGERINE Street GROVEDALE 3216
5330264804,12 TANGERINE Street GROVEDALE 3216
5330265090,17 TANGERINE Street GROVEDALE 3216
5330269507,20 TANGERINE Street GROVEDALE 3216
5330275025,11 TANGERINE Street GROVEDALE 3216
5330275026,13 TANGERINE Street GROVEDALE 3216
5330276205,14 TANGERINE Street GROVEDALE 3216
5330221749,11 TURQUOISE Place GROVEDALE 3216
5330222175,4 TURQUOISE Place GROVEDALE 3216
5330222724,6 TURQUOISE Place GROVEDALE 3216
5330229988,22 TURQUOISE Place GROVEDALE 3216
5330229991,21 TURQUOISE Place GROVEDALE 3216
5330231207,19 TURQUOISE Place GROVEDALE 3216
5330231208,18 TURQUOISE Place GROVEDALE 3216
5330232939,3 TURQUOISE Place GROVEDALE 3216
5330252011,16 TURQUOISE Place GROVEDALE 3216
5330268873,7 TURQUOISE Place GROVEDALE 3216
5330268878,8 TURQUOISE Place GROVEDALE 3216
5330268938,9 TURQUOISE Place GROVEDALE 3216
5330269840,10 TURQUOISE Place GROVEDALE 3216
5330270672,14 TURQUOISE Place GROVEDALE 3216
5330275022,17 TURQUOISE Place GROVEDALE 3216
5330276208,2 TURQUOISE Place GROVEDALE 3216
5330276209,1 TURQUOISE Place GROVEDALE 3216
5330276210,15 TURQUOISE Place GROVEDALE 3216
5330276211,12 TURQUOISE Place GROVEDALE 3216
5330762291,4 VENETIAN Place GROVEDALE 3216
5330762292,2 VENETIAN Place GROVEDALE 3216
5330762293,3 VENETIAN Place GROVEDALE 3216
5330762294,1 VENETIAN Place GROVEDALE 3216
5330762295,5 VENETIAN Place GROVEDALE 3216
5330955356,10 AUGUSTA Drive MOOLAP 3224
5330955434,6 AUGUSTA Drive MOOLAP 3224
5330955435,8 AUGUSTA Drive MOOLAP 3224
5331243470,7 BUNKERS Street MOOLAP 3224
5331243471,5 BUNKERS Street MOOLAP 3224
5331243472,3 BUNKERS Street MOOLAP 3224
5331131443,3 COOLUM Close MOOLAP 3224
5331131444,5 COOLUM Close MOOLAP 3224
5331131445,7 COOLUM Close MOOLAP 3224
5331131446,9 COOLUM Close MOOLAP 3224
5331131447,11 COOLUM Close MOOLAP 3224
5331131448,13 COOLUM Close MOOLAP 3224
5331131449,12 COOLUM Close MOOLAP 3224
5331131451,14 COOLUM Close MOOLAP 3224
5331131453,16 COOLUM Close MOOLAP 3224
5331131461,1 COOLUM Close MOOLAP 3224
5331131466,18 COOLUM Close MOOLAP 3224
5331243462,7 DRIVER Street MOOLAP 3224
5331243463,5 DRIVER Street MOOLAP 3224
5331243464,3 DRIVER Street MOOLAP 3224
5331243466,6 DRIVER Street MOOLAP 3224
5331243467,8 DRIVER Street MOOLAP 3224
5331243469,4 DRIVER Street MOOLAP 3224
5331218696,16 GOLF CART Street MOOLAP 3224
5331223185,15 GOLF CART Street MOOLAP 3224
5331243465,16 HUNTINGDALE Drive MOOLAP 3224
5331243468,10 HUNTINGDALE Drive MOOLAP 3224
5331256491,18 HUNTINGDALE Drive MOOLAP 3224
5331261393,1 MARKER Avenue MOOLAP 3224
5330955156,3 MASTERS Way MOOLAP 3224
5330955175,1 MASTERS Way MOOLAP 3224
5330955176,5 MASTERS Way MOOLAP 3224
5330955177,7 MASTERS Way MOOLAP 3224
5330955194,9 MASTERS Way MOOLAP 3224
5330955196,11 MASTERS Way MOOLAP 3224
5331131441,4 MASTERS Way MOOLAP 3224
5331131442,6 MASTERS Way MOOLAP 3224
5331131455,20 MASTERS Way MOOLAP 3224
5331131456,18 MASTERS Way MOOLAP 3224
5331131457,16 MASTERS Way MOOLAP 3224
5331131459,14 MASTERS Way MOOLAP 3224
5331131460,12 MASTERS Way MOOLAP 3224
5331131462,13 MASTERS Way MOOLAP 3224
5331131463,15 MASTERS Way MOOLAP 3224
5331131464,17 MASTERS Way MOOLAP 3224
5331131465,19 MASTERS Way MOOLAP 3224
5331162181,29 MASTERS Way MOOLAP 3224
5331162182,27 MASTERS Way MOOLAP 3224
5331162183,25 MASTERS Way MOOLAP 3224
5331162184,23 MASTERS Way MOOLAP 3224
5331162185,21 MASTERS Way MOOLAP 3224
5331162186,30 MASTERS Way MOOLAP 3224
5331162187,28 MASTERS Way MOOLAP 3224
5331162188,26 MASTERS Way MOOLAP 3224
5331162189,24 MASTERS Way MOOLAP 3224
5331284392,76 MASTERS Way MOOLAP 3224
5331284393,78 MASTERS Way MOOLAP 3224
5331284394,80 MASTERS Way MOOLAP 3224
5331284397,82 MASTERS Way MOOLAP 3224
5331284588,71 MASTERS Way MOOLAP 3224
5331284589,69 MASTERS Way MOOLAP 3224
5331293425,72 MASTERS Way MOOLAP 3224
5331293426,74 MASTERS Way MOOLAP 3224
5331293427,67 MASTERS Way MOOLAP 3224
5331293428,65 MASTERS Way MOOLAP 3224
5331293607,68 MASTERS Way MOOLAP 3224
5331293608,70 MASTERS Way MOOLAP 3224
5331293609,61 MASTERS Way MOOLAP 3224
5331293610,63 MASTERS Way MOOLAP 3224
5331243460,6 RAFFLES Drive MOOLAP 3224
5331243461,8 RAFFLES Drive MOOLAP 3224
5331243641,4 RAFFLES Drive MOOLAP 3224
5331219690,20 SANTA ANNA Street MOOLAP 3224
5330955436,17 SHELL GRIT Circuit MOOLAP 3224
5330965355,15 SHELL GRIT Circuit MOOLAP 3224
5331162168,50 SILTY Way MOOLAP 3224
5331162172,4 SILTY Way MOOLAP 3224
5331162174,51 SILTY Way MOOLAP 3224
5331162176,52 SILTY Way MOOLAP 3224
5331162180,53 SILTY Way MOOLAP 3224
5331207390,33 SILTY Way MOOLAP 3224
5331217805,20 SPIKE BAR Way MOOLAP 3224
5331218695,32 SPIKE BAR Way MOOLAP 3224
5331218697,30 SPIKE BAR Way MOOLAP 3224
5331232909,33 SPIKE BAR Way MOOLAP 3224
5331232911,31 SPIKE BAR Way MOOLAP 3224
5331232912,29 SPIKE BAR Way MOOLAP 3224
5331162141,6 WETLANDS Street MOOLAP 3224
5330285028,99999 ALBERT Street BALLARAT CENTRAL 3350
5330309412,123 ALBERT Street BALLARAT CENTRAL 3350
5330270265,2 COOLOCK Court MARSHALL 3216
5330270272,3 COOLOCK Court MARSHALL 3216
5330270280,4 COOLOCK Court MARSHALL 3216
5330270944,1 COOLOCK Court MARSHALL 3216
5330285410,10 DANA Street BALLARAT CENTRAL 3350
5330278444,503 DRUMMOND Street BALLARAT 3350
5330278913,501 DRUMMOND Street BALLARAT 3350
5330279581,302 DRUMMOND Street BALLARAT 3350
5330279708,520 DRUMMOND Street BALLARAT 3350
5330279727,519 DRUMMOND Street BALLARAT 3350
5330279780,502 DRUMMOND Street BALLARAT 3350
5330279787,505 DRUMMOND Street BALLARAT 3350
5330280042,26 DRUMMOND Street BALLARAT 3350
5330280739,506 DRUMMOND Street BALLARAT 3350
5330281272,509 DRUMMOND Street BALLARAT 3350
5330281417,519 DRUMMOND Street BALLARAT 3350
5330281715,506 DRUMMOND Street BALLARAT 3350
5330284171,30 DRUMMOND Street BALLARAT 3350
5330284455,509 DRUMMOND Street BALLARAT 3350
5330284906,18 DRUMMOND Street BALLARAT 3350
5330286292,525 DRUMMOND Street BALLARAT 3350
5330286487,511 DRUMMOND Street BALLARAT 3350
5330286499,511 DRUMMOND Street BALLARAT 3350
5330286500,511 DRUMMOND Street BALLARAT 3350
5330287156,12 DRUMMOND Street BALLARAT 3350
5330290986,523 DRUMMOND Street BALLARAT 3350
5330295165,510 DRUMMOND Street BALLARAT 3350
5330295220,519 DRUMMOND Street BALLARAT 3350
5330295381,519 DRUMMOND Street BALLARAT 3350
5330295562,519 DRUMMOND Street BALLARAT 3350
5330296190,513 DRUMMOND Street BALLARAT 3350
5330298089,503 DRUMMOND Street BALLARAT 3350
5330301656,524 DRUMMOND Street BALLARAT 3350
5330302131,32 DRUMMOND Street BALLARAT 3350
5330302194,509 DRUMMOND Street BALLARAT 3350
5330302201,522 DRUMMOND Street BALLARAT 3350
5330303983,526 DRUMMOND Street BALLARAT 3350
5330306172,514 DRUMMOND Street BALLARAT 3350
5330306224,22 DRUMMOND Street BALLARAT 3350
5330308626,14 DRUMMOND Street BALLARAT 3350
5330308686,508 DRUMMOND Street BALLARAT 3350
5330308737,20 DRUMMOND Street BALLARAT 3350
5330309203,509 DRUMMOND Street BALLARAT 3350
5330312357,507 DRUMMOND Street BALLARAT 3350
5330312420,519 DRUMMOND Street BALLARAT 3350
5330313112,516 DRUMMOND Street BALLARAT 3350
5330318876,509 DRUMMOND Street BALLARAT 3350
5330319147,28 DRUMMOND Street BALLARAT 3350
5330320430,528 DRUMMOND Street BALLARAT 3350
5330320464,507 DRUMMOND Street BALLARAT 3350
5330320522,504 DRUMMOND Street BALLARAT 3350
5330320613,509 DRUMMOND Street BALLARAT 3350
5330320652,509 DRUMMOND Street BALLARAT 3350
5330320661,518 DRUMMOND Street BALLARAT 3350
5330320678,509 DRUMMOND Street BALLARAT 3350
5330320681,517 DRUMMOND Street BALLARAT 3350
5330324605,530 DRUMMOND Street BALLARAT 3350
5330325159,16 DRUMMOND Street BALLARAT 3350
5330325191,24 DRUMMOND Street BALLARAT 3350
5330329048,121 DRUMMOND Street BALLARAT 3350
5330543248,515 DRUMMOND Street BALLARAT 3350
5330569103,409 DRUMMOND Street BALLARAT 3350
5330569107,409 DRUMMOND Street BALLARAT 3350
5330302088,702 EYRE Street BALLARAT CENTRAL 3350
5330265185,17 HANIGAN Street MARSHALL 3216
5330265596,13 HANIGAN Street MARSHALL 3216
5330265612,6 HANIGAN Street MARSHALL 3216
5330265615,8 HANIGAN Street MARSHALL 3216
5330265957,7 HANIGAN Street MARSHALL 3216
5330265961,11 HANIGAN Street MARSHALL 3216
5330265964,3 HANIGAN Street MARSHALL 3216
5330265967,9 HANIGAN Street MARSHALL 3216
5330265970,5 HANIGAN Street MARSHALL 3216
5330265971,15 HANIGAN Street MARSHALL 3216
5330270233,5 MANLEY Court MARSHALL 3216
5330270262,2 MANLEY Court MARSHALL 3216
5330270263,1 MANLEY Court MARSHALL 3216
5330270264,6 MANLEY Court MARSHALL 3216
5330270266,7 MANLEY Court MARSHALL 3216
5330263651,17 MARSHALLTOWN Road GROVEDALE 3216
5330228150,99999 MARSHALLTOWN Road MARSHALL 3216
5330228159,2 MARSHALLTOWN Road MARSHALL 3216
5330228160,99999 MARSHALLTOWN Road MARSHALL 3216
5330276940,2 MARSHALLTOWN Road MARSHALL 3216
5330265508,47 MOYLAN Loop MARSHALL 3216
5330265514,45 MOYLAN Loop MARSHALL 3216
5330265599,43 MOYLAN Loop MARSHALL 3216
5330266172,44 MOYLAN Loop MARSHALL 3216
5330266213,42 MOYLAN Loop MARSHALL 3216
5330266216,46 MOYLAN Loop MARSHALL 3216
5330266221,50 MOYLAN Loop MARSHALL 3216
5330266225,48 MOYLAN Loop MARSHALL 3216
5330266228,10 MOYLAN Loop MARSHALL 3216
5330266232,4 MOYLAN Loop MARSHALL 3216
5330266233,14 MOYLAN Loop MARSHALL 3216
5330266236,6 MOYLAN Loop MARSHALL 3216
5330266238,12 MOYLAN Loop MARSHALL 3216
5330266241,8 MOYLAN Loop MARSHALL 3216
5330266244,2 MOYLAN Loop MARSHALL 3216
5330270234,22 MOYLAN Loop MARSHALL 3216
5330270235,20 MOYLAN Loop MARSHALL 3216
5330270257,34 MOYLAN Loop MARSHALL 3216
5330270258,24 MOYLAN Loop MARSHALL 3216
5330270259,26 MOYLAN Loop MARSHALL 3216
5330270260,30 MOYLAN Loop MARSHALL 3216
5330270261,32 MOYLAN Loop MARSHALL 3216
5330270268,28 MOYLAN Loop MARSHALL 3216
5330270270,39 MOYLAN Loop MARSHALL 3216
5330270271,37 MOYLAN Loop MARSHALL 3216
5330270284,41 MOYLAN Loop MARSHALL 3216
5330270945,23 MOYLAN Loop MARSHALL 3216
5330270946,25 MOYLAN Loop MARSHALL 3216
5330272338,19 MOYLAN Loop MARSHALL 3216
5330272600,21 MOYLAN Loop MARSHALL 3216
5330270273,1 MULALLY Court MARSHALL 3216
5330270274,2 MULALLY Court MARSHALL 3216
5330270275,3 MULALLY Court MARSHALL 3216
5330270276,4 MULALLY Court MARSHALL 3216
5330270281,6 MULALLY Court MARSHALL 3216
5330270282,5 MULALLY Court MARSHALL 3216
5330270283,7 MULALLY Court MARSHALL 3216
5330270942,9 MULALLY Court MARSHALL 3216
5330270943,8 MULALLY Court MARSHALL 3216
5330305577,13 RAGLAN Street BALLARAT CENTRAL 3350
5330293460,208 RIPON Street BALLARAT CENTRAL 3350
5330295358,302 RIPON Street BALLARAT CENTRAL 3350
5330302196,302 RIPON Street BALLARAT CENTRAL 3350
5330323859,124 RIPON Street BALLARAT CENTRAL 3350
5330323860,124 RIPON Street BALLARAT CENTRAL 3350
5330299597,408 SEBASTOPOL Street BALLARAT CENTRAL 3350
5330321369,602 SEBASTOPOL Street BALLARAT CENTRAL 3350
5331360641,507 SEBASTOPOL Street REDAN 3350
5330272339,6 SHERLOCK Close MARSHALL 3216
5330272340,4 SHERLOCK Close MARSHALL 3216
5330272594,7 SHERLOCK Close MARSHALL 3216
5330272595,10 SHERLOCK Close MARSHALL 3216
5330272597,13 SHERLOCK Close MARSHALL 3216
5330272598,5 SHERLOCK Close MARSHALL 3216
5330272599,9 SHERLOCK Close MARSHALL 3216
5330272601,8 SHERLOCK Close MARSHALL 3216
5330272602,11 SHERLOCK Close MARSHALL 3216
5330272603,12 SHERLOCK Close MARSHALL 3216
5330311726,601 SOUTH Street BALLARAT CENTRAL 3350
5330265506,4 ST BENEDICT Court MARSHALL 3216
5330265512,3 ST BENEDICT Court MARSHALL 3216
5330266229,7 ST BENEDICT Court MARSHALL 3216
5330266242,6 ST BENEDICT Court MARSHALL 3216
5330266245,8 ST BENEDICT Court MARSHALL 3216
5330325915,99999 STURT Street BALLARAT 3350
5331254583,222 STURT Street BALLARAT 3350
5330657009,101 STURT Street BALLARAT CENTRAL 3350
5330292482,15 TALBOT Street BALLARAT CENTRAL 3350
5330282821,903 URQUHART Street BALLARAT CENTRAL 3350
5330288702,903 URQUHART Street BALLARAT CENTRAL 3350
5331327483,15 DEAKIN Avenue ALTONA NORTH 3025
5331327484,17 DEAKIN Avenue ALTONA NORTH 3025
5331327485,19 DEAKIN Avenue ALTONA NORTH 3025
5331327486,21 DEAKIN Avenue ALTONA NORTH 3025
5331327487,23 DEAKIN Avenue ALTONA NORTH 3025
5331327488,25 DEAKIN Avenue ALTONA NORTH 3025
5331327489,27 DEAKIN Avenue ALTONA NORTH 3025
5331327490,29 DEAKIN Avenue ALTONA NORTH 3025
5331367017,3 DEAKIN Avenue ALTONA NORTH 3025
5331367016,5 DEAKIN Avenue ALTONA NORTH 3025
5331367018,1 DEAKIN Avenue ALTONA NORTH 3025
5331366952,11 DEAKIN Avenue ALTONA NORTH 3025
5331366953,9 DEAKIN Avenue ALTONA NORTH 3025
5331366951,13 DEAKIN Avenue ALTONA NORTH 3025
5331367015,7 DEAKIN Avenue ALTONA NORTH 3025
5331314349,13 GLADE Avenue ALTONA NORTH 3025
5331327491,18 GLYNN Avenue ALTONA NORTH 3025
5331327492,20 GLYNN Avenue ALTONA NORTH 3025
5331327493,22 GLYNN Avenue ALTONA NORTH 3025
5331327494,24 GLYNN Avenue ALTONA NORTH 3025
5331327495,26 GLYNN Avenue ALTONA NORTH 3025
5331327496,28 GLYNN Avenue ALTONA NORTH 3025
5331327497,30 GLYNN Avenue ALTONA NORTH 3025
5331327498,32 GLYNN Avenue ALTONA NORTH 3025
5331314365,42 GLYNN Avenue ALTONA NORTH 3025
5331314460,38 GLYNN Avenue ALTONA NORTH 3025
5331314463,44 GLYNN Avenue ALTONA NORTH 3025
5331314457,34 GLYNN Avenue ALTONA NORTH 3025
5331314459,36 GLYNN Avenue ALTONA NORTH 3025
5331314461,40 GLYNN Avenue ALTONA NORTH 3025
5331314462,46 GLYNN Avenue ALTONA NORTH 3025
5331366946,2 GLYNN Avenue ALTONA NORTH 3025
5331366950,4 GLYNN Avenue ALTONA NORTH 3025
5331367316,14 GLYNN Avenue ALTONA NORTH 3025
5331367013,16 GLYNN Avenue ALTONA NORTH 3025
5331366947,12 GLYNN Avenue ALTONA NORTH 3025
5331366948,10 GLYNN Avenue ALTONA NORTH 3025
5331366949,6 GLYNN Avenue ALTONA NORTH 3025
5331366954,8 GLYNN Avenue ALTONA NORTH 3025
5331327570,18 MISTEN Avenue ALTONA NORTH 3025
5331327568,16 MISTEN Avenue ALTONA NORTH 3025
5331327573,22 MISTEN Avenue ALTONA NORTH 3025
5331327575,20 MISTEN Avenue ALTONA NORTH 3025
5331327569,16 MISTEN Avenue ALTONA NORTH 3025
5331327571,20 MISTEN Avenue ALTONA NORTH 3025
5331327572,18 MISTEN Avenue ALTONA NORTH 3025
5331327574,22 MISTEN Avenue ALTONA NORTH 3025
5331327482,9 ROSALA Avenue ALTONA NORTH 3025
5331327863,11 ROSALA Avenue ALTONA NORTH 3025
5331314364,27 ROSALA Avenue ALTONA NORTH 3025
5331314347,27 ROSALA Avenue ALTONA NORTH 3025
5331314348,23 ROSALA Avenue ALTONA NORTH 3025
5331314350,25 ROSALA Avenue ALTONA NORTH 3025
5331314334,25 ROSALA Avenue ALTONA NORTH 3025
5331327560,13 ROSALA Avenue ALTONA NORTH 3025
5331327563,17 ROSALA Avenue ALTONA NORTH 3025
5331327566,21 ROSALA Avenue ALTONA NORTH 3025
5331327870,11 ROSALA Avenue ALTONA NORTH 3025
5331327559,13 ROSALA Avenue ALTONA NORTH 3025
5331327564,17 ROSALA Avenue ALTONA NORTH 3025
5331328483,9 ROSALA Avenue ALTONA NORTH 3025
5331314409,23 ROSALA Avenue ALTONA NORTH 3025
5331327561,15 ROSALA Avenue ALTONA NORTH 3025
5331327562,15 ROSALA Avenue ALTONA NORTH 3025
5331327565,19 ROSALA Avenue ALTONA NORTH 3025
5331327567,19 ROSALA Avenue ALTONA NORTH 3025
5331350758,3 ROSALA Avenue ALTONA NORTH 3025
5331350759,3 ROSALA Avenue ALTONA NORTH 3025
5331350761,5 ROSALA Avenue ALTONA NORTH 3025
5331350757,1 ROSALA Avenue ALTONA NORTH 3025
5331350760,5 ROSALA Avenue ALTONA NORTH 3025
5331350762,7 ROSALA Avenue ALTONA NORTH 3025
5331350763,7 ROSALA Avenue ALTONA NORTH 3025
5330649055,3 BRAESIDE Court ST ALBANS PARK 3219
5330649056,2 BRAESIDE Court ST ALBANS PARK 3219
5330649057,4 BRAESIDE Court ST ALBANS PARK 3219
5330649058,1 BRAESIDE Court ST ALBANS PARK 3219
5330649061,5 BRAESIDE Court ST ALBANS PARK 3219
5330649062,6 BRAESIDE Court ST ALBANS PARK 3219
5330613231,2 BRODIE Court ST ALBANS PARK 3219
5330613233,1 BRODIE Court ST ALBANS PARK 3219
5330613234,3 BRODIE Court ST ALBANS PARK 3219
5330613329,5 BRODIE Court ST ALBANS PARK 3219
5330613331,9 BRODIE Court ST ALBANS PARK 3219
5330613333,8 BRODIE Court ST ALBANS PARK 3219
5330613338,7 BRODIE Court ST ALBANS PARK 3219
5330613341,6 BRODIE Court ST ALBANS PARK 3219
5330613343,4 BRODIE Court ST ALBANS PARK 3219
5330607292,8 CARRICK Court ST ALBANS PARK 3219
5330608570,6 CARRICK Court ST ALBANS PARK 3219
5330609433,2 CARRICK Court ST ALBANS PARK 3219
5330609984,5 CARRICK Court ST ALBANS PARK 3219
5330613330,3 CARRICK Court ST ALBANS PARK 3219
5330613337,4 CARRICK Court ST ALBANS PARK 3219
5330624878,4 DUNBAR Road ST ALBANS PARK 3219
5330624880,3 DUNBAR Road ST ALBANS PARK 3219
5330624882,2 DUNBAR Road ST ALBANS PARK 3219
5330624883,1 DUNBAR Road ST ALBANS PARK 3219
5330649051,1 GLENAE Court ST ALBANS PARK 3219
5330649052,5 GLENAE Court ST ALBANS PARK 3219
5330649053,4 GLENAE Court ST ALBANS PARK 3219
5330649054,6 GLENAE Court ST ALBANS PARK 3219
5330649070,2 GLENAE Court ST ALBANS PARK 3219
5330649072,3 GLENAE Court ST ALBANS PARK 3219
5330634029,1 ROBERTS Court ST ALBANS PARK 3219
5330635855,8 ROBERTS Court ST ALBANS PARK 3219
5330635856,7 ROBERTS Court ST ALBANS PARK 3219
5330635864,6 ROBERTS Court ST ALBANS PARK 3219
5330635865,5 ROBERTS Court ST ALBANS PARK 3219
5330635867,3 ROBERTS Court ST ALBANS PARK 3219
5330635870,4 ROBERTS Court ST ALBANS PARK 3219
5330635872,2 ROBERTS Court ST ALBANS PARK 3219
5330634028,10 SKYE Court ST ALBANS PARK 3219
5330635557,9 SKYE Court ST ALBANS PARK 3219
5330635558,8 SKYE Court ST ALBANS PARK 3219
5330635559,7 SKYE Court ST ALBANS PARK 3219
5330635560,6 SKYE Court ST ALBANS PARK 3219
5330635561,5 SKYE Court ST ALBANS PARK 3219
5330635562,4 SKYE Court ST ALBANS PARK 3219
5330635563,3 SKYE Court ST ALBANS PARK 3219
5330635565,1 SKYE Court ST ALBANS PARK 3219
5330635854,2 SKYE Court ST ALBANS PARK 3219
5330507660,120 TOWNSEND Road MOOLAP 3224
5330515057,120 TOWNSEND Road MOOLAP 3224
5330225776,110 TOWNSEND Road WHITTINGTON 3219
5330261460,110 TOWNSEND Road WHITTINGTON 3219
5330261463,110 TOWNSEND Road WHITTINGTON 3219
5330263236,110 TOWNSEND Road WHITTINGTON 3219
5330263303,110 TOWNSEND Road WHITTINGTON 3219
5330263563,110 TOWNSEND Road WHITTINGTON 3219
5330268146,114 TOWNSEND Road WHITTINGTON 3219
5330548379,118 TOWNSEND Road WHITTINGTON 3219
5330649063,1 WALLACE Court ST ALBANS PARK 3219
5330649064,2 WALLACE Court ST ALBANS PARK 3219
5330649065,3 WALLACE Court ST ALBANS PARK 3219
5330649066,5 WALLACE Court ST ALBANS PARK 3219
5330649074,4 WALLACE Court ST ALBANS PARK 3219
5330649075,6 WALLACE Court ST ALBANS PARK 3219
5330694635,1 COVENTRY Street TULLAMARINE 3043
5330694642,1 COVENTRY Street TULLAMARINE 3043
5330694692,1 COVENTRY Street TULLAMARINE 3043
5330694693,1 COVENTRY Street TULLAMARINE 3043
5330694694,1 COVENTRY Street TULLAMARINE 3043
5330694696,1 COVENTRY Street TULLAMARINE 3043
5330694697,1 COVENTRY Street TULLAMARINE 3043
5330694698,1 COVENTRY Street TULLAMARINE 3043
5330694700,1 COVENTRY Street TULLAMARINE 3043
5330694702,1 COVENTRY Street TULLAMARINE 3043
5330694654,1 COVENTRY Street TULLAMARINE 3043
5330694706,1 COVENTRY Street TULLAMARINE 3043
5330694707,1 COVENTRY Street TULLAMARINE 3043
5330694710,1 COVENTRY Street TULLAMARINE 3043
5330694711,1 COVENTRY Street TULLAMARINE 3043
5330694713,1 COVENTRY Street TULLAMARINE 3043
5330694714,1 COVENTRY Street TULLAMARINE 3043
5330694715,1 COVENTRY Street TULLAMARINE 3043
5330694717,1 COVENTRY Street TULLAMARINE 3043
5330694718,1 COVENTRY Street TULLAMARINE 3043
5330694719,1 COVENTRY Street TULLAMARINE 3043
5330700559,1 COVENTRY Street TULLAMARINE 3043
5330700560,1 COVENTRY Street TULLAMARINE 3043
5330700659,1 COVENTRY Street TULLAMARINE 3043
5330700662,1 COVENTRY Street TULLAMARINE 3043
5330700663,1 COVENTRY Street TULLAMARINE 3043
5330700664,1 COVENTRY Street TULLAMARINE 3043
5330700666,1 COVENTRY Street TULLAMARINE 3043
5330700667,1 COVENTRY Street TULLAMARINE 3043
5330700668,1 COVENTRY Street TULLAMARINE 3043
5330700671,1 COVENTRY Street TULLAMARINE 3043
5330700673,1 COVENTRY Street TULLAMARINE 3043
5330718842,1 COVENTRY Street TULLAMARINE 3043
5330718845,1 COVENTRY Street TULLAMARINE 3043
5330718847,1 COVENTRY Street TULLAMARINE 3043
5330718855,1 COVENTRY Street TULLAMARINE 3043
5330718858,1 COVENTRY Street TULLAMARINE 3043
5330718863,1 COVENTRY Street TULLAMARINE 3043
5330718866,1 COVENTRY Street TULLAMARINE 3043
5330718870,1 COVENTRY Street TULLAMARINE 3043
5330718874,1 COVENTRY Street TULLAMARINE 3043
5330718880,1 COVENTRY Street TULLAMARINE 3043
5330724313,1 COVENTRY Street TULLAMARINE 3043
5330733349,1 COVENTRY Street TULLAMARINE 3043
5330733350,1 COVENTRY Street TULLAMARINE 3043
5330733351,1 COVENTRY Street TULLAMARINE 3043
5330733353,1 COVENTRY Street TULLAMARINE 3043
5330733355,1 COVENTRY Street TULLAMARINE 3043
5330733359,1 COVENTRY Street TULLAMARINE 3043
5330733360,1 COVENTRY Street TULLAMARINE 3043
5330733361,1 COVENTRY Street TULLAMARINE 3043
5330733363,1 COVENTRY Street TULLAMARINE 3043
5330733364,1 COVENTRY Street TULLAMARINE 3043
5330733366,1 COVENTRY Street TULLAMARINE 3043
5330733368,1 COVENTRY Street TULLAMARINE 3043
5330733369,1 COVENTRY Street TULLAMARINE 3043
5330733370,1 COVENTRY Street TULLAMARINE 3043
5330733372,1 COVENTRY Street TULLAMARINE 3043
5330733373,1 COVENTRY Street TULLAMARINE 3043
5330733374,1 COVENTRY Street TULLAMARINE 3043
5330733376,1 COVENTRY Street TULLAMARINE 3043
5330736648,1 COVENTRY Street TULLAMARINE 3043
5330736649,1 COVENTRY Street TULLAMARINE 3043
5330736652,1 COVENTRY Street TULLAMARINE 3043
5330606997,132 MASON Street NEWPORT 3015
5330606999,132 MASON Street NEWPORT 3015
5330607000,132 MASON Street NEWPORT 3015
5330607002,132 MASON Street NEWPORT 3015
5330607003,132 MASON Street NEWPORT 3015
5330607004,132 MASON Street NEWPORT 3015
5330607006,132 MASON Street NEWPORT 3015
5330607007,132 MASON Street NEWPORT 3015
5330607009,132 MASON Street NEWPORT 3015
5330607021,132 MASON Street NEWPORT 3015
5330607022,132 MASON Street NEWPORT 3015
5330607023,132 MASON Street NEWPORT 3015
5330607024,132 MASON Street NEWPORT 3015
5330607025,132 MASON Street NEWPORT 3015
5330607026,132 MASON Street NEWPORT 3015
5330607027,132 MASON Street NEWPORT 3015
5330607028,132 MASON Street NEWPORT 3015
5330607029,132 MASON Street NEWPORT 3015
5330607030,132 MASON Street NEWPORT 3015
5330607031,132 MASON Street NEWPORT 3015
5330607032,132 MASON Street NEWPORT 3015
5330607034,132 MASON Street NEWPORT 3015
5330607035,132 MASON Street NEWPORT 3015
5330607036,132 MASON Street NEWPORT 3015
5330607037,132 MASON Street NEWPORT 3015
5330607038,132 MASON Street NEWPORT 3015
5330607039,132 MASON Street NEWPORT 3015
5330607040,132 MASON Street NEWPORT 3015
5330607041,132 MASON Street NEWPORT 3015
5330607042,132 MASON Street NEWPORT 3015
5330607043,132 MASON Street NEWPORT 3015
5330607044,132 MASON Street NEWPORT 3015
5330607045,132 MASON Street NEWPORT 3015
5330607033,132 MASON Street NEWPORT 3015
5330607046,132 MASON Street NEWPORT 3015
5330607047,132 MASON Street NEWPORT 3015
5330607049,132 MASON Street NEWPORT 3015
5330607050,132 MASON Street NEWPORT 3015
5330607051,132 MASON Street NEWPORT 3015
5330607052,132 MASON Street NEWPORT 3015
5330607053,132 MASON Street NEWPORT 3015
5330607073,132 MASON Street NEWPORT 3015
5330607097,132 MASON Street NEWPORT 3015
5330607098,132 MASON Street NEWPORT 3015
5330607104,132 MASON Street NEWPORT 3015
5330607103,132 MASON Street NEWPORT 3015
5330607106,132 MASON Street NEWPORT 3015
5330607122,132 MASON Street NEWPORT 3015
5330607123,132 MASON Street NEWPORT 3015
5330607124,132 MASON Street NEWPORT 3015
5330607135,132 MASON Street NEWPORT 3015
5330607137,132 MASON Street NEWPORT 3015
5330607138,132 MASON Street NEWPORT 3015
5330607140,132 MASON Street NEWPORT 3015
5330607141,132 MASON Street NEWPORT 3015
5330607142,132 MASON Street NEWPORT 3015
5330607143,132 MASON Street NEWPORT 3015
5330607144,132 MASON Street NEWPORT 3015
5330607145,132 MASON Street NEWPORT 3015
5330607146,132 MASON Street NEWPORT 3015
5330607148,132 MASON Street NEWPORT 3015
5330607150,132 MASON Street NEWPORT 3015
5330264848,5 BRADSHAW Court ST ALBANS PARK 3219
5330264852,4 BRADSHAW Court ST ALBANS PARK 3219
5330264856,6 BRADSHAW Court ST ALBANS PARK 3219
5330264884,2 BRADSHAW Court ST ALBANS PARK 3219
5330264943,1 BRADSHAW Court ST ALBANS PARK 3219
5330264958,8 BRADSHAW Court ST ALBANS PARK 3219
5330264963,3 BRADSHAW Court ST ALBANS PARK 3219
5330607699,7 CARRICK Court ST ALBANS PARK 3219
5330610949,1 CARRICK Court ST ALBANS PARK 3219
5330266500,4 CLEVERDON Court ST ALBANS PARK 3219
5330266539,1 CLEVERDON Court ST ALBANS PARK 3219
5330266601,9 CLEVERDON Court ST ALBANS PARK 3219
5330266611,7 CLEVERDON Court ST ALBANS PARK 3219
5330266786,8 CLEVERDON Court ST ALBANS PARK 3219
5330266797,2 CLEVERDON Court ST ALBANS PARK 3219
5330266800,5 CLEVERDON Court ST ALBANS PARK 3219
5330266803,6 CLEVERDON Court ST ALBANS PARK 3219
5330266805,3 CLEVERDON Court ST ALBANS PARK 3219
5330572223,8 CLUNY Court ST ALBANS PARK 3219
5330572226,7 CLUNY Court ST ALBANS PARK 3219
5330572227,6 CLUNY Court ST ALBANS PARK 3219
5330572229,5 CLUNY Court ST ALBANS PARK 3219
5330572230,4 CLUNY Court ST ALBANS PARK 3219
5330572232,1 CLUNY Court ST ALBANS PARK 3219
5330572233,2 CLUNY Court ST ALBANS PARK 3219
5330572234,3 CLUNY Court ST ALBANS PARK 3219
5330264779,5 COOPER Drive ST ALBANS PARK 3219
5330264781,3 COOPER Drive ST ALBANS PARK 3219
5330264788,1 COOPER Drive ST ALBANS PARK 3219
5330266523,15 COOPER Drive ST ALBANS PARK 3219
5330266532,17 COOPER Drive ST ALBANS PARK 3219
5330266534,13 COOPER Drive ST ALBANS PARK 3219
5330266612,18 COOPER Drive ST ALBANS PARK 3219
5330266613,20 COOPER Drive ST ALBANS PARK 3219
5330266614,16 COOPER Drive ST ALBANS PARK 3219
5330266617,14 COOPER Drive ST ALBANS PARK 3219
5330266618,22 COOPER Drive ST ALBANS PARK 3219
5330266770,7 COOPER Drive ST ALBANS PARK 3219
5330266776,11 COOPER Drive ST ALBANS PARK 3219
5330266777,9 COOPER Drive ST ALBANS PARK 3219
5330571453,12 COOPER Drive ST ALBANS PARK 3219
5330571455,10 COOPER Drive ST ALBANS PARK 3219
5330572236,4 COOPER Drive ST ALBANS PARK 3219
5330572237,6 COOPER Drive ST ALBANS PARK 3219
5330572238,8 COOPER Drive ST ALBANS PARK 3219
5330264621,10 LLOYD Court ST ALBANS PARK 3219
5330264669,11 LLOYD Court ST ALBANS PARK 3219
5330264712,12 LLOYD Court ST ALBANS PARK 3219
5330264793,3 LLOYD Court ST ALBANS PARK 3219
5330264805,6 LLOYD Court ST ALBANS PARK 3219
5330264822,2 LLOYD Court ST ALBANS PARK 3219
5330264827,1 LLOYD Court ST ALBANS PARK 3219
5330264910,8 LLOYD Court ST ALBANS PARK 3219
5330264911,4 LLOYD Court ST ALBANS PARK 3219
5330264914,7 LLOYD Court ST ALBANS PARK 3219
5330264917,9 LLOYD Court ST ALBANS PARK 3219
5330264921,5 LLOYD Court ST ALBANS PARK 3219
5331397054,21 OSCAR Crescent DEANSIDE 3336
5331415064,40 OSCAR Crescent DEANSIDE 3336
5331396936,26 OSCAR Crescent DEANSIDE 3336
5331397242,19 OSCAR Crescent DEANSIDE 3336
5331400731,35 OSCAR Crescent DEANSIDE 3336
5331401000,62 OSCAR Crescent DEANSIDE 3336
5331408267,39 OSCAR Crescent DEANSIDE 3336
5331400771,54 OSCAR Crescent DEANSIDE 3336
5331401319,25 OSCAR Crescent DEANSIDE 3336
5331397043,51 OSCAR Crescent DEANSIDE 3336
5331394449,24 OSCAR Crescent DEANSIDE 3336
5331405618,10 OSCAR Crescent DEANSIDE 3336
5331395626,58 OSCAR Crescent DEANSIDE 3336
5331397050,7 OSCAR Crescent DEANSIDE 3336
5331397057,11 OSCAR Crescent DEANSIDE 3336
5331404781,27 OSCAR Crescent DEANSIDE 3336
5331406286,34 OSCAR Crescent DEANSIDE 3336
5331409459,45 OSCAR Crescent DEANSIDE 3336
5331408321,37 OSCAR Crescent DEANSIDE 3336
5331397056,56 OSCAR Crescent DEANSIDE 3336
5331397406,47 OSCAR Crescent DEANSIDE 3336
5331398118,42 OSCAR Crescent DEANSIDE 3336
5331414431,38 OSCAR Crescent DEANSIDE 3336
5331399160,15 OSCAR Crescent DEANSIDE 3336
5331401564,8 OSCAR Crescent DEANSIDE 3336
5331397055,13 OSCAR Crescent DEANSIDE 3336
5331397124,53 OSCAR Crescent DEANSIDE 3336
5331395418,12 OSCAR Crescent DEANSIDE 3336
5331403989,41 OSCAR Crescent DEANSIDE 3336
5331396400,29 OSCAR Crescent DEANSIDE 3336
5331413428,57 OSCAR Crescent DEANSIDE 3336
5331413430,55 OSCAR Crescent DEANSIDE 3336
5331408767,32 OSCAR Crescent DEANSIDE 3336
5331408894,28 OSCAR Crescent DEANSIDE 3336
5331400591,33 OSCAR Crescent DEANSIDE 3336
5331414384,48 OSCAR Crescent DEANSIDE 3336
5331409901,17 OSCAR Crescent DEANSIDE 3336
5331409968,23 OSCAR Crescent DEANSIDE 3336
5331410370,49 OSCAR Crescent DEANSIDE 3336
5331406036,6 OSCAR Crescent DEANSIDE 3336
5331406284,36 OSCAR Crescent DEANSIDE 3336
5331407550,22 OSCAR Crescent DEANSIDE 3336
5331407551,18 OSCAR Crescent DEANSIDE 3336
5331408494,3 OSCAR Crescent DEANSIDE 3336
5331408550,30 OSCAR Crescent DEANSIDE 3336
5331407552,16 OSCAR Crescent DEANSIDE 3336
5331414383,46 OSCAR Crescent DEANSIDE 3336
5331418023,31 OSCAR Crescent DEANSIDE 3336
5331396720,44 OSCAR Crescent DEANSIDE 3336
5331406573,20 OSCAR Crescent DEANSIDE 3336
5331398258,14 OSCAR Crescent DEANSIDE 3336
5331399895,9 OSCAR Crescent DEANSIDE 3336
5331400706,60 OSCAR Crescent DEANSIDE 3336
5331182844,2 HYDE PARK Avenue CRAIGIEBURN 3064
5331182846,2 HYDE PARK Avenue CRAIGIEBURN 3064
5331182847,2 HYDE PARK Avenue CRAIGIEBURN 3064
5331182848,2 HYDE PARK Avenue CRAIGIEBURN 3064
5331182850,2 HYDE PARK Avenue CRAIGIEBURN 3064
5331182852,2 HYDE PARK Avenue CRAIGIEBURN 3064
5331182854,2 HYDE PARK Avenue CRAIGIEBURN 3064
5331182856,2 HYDE PARK Avenue CRAIGIEBURN 3064
5331182858,2 HYDE PARK Avenue CRAIGIEBURN 3064
5331182859,2 HYDE PARK Avenue CRAIGIEBURN 3064
5331182861,2 HYDE PARK Avenue CRAIGIEBURN 3064
5331182862,2 HYDE PARK Avenue CRAIGIEBURN 3064
5331182863,2 HYDE PARK Avenue CRAIGIEBURN 3064
5331182865,2 HYDE PARK Avenue CRAIGIEBURN 3064
5331182867,2 HYDE PARK Avenue CRAIGIEBURN 3064
5331182868,2 HYDE PARK Avenue CRAIGIEBURN 3064
5331186875,2 HYDE PARK Avenue CRAIGIEBURN 3064
5331186876,2 HYDE PARK Avenue CRAIGIEBURN 3064
5331186878,2 HYDE PARK Avenue CRAIGIEBURN 3064
5331186879,2 HYDE PARK Avenue CRAIGIEBURN 3064
5331186880,2 HYDE PARK Avenue CRAIGIEBURN 3064
5331186881,2 HYDE PARK Avenue CRAIGIEBURN 3064
5331186884,2 HYDE PARK Avenue CRAIGIEBURN 3064
5331186885,2 HYDE PARK Avenue CRAIGIEBURN 3064
5331186886,2 HYDE PARK Avenue CRAIGIEBURN 3064
5331186887,2 HYDE PARK Avenue CRAIGIEBURN 3064
5331186888,2 HYDE PARK Avenue CRAIGIEBURN 3064
5331186889,2 HYDE PARK Avenue CRAIGIEBURN 3064
5331186890,2 HYDE PARK Avenue CRAIGIEBURN 3064
5331186891,2 HYDE PARK Avenue CRAIGIEBURN 3064
5331186892,2 HYDE PARK Avenue CRAIGIEBURN 3064
5331186893,2 HYDE PARK Avenue CRAIGIEBURN 3064
5331186894,2 HYDE PARK Avenue CRAIGIEBURN 3064
5331186895,2 HYDE PARK Avenue CRAIGIEBURN 3064
5331186896,2 HYDE PARK Avenue CRAIGIEBURN 3064
5331186897,2 HYDE PARK Avenue CRAIGIEBURN 3064
5331186898,2 HYDE PARK Avenue CRAIGIEBURN 3064
5331186899,2 HYDE PARK Avenue CRAIGIEBURN 3064
5331186900,2 HYDE PARK Avenue CRAIGIEBURN 3064
5331186902,2 HYDE PARK Avenue CRAIGIEBURN 3064
5331186903,2 HYDE PARK Avenue CRAIGIEBURN 3064
5331186904,2 HYDE PARK Avenue CRAIGIEBURN 3064
5331186905,2 HYDE PARK Avenue CRAIGIEBURN 3064
5331186907,2 HYDE PARK Avenue CRAIGIEBURN 3064
5331186908,2 HYDE PARK Avenue CRAIGIEBURN 3064
5331186909,2 HYDE PARK Avenue CRAIGIEBURN 3064
5331193200,2 HYDE PARK Avenue CRAIGIEBURN 3064
5331193201,2 HYDE PARK Avenue CRAIGIEBURN 3064
5331193202,2 HYDE PARK Avenue CRAIGIEBURN 3064
5331193203,2 HYDE PARK Avenue CRAIGIEBURN 3064
5331193204,2 HYDE PARK Avenue CRAIGIEBURN 3064
5331199208,2 HYDE PARK Avenue CRAIGIEBURN 3064
5331322534,40 CALLISTEMON Circuit LARA 3212
5331316378,70 CALLISTEMON Circuit LARA 3212
5331311148,67 CALLISTEMON Circuit LARA 3212
5331311136,47 CALLISTEMON Circuit LARA 3212
5331308544,20 CALLISTEMON Circuit LARA 3212
5331314219,7 CALLISTEMON Circuit LARA 3212
5331311167,56 CALLISTEMON Circuit LARA 3212
5331311549,30 CALLISTEMON Circuit LARA 3212
5331310535,68 CALLISTEMON Circuit LARA 3212
5331309114,57 CALLISTEMON Circuit LARA 3212
5331315994,54 CALLISTEMON Circuit LARA 3212
5331311446,64 CALLISTEMON Circuit LARA 3212
5331313847,51 CALLISTEMON Circuit LARA 3212
5331314081,63 CALLISTEMON Circuit LARA 3212
5331314200,41 CALLISTEMON Circuit LARA 3212
5331312528,60 CALLISTEMON Circuit LARA 3212
5331314788,65 CALLISTEMON Circuit LARA 3212
5331311176,59 CALLISTEMON Circuit LARA 3212
5331314559,33 CALLISTEMON Circuit LARA 3212
5331322572,27 CALLISTEMON Circuit LARA 3212
5331313503,69 CALLISTEMON Circuit LARA 3212
5331314193,53 CALLISTEMON Circuit LARA 3212
5331316122,25 CALLISTEMON Circuit LARA 3212
5331313796,43 CALLISTEMON Circuit LARA 3212
5331311160,66 CALLISTEMON Circuit LARA 3212
5331316128,28 CALLISTEMON Circuit LARA 3212
5331314252,26 CALLISTEMON Circuit LARA 3212
5331318689,24 CALLISTEMON Circuit LARA 3212
5331318906,45 CALLISTEMON Circuit LARA 3212
5331318468,49 CALLISTEMON Circuit LARA 3212
5331316365,50 CALLISTEMON Circuit LARA 3212
5331324842,19 CALLISTEMON Circuit LARA 3212
5331323251,44 CALLISTEMON Circuit LARA 3212
5331320142,22 CALLISTEMON Circuit LARA 3212
5331316593,21 CALLISTEMON Circuit LARA 3212
5331318687,61 CALLISTEMON Circuit LARA 3212
5331319561,62 CALLISTEMON Circuit LARA 3212
5331325798,58 CALLISTEMON Circuit LARA 3212
5331314198,23 CALLISTEMON Circuit LARA 3212
5331320538,36 CALLISTEMON Circuit LARA 3212
5331355330,32 CALLISTEMON Circuit LARA 3212
5331329862,55 CALLISTEMON Circuit LARA 3212
5331340020,48 CALLISTEMON Circuit LARA 3212
5331339564,38 CALLISTEMON Circuit LARA 3212
5331355113,46 CALLISTEMON Circuit LARA 3212
5331371616,39 CALLISTEMON Circuit LARA 3212
5331343871,52 CALLISTEMON Circuit LARA 3212
5331330273,31 CALLISTEMON Circuit LARA 3212
5331346523,29 CALLISTEMON Circuit LARA 3212
5331395472,699 GRAND Boulevard MICKLEHAM 3064
5331377041,51 JACKSONIA Drive MICKLEHAM 3064
5331382811,34 JACKSONIA Drive MICKLEHAM 3064
5331383451,23 JACKSONIA Drive MICKLEHAM 3064
5331382810,18 JACKSONIA Drive MICKLEHAM 3064
5331384074,28 JACKSONIA Drive MICKLEHAM 3064
5331387831,3 JACKSONIA Drive MICKLEHAM 3064
5331379813,50 JACKSONIA Drive MICKLEHAM 3064
5331379856,31 JACKSONIA Drive MICKLEHAM 3064
5331386170,24 JACKSONIA Drive MICKLEHAM 3064
5331386299,4 JACKSONIA Drive MICKLEHAM 3064
5331383452,15 JACKSONIA Drive MICKLEHAM 3064
5331377289,43 JACKSONIA Drive MICKLEHAM 3064
5331375509,17 JACKSONIA Drive MICKLEHAM 3064
5331380576,46 JACKSONIA Drive MICKLEHAM 3064
5331380577,44 JACKSONIA Drive MICKLEHAM 3064
5331383375,13 JACKSONIA Drive MICKLEHAM 3064
5331376754,25 JACKSONIA Drive MICKLEHAM 3064
5331377671,33 JACKSONIA Drive MICKLEHAM 3064
5331420470,20 JACKSONIA Drive MICKLEHAM 3064
5331375928,5 JACKSONIA Drive MICKLEHAM 3064
5331376250,11 JACKSONIA Drive MICKLEHAM 3064
5331381458,21 JACKSONIA Drive MICKLEHAM 3064
5331382812,22 JACKSONIA Drive MICKLEHAM 3064
5331382813,16 JACKSONIA Drive MICKLEHAM 3064
5331382918,42 JACKSONIA Drive MICKLEHAM 3064
5331390958,40 JACKSONIA Drive MICKLEHAM 3064
5331394774,38 JACKSONIA Drive MICKLEHAM 3064
5331379807,29 JACKSONIA Drive MICKLEHAM 3064
5331388391,39 JACKSONIA Drive MICKLEHAM 3064
5331403283,26 JACKSONIA Drive MICKLEHAM 3064
5331381073,19 JACKSONIA Drive MICKLEHAM 3064
5331401096,32 JACKSONIA Drive MICKLEHAM 3064
5331385456,6 JACKSONIA Drive MICKLEHAM 3064
5331397880,8 JACKSONIA Drive MICKLEHAM 3064
5331377683,47 JACKSONIA Drive MICKLEHAM 3064
5331383491,7 JACKSONIA Drive MICKLEHAM 3064
5331382804,36 JACKSONIA Drive MICKLEHAM 3064
5331380022,35 JACKSONIA Drive MICKLEHAM 3064
5331392203,45 JACKSONIA Drive MICKLEHAM 3064
5331391506,30 JACKSONIA Drive MICKLEHAM 3064
5331392090,55 JACKSONIA Drive MICKLEHAM 3064
5331392202,53 JACKSONIA Drive MICKLEHAM 3064
5331420368,48 JACKSONIA Drive MICKLEHAM 3064
5331386300,27 JACKSONIA Drive MICKLEHAM 3064
5331404000,12 JACKSONIA Drive MICKLEHAM 3064
5331376249,9 JACKSONIA Drive MICKLEHAM 3064
5331377305,41 JACKSONIA Drive MICKLEHAM 3064
5331379588,37 JACKSONIA Drive MICKLEHAM 3064
5331344055,14 BLACKWOOD Close COBURG 3058
5331344064,10 BLACKWOOD Close COBURG 3058
5331344051,1 BLACKWOOD Close COBURG 3058
5331344032,4 BLACKWOOD Close COBURG 3058
5331344057,7 BLACKWOOD Close COBURG 3058
5331344060,20 BLACKWOOD Close COBURG 3058
5331344061,24 BLACKWOOD Close COBURG 3058
5331344066,6 BLACKWOOD Close COBURG 3058
5331344059,18 BLACKWOOD Close COBURG 3058
5331344062,12 BLACKWOOD Close COBURG 3058
5331344063,8 BLACKWOOD Close COBURG 3058
5331344052,3 BLACKWOOD Close COBURG 3058
5331344053,22 BLACKWOOD Close COBURG 3058
5331344058,26 BLACKWOOD Close COBURG 3058
5331344065,2 BLACKWOOD Close COBURG 3058
5331344056,5 BLACKWOOD Close COBURG 3058
5331344054,16 BLACKWOOD Close COBURG 3058
5331344038,2 CONTE Close COBURG 3058
5331345092,27 CONTE Close COBURG 3058
5331345093,7 CONTE Close COBURG 3058
5331345100,9 CONTE Close COBURG 3058
5331345103,19 CONTE Close COBURG 3058
5331345104,23 CONTE Close COBURG 3058
5331345105,21 CONTE Close COBURG 3058
5331345107,14 CONTE Close COBURG 3058
5331345094,5 CONTE Close COBURG 3058
5331345097,12 CONTE Close COBURG 3058
5331345099,8 CONTE Close COBURG 3058
5331344030,1 CONTE Close COBURG 3058
5331344033,13 CONTE Close COBURG 3058
5331344045,4 CONTE Close COBURG 3058
5331345095,6 CONTE Close COBURG 3058
5331345098,10 CONTE Close COBURG 3058
5331345101,15 CONTE Close COBURG 3058
5331345106,25 CONTE Close COBURG 3058
5331344035,3 CONTE Close COBURG 3058
5331344036,11 CONTE Close COBURG 3058
5331351620,2 GAMUT Crescent BONNIE BROOK 3335
5331399816,65 OPERA Boulevard BONNIE BROOK 3335
5331344039,37 PENTRIDGE Boulevard COBURG 3058
5331344040,39 PENTRIDGE Boulevard COBURG 3058
5331344046,41 PENTRIDGE Boulevard COBURG 3058
5331344049,35 PENTRIDGE Boulevard COBURG 3058
5331344050,43 PENTRIDGE Boulevard COBURG 3058
5331344042,8 SACRAMENTO Way COBURG 3058
5331345096,12 SACRAMENTO Way COBURG 3058
5331344043,6 SACRAMENTO Way COBURG 3058
5331344041,10 SACRAMENTO Way COBURG 3058
5331344047,4 SACRAMENTO Way COBURG 3058
5331344048,2 SACRAMENTO Way COBURG 3058
5331346607,18 STELLAR Road BONNIE BROOK 3335
5331353510,38 STELLAR Road BONNIE BROOK 3335
5331348453,32 STELLAR Road BONNIE BROOK 3335
5331364246,35 STELLAR Road BONNIE BROOK 3335
5331364247,33 STELLAR Road BONNIE BROOK 3335
5331347418,42 STELLAR Road BONNIE BROOK 3335
5331366132,40 STELLAR Road BONNIE BROOK 3335
5331352229,26 STELLAR Road BONNIE BROOK 3335
5331368511,7 STELLAR Road BONNIE BROOK 3335
5331353330,10 STELLAR Road BONNIE BROOK 3335
5331357379,12 STELLAR Road BONNIE BROOK 3335
5331356108,8 STELLAR Road BONNIE BROOK 3335
5331344402,20 STELLAR Road BONNIE BROOK 3335
5331348192,4 STELLAR Road BONNIE BROOK 3335
5331376447,5 STELLAR Road BONNIE BROOK 3335
5331377880,36 STELLAR Road BONNIE BROOK 3335
5331345110,52 STELLAR Road BONNIE BROOK 3335
5331359034,9 STELLAR Road BONNIE BROOK 3335
5331351674,34 STELLAR Road BONNIE BROOK 3335
5331364248,41 STELLAR Road BONNIE BROOK 3335
5331357004,14 STELLAR Road BONNIE BROOK 3335
5331381196,13 STELLAR Road BONNIE BROOK 3335
5331350956,54 STELLAR Road BONNIE BROOK 3335
5331359385,16 STELLAR Road BONNIE BROOK 3335
5331420870,25 STELLAR Road BONNIE BROOK 3335
5331421010,21 STELLAR Road BONNIE BROOK 3335
5331344231,51 STELLAR Road BONNIE BROOK 3335
5331344228,47 STELLAR Road BONNIE BROOK 3335
5331344229,49 STELLAR Road BONNIE BROOK 3335
5331344235,53 STELLAR Road BONNIE BROOK 3335
5331408810,45 STELLAR Road BONNIE BROOK 3335
5331364244,39 STELLAR Road BONNIE BROOK 3335
5331361056,3 STELLAR Road BONNIE BROOK 3335
5331364245,37 STELLAR Road BONNIE BROOK 3335
5331358921,56 STELLAR Road BONNIE BROOK 3335
5331360955,48 STELLAR Road BONNIE BROOK 3335
5331356087,11 STELLAR Road BONNIE BROOK 3335
5331367964,50 STELLAR Road BONNIE BROOK 3335
5331348031,58 STELLAR Road BONNIE BROOK 3335
5331372820,6 STELLAR Road BONNIE BROOK 3335
5331345753,24 STELLAR Road BONNIE BROOK 3335
5331348544,46 STELLAR Road BONNIE BROOK 3335
5331349693,22 STELLAR Road BONNIE BROOK 3335
5331352027,28 STELLAR Road BONNIE BROOK 3335
5331354647,2 STELLAR Road BONNIE BROOK 3335
5331359156,30 STELLAR Road BONNIE BROOK 3335
5331416405,38 TIMETABLE Street MAMBOURIN 3024
5331418457,16 TIMETABLE Street MAMBOURIN 3024
5331418458,14 TIMETABLE Street MAMBOURIN 3024
5331418459,12 TIMETABLE Street MAMBOURIN 3024
5331419207,54 TIMETABLE Street MAMBOURIN 3024
5331419208,52 TIMETABLE Street MAMBOURIN 3024
5331419210,48 TIMETABLE Street MAMBOURIN 3024
5331419211,32 TIMETABLE Street MAMBOURIN 3024
5331419213,28 TIMETABLE Street MAMBOURIN 3024
5331419633,58 TIMETABLE Street MAMBOURIN 3024
5331421503,15 TIMETABLE Street MAMBOURIN 3024
5331421504,17 TIMETABLE Street MAMBOURIN 3024
5331421509,7 TIMETABLE Street MAMBOURIN 3024
5331421510,3 TIMETABLE Street MAMBOURIN 3024
5331421539,1 TIMETABLE Street MAMBOURIN 3024
5331419209,50 TIMETABLE Street MAMBOURIN 3024
5331419215,22 TIMETABLE Street MAMBOURIN 3024
5331416024,46 TIMETABLE Street MAMBOURIN 3024
5331416396,40 TIMETABLE Street MAMBOURIN 3024
5331416404,42 TIMETABLE Street MAMBOURIN 3024
5331416802,36 TIMETABLE Street MAMBOURIN 3024
5331421507,11 TIMETABLE Street MAMBOURIN 3024
5331419214,26 TIMETABLE Street MAMBOURIN 3024
5331416394,44 TIMETABLE Street MAMBOURIN 3024
5331417878,4 TIMETABLE Street MAMBOURIN 3024
5331419050,24 TIMETABLE Street MAMBOURIN 3024
5331417773,8 TIMETABLE Street MAMBOURIN 3024
5331418460,10 TIMETABLE Street MAMBOURIN 3024
5331421506,9 TIMETABLE Street MAMBOURIN 3024
5331420353,20 TIMETABLE Street MAMBOURIN 3024
5331419206,56 TIMETABLE Street MAMBOURIN 3024
5331419216,18 TIMETABLE Street MAMBOURIN 3024
5331420509,21 TIMETABLE Street MAMBOURIN 3024
5331420510,23 TIMETABLE Street MAMBOURIN 3024
5331420513,29 TIMETABLE Street MAMBOURIN 3024
5331420514,31 TIMETABLE Street MAMBOURIN 3024
5331420515,33 TIMETABLE Street MAMBOURIN 3024
5331420516,35 TIMETABLE Street MAMBOURIN 3024
5331420517,37 TIMETABLE Street MAMBOURIN 3024
5331417877,6 TIMETABLE Street MAMBOURIN 3024
5331417879,2 TIMETABLE Street MAMBOURIN 3024
5331419205,60 TIMETABLE Street MAMBOURIN 3024
5331420511,25 TIMETABLE Street MAMBOURIN 3024
5331420512,27 TIMETABLE Street MAMBOURIN 3024
5331420518,39 TIMETABLE Street MAMBOURIN 3024
5331421502,19 TIMETABLE Street MAMBOURIN 3024
5331421505,13 TIMETABLE Street MAMBOURIN 3024
5331419212,30 TIMETABLE Street MAMBOURIN 3024
5331378577,44 MONTAGNA Circuit ARMSTRONG CREEK 3217
5331363275,42 MONTAGNA Circuit ARMSTRONG CREEK 3217
5331360032,9 MONTAGNA Circuit ARMSTRONG CREEK 3217
5331364443,33 MONTAGNA Circuit ARMSTRONG CREEK 3217
5331361020,40 MONTAGNA Circuit ARMSTRONG CREEK 3217
5331365488,6 MONTAGNA Circuit ARMSTRONG CREEK 3217
5331360195,47 MONTAGNA Circuit ARMSTRONG CREEK 3217
5331369035,31 MONTAGNA Circuit ARMSTRONG CREEK 3217
5331365633,5 MONTAGNA Circuit ARMSTRONG CREEK 3217
5331363010,48 MONTAGNA Circuit ARMSTRONG CREEK 3217
5331364779,23 MONTAGNA Circuit ARMSTRONG CREEK 3217
5331369985,8 MONTAGNA Circuit ARMSTRONG CREEK 3217
5331389038,39 MONTAGNA Circuit ARMSTRONG CREEK 3217
5331364448,19 MONTAGNA Circuit ARMSTRONG CREEK 3217
5331360290,46 MONTAGNA Circuit ARMSTRONG CREEK 3217
5331360942,36 MONTAGNA Circuit ARMSTRONG CREEK 3217
5331375867,3 MONTAGNA Circuit ARMSTRONG CREEK 3217
5331377178,26 MONTAGNA Circuit ARMSTRONG CREEK 3217
5331377179,24 MONTAGNA Circuit ARMSTRONG CREEK 3217
5331380323,25 MONTAGNA Circuit ARMSTRONG CREEK 3217
5331374010,35 MONTAGNA Circuit ARMSTRONG CREEK 3217
5331377174,32 MONTAGNA Circuit ARMSTRONG CREEK 3217
5331377176,30 MONTAGNA Circuit ARMSTRONG CREEK 3217
5331365945,41 MONTAGNA Circuit ARMSTRONG CREEK 3217
5331366478,45 MONTAGNA Circuit ARMSTRONG CREEK 3217
5331360907,27 MONTAGNA Circuit ARMSTRONG CREEK 3217
5331385368,11 MONTAGNA Circuit ARMSTRONG CREEK 3217
5331362072,53 MONTAGNA Circuit ARMSTRONG CREEK 3217
5331362314,17 MONTAGNA Circuit ARMSTRONG CREEK 3217
5331373061,21 MONTAGNA Circuit ARMSTRONG CREEK 3217
5331373063,16 MONTAGNA Circuit ARMSTRONG CREEK 3217
5331363711,10 MONTAGNA Circuit ARMSTRONG CREEK 3217
5331363781,12 MONTAGNA Circuit ARMSTRONG CREEK 3217
5331368356,51 MONTAGNA Circuit ARMSTRONG CREEK 3217
5331365042,34 MONTAGNA Circuit ARMSTRONG CREEK 3217
5331367374,14 MONTAGNA Circuit ARMSTRONG CREEK 3217
5331377177,28 MONTAGNA Circuit ARMSTRONG CREEK 3217
5331359848,7 MONTAGNA Circuit ARMSTRONG CREEK 3217
5331363869,37 MONTAGNA Circuit ARMSTRONG CREEK 3217
5331363793,38 MONTAGNA Circuit ARMSTRONG CREEK 3217
5331363776,18 MONTAGNA Circuit ARMSTRONG CREEK 3217
5331365896,15 MONTAGNA Circuit ARMSTRONG CREEK 3217
5331368176,43 MONTAGNA Circuit ARMSTRONG CREEK 3217
5331366520,49 MONTAGNA Circuit ARMSTRONG CREEK 3217
5331369786,20 MONTAGNA Circuit ARMSTRONG CREEK 3217
5331394624,13 MONTAGNA Circuit ARMSTRONG CREEK 3217
5331382581,22 MONTAGNA Circuit ARMSTRONG CREEK 3217
5331351961,2 ANNABEL Street DEANSIDE 3336
5331370518,38 CAVA Circuit SUNBURY 3429
5331343532,33 JOEY Crescent DEANSIDE 3336
5331343589,35 JOEY Crescent DEANSIDE 3336
5331344733,17 JOEY Crescent DEANSIDE 3336
5331344739,25 JOEY Crescent DEANSIDE 3336
5331344741,7 JOEY Crescent DEANSIDE 3336
5331344745,5 JOEY Crescent DEANSIDE 3336
5331342772,24 JOEY Crescent DEANSIDE 3336
5331344740,9 JOEY Crescent DEANSIDE 3336
5331344746,3 JOEY Crescent DEANSIDE 3336
5331340392,10 JOEY Crescent DEANSIDE 3336
5331347576,28 JOEY Crescent DEANSIDE 3336
5331348606,36 JOEY Crescent DEANSIDE 3336
5331348827,14 JOEY Crescent DEANSIDE 3336
5331340357,41 JOEY Crescent DEANSIDE 3336
5331347801,32 JOEY Crescent DEANSIDE 3336
5331343534,35 JOEY Crescent DEANSIDE 3336
5331344738,13 JOEY Crescent DEANSIDE 3336
5331344180,20 JOEY Crescent DEANSIDE 3336
5331344759,11 JOEY Crescent DEANSIDE 3336
5331349845,40 JOEY Crescent DEANSIDE 3336
5331356874,30 JOEY Crescent DEANSIDE 3336
5331340146,37 JOEY Crescent DEANSIDE 3336
5331343523,27 JOEY Crescent DEANSIDE 3336
5331343524,29 JOEY Crescent DEANSIDE 3336
5331343528,31 JOEY Crescent DEANSIDE 3336
5331340868,26 JOEY Crescent DEANSIDE 3336
5331344742,21 JOEY Crescent DEANSIDE 3336
5331344744,23 JOEY Crescent DEANSIDE 3336
5331344743,19 JOEY Crescent DEANSIDE 3336
5331344143,22 JOEY Crescent DEANSIDE 3336
5331347575,12 JOEY Crescent DEANSIDE 3336
5331336988,4 JOEY Crescent DEANSIDE 3336
5331371389,8 JOEY Crescent DEANSIDE 3336
5331344734,15 JOEY Crescent DEANSIDE 3336
5331343588,37 JOEY Crescent DEANSIDE 3336
5331348210,38 JOEY Crescent DEANSIDE 3336
5331347800,34 JOEY Crescent DEANSIDE 3336
5331375106,6 JOEY Crescent DEANSIDE 3336
5331349483,18 JOEY Crescent DEANSIDE 3336
5331343498,2 MOON Crescent DEANSIDE 3336
5331343503,6 MOON Crescent DEANSIDE 3336
5331343500,4 MOON Crescent DEANSIDE 3336
5331343507,12 MOON Crescent DEANSIDE 3336
5331343505,8 MOON Crescent DEANSIDE 3336
5331343504,10 MOON Crescent DEANSIDE 3336
5331372020,48 UNICO Circuit MOUNT DUNEED 3217
5331368755,22 UNICO Circuit MOUNT DUNEED 3217
5331373567,53 UNICO Circuit MOUNT DUNEED 3217
5331370900,46 UNICO Circuit MOUNT DUNEED 3217
5331370964,7 UNICO Circuit MOUNT DUNEED 3217
5331378710,9 UNICO Circuit MOUNT DUNEED 3217
5331375153,37 UNICO Circuit MOUNT DUNEED 3217
5331371923,5 UNICO Circuit MOUNT DUNEED 3217
5331373596,6 UNICO Circuit MOUNT DUNEED 3217
5331410239,52 UNICO Circuit MOUNT DUNEED 3217
5331420371,41 UNICO Circuit MOUNT DUNEED 3217
5331370126,44 UNICO Circuit MOUNT DUNEED 3217
5331370209,14 UNICO Circuit MOUNT DUNEED 3217
5331378934,50 UNICO Circuit MOUNT DUNEED 3217
5331379986,20 UNICO Circuit MOUNT DUNEED 3217
5331417835,39 UNICO Circuit MOUNT DUNEED 3217
5331372678,17 UNICO Circuit MOUNT DUNEED 3217
5331370514,8 UNICO Circuit MOUNT DUNEED 3217
5331371304,10 UNICO Circuit MOUNT DUNEED 3217
5331378019,33 UNICO Circuit MOUNT DUNEED 3217
5331386760,31 UNICO Circuit MOUNT DUNEED 3217
5331372019,13 UNICO Circuit MOUNT DUNEED 3217
5331375194,11 UNICO Circuit MOUNT DUNEED 3217
5331379532,21 UNICO Circuit MOUNT DUNEED 3217
5331373274,35 UNICO Circuit MOUNT DUNEED 3217
5331376198,23 UNICO Circuit MOUNT DUNEED 3217
5331375169,43 UNICO Circuit MOUNT DUNEED 3217
5331378567,49 UNICO Circuit MOUNT DUNEED 3217
5331396594,24 UNICO Circuit MOUNT DUNEED 3217
5331368758,12 UNICO Circuit MOUNT DUNEED 3217
5331366772,47 UNICO Circuit MOUNT DUNEED 3217
5331367742,55 UNICO Circuit MOUNT DUNEED 3217
5331367269,26 UNICO Circuit MOUNT DUNEED 3217
5331368654,28 UNICO Circuit MOUNT DUNEED 3217
5331370252,30 UNICO Circuit MOUNT DUNEED 3217
5331366431,45 UNICO Circuit MOUNT DUNEED 3217
5331366773,36 UNICO Circuit MOUNT DUNEED 3217
5331374262,38 UNICO Circuit MOUNT DUNEED 3217
5331377406,19 UNICO Circuit MOUNT DUNEED 3217
5331373127,15 UNICO Circuit MOUNT DUNEED 3217
5331370251,3 UNICO Circuit MOUNT DUNEED 3217
5331375004,51 UNICO Circuit MOUNT DUNEED 3217
5331376114,18 UNICO Circuit MOUNT DUNEED 3217
5331387869,40 UNICO Circuit MOUNT DUNEED 3217
5331379721,34 UNICO Circuit MOUNT DUNEED 3217
5331360833,27 ISAACS Street DEANSIDE 3336
5331341541,1 MCKELL Street DEANSIDE 3336
5331343508,14 MOON Crescent DEANSIDE 3336
5331343509,16 MOON Crescent DEANSIDE 3336
5331344723,73 NORMANBY Boulevard DEANSIDE 3336
5331344725,69 NORMANBY Boulevard DEANSIDE 3336
5331344727,63 NORMANBY Boulevard DEANSIDE 3336
5331330498,18 NORMANBY Boulevard DEANSIDE 3336
5331331031,36 NORMANBY Boulevard DEANSIDE 3336
5331361432,34 NORMANBY Boulevard DEANSIDE 3336
5331332866,20 NORMANBY Boulevard DEANSIDE 3336
5331344735,51 NORMANBY Boulevard DEANSIDE 3336
5331362647,44 NORMANBY Boulevard DEANSIDE 3336
5331347182,54 NORMANBY Boulevard DEANSIDE 3336
5331345075,71 NORMANBY Boulevard DEANSIDE 3336
5331334185,38 NORMANBY Boulevard DEANSIDE 3336
5331337915,16 NORMANBY Boulevard DEANSIDE 3336
5331344719,77 NORMANBY Boulevard DEANSIDE 3336
5331351954,32 NORMANBY Boulevard DEANSIDE 3336
5331372940,52 NORMANBY Boulevard DEANSIDE 3336
5331332864,22 NORMANBY Boulevard DEANSIDE 3336
5331333520,28 NORMANBY Boulevard DEANSIDE 3336
5331335678,42 NORMANBY Boulevard DEANSIDE 3336
5331343513,89 NORMANBY Boulevard DEANSIDE 3336
5331343515,85 NORMANBY Boulevard DEANSIDE 3336
5331343516,83 NORMANBY Boulevard DEANSIDE 3336
5331343518,79 NORMANBY Boulevard DEANSIDE 3336
5331343514,87 NORMANBY Boulevard DEANSIDE 3336
5331344737,53 NORMANBY Boulevard DEANSIDE 3336
5331343510,91 NORMANBY Boulevard DEANSIDE 3336
5331344720,67 NORMANBY Boulevard DEANSIDE 3336
5331344722,65 NORMANBY Boulevard DEANSIDE 3336
5331344731,49 NORMANBY Boulevard DEANSIDE 3336
5331344732,55 NORMANBY Boulevard DEANSIDE 3336
5331343517,81 NORMANBY Boulevard DEANSIDE 3336
5331344353,46 NORMANBY Boulevard DEANSIDE 3336
5331344718,75 NORMANBY Boulevard DEANSIDE 3336
5331344728,61 NORMANBY Boulevard DEANSIDE 3336
5331333522,26 NORMANBY Boulevard DEANSIDE 3336
5331337916,30 NORMANBY Boulevard DEANSIDE 3336
5331346220,48 NORMANBY Boulevard DEANSIDE 3336
5331344729,59 NORMANBY Boulevard DEANSIDE 3336
5331344730,57 NORMANBY Boulevard DEANSIDE 3336
5331347458,24 NORMANBY Boulevard DEANSIDE 3336
5331352389,40 NORMANBY Boulevard DEANSIDE 3336
5331359272,3 GILDED Way CRAIGIEBURN 3064
5331359254,37 GILDED Way CRAIGIEBURN 3064
5331359265,15 GILDED Way CRAIGIEBURN 3064
5331359262,21 GILDED Way CRAIGIEBURN 3064
5331359259,27 GILDED Way CRAIGIEBURN 3064
5331359260,25 GILDED Way CRAIGIEBURN 3064
5331359267,11 GILDED Way CRAIGIEBURN 3064
5331359255,35 GILDED Way CRAIGIEBURN 3064
5331359261,23 GILDED Way CRAIGIEBURN 3064
5331359263,19 GILDED Way CRAIGIEBURN 3064
5331359264,17 GILDED Way CRAIGIEBURN 3064
5331359269,9 GILDED Way CRAIGIEBURN 3064
5331359270,7 GILDED Way CRAIGIEBURN 3064
5331359271,5 GILDED Way CRAIGIEBURN 3064
5331422861,45 GILDED Way CRAIGIEBURN 3064
5331359256,33 GILDED Way CRAIGIEBURN 3064
5331359257,31 GILDED Way CRAIGIEBURN 3064
5331359258,29 GILDED Way CRAIGIEBURN 3064
5331359266,13 GILDED Way CRAIGIEBURN 3064
5331359288,9 GLISTEN Way CRAIGIEBURN 3064
5331359296,25 GLISTEN Way CRAIGIEBURN 3064
5331359291,15 GLISTEN Way CRAIGIEBURN 3064
5331359294,21 GLISTEN Way CRAIGIEBURN 3064
5331359301,35 GLISTEN Way CRAIGIEBURN 3064
5331359285,5 GLISTEN Way CRAIGIEBURN 3064
5331359284,1 GLISTEN Way CRAIGIEBURN 3064
5331359286,7 GLISTEN Way CRAIGIEBURN 3064
5331359293,19 GLISTEN Way CRAIGIEBURN 3064
5331359299,31 GLISTEN Way CRAIGIEBURN 3064
5331359305,37 GLISTEN Way CRAIGIEBURN 3064
5331359292,17 GLISTEN Way CRAIGIEBURN 3064
5331359295,23 GLISTEN Way CRAIGIEBURN 3064
5331359300,33 GLISTEN Way CRAIGIEBURN 3064
5331359287,3 GLISTEN Way CRAIGIEBURN 3064
5331359290,13 GLISTEN Way CRAIGIEBURN 3064
5331359297,27 GLISTEN Way CRAIGIEBURN 3064
5331359298,29 GLISTEN Way CRAIGIEBURN 3064
5331359289,11 GLISTEN Way CRAIGIEBURN 3064
5330544201,266 HIGH Street KANGAROO FLAT 3555
5330544203,266 HIGH Street KANGAROO FLAT 3555
5330544204,266 HIGH Street KANGAROO FLAT 3555
5330547956,266 HIGH Street KANGAROO FLAT 3555
5330549232,266 HIGH Street KANGAROO FLAT 3555
5330551432,266 HIGH Street KANGAROO FLAT 3555
5330551435,266 HIGH Street KANGAROO FLAT 3555
5330551440,266 HIGH Street KANGAROO FLAT 3555
5330553069,266 HIGH Street KANGAROO FLAT 3555
5330555120,266 HIGH Street KANGAROO FLAT 3555
5330557955,266 HIGH Street KANGAROO FLAT 3555
5330558019,266 HIGH Street KANGAROO FLAT 3555
5330560459,266 HIGH Street KANGAROO FLAT 3555
5330564240,266 HIGH Street KANGAROO FLAT 3555
5330564241,266 HIGH Street KANGAROO FLAT 3555
5330568123,266 HIGH Street KANGAROO FLAT 3555
5330568138,266 HIGH Street KANGAROO FLAT 3555
5330568383,266 HIGH Street KANGAROO FLAT 3555
5330571573,266 HIGH Street KANGAROO FLAT 3555
5330571597,266 HIGH Street KANGAROO FLAT 3555
5330571603,266 HIGH Street KANGAROO FLAT 3555
5330571604,266 HIGH Street KANGAROO FLAT 3555
5330572928,266 HIGH Street KANGAROO FLAT 3555
5330577505,266 HIGH Street KANGAROO FLAT 3555
5330577506,266 HIGH Street KANGAROO FLAT 3555
5330577507,266 HIGH Street KANGAROO FLAT 3555
5330577509,266 HIGH Street KANGAROO FLAT 3555
5330577510,266 HIGH Street KANGAROO FLAT 3555
5330577512,266 HIGH Street KANGAROO FLAT 3555
5330577513,266 HIGH Street KANGAROO FLAT 3555
5330577514,266 HIGH Street KANGAROO FLAT 3555
5330577516,266 HIGH Street KANGAROO FLAT 3555
5330577535,266 HIGH Street KANGAROO FLAT 3555
5330577536,266 HIGH Street KANGAROO FLAT 3555
5330577542,266 HIGH Street KANGAROO FLAT 3555
5330577543,266 HIGH Street KANGAROO FLAT 3555
5330577544,266 HIGH Street KANGAROO FLAT 3555
5330577545,266 HIGH Street KANGAROO FLAT 3555
5330577549,266 HIGH Street KANGAROO FLAT 3555
5330577551,266 HIGH Street KANGAROO FLAT 3555
5330577552,266 HIGH Street KANGAROO FLAT 3555
5330577555,266 HIGH Street KANGAROO FLAT 3555
5330577556,266 HIGH Street KANGAROO FLAT 3555
5330577557,266 HIGH Street KANGAROO FLAT 3555
5330920534,9 TARONGA Road TRUGANINA 3029
5330920917,9 TARONGA Road TRUGANINA 3029
5330920918,9 TARONGA Road TRUGANINA 3029
5330920919,9 TARONGA Road TRUGANINA 3029
5330920920,9 TARONGA Road TRUGANINA 3029
5330920921,9 TARONGA Road TRUGANINA 3029
5330931559,9 TARONGA Road TRUGANINA 3029
5330936236,9 TARONGA Road TRUGANINA 3029
5330936314,9 TARONGA Road TRUGANINA 3029
5330943987,9 TARONGA Road TRUGANINA 3029
5330943989,9 TARONGA Road TRUGANINA 3029
5330943990,9 TARONGA Road TRUGANINA 3029
5330953936,9 TARONGA Road TRUGANINA 3029
5330953954,9 TARONGA Road TRUGANINA 3029
5330953955,9 TARONGA Road TRUGANINA 3029
5330970060,9 TARONGA Road TRUGANINA 3029
5330970074,9 TARONGA Road TRUGANINA 3029
5330970075,9 TARONGA Road TRUGANINA 3029
5330995041,9 TARONGA Road TRUGANINA 3029
5330995042,9 TARONGA Road TRUGANINA 3029
5331102120,9 TARONGA Road TRUGANINA 3029
5331102121,9 TARONGA Road TRUGANINA 3029
5331102122,9 TARONGA Road TRUGANINA 3029
5331110167,9 TARONGA Road TRUGANINA 3029
5331110169,9 TARONGA Road TRUGANINA 3029
5331110175,9 TARONGA Road TRUGANINA 3029
5331135944,9 TARONGA Road TRUGANINA 3029
5331137590,9 TARONGA Road TRUGANINA 3029
5331137600,9 TARONGA Road TRUGANINA 3029
5331137601,9 TARONGA Road TRUGANINA 3029
5331137903,9 TARONGA Road TRUGANINA 3029
5331141566,9 TARONGA Road TRUGANINA 3029
5331141702,9 TARONGA Road TRUGANINA 3029
5331143223,9 TARONGA Road TRUGANINA 3029
5331143224,9 TARONGA Road TRUGANINA 3029
5331155220,9 TARONGA Road TRUGANINA 3029
5331155222,9 TARONGA Road TRUGANINA 3029
5331155224,9 TARONGA Road TRUGANINA 3029
5331155226,9 TARONGA Road TRUGANINA 3029
5331155227,9 TARONGA Road TRUGANINA 3029
5331155228,9 TARONGA Road TRUGANINA 3029
5331155229,9 TARONGA Road TRUGANINA 3029
5331157981,9 TARONGA Road TRUGANINA 3029
5331183401,9 TARONGA Road TRUGANINA 3029
5331359303,64 VANTAGE Boulevard CRAIGIEBURN 3064
5331359282,72 VANTAGE Boulevard CRAIGIEBURN 3064
5331359302,66 VANTAGE Boulevard CRAIGIEBURN 3064
5331359304,68 VANTAGE Boulevard CRAIGIEBURN 3064
5331359281,70 VANTAGE Boulevard CRAIGIEBURN 3064
5331359283,74 VANTAGE Boulevard CRAIGIEBURN 3064
5330305152,99999 CAMP Street BALLARAT CENTRAL 3350
5330278304,412 DRUMMOND Street BALLARAT 3350
5330279463,412 DRUMMOND Street BALLARAT 3350
5330284207,412 DRUMMOND Street BALLARAT 3350
5330284863,412 DRUMMOND Street BALLARAT 3350
5330284868,412 DRUMMOND Street BALLARAT 3350
5330284891,412 DRUMMOND Street BALLARAT 3350
5330287059,412 DRUMMOND Street BALLARAT 3350
5330290184,412 DRUMMOND Street BALLARAT 3350
5330290998,408 DRUMMOND Street BALLARAT 3350
5330291687,412 DRUMMOND Street BALLARAT 3350
5330291795,412 DRUMMOND Street BALLARAT 3350
5330291799,412 DRUMMOND Street BALLARAT 3350
5330291803,412 DRUMMOND Street BALLARAT 3350
5330291806,412 DRUMMOND Street BALLARAT 3350
5330294638,412 DRUMMOND Street BALLARAT 3350
5330297829,412 DRUMMOND Street BALLARAT 3350
5330305797,412 DRUMMOND Street BALLARAT 3350
5330311238,412 DRUMMOND Street BALLARAT 3350
5330317465,410 DRUMMOND Street BALLARAT 3350
5330323088,412 DRUMMOND Street BALLARAT 3350
5330323093,412 DRUMMOND Street BALLARAT 3350
5330323867,412 DRUMMOND Street BALLARAT 3350
5330323869,412 DRUMMOND Street BALLARAT 3350
5330335127,548 KEILOR-MELTON Road SYDENHAM 3037
5330537900,555 KEILOR-MELTON Road SYDENHAM 3037
5330537901,555 KEILOR-MELTON Road SYDENHAM 3037
5330537902,555 KEILOR-MELTON Road SYDENHAM 3037
5330537903,555 KEILOR-MELTON Road SYDENHAM 3037
5330537904,555 KEILOR-MELTON Road SYDENHAM 3037
5330537905,555 KEILOR-MELTON Road SYDENHAM 3037
5330537906,555 KEILOR-MELTON Road SYDENHAM 3037
5330537907,555 KEILOR-MELTON Road SYDENHAM 3037
5330537908,555 KEILOR-MELTON Road SYDENHAM 3037
5330537909,555 KEILOR-MELTON Road SYDENHAM 3037
5330537910,555 KEILOR-MELTON Road SYDENHAM 3037
5330537911,555 KEILOR-MELTON Road SYDENHAM 3037
5330537912,555 KEILOR-MELTON Road SYDENHAM 3037
5330537913,555 KEILOR-MELTON Road SYDENHAM 3037
5330537914,555 KEILOR-MELTON Road SYDENHAM 3037
5330537915,555 KEILOR-MELTON Road SYDENHAM 3037
5330537916,555 KEILOR-MELTON Road SYDENHAM 3037
5330537917,555 KEILOR-MELTON Road SYDENHAM 3037
5330537918,555 KEILOR-MELTON Road SYDENHAM 3037
5330537919,555 KEILOR-MELTON Road SYDENHAM 3037
5330537920,555 KEILOR-MELTON Road SYDENHAM 3037
5330537921,555 KEILOR-MELTON Road SYDENHAM 3037
5330537922,555 KEILOR-MELTON Road SYDENHAM 3037
5330537923,555 KEILOR-MELTON Road SYDENHAM 3037
5330537924,555 KEILOR-MELTON Road SYDENHAM 3037
5330537925,555 KEILOR-MELTON Road SYDENHAM 3037
5330537926,555 KEILOR-MELTON Road SYDENHAM 3037
5330537927,555 KEILOR-MELTON Road SYDENHAM 3037
5330537928,555 KEILOR-MELTON Road SYDENHAM 3037
5330537929,555 KEILOR-MELTON Road SYDENHAM 3037
5330537930,555 KEILOR-MELTON Road SYDENHAM 3037
5330537931,555 KEILOR-MELTON Road SYDENHAM 3037
5330537932,555 KEILOR-MELTON Road SYDENHAM 3037
5330537933,555 KEILOR-MELTON Road SYDENHAM 3037
5330537934,555 KEILOR-MELTON Road SYDENHAM 3037
5330537935,555 KEILOR-MELTON Road SYDENHAM 3037
5330537936,555 KEILOR-MELTON Road SYDENHAM 3037
5330537937,555 KEILOR-MELTON Road SYDENHAM 3037
5330537938,555 KEILOR-MELTON Road SYDENHAM 3037
5330537939,555 KEILOR-MELTON Road SYDENHAM 3037
5330537940,555 KEILOR-MELTON Road SYDENHAM 3037
5330537941,555 KEILOR-MELTON Road SYDENHAM 3037
5331396793,19 MEALIE Avenue MICKLEHAM 3064
5331397558,23 MEALIE Avenue MICKLEHAM 3064
5331398570,51 MEALIE Avenue MICKLEHAM 3064
5331400389,41 MEALIE Avenue MICKLEHAM 3064
5331401118,18 MEALIE Avenue MICKLEHAM 3064
5331412562,25 MEALIE Avenue MICKLEHAM 3064
5331402528,47 MEALIE Avenue MICKLEHAM 3064
5331402531,45 MEALIE Avenue MICKLEHAM 3064
5331413334,36 MEALIE Avenue MICKLEHAM 3064
5331397107,40 MEALIE Avenue MICKLEHAM 3064
5331398571,53 MEALIE Avenue MICKLEHAM 3064
5331395446,20 MEALIE Avenue MICKLEHAM 3064
5331400388,43 MEALIE Avenue MICKLEHAM 3064
5331400391,16 MEALIE Avenue MICKLEHAM 3064
5331404513,14 MEALIE Avenue MICKLEHAM 3064
5331399980,42 MEALIE Avenue MICKLEHAM 3064
5331403392,34 MEALIE Avenue MICKLEHAM 3064
5331395088,37 MEALIE Avenue MICKLEHAM 3064
5331397108,50 MEALIE Avenue MICKLEHAM 3064
5331397485,17 MEALIE Avenue MICKLEHAM 3064
5331398022,12 MEALIE Avenue MICKLEHAM 3064
5331405896,48 MEALIE Avenue MICKLEHAM 3064
5331396466,49 MEALIE Avenue MICKLEHAM 3064
5331397486,15 MEALIE Avenue MICKLEHAM 3064
5331396356,55 MEALIE Avenue MICKLEHAM 3064
5331402529,11 MEALIE Avenue MICKLEHAM 3064
5331414972,9 MEALIE Avenue MICKLEHAM 3064
5331404512,39 MEALIE Avenue MICKLEHAM 3064
5331404514,6 MEALIE Avenue MICKLEHAM 3064
5331404515,61 MEALIE Avenue MICKLEHAM 3064
5331406608,3 MEALIE Avenue MICKLEHAM 3064
5331406836,52 MEALIE Avenue MICKLEHAM 3064
5331398020,8 MEALIE Avenue MICKLEHAM 3064
5331396412,7 MEALIE Avenue MICKLEHAM 3064
5331396643,10 MEALIE Avenue MICKLEHAM 3064
5331413335,38 MEALIE Avenue MICKLEHAM 3064
5331397718,46 MEALIE Avenue MICKLEHAM 3064
5331397884,4 MEALIE Avenue MICKLEHAM 3064
5331398030,59 MEALIE Avenue MICKLEHAM 3064
5331421310,32 MEALIE Avenue MICKLEHAM 3064
5331402068,21 MEALIE Avenue MICKLEHAM 3064
5331406145,54 MEALIE Avenue MICKLEHAM 3064
5331402530,13 MEALIE Avenue MICKLEHAM 3064
5331414085,26 MIDFORD Avenue WERRIBEE 3030
5331353190,42 PALMASTON Drive GREENVALE 3059
5331338654,4 PALMASTON Drive GREENVALE 3059
5331353304,22 PALMASTON Drive GREENVALE 3059
5331331180,28 PALMASTON Drive GREENVALE 3059
5331350043,18 PALMASTON Drive GREENVALE 3059
5331334001,17 PALMASTON Drive GREENVALE 3059
5331334936,10 PALMASTON Drive GREENVALE 3059
5331338653,6 PALMASTON Drive GREENVALE 3059
5331334000,39 PALMASTON Drive GREENVALE 3059
5331402457,26 PALMASTON Drive GREENVALE 3059
5331339757,24 PALMASTON Drive GREENVALE 3059
5331340615,23 PALMASTON Drive GREENVALE 3059
5331353457,45 PALMASTON Drive GREENVALE 3059
5331364435,25 PALMASTON Drive GREENVALE 3059
5331346772,41 PALMASTON Drive GREENVALE 3059
5331353520,11 PALMASTON Drive GREENVALE 3059
5331331198,9 PALMASTON Drive GREENVALE 3059
5331365742,27 PALMASTON Drive GREENVALE 3059
5331407171,13 PALMASTON Drive GREENVALE 3059
5331376858,8 PALMASTON Drive GREENVALE 3059
5331346182,38 PALMASTON Drive GREENVALE 3059
5331368491,12 PALMASTON Drive GREENVALE 3059
5331374848,21 PALMASTON Drive GREENVALE 3059
5331369779,5 PALMASTON Drive GREENVALE 3059
5331343786,32 PALMASTON Drive GREENVALE 3059
5331360665,19 PALMASTON Drive GREENVALE 3059
5331348452,40 PALMASTON Drive GREENVALE 3059
5331348720,20 PALMASTON Drive GREENVALE 3059
5331382511,43 PALMASTON Drive GREENVALE 3059
5331330122,34 PALMASTON Drive GREENVALE 3059
5331335041,7 PALMASTON Drive GREENVALE 3059
5331336291,36 PALMASTON Drive GREENVALE 3059
5331342945,29 PALMASTON Drive GREENVALE 3059
5331342916,31 PALMASTON Drive GREENVALE 3059
5331343100,37 PALMASTON Drive GREENVALE 3059
5331346404,47 PALMASTON Drive GREENVALE 3059
5331368559,14 PALMASTON Drive GREENVALE 3059
5331393202,3 PALMASTON Drive GREENVALE 3059
5331389726,35 PALMASTON Drive GREENVALE 3059
5331333999,15 PALMASTON Drive GREENVALE 3059
5331341505,33 PALMASTON Drive GREENVALE 3059
5331377108,16 PALMASTON Drive GREENVALE 3059
5331377120,30 PALMASTON Drive GREENVALE 3059
5331385310,17 PORTEOUS Retreat SYDENHAM 3037
5331385311,15 PORTEOUS Retreat SYDENHAM 3037
5331385314,25 PORTEOUS Retreat SYDENHAM 3037
5331385339,70 PORTEOUS Retreat SYDENHAM 3037
5331385345,6 PORTEOUS Retreat SYDENHAM 3037
5331385315,13 PORTEOUS Retreat SYDENHAM 3037
5331385331,58 PORTEOUS Retreat SYDENHAM 3037
5331385333,52 PORTEOUS Retreat SYDENHAM 3037
5331385335,48 PORTEOUS Retreat SYDENHAM 3037
5331385444,38 PORTEOUS Retreat SYDENHAM 3037
5331385328,62 PORTEOUS Retreat SYDENHAM 3037
5331385329,60 PORTEOUS Retreat SYDENHAM 3037
5331385334,50 PORTEOUS Retreat SYDENHAM 3037
5331385343,80 PORTEOUS Retreat SYDENHAM 3037
5331385346,46 PORTEOUS Retreat SYDENHAM 3037
5331385347,44 PORTEOUS Retreat SYDENHAM 3037
5331385349,78 PORTEOUS Retreat SYDENHAM 3037
5331385342,10 PORTEOUS Retreat SYDENHAM 3037
5331385344,8 PORTEOUS Retreat SYDENHAM 3037
5331385320,37 PORTEOUS Retreat SYDENHAM 3037
5331385313,19 PORTEOUS Retreat SYDENHAM 3037
5331385316,9 PORTEOUS Retreat SYDENHAM 3037
5331385321,7 PORTEOUS Retreat SYDENHAM 3037
5331385323,76 PORTEOUS Retreat SYDENHAM 3037
5331385324,74 PORTEOUS Retreat SYDENHAM 3037
5331385325,72 PORTEOUS Retreat SYDENHAM 3037
5331385326,68 PORTEOUS Retreat SYDENHAM 3037
5331385327,66 PORTEOUS Retreat SYDENHAM 3037
5331385330,56 PORTEOUS Retreat SYDENHAM 3037
5331385338,14 PORTEOUS Retreat SYDENHAM 3037
5331385340,16 PORTEOUS Retreat SYDENHAM 3037
5331385341,12 PORTEOUS Retreat SYDENHAM 3037
5331385348,42 PORTEOUS Retreat SYDENHAM 3037
5331385312,21 PORTEOUS Retreat SYDENHAM 3037
5331385319,5 PORTEOUS Retreat SYDENHAM 3037
5331385350,40 PORTEOUS Retreat SYDENHAM 3037
5331385317,11 PORTEOUS Retreat SYDENHAM 3037
5331385318,33 PORTEOUS Retreat SYDENHAM 3037
5331385322,1 PORTEOUS Retreat SYDENHAM 3037
5331385332,64 PORTEOUS Retreat SYDENHAM 3037
5331385336,18 PORTEOUS Retreat SYDENHAM 3037
5331385337,54 PORTEOUS Retreat SYDENHAM 3037
5330277256,1716 STURT Street ALFREDTON 3350
5330282109,1708 STURT Street ALFREDTON 3350
5330283269,1724 STURT Street ALFREDTON 3350
5330292802,1722 STURT Street ALFREDTON 3350
5330293477,1712 STURT Street ALFREDTON 3350
5330294554,1704 STURT Street ALFREDTON 3350
5330311101,1720 STURT Street ALFREDTON 3350
5330312949,1702 STURT Street ALFREDTON 3350
5330319093,1710 STURT Street ALFREDTON 3350
5330325965,1847 STURT Street ALFREDTON 3350
5330328332,1706 STURT Street ALFREDTON 3350
5330277748,1340 STURT Street BALLARAT CENTRAL 3350
5330296388,1340 STURT Street BALLARAT CENTRAL 3350
5330301070,20 STURT Street BALLARAT CENTRAL 3350
5330310158,601 STURT Street BALLARAT CENTRAL 3350
5330314117,2 STURT Street BALLARAT CENTRAL 3350
5330553100,16 STURT Street BALLARAT CENTRAL 3350
5330602749,2 STURT Street BALLARAT CENTRAL 3350
5330294556,1528 STURT Street LAKE WENDOUREE 3350
5330914834,352 SYDENHAM Road SYDENHAM 3037
5331416775,35 TUFF Street WERRIBEE 3030
5331413288,17 TUFF Street WERRIBEE 3030
5331403113,33 TUFF Street WERRIBEE 3030
5331412240,65 TUFF Street WERRIBEE 3030
5331415750,85 TUFF Street WERRIBEE 3030
5331413489,23 TUFF Street WERRIBEE 3030
5331413488,15 TUFF Street WERRIBEE 3030
5331403122,67 TUFF Street WERRIBEE 3030
5331403126,51 TUFF Street WERRIBEE 3030
5331403130,73 TUFF Street WERRIBEE 3030
5331415269,11 TUFF Street WERRIBEE 3030
5331415348,59 TUFF Street WERRIBEE 3030
5331403105,57 TUFF Street WERRIBEE 3030
5331403111,87 TUFF Street WERRIBEE 3030
5331403119,91 TUFF Street WERRIBEE 3030
5331403124,69 TUFF Street WERRIBEE 3030
5331412590,81 TUFF Street WERRIBEE 3030
5331412591,37 TUFF Street WERRIBEE 3030
5331412744,71 TUFF Street WERRIBEE 3030
5331413287,47 TUFF Street WERRIBEE 3030
5331409669,53 TUFF Street WERRIBEE 3030
5331403106,49 TUFF Street WERRIBEE 3030
5331403108,43 TUFF Street WERRIBEE 3030
5331403109,89 TUFF Street WERRIBEE 3030
5331403131,77 TUFF Street WERRIBEE 3030
5331415560,31 TUFF Street WERRIBEE 3030
5331416852,29 TUFF Street WERRIBEE 3030
5331411935,55 TUFF Street WERRIBEE 3030
5331417249,13 TUFF Street WERRIBEE 3030
5331415853,75 TUFF Street WERRIBEE 3030
5331416442,79 TUFF Street WERRIBEE 3030
5331412593,63 TUFF Street WERRIBEE 3030
5331413804,21 TUFF Street WERRIBEE 3030
5331415021,12 TUFF Street WERRIBEE 3030
5331415811,27 TUFF Street WERRIBEE 3030
5331403125,61 TUFF Street WERRIBEE 3030
5331403132,45 TUFF Street WERRIBEE 3030
5331411936,8 TUFF Street WERRIBEE 3030
5331413986,95 TUFF Street WERRIBEE 3030
5331403117,10 TUFF Street WERRIBEE 3030
5331416231,93 TUFF Street WERRIBEE 3030
5331403127,83 TUFF Street WERRIBEE 3030
5331381036,39 WOODLAND Street LARA 3212
5331372021,34 WOODLAND Street LARA 3212
5331401147,49 WOODLAND Street LARA 3212
5331372760,43 WOODLAND Street LARA 3212
5331368316,37 WOODLAND Street LARA 3212
5331370571,48 WOODLAND Street LARA 3212
5331387208,56 WOODLAND Street LARA 3212
5331372744,38 WOODLAND Street LARA 3212
5331373177,5 WOODLAND Street LARA 3212
5331375137,19 WOODLAND Street LARA 3212
5331372276,26 WOODLAND Street LARA 3212
5331376135,12 WOODLAND Street LARA 3212
5331374831,44 WOODLAND Street LARA 3212
5331367034,18 WOODLAND Street LARA 3212
5331367078,13 WOODLAND Street LARA 3212
5331365079,28 WOODLAND Street LARA 3212
5331378396,6 WOODLAND Street LARA 3212
5331369988,47 WOODLAND Street LARA 3212
5331370037,9 WOODLAND Street LARA 3212
5331372277,25 WOODLAND Street LARA 3212
5331405345,15 WOODLAND Street LARA 3212
5331373784,40 WOODLAND Street LARA 3212
5331379627,4 WOODLAND Street LARA 3212
5331380820,10 WOODLAND Street LARA 3212
5331375239,17 WOODLAND Street LARA 3212
5331392948,32 WOODLAND Street LARA 3212
5331376852,29 WOODLAND Street LARA 3212
5331376291,35 WOODLAND Street LARA 3212
5331414633,7 WOODLAND Street LARA 3212
5331382802,33 WOODLAND Street LARA 3212
5331366859,46 WOODLAND Street LARA 3212
5331366918,36 WOODLAND Street LARA 3212
5331383170,50 WOODLAND Street LARA 3212
5331364851,16 WOODLAND Street LARA 3212
5331385502,52 WOODLAND Street LARA 3212
5331387148,8 WOODLAND Street LARA 3212
5331367213,11 WOODLAND Street LARA 3212
5331370829,42 WOODLAND Street LARA 3212
5331394794,54 WOODLAND Street LARA 3212
5331369829,31 WOODLAND Street LARA 3212
5331413420,41 WOODLAND Street LARA 3212
5331372470,23 WOODLAND Street LARA 3212
5331373816,24 WOODLAND Street LARA 3212
5331370540,23 GREENPOINT Drive ROCKBANK 3335
5331381653,46 MARGIE Street WYNDHAM VALE 3024
5331400763,19 MARGIE Street WYNDHAM VALE 3024
5331381662,18 MARGIE Street WYNDHAM VALE 3024
5331382106,50 MARGIE Street WYNDHAM VALE 3024
5331368909,24 MARGIE Street WYNDHAM VALE 3024
5331370539,25 MARGIE Street WYNDHAM VALE 3024
5331381933,39 MARGIE Street WYNDHAM VALE 3024
5331373571,44 MARGIE Street WYNDHAM VALE 3024
5331389976,13 MARGIE Street WYNDHAM VALE 3024
5331379469,29 MARGIE Street WYNDHAM VALE 3024
5331369476,33 MARGIE Street WYNDHAM VALE 3024
5331368783,42 MARGIE Street WYNDHAM VALE 3024
5331368785,26 MARGIE Street WYNDHAM VALE 3024
5331386990,40 MARGIE Street WYNDHAM VALE 3024
5331380067,41 MARGIE Street WYNDHAM VALE 3024
5331385633,37 MARGIE Street WYNDHAM VALE 3024
5331386846,23 MARGIE Street WYNDHAM VALE 3024
5331373418,34 MARGIE Street WYNDHAM VALE 3024
5331373419,15 MARGIE Street WYNDHAM VALE 3024
5331373436,52 MARGIE Street WYNDHAM VALE 3024
5331376821,27 MARGIE Street WYNDHAM VALE 3024
5331370447,21 MARGIE Street WYNDHAM VALE 3024
5331376996,9 MARGIE Street WYNDHAM VALE 3024
5331377270,7 MARGIE Street WYNDHAM VALE 3024
5331395844,58 MARGIE Street WYNDHAM VALE 3024
5331381202,22 MARGIE Street WYNDHAM VALE 3024
5331384654,20 MARGIE Street WYNDHAM VALE 3024
5331369509,56 MARGIE Street WYNDHAM VALE 3024
5331381258,35 MARGIE Street WYNDHAM VALE 3024
5331385117,38 MARGIE Street WYNDHAM VALE 3024
5331382926,31 MARGIE Street WYNDHAM VALE 3024
5331388910,5 MARGIE Street WYNDHAM VALE 3024
5331378272,11 MARGIE Street WYNDHAM VALE 3024
5331372334,32 MARGIE Street WYNDHAM VALE 3024
5331373244,36 MARGIE Street WYNDHAM VALE 3024
5331375955,54 MARGIE Street WYNDHAM VALE 3024
5331376359,28 MARGIE Street WYNDHAM VALE 3024
5331418509,45 MARGIE Street WYNDHAM VALE 3024
5331386847,43 MARGIE Street WYNDHAM VALE 3024
5331376686,17 MARGIE Street WYNDHAM VALE 3024
5331379684,30 MARGIE Street WYNDHAM VALE 3024
5330807679,9 TARONGA Road TRUGANINA 3029
5330808519,9 TARONGA Road TRUGANINA 3029
5330808520,9 TARONGA Road TRUGANINA 3029
5330808521,9 TARONGA Road TRUGANINA 3029
5330809583,9 TARONGA Road TRUGANINA 3029
5330809584,9 TARONGA Road TRUGANINA 3029
5330809598,9 TARONGA Road TRUGANINA 3029
5330809615,9 TARONGA Road TRUGANINA 3029
5330810746,9 TARONGA Road TRUGANINA 3029
5330813415,9 TARONGA Road TRUGANINA 3029
5330813416,9 TARONGA Road TRUGANINA 3029
5330813417,9 TARONGA Road TRUGANINA 3029
5330813418,9 TARONGA Road TRUGANINA 3029
5330813757,9 TARONGA Road TRUGANINA 3029
5330813758,9 TARONGA Road TRUGANINA 3029
5330813759,9 TARONGA Road TRUGANINA 3029
5330813760,9 TARONGA Road TRUGANINA 3029
5330813761,9 TARONGA Road TRUGANINA 3029
5330821796,9 TARONGA Road TRUGANINA 3029
5330821797,9 TARONGA Road TRUGANINA 3029
5330821798,9 TARONGA Road TRUGANINA 3029
5330821800,9 TARONGA Road TRUGANINA 3029
5330821794,9 TARONGA Road TRUGANINA 3029
5330821818,9 TARONGA Road TRUGANINA 3029
5330826717,9 TARONGA Road TRUGANINA 3029
5330826719,9 TARONGA Road TRUGANINA 3029
5330826722,9 TARONGA Road TRUGANINA 3029
5330826728,9 TARONGA Road TRUGANINA 3029
5330843954,9 TARONGA Road TRUGANINA 3029
5330844918,9 TARONGA Road TRUGANINA 3029
5330846141,9 TARONGA Road TRUGANINA 3029
5330855754,9 TARONGA Road TRUGANINA 3029
5330871198,9 TARONGA Road TRUGANINA 3029
5330871200,9 TARONGA Road TRUGANINA 3029
5330871201,9 TARONGA Road TRUGANINA 3029
5330871202,9 TARONGA Road TRUGANINA 3029
5330873934,9 TARONGA Road TRUGANINA 3029
5330873935,9 TARONGA Road TRUGANINA 3029
5330873936,9 TARONGA Road TRUGANINA 3029
5330874054,9 TARONGA Road TRUGANINA 3029
5330874055,9 TARONGA Road TRUGANINA 3029
5330863596,135 WESTMEADOWS Lane TRUGANINA 3029
5331305192,1 BOWENIA Avenue CRAIGIEBURN 3064
5331317779,9 SUMAR Drive CRAIGIEBURN 3064
5331314538,11 SUMAR Drive CRAIGIEBURN 3064
5331304558,37 TELOPEA Road CRAIGIEBURN 3064
5331315313,45 TELOPEA Road CRAIGIEBURN 3064
5331321350,47 TELOPEA Road CRAIGIEBURN 3064
5331326879,39 TELOPEA Road CRAIGIEBURN 3064
5331324236,26 TELOPEA Road CRAIGIEBURN 3064
5331305345,35 TELOPEA Road CRAIGIEBURN 3064
5331306831,25 TELOPEA Road CRAIGIEBURN 3064
5331305312,4 TELOPEA Road CRAIGIEBURN 3064
5331310775,15 TELOPEA Road CRAIGIEBURN 3064
5331308977,9 TELOPEA Road CRAIGIEBURN 3064
5331308984,11 TELOPEA Road CRAIGIEBURN 3064
5331309839,18 TELOPEA Road CRAIGIEBURN 3064
5331310449,21 TELOPEA Road CRAIGIEBURN 3064
5331311407,8 TELOPEA Road CRAIGIEBURN 3064
5331316468,23 TELOPEA Road CRAIGIEBURN 3064
5331310219,3 TELOPEA Road CRAIGIEBURN 3064
5331311870,32 TELOPEA Road CRAIGIEBURN 3064
5331311373,20 TELOPEA Road CRAIGIEBURN 3064
5331313193,27 TELOPEA Road CRAIGIEBURN 3064
5331310527,14 TELOPEA Road CRAIGIEBURN 3064
5331310824,22 TELOPEA Road CRAIGIEBURN 3064
5331311483,17 TELOPEA Road CRAIGIEBURN 3064
5331312168,29 TELOPEA Road CRAIGIEBURN 3064
5331317651,43 TELOPEA Road CRAIGIEBURN 3064
5331314357,13 TELOPEA Road CRAIGIEBURN 3064
5331314981,33 TELOPEA Road CRAIGIEBURN 3064
5331317650,41 TELOPEA Road CRAIGIEBURN 3064
5331315607,6 TELOPEA Road CRAIGIEBURN 3064
5331316664,10 TELOPEA Road CRAIGIEBURN 3064
5331318739,19 TELOPEA Road CRAIGIEBURN 3064
5331317020,12 TELOPEA Road CRAIGIEBURN 3064
5331315579,28 TELOPEA Road CRAIGIEBURN 3064
5331323325,24 TELOPEA Road CRAIGIEBURN 3064
5331324357,16 TELOPEA Road CRAIGIEBURN 3064
5331325397,30 TELOPEA Road CRAIGIEBURN 3064
5331326694,5 TELOPEA Road CRAIGIEBURN 3064
5331338668,31 TELOPEA Road CRAIGIEBURN 3064
5331371886,7 TELOPEA Road CRAIGIEBURN 3064
5331400270,18 MARAKESH Street DEANSIDE 3336
5331327916,6 MCKAY Place MELTON SOUTH 3338
5331327917,6 MCKAY Place MELTON SOUTH 3338
5331327918,6 MCKAY Place MELTON SOUTH 3338
5331327919,6 MCKAY Place MELTON SOUTH 3338
5331327920,6 MCKAY Place MELTON SOUTH 3338
5331327921,6 MCKAY Place MELTON SOUTH 3338
5331327922,6 MCKAY Place MELTON SOUTH 3338
5331327923,6 MCKAY Place MELTON SOUTH 3338
5331327924,6 MCKAY Place MELTON SOUTH 3338
5331327925,6 MCKAY Place MELTON SOUTH 3338
5331327926,6 MCKAY Place MELTON SOUTH 3338
5331327927,6 MCKAY Place MELTON SOUTH 3338
5331327928,6 MCKAY Place MELTON SOUTH 3338
5331327929,6 MCKAY Place MELTON SOUTH 3338
5331327930,6 MCKAY Place MELTON SOUTH 3338
5331327932,6 MCKAY Place MELTON SOUTH 3338
5331327933,6 MCKAY Place MELTON SOUTH 3338
5331327931,6 MCKAY Place MELTON SOUTH 3338
5331327934,6 MCKAY Place MELTON SOUTH 3338
5331331901,6 MCKAY Place MELTON SOUTH 3338
5331400009,25 NISHI Walk DEANSIDE 3336
5331368166,11 RAAM Circuit ARMSTRONG CREEK 3217
5331380979,33 RAAM Circuit ARMSTRONG CREEK 3217
5331366251,14 RAAM Circuit ARMSTRONG CREEK 3217
5331387507,40 RAAM Circuit ARMSTRONG CREEK 3217
5331364399,37 RAAM Circuit ARMSTRONG CREEK 3217
5331365041,43 RAAM Circuit ARMSTRONG CREEK 3217
5331374420,6 RAAM Circuit ARMSTRONG CREEK 3217
5331370876,44 RAAM Circuit ARMSTRONG CREEK 3217
5331371214,29 RAAM Circuit ARMSTRONG CREEK 3217
5331364348,13 RAAM Circuit ARMSTRONG CREEK 3217
5331377866,36 RAAM Circuit ARMSTRONG CREEK 3217
5331395375,34 RAAM Circuit ARMSTRONG CREEK 3217
5331369103,20 RAAM Circuit ARMSTRONG CREEK 3217
5331369636,31 RAAM Circuit ARMSTRONG CREEK 3217
5331371027,41 RAAM Circuit ARMSTRONG CREEK 3217
5331378947,16 RAAM Circuit ARMSTRONG CREEK 3217
5331370784,12 RAAM Circuit ARMSTRONG CREEK 3217
5331379358,19 RAAM Circuit ARMSTRONG CREEK 3217
5331399236,2 RAAM Circuit ARMSTRONG CREEK 3217
5331376010,25 RAAM Circuit ARMSTRONG CREEK 3217
5331372882,10 RAAM Circuit ARMSTRONG CREEK 3217
5331393115,8 RAAM Circuit ARMSTRONG CREEK 3217
5331364347,18 RAAM Circuit ARMSTRONG CREEK 3217
5331381050,7 RAAM Circuit ARMSTRONG CREEK 3217
5331366873,39 RAAM Circuit ARMSTRONG CREEK 3217
5331367636,5 RAAM Circuit ARMSTRONG CREEK 3217
5331367810,45 RAAM Circuit ARMSTRONG CREEK 3217
5331368164,17 RAAM Circuit ARMSTRONG CREEK 3217
5331381117,49 RAAM Circuit ARMSTRONG CREEK 3217
5331365040,46 RAAM Circuit ARMSTRONG CREEK 3217
5331368578,48 RAAM Circuit ARMSTRONG CREEK 3217
5331371532,27 RAAM Circuit ARMSTRONG CREEK 3217
5331388645,32 RAAM Circuit ARMSTRONG CREEK 3217
5331365169,22 RAAM Circuit ARMSTRONG CREEK 3217
5331368292,15 RAAM Circuit ARMSTRONG CREEK 3217
5331367209,9 RAAM Circuit ARMSTRONG CREEK 3217
5331376652,4 RAAM Circuit ARMSTRONG CREEK 3217
5331377243,24 RAAM Circuit ARMSTRONG CREEK 3217
5331377242,38 RAAM Circuit ARMSTRONG CREEK 3217
5331380249,42 RAAM Circuit ARMSTRONG CREEK 3217
5331379863,42 REED Court DEANSIDE 3336
5331377004,38 REED Court DEANSIDE 3336
5331388190,21 REED Court DEANSIDE 3336
5331370763,39 REED Court DEANSIDE 3336
5331371065,45 REED Court DEANSIDE 3336
5331386288,16 REED Court DEANSIDE 3336
5331378362,41 REED Court DEANSIDE 3336
5331387708,50 REED Court DEANSIDE 3336
5331388703,36 REED Court DEANSIDE 3336
5331369196,49 REED Court DEANSIDE 3336
5331389103,31 REED Court DEANSIDE 3336
5331384064,65 REED Court DEANSIDE 3336
5331407836,7 REED Court DEANSIDE 3336
5331371090,5 REED Court DEANSIDE 3336
5331363886,43 REED Court DEANSIDE 3336
5331379049,46 REED Court DEANSIDE 3336
5331421671,27 REED Court DEANSIDE 3336
5331418754,57 REED Court DEANSIDE 3336
5331369227,55 REED Court DEANSIDE 3336
5331407955,53 REED Court DEANSIDE 3336
5331393109,8 REED Court DEANSIDE 3336
5331370497,59 REED Court DEANSIDE 3336
5331373117,47 REED Court DEANSIDE 3336
5331396041,11 REED Court DEANSIDE 3336
5331380455,13 REED Court DEANSIDE 3336
5331405564,63 REED Court DEANSIDE 3336
5331383416,10 REED Court DEANSIDE 3336
5331408591,51 REED Court DEANSIDE 3336
5331409188,44 REED Court DEANSIDE 3336
5331372300,23 REED Court DEANSIDE 3336
5331366757,67 REED Court DEANSIDE 3336
5331387340,40 REED Court DEANSIDE 3336
5331364012,61 REED Court DEANSIDE 3336
5331371429,37 REED Court DEANSIDE 3336
5331404392,9 REED Court DEANSIDE 3336
5331393853,52 REED Court DEANSIDE 3336
5331375144,14 REED Court DEANSIDE 3336
5331398002,29 REED Court DEANSIDE 3336
5331297438,60 RESTFUL Way ROCKBANK 3335
5331297718,72 RESTFUL Way ROCKBANK 3335
5331297861,82 RESTFUL Way ROCKBANK 3335
5331297955,57 RESTFUL Way ROCKBANK 3335
5331298907,50 RESTFUL Way ROCKBANK 3335
5331299882,64 RESTFUL Way ROCKBANK 3335
5331300020,66 RESTFUL Way ROCKBANK 3335
5331301718,62 RESTFUL Way ROCKBANK 3335
5331301851,61 RESTFUL Way ROCKBANK 3335
5331302323,70 RESTFUL Way ROCKBANK 3335
5331302787,78 RESTFUL Way ROCKBANK 3335
5331303548,48 RESTFUL Way ROCKBANK 3335
5331304071,59 RESTFUL Way ROCKBANK 3335
5331305402,73 RESTFUL Way ROCKBANK 3335
5331306938,44 RESTFUL Way ROCKBANK 3335
5331306944,41 RESTFUL Way ROCKBANK 3335
5331306669,74 RESTFUL Way ROCKBANK 3335
5331308498,75 RESTFUL Way ROCKBANK 3335
5331310954,43 RESTFUL Way ROCKBANK 3335
5331311376,52 RESTFUL Way ROCKBANK 3335
5331308441,39 RESTFUL Way ROCKBANK 3335
5331312049,54 RESTFUL Way ROCKBANK 3335
5331310998,53 RESTFUL Way ROCKBANK 3335
5331314774,51 RESTFUL Way ROCKBANK 3335
5331324857,58 RESTFUL Way ROCKBANK 3335
5331323300,46 RESTFUL Way ROCKBANK 3335
5331325701,65 RESTFUL Way ROCKBANK 3335
5331346596,47 RESTFUL Way ROCKBANK 3335
5331373459,56 RESTFUL Way ROCKBANK 3335
5331359758,49 RESTFUL Way ROCKBANK 3335
5331339810,69 RESTFUL Way ROCKBANK 3335
5331366066,55 RESTFUL Way ROCKBANK 3335
5331401598,45 RESTFUL Way ROCKBANK 3335
5331354684,76 RESTFUL Way ROCKBANK 3335
5331371296,77 RESTFUL Way ROCKBANK 3335
5331350419,63 RESTFUL Way ROCKBANK 3335
5331336449,42 RESTFUL Way ROCKBANK 3335
5331342018,67 RESTFUL Way ROCKBANK 3335
5331334529,37 RESTFUL Way ROCKBANK 3335
5331340934,68 RESTFUL Way ROCKBANK 3335
5331327890,2 SLEEMAN Place MELTON SOUTH 3338
5331327891,1 SLEEMAN Place MELTON SOUTH 3338
5331327892,4 SLEEMAN Place MELTON SOUTH 3338
5331327894,6 SLEEMAN Place MELTON SOUTH 3338
5331327895,5 SLEEMAN Place MELTON SOUTH 3338
5331327896,8 SLEEMAN Place MELTON SOUTH 3338
5331327897,7 SLEEMAN Place MELTON SOUTH 3338
5331327898,10 SLEEMAN Place MELTON SOUTH 3338
5331327899,9 SLEEMAN Place MELTON SOUTH 3338
5331327900,12 SLEEMAN Place MELTON SOUTH 3338
5331327907,11 SLEEMAN Place MELTON SOUTH 3338
5331327908,14 SLEEMAN Place MELTON SOUTH 3338
5331327910,16 SLEEMAN Place MELTON SOUTH 3338
5331327911,15 SLEEMAN Place MELTON SOUTH 3338
5331327912,18 SLEEMAN Place MELTON SOUTH 3338
5331327913,20 SLEEMAN Place MELTON SOUTH 3338
5331327914,19 SLEEMAN Place MELTON SOUTH 3338
5331327915,17 SLEEMAN Place MELTON SOUTH 3338
5331327893,3 SLEEMAN Place MELTON SOUTH 3338
5331327909,13 SLEEMAN Place MELTON SOUTH 3338
5331392962,8 BLOOM Drive ALTONA NORTH 3025
5331394415,32 BLOOM Drive ALTONA NORTH 3025
5331394417,34 BLOOM Drive ALTONA NORTH 3025
5331394422,45 BLOOM Drive ALTONA NORTH 3025
5331394421,49 BLOOM Drive ALTONA NORTH 3025
5331394428,33 BLOOM Drive ALTONA NORTH 3025
5331392956,27 BLOOM Drive ALTONA NORTH 3025
5331392969,16 BLOOM Drive ALTONA NORTH 3025
5331392970,22 BLOOM Drive ALTONA NORTH 3025
5331392971,24 BLOOM Drive ALTONA NORTH 3025
5331392976,19 BLOOM Drive ALTONA NORTH 3025
5331392981,9 BLOOM Drive ALTONA NORTH 3025
5331394413,30 BLOOM Drive ALTONA NORTH 3025
5331394414,28 BLOOM Drive ALTONA NORTH 3025
5331394416,26 BLOOM Drive ALTONA NORTH 3025
5331394424,41 BLOOM Drive ALTONA NORTH 3025
5331394426,37 BLOOM Drive ALTONA NORTH 3025
5331394427,39 BLOOM Drive ALTONA NORTH 3025
5331394423,43 BLOOM Drive ALTONA NORTH 3025
5331394420,47 BLOOM Drive ALTONA NORTH 3025
5331394431,29 BLOOM Drive ALTONA NORTH 3025
5331392967,18 BLOOM Drive ALTONA NORTH 3025
5331392968,20 BLOOM Drive ALTONA NORTH 3025
5331392974,23 BLOOM Drive ALTONA NORTH 3025
5331392980,11 BLOOM Drive ALTONA NORTH 3025
5331392966,12 BLOOM Drive ALTONA NORTH 3025
5331392978,13 BLOOM Drive ALTONA NORTH 3025
5331392965,10 BLOOM Drive ALTONA NORTH 3025
5331392972,25 BLOOM Drive ALTONA NORTH 3025
5331392973,21 BLOOM Drive ALTONA NORTH 3025
5331392975,17 BLOOM Drive ALTONA NORTH 3025
5331394425,35 BLOOM Drive ALTONA NORTH 3025
5331394429,31 BLOOM Drive ALTONA NORTH 3025
5331392964,14 BLOOM Drive ALTONA NORTH 3025
5331392977,15 BLOOM Drive ALTONA NORTH 3025
5331394554,5 SPOTTED GUM Walk ALTONA NORTH 3025
5331394555,1 SPOTTED GUM Walk ALTONA NORTH 3025
5331394552,7 SPOTTED GUM Walk ALTONA NORTH 3025
5331394553,3 SPOTTED GUM Walk ALTONA NORTH 3025
5330221492,22 LATROBE Terrace LARA 3212
5330233535,26 LATROBE Terrace LARA 3212
5330233537,29 LATROBE Terrace LARA 3212
5330233541,27 LATROBE Terrace LARA 3212
5330235933,41 LATROBE Terrace LARA 3212
5330254126,40 LATROBE Terrace LARA 3212
5330263738,39 LATROBE Terrace LARA 3212
5330269402,56 LATROBE Terrace LARA 3212
5330225740,64 MITCHELL Drive LARA 3212
5330235377,61 MITCHELL Drive LARA 3212
5330237687,75 MITCHELL Drive LARA 3212
5330239124,81 MITCHELL Drive LARA 3212
5330242282,67 MITCHELL Drive LARA 3212
5330242283,76 MITCHELL Drive LARA 3212
5330246759,70 MITCHELL Drive LARA 3212
5330257834,69 MITCHELL Drive LARA 3212
5330259930,68 MITCHELL Drive LARA 3212
5330261882,49 MITCHELL Drive LARA 3212
5330263015,77 MITCHELL Drive LARA 3212
5330267300,50 MITCHELL Drive LARA 3212
5330271424,78 MITCHELL Drive LARA 3212
5330663696,72 MITCHELL Drive LARA 3212
5330663698,73 MITCHELL Drive LARA 3212
5330663699,71 MITCHELL Drive LARA 3212
5330703665,74 MITCHELL Drive LARA 3212
5330703666,74 MITCHELL Drive LARA 3212
5330734605,79 MITCHELL Drive LARA 3212
5330734606,80 MITCHELL Drive LARA 3212
5330949515,59 MITCHELL Drive LARA 3212
5330949518,63 MITCHELL Drive LARA 3212
5330949519,63 MITCHELL Drive LARA 3212
5330949520,63 MITCHELL Drive LARA 3212
5330949521,60 MITCHELL Drive LARA 3212
5330949522,63 MITCHELL Drive LARA 3212
5330949554,62 MITCHELL Drive LARA 3212
5330227355,59 TUCKER Place LARA 3212
5330275303,16 TUCKER Place LARA 3212
5330842035,57 TUCKER Place LARA 3212
5330225908,326 ABERDEEN Street GEELONG WEST 3218
5330231284,342 ABERDEEN Street GEELONG WEST 3218
5330237243,328 ABERDEEN Street GEELONG WEST 3218
5330237245,358 ABERDEEN Street GEELONG WEST 3218
5330237248,334 ABERDEEN Street GEELONG WEST 3218
5330243950,330 ABERDEEN Street GEELONG WEST 3218
5330243961,312 ABERDEEN Street GEELONG WEST 3218
5330246270,352 ABERDEEN Street GEELONG WEST 3218
5330246274,344 ABERDEEN Street GEELONG WEST 3218
5330250354,332 ABERDEEN Street GEELONG WEST 3218
5330250359,338 ABERDEEN Street GEELONG WEST 3218
5330250566,328 ABERDEEN Street GEELONG WEST 3218
5330250929,356 ABERDEEN Street GEELONG WEST 3218
5330251519,324 ABERDEEN Street GEELONG WEST 3218
5330253921,322 ABERDEEN Street GEELONG WEST 3218
5330256864,320 ABERDEEN Street GEELONG WEST 3218
5330257279,350 ABERDEEN Street GEELONG WEST 3218
5330257707,314 ABERDEEN Street GEELONG WEST 3218
5330259999,324 ABERDEEN Street GEELONG WEST 3218
5330260244,324 ABERDEEN Street GEELONG WEST 3218
5330263914,318 ABERDEEN Street GEELONG WEST 3218
5330263919,318 ABERDEEN Street GEELONG WEST 3218
5330265482,308 ABERDEEN Street GEELONG WEST 3218
5330266101,360 ABERDEEN Street GEELONG WEST 3218
5330266852,356 ABERDEEN Street GEELONG WEST 3218
5330266856,356 ABERDEEN Street GEELONG WEST 3218
5330268004,354 ABERDEEN Street GEELONG WEST 3218
5330269531,320 ABERDEEN Street GEELONG WEST 3218
5330542999,348 ABERDEEN Street GEELONG WEST 3218
5330568579,312 ABERDEEN Street GEELONG WEST 3218
5330573235,308 ABERDEEN Street GEELONG WEST 3218
5330798914,346 ABERDEEN Street GEELONG WEST 3218
5330800021,346 ABERDEEN Street GEELONG WEST 3218
5331172366,340 ABERDEEN Street MANIFOLD HEIGHTS 3218
5331172367,340 ABERDEEN Street MANIFOLD HEIGHTS 3218
5330247585,362 ABERDEEN Street NEWTOWN 3220
5330272323,310 ABERDEEN Street NEWTOWN 3220
5331260827,12 BOLES Avenue SUNSHINE 3020
5331260828,10 BOLES Avenue SUNSHINE 3020
5331260829,8 BOLES Avenue SUNSHINE 3020
5331260830,6 BOLES Avenue SUNSHINE 3020
5331260831,4 BOLES Avenue SUNSHINE 3020
5331370067,1 CHAD Street DEANSIDE 3336
5331381113,32 CORIDALE Boulevard LARA 3212
5331332202,35 CORIDALE Boulevard LARA 3212
5331335034,22 CORIDALE Boulevard LARA 3212
5331354050,36 CORIDALE Boulevard LARA 3212
5331336927,23 CORIDALE Boulevard LARA 3212
5331334532,19 CORIDALE Boulevard LARA 3212
5331334595,51 CORIDALE Boulevard LARA 3212
5331334605,11 CORIDALE Boulevard LARA 3212
5331334651,9 CORIDALE Boulevard LARA 3212
5331338874,27 CORIDALE Boulevard LARA 3212
5331335602,8 CORIDALE Boulevard LARA 3212
5331342163,40 CORIDALE Boulevard LARA 3212
5331338873,29 CORIDALE Boulevard LARA 3212
5331340626,26 CORIDALE Boulevard LARA 3212
5331341621,10 CORIDALE Boulevard LARA 3212
5331344983,20 CORIDALE Boulevard LARA 3212
5331335113,24 CORIDALE Boulevard LARA 3212
5331332331,7 CORIDALE Boulevard LARA 3212
5331335175,13 CORIDALE Boulevard LARA 3212
5331336928,25 CORIDALE Boulevard LARA 3212
5331339069,2 CORIDALE Boulevard LARA 3212
5331342702,47 CORIDALE Boulevard LARA 3212
5331334274,5 CORIDALE Boulevard LARA 3212
5331330034,14 CORIDALE Boulevard LARA 3212
5331334533,17 CORIDALE Boulevard LARA 3212
5331335263,33 CORIDALE Boulevard LARA 3212
5331335300,31 CORIDALE Boulevard LARA 3212
5331337015,4 CORIDALE Boulevard LARA 3212
5331337014,6 CORIDALE Boulevard LARA 3212
5331340659,28 CORIDALE Boulevard LARA 3212
5331344696,49 CORIDALE Boulevard LARA 3212
5331347485,43 CORIDALE Boulevard LARA 3212
5331330136,16 CORIDALE Boulevard LARA 3212
5331335174,15 CORIDALE Boulevard LARA 3212
5331366791,18 CORIDALE Boulevard LARA 3212
5331341205,38 CORIDALE Boulevard LARA 3212
5331341622,12 CORIDALE Boulevard LARA 3212
5331368297,35 GERLZONDA Avenue DEANSIDE 3336
5331368299,43 GERLZONDA Avenue DEANSIDE 3336
5331368360,45 GERLZONDA Avenue DEANSIDE 3336
5331368367,55 GERLZONDA Avenue DEANSIDE 3336
5331368368,59 GERLZONDA Avenue DEANSIDE 3336
5331368371,63 GERLZONDA Avenue DEANSIDE 3336
5331368375,69 GERLZONDA Avenue DEANSIDE 3336
5331368301,41 GERLZONDA Avenue DEANSIDE 3336
5331370109,1 GERLZONDA Avenue DEANSIDE 3336
5331368384,10 GERLZONDA Avenue DEANSIDE 3336
5331368716,17 GERLZONDA Avenue DEANSIDE 3336
5331368365,57 GERLZONDA Avenue DEANSIDE 3336
5331368370,61 GERLZONDA Avenue DEANSIDE 3336
5331368717,21 GERLZONDA Avenue DEANSIDE 3336
5331370111,7 GERLZONDA Avenue DEANSIDE 3336
5331370112,3 GERLZONDA Avenue DEANSIDE 3336
5331370115,5 GERLZONDA Avenue DEANSIDE 3336
5331370117,11 GERLZONDA Avenue DEANSIDE 3336
5331368715,15 GERLZONDA Avenue DEANSIDE 3336
5331368722,27 GERLZONDA Avenue DEANSIDE 3336
5331368718,19 GERLZONDA Avenue DEANSIDE 3336
5331368298,37 GERLZONDA Avenue DEANSIDE 3336
5331368362,49 GERLZONDA Avenue DEANSIDE 3336
5331368364,51 GERLZONDA Avenue DEANSIDE 3336
5331368719,23 GERLZONDA Avenue DEANSIDE 3336
5331368295,33 GERLZONDA Avenue DEANSIDE 3336
5331368762,29 GERLZONDA Avenue DEANSIDE 3336
5331370114,9 GERLZONDA Avenue DEANSIDE 3336
5331370116,13 GERLZONDA Avenue DEANSIDE 3336
5331368293,31 GERLZONDA Avenue DEANSIDE 3336
5331368300,39 GERLZONDA Avenue DEANSIDE 3336
5331368363,47 GERLZONDA Avenue DEANSIDE 3336
5331368366,53 GERLZONDA Avenue DEANSIDE 3336
5331368372,65 GERLZONDA Avenue DEANSIDE 3336
5331368373,67 GERLZONDA Avenue DEANSIDE 3336
5331368721,25 GERLZONDA Avenue DEANSIDE 3336
5331260805,22 GILSON Place SUNSHINE 3020
5331260806,20 GILSON Place SUNSHINE 3020
5331260807,18 GILSON Place SUNSHINE 3020
5331260808,16 GILSON Place SUNSHINE 3020
5331260809,14 GILSON Place SUNSHINE 3020
5331260810,12 GILSON Place SUNSHINE 3020
5331260811,10 GILSON Place SUNSHINE 3020
5331260812,8 GILSON Place SUNSHINE 3020
5331260813,6 GILSON Place SUNSHINE 3020
5331260814,4 GILSON Place SUNSHINE 3020
5331409937,708 GRAND Boulevard MICKLEHAM 3064
5331389964,705 GRAND Boulevard MICKLEHAM 3064
5331410158,709 GRAND Boulevard MICKLEHAM 3064
5331407758,694 GRAND Boulevard MICKLEHAM 3064
5331386454,730 GRAND Boulevard MICKLEHAM 3064
5331393543,732 GRAND Boulevard MICKLEHAM 3064
5331386697,719 GRAND Boulevard MICKLEHAM 3064
5331389122,734 GRAND Boulevard MICKLEHAM 3064
5331406891,726 GRAND Boulevard MICKLEHAM 3064
5331409889,702 GRAND Boulevard MICKLEHAM 3064
5331409890,706 GRAND Boulevard MICKLEHAM 3064
5331394784,740 GRAND Boulevard MICKLEHAM 3064
5331390092,685 GRAND Boulevard MICKLEHAM 3064
5331389474,715 GRAND Boulevard MICKLEHAM 3064
5331392512,681 GRAND Boulevard MICKLEHAM 3064
5331404724,723 GRAND Boulevard MICKLEHAM 3064
5331391947,693 GRAND Boulevard MICKLEHAM 3064
5331404235,707 GRAND Boulevard MICKLEHAM 3064
5331391948,695 GRAND Boulevard MICKLEHAM 3064
5331393374,711 GRAND Boulevard MICKLEHAM 3064
5331395874,688 GRAND Boulevard MICKLEHAM 3064
5331409887,696 GRAND Boulevard MICKLEHAM 3064
5331409888,698 GRAND Boulevard MICKLEHAM 3064
5331409935,700 GRAND Boulevard MICKLEHAM 3064
5331409936,704 GRAND Boulevard MICKLEHAM 3064
5331385786,742 GRAND Boulevard MICKLEHAM 3064
5331397881,738 GRAND Boulevard MICKLEHAM 3064
5331403277,713 GRAND Boulevard MICKLEHAM 3064
5331391778,692 GRAND Boulevard MICKLEHAM 3064
5331393637,689 GRAND Boulevard MICKLEHAM 3064
5331393647,691 GRAND Boulevard MICKLEHAM 3064
5331391811,701 GRAND Boulevard MICKLEHAM 3064
5331394864,697 GRAND Boulevard MICKLEHAM 3064
5331396987,687 GRAND Boulevard MICKLEHAM 3064
5331405251,724 GRAND Boulevard MICKLEHAM 3064
5331402931,683 GRAND Boulevard MICKLEHAM 3064
5331386815,721 GRAND Boulevard MICKLEHAM 3064
5330140353,10 MACKENZIE Street GOLDEN SQUARE 3555
5330140354,16 MACKENZIE Street GOLDEN SQUARE 3555
5330140355,24 MACKENZIE Street GOLDEN SQUARE 3555
5330140356,33 MACKENZIE Street GOLDEN SQUARE 3555
5330143947,4 MACKENZIE Street GOLDEN SQUARE 3555
5330143948,4 MACKENZIE Street GOLDEN SQUARE 3555
5330143949,4 MACKENZIE Street GOLDEN SQUARE 3555
5330143950,6 MACKENZIE Street GOLDEN SQUARE 3555
5330143951,8 MACKENZIE Street GOLDEN SQUARE 3555
5330143952,12 MACKENZIE Street GOLDEN SQUARE 3555
5330143953,14 MACKENZIE Street GOLDEN SQUARE 3555
5330143954,15 MACKENZIE Street GOLDEN SQUARE 3555
5330143955,17 MACKENZIE Street GOLDEN SQUARE 3555
5330143956,18 MACKENZIE Street GOLDEN SQUARE 3555
5330143957,19 MACKENZIE Street GOLDEN SQUARE 3555
5330143965,21 MACKENZIE Street GOLDEN SQUARE 3555
5330143966,22 MACKENZIE Street GOLDEN SQUARE 3555
5330143967,23 MACKENZIE Street GOLDEN SQUARE 3555
5330143968,25 MACKENZIE Street GOLDEN SQUARE 3555
5330143969,26 MACKENZIE Street GOLDEN SQUARE 3555
5330143970,27 MACKENZIE Street GOLDEN SQUARE 3555
5330143971,28 MACKENZIE Street GOLDEN SQUARE 3555
5330143972,29 MACKENZIE Street GOLDEN SQUARE 3555
5330143973,30 MACKENZIE Street GOLDEN SQUARE 3555
5330143974,30 MACKENZIE Street GOLDEN SQUARE 3555
5330143975,31 MACKENZIE Street GOLDEN SQUARE 3555
5330143978,34 MACKENZIE Street GOLDEN SQUARE 3555
5330143979,35 MACKENZIE Street GOLDEN SQUARE 3555
5330143980,36 MACKENZIE Street GOLDEN SQUARE 3555
5330143981,37 MACKENZIE Street GOLDEN SQUARE 3555
5330143982,39 MACKENZIE Street GOLDEN SQUARE 3555
5330143983,41 MACKENZIE Street GOLDEN SQUARE 3555
5330143991,47 MACKENZIE Street GOLDEN SQUARE 3555
5330143994,51 MACKENZIE Street GOLDEN SQUARE 3555
5331105720,45 MACKENZIE Street GOLDEN SQUARE 3555
5331105760,45 MACKENZIE Street GOLDEN SQUARE 3555
5331105761,45 MACKENZIE Street GOLDEN SQUARE 3555
5331260796,35 MCCRACKEN Street SUNSHINE 3020
5331260797,33 MCCRACKEN Street SUNSHINE 3020
5331260798,31 MCCRACKEN Street SUNSHINE 3020
5331260799,29 MCCRACKEN Street SUNSHINE 3020
5331260800,27 MCCRACKEN Street SUNSHINE 3020
5331260801,25 MCCRACKEN Street SUNSHINE 3020
5331260802,23 MCCRACKEN Street SUNSHINE 3020
5331260803,21 MCCRACKEN Street SUNSHINE 3020
5331260804,19 MCCRACKEN Street SUNSHINE 3020
5331260826,15 MCCRACKEN Street SUNSHINE 3020
5331327720,16 SCORPIO Road WEIR VIEWS 3338
5331327733,34 SCORPIO Road WEIR VIEWS 3338
5331324311,17 SCORPIO Road WEIR VIEWS 3338
5331327235,7 SCORPIO Road WEIR VIEWS 3338
5331328231,23 SCORPIO Road WEIR VIEWS 3338
5331328272,30 SCORPIO Road WEIR VIEWS 3338
5331328313,38 SCORPIO Road WEIR VIEWS 3338
5331326441,33 SCORPIO Road WEIR VIEWS 3338
5331326519,31 SCORPIO Road WEIR VIEWS 3338
5331326934,32 SCORPIO Road WEIR VIEWS 3338
5331356972,35 SCORPIO Road WEIR VIEWS 3338
5331329109,25 SCORPIO Road WEIR VIEWS 3338
5331329044,14 SCORPIO Road WEIR VIEWS 3338
5331351486,22 SCORPIO Road WEIR VIEWS 3338
5331330387,21 SCORPIO Road WEIR VIEWS 3338
5331338568,40 SCORPIO Road WEIR VIEWS 3338
5331337264,15 SCORPIO Road WEIR VIEWS 3338
5331352440,6 SCORPIO Road WEIR VIEWS 3338
5331383515,28 SCORPIO Road WEIR VIEWS 3338
5331342477,36 SCORPIO Road WEIR VIEWS 3338
5331336737,13 SCORPIO Road WEIR VIEWS 3338
5331339167,4 SCORPIO Road WEIR VIEWS 3338
5331341539,18 SCORPIO Road WEIR VIEWS 3338
5331346337,19 SCORPIO Road WEIR VIEWS 3338
5331342400,37 SCORPIO Road WEIR VIEWS 3338
5331346830,3 SCORPIO Road WEIR VIEWS 3338
5331349485,12 SCORPIO Road WEIR VIEWS 3338
5331403625,26 SCORPIO Road WEIR VIEWS 3338
5331330864,27 SCORPIO Road WEIR VIEWS 3338
5331394867,10 SCORPIO Road WEIR VIEWS 3338
5331335269,9 SCORPIO Road WEIR VIEWS 3338
5331382803,39 SCORPIO Road WEIR VIEWS 3338
5331332426,11 SCORPIO Road WEIR VIEWS 3338
5331332868,29 SCORPIO Road WEIR VIEWS 3338
5331336969,5 SCORPIO Road WEIR VIEWS 3338
5331341538,20 SCORPIO Road WEIR VIEWS 3338
5331394869,8 SCORPIO Road WEIR VIEWS 3338
5331260815,44 WILKINSON Road SUNSHINE 3020
5331260816,42 WILKINSON Road SUNSHINE 3020
5331260817,40 WILKINSON Road SUNSHINE 3020
5331260818,38 WILKINSON Road SUNSHINE 3020
5331260819,36 WILKINSON Road SUNSHINE 3020
5331260820,34 WILKINSON Road SUNSHINE 3020
5331260821,32 WILKINSON Road SUNSHINE 3020
5331260822,30 WILKINSON Road SUNSHINE 3020
5331260823,28 WILKINSON Road SUNSHINE 3020
5331260824,26 WILKINSON Road SUNSHINE 3020
5331260825,24 WILKINSON Road SUNSHINE 3020
5331260832,20 WILKINSON Road SUNSHINE 3020
5331396932,10 ARARAT Street TRUGANINA 3029
5331384534,25 BAKANOVI Drive TRUGANINA 3029
5331399185,5 BAKANOVI Drive TRUGANINA 3029
5331383791,14 BAKANOVI Drive TRUGANINA 3029
5331375682,30 BAKANOVI Drive TRUGANINA 3029
5331383236,22 BAKANOVI Drive TRUGANINA 3029
5331378352,26 BAKANOVI Drive TRUGANINA 3029
5331389117,28 BAKANOVI Drive TRUGANINA 3029
5331388486,17 BAKANOVI Drive TRUGANINA 3029
5331368846,23 BAKANOVI Drive TRUGANINA 3029
5331369266,37 BAKANOVI Drive TRUGANINA 3029
5331373738,6 BAKANOVI Drive TRUGANINA 3029
5331379460,13 BAKANOVI Drive TRUGANINA 3029
5331399192,29 BAKANOVI Drive TRUGANINA 3029
5331378348,18 BAKANOVI Drive TRUGANINA 3029
5331383216,7 BAKANOVI Drive TRUGANINA 3029
5331368466,33 BAKANOVI Drive TRUGANINA 3029
5331385622,24 BAKANOVI Drive TRUGANINA 3029
5331414363,20 BAKANOVI Drive TRUGANINA 3029
5331400373,12 BAKANOVI Drive TRUGANINA 3029
5331370625,32 BAKANOVI Drive TRUGANINA 3029
5331376932,31 BAKANOVI Drive TRUGANINA 3029
5331369336,15 BAKANOVI Drive TRUGANINA 3029
5331369686,27 BAKANOVI Drive TRUGANINA 3029
5331392205,3 BAKANOVI Drive TRUGANINA 3029
5331375069,10 BAKANOVI Drive TRUGANINA 3029
5331391677,35 BAKANOVI Drive TRUGANINA 3029
5331375676,38 BAKANOVI Drive TRUGANINA 3029
5331413556,40 BAKANOVI Drive TRUGANINA 3029
5331383319,16 BAKANOVI Drive TRUGANINA 3029
5331365816,36 BAKANOVI Drive TRUGANINA 3029
5331366095,9 BAKANOVI Drive TRUGANINA 3029
5331407533,19 BAKANOVI Drive TRUGANINA 3029
5331367536,8 BAKANOVI Drive TRUGANINA 3029
5331383091,21 BAKANOVI Drive TRUGANINA 3029
5331378932,34 BAKANOVI Drive TRUGANINA 3029
5331319591,24 BLACKWOOD Road LARA 3212
5331321079,36 BLACKWOOD Road LARA 3212
5331328927,18 BLACKWOOD Road LARA 3212
5331322167,40 BLACKWOOD Road LARA 3212
5331322184,38 BLACKWOOD Road LARA 3212
5331322344,37 BLACKWOOD Road LARA 3212
5331321340,35 BLACKWOOD Road LARA 3212
5331315712,28 BLACKWOOD Road LARA 3212
5331316665,22 BLACKWOOD Road LARA 3212
5331318865,25 BLACKWOOD Road LARA 3212
5331314899,19 BLACKWOOD Road LARA 3212
5331312980,42 BLACKWOOD Road LARA 3212
5331317903,39 BLACKWOOD Road LARA 3212
5331325680,29 BLACKWOOD Road LARA 3212
5331315906,26 BLACKWOOD Road LARA 3212
5331316566,21 BLACKWOOD Road LARA 3212
5331318917,46 BLACKWOOD Road LARA 3212
5331314768,5 BLACKWOOD Road LARA 3212
5331318546,27 BLACKWOOD Road LARA 3212
5331316477,13 BLACKWOOD Road LARA 3212
5331324851,17 BLACKWOOD Road LARA 3212
5331318551,33 BLACKWOOD Road LARA 3212
5331325925,12 BLACKWOOD Road LARA 3212
5331315477,15 BLACKWOOD Road LARA 3212
5331318673,43 BLACKWOOD Road LARA 3212
5331325840,32 BLACKWOOD Road LARA 3212
5331320442,8 BLACKWOOD Road LARA 3212
5331320537,41 BLACKWOOD Road LARA 3212
5331314674,31 BLACKWOOD Road LARA 3212
5331321936,34 BLACKWOOD Road LARA 3212
5331340295,6 BLACKWOOD Road LARA 3212
5331361306,10 BLACKWOOD Road LARA 3212
5331334296,44 BLACKWOOD Road LARA 3212
5331334230,30 BLACKWOOD Road LARA 3212
5331350487,20 BLACKWOOD Road LARA 3212
5331317924,1 GOODENIA Avenue LARA 3212
5331411406,5 KARKALLA Avenue MICKLEHAM 3064
5331410257,9 PYRUS Crescent MICKLEHAM 3064
5331414775,3 PYRUS Crescent MICKLEHAM 3064
5331415796,12 PYRUS Crescent MICKLEHAM 3064
5331416034,8 PYRUS Crescent MICKLEHAM 3064
5331406087,21 PYRUS Crescent MICKLEHAM 3064
5331406088,23 PYRUS Crescent MICKLEHAM 3064
5331406193,19 PYRUS Crescent MICKLEHAM 3064
5331414340,14 PYRUS Crescent MICKLEHAM 3064
5331410735,60 PYRUS Crescent MICKLEHAM 3064
5331419273,10 PYRUS Crescent MICKLEHAM 3064
5331407565,56 PYRUS Crescent MICKLEHAM 3064
5331408375,52 PYRUS Crescent MICKLEHAM 3064
5331417727,6 PYRUS Crescent MICKLEHAM 3064
5331417984,29 PYRUS Crescent MICKLEHAM 3064
5331415902,33 PYRUS Crescent MICKLEHAM 3064
5331416450,5 PYRUS Crescent MICKLEHAM 3064
5331418110,49 PYRUS Crescent MICKLEHAM 3064
5331412840,31 PYRUS Crescent MICKLEHAM 3064
5331408111,20 PYRUS Crescent MICKLEHAM 3064
5331409433,7 PYRUS Crescent MICKLEHAM 3064
5331409886,62 PYRUS Crescent MICKLEHAM 3064
5331410734,58 PYRUS Crescent MICKLEHAM 3064
5331411405,53 PYRUS Crescent MICKLEHAM 3064
5331407942,59 PYRUS Crescent MICKLEHAM 3064
5331408226,15 PYRUS Crescent MICKLEHAM 3064
5331409267,54 PYRUS Crescent MICKLEHAM 3064
5331408460,35 PYRUS Crescent MICKLEHAM 3064
5331420978,18 PYRUS Crescent MICKLEHAM 3064
5331421111,47 PYRUS Crescent MICKLEHAM 3064
5331419220,4 PYRUS Crescent MICKLEHAM 3064
5331415032,24 PYRUS Crescent MICKLEHAM 3064
5331415916,45 PYRUS Crescent MICKLEHAM 3064
5331418850,22 PYRUS Crescent MICKLEHAM 3064
5331420008,61 PYRUS Crescent MICKLEHAM 3064
5331407614,57 PYRUS Crescent MICKLEHAM 3064
5331417025,22 TEMPLETONIA Circuit MICKLEHAM 3064
5331410402,51 TEMPLETONIA Circuit MICKLEHAM 3064
5331411196,30 TEMPLETONIA Circuit MICKLEHAM 3064
5331411198,28 TEMPLETONIA Circuit MICKLEHAM 3064
5331411233,9 TEMPLETONIA Circuit MICKLEHAM 3064
5331411687,40 TEMPLETONIA Circuit MICKLEHAM 3064
5331414906,46 TEMPLETONIA Circuit MICKLEHAM 3064
5331411207,5 TEMPLETONIA Circuit MICKLEHAM 3064
5331411513,14 TEMPLETONIA Circuit MICKLEHAM 3064
5331411639,38 TEMPLETONIA Circuit MICKLEHAM 3064
5331413395,4 TEMPLETONIA Circuit MICKLEHAM 3064
5331411912,25 TEMPLETONIA Circuit MICKLEHAM 3064
5331416829,29 TEMPLETONIA Circuit MICKLEHAM 3064
5331411911,24 TEMPLETONIA Circuit MICKLEHAM 3064
5331414861,27 TEMPLETONIA Circuit MICKLEHAM 3064
5331417929,12 TEMPLETONIA Circuit MICKLEHAM 3064
5331411987,42 TEMPLETONIA Circuit MICKLEHAM 3064
5331411988,13 TEMPLETONIA Circuit MICKLEHAM 3064
5331412152,71 TEMPLETONIA Circuit MICKLEHAM 3064
5331417367,26 TEMPLETONIA Circuit MICKLEHAM 3064
5331413250,15 TEMPLETONIA Circuit MICKLEHAM 3064
5331413333,32 TEMPLETONIA Circuit MICKLEHAM 3064
5331413336,8 TEMPLETONIA Circuit MICKLEHAM 3064
5331413457,20 TEMPLETONIA Circuit MICKLEHAM 3064
5331413926,84 TEMPLETONIA Circuit MICKLEHAM 3064
5331414399,36 TEMPLETONIA Circuit MICKLEHAM 3064
5331409432,16 TEMPLETONIA Circuit MICKLEHAM 3064
5331414905,44 TEMPLETONIA Circuit MICKLEHAM 3064
5331411638,17 TEMPLETONIA Circuit MICKLEHAM 3064
5331413581,18 TEMPLETONIA Circuit MICKLEHAM 3064
5331409602,53 TEMPLETONIA Circuit MICKLEHAM 3064
5331411252,10 TEMPLETONIA Circuit MICKLEHAM 3064
5331417778,21 TEMPLETONIA Circuit MICKLEHAM 3064
5331419546,3 TEMPLETONIA Circuit MICKLEHAM 3064
5331420613,86 TEMPLETONIA Circuit MICKLEHAM 3064
5331417777,19 TEMPLETONIA Circuit MICKLEHAM 3064
5330279144,14 CHARLES ANDERSON Grove LAKE GARDENS 3355
5330279179,20 CHARLES ANDERSON Grove LAKE GARDENS 3355
5330279180,16 CHARLES ANDERSON Grove LAKE GARDENS 3355
5330279227,18 CHARLES ANDERSON Grove LAKE GARDENS 3355
5330279634,22 CHARLES ANDERSON Grove LAKE GARDENS 3355
5330285671,9 CHARLES ANDERSON Grove LAKE GARDENS 3355
5330286657,13 CHARLES ANDERSON Grove LAKE GARDENS 3355
5330289024,17 CHARLES ANDERSON Grove LAKE GARDENS 3355
5330294959,12 CHARLES ANDERSON Grove LAKE GARDENS 3355
5330294961,5 CHARLES ANDERSON Grove LAKE GARDENS 3355
5330295013,8 CHARLES ANDERSON Grove LAKE GARDENS 3355
5330297156,10 CHARLES ANDERSON Grove LAKE GARDENS 3355
5330311252,4 CHARLES ANDERSON Grove LAKE GARDENS 3355
5330312791,24 CHARLES ANDERSON Grove LAKE GARDENS 3355
5330313966,25 CHARLES ANDERSON Grove LAKE GARDENS 3355
5330314448,6 CHARLES ANDERSON Grove LAKE GARDENS 3355
5330314510,11 CHARLES ANDERSON Grove LAKE GARDENS 3355
5330318798,7 CHARLES ANDERSON Grove LAKE GARDENS 3355
5330318818,3 CHARLES ANDERSON Grove LAKE GARDENS 3355
5330324926,15 CHARLES ANDERSON Grove LAKE GARDENS 3355
5331231261,27 CHARLES ANDERSON Grove LAKE GARDENS 3355
5331231265,28 CHARLES ANDERSON Grove LAKE GARDENS 3355
5331231267,29 CHARLES ANDERSON Grove LAKE GARDENS 3355
5331231271,30 CHARLES ANDERSON Grove LAKE GARDENS 3355
5331231273,31 CHARLES ANDERSON Grove LAKE GARDENS 3355
5331231274,32 CHARLES ANDERSON Grove LAKE GARDENS 3355
5331231277,33 CHARLES ANDERSON Grove LAKE GARDENS 3355
5331231279,34 CHARLES ANDERSON Grove LAKE GARDENS 3355
5331231282,35 CHARLES ANDERSON Grove LAKE GARDENS 3355
5331231284,36 CHARLES ANDERSON Grove LAKE GARDENS 3355
5331231286,37 CHARLES ANDERSON Grove LAKE GARDENS 3355
5331231291,38 CHARLES ANDERSON Grove LAKE GARDENS 3355
5331231292,39 CHARLES ANDERSON Grove LAKE GARDENS 3355
5331231294,40 CHARLES ANDERSON Grove LAKE GARDENS 3355
5331231296,41 CHARLES ANDERSON Grove LAKE GARDENS 3355
5331328849,18 CHERISH Drive TARNEIT 3029
5331325964,16 CHERISH Drive TARNEIT 3029
5331316000,17 CHERISH Drive TARNEIT 3029
5331323015,8 CHERISH Drive TARNEIT 3029
5331309688,13 CHERISH Drive TARNEIT 3029
5331315269,36 CHERISH Drive TARNEIT 3029
5331310996,5 CHERISH Drive TARNEIT 3029
5331313068,9 CHERISH Drive TARNEIT 3029
5331313037,19 CHERISH Drive TARNEIT 3029
5331315227,40 CHERISH Drive TARNEIT 3029
5331315257,42 CHERISH Drive TARNEIT 3029
5331313087,23 CHERISH Drive TARNEIT 3029
5331324496,29 CHERISH Drive TARNEIT 3029
5331318393,7 CHERISH Drive TARNEIT 3029
5331323358,44 CHERISH Drive TARNEIT 3029
5331323362,32 CHERISH Drive TARNEIT 3029
5331326506,12 CHERISH Drive TARNEIT 3029
5331313672,25 CHERISH Drive TARNEIT 3029
5331319436,6 CHERISH Drive TARNEIT 3029
5331326505,10 CHERISH Drive TARNEIT 3029
5331313854,21 CHERISH Drive TARNEIT 3029
5331315223,34 CHERISH Drive TARNEIT 3029
5331315233,38 CHERISH Drive TARNEIT 3029
5331325850,15 CHERISH Drive TARNEIT 3029
5331344702,11 CHERISH Drive TARNEIT 3029
5331331762,27 CHERISH Drive TARNEIT 3029
5331329556,26 CHERISH Drive TARNEIT 3029
5331333428,3 CHERISH Drive TARNEIT 3029
5331337256,20 CHERISH Drive TARNEIT 3029
5331344413,14 CHERISH Drive TARNEIT 3029
5331329122,22 CHERISH Drive TARNEIT 3029
5331419563,4 CHERISH Drive TARNEIT 3029
5331372009,28 CHERISH Drive TARNEIT 3029
5331344379,24 CHERISH Drive TARNEIT 3029
5331358542,65 INGLENOOK Circuit ARMSTRONG CREEK 3217
5331358694,97 INGLENOOK Circuit ARMSTRONG CREEK 3217
5331361938,87 INGLENOOK Circuit ARMSTRONG CREEK 3217
5331366993,89 INGLENOOK Circuit ARMSTRONG CREEK 3217
5331354209,91 INGLENOOK Circuit ARMSTRONG CREEK 3217
5331361928,63 INGLENOOK Circuit ARMSTRONG CREEK 3217
5331364881,78 INGLENOOK Circuit ARMSTRONG CREEK 3217
5331365551,72 INGLENOOK Circuit ARMSTRONG CREEK 3217
5331362305,66 INGLENOOK Circuit ARMSTRONG CREEK 3217
5331364720,85 INGLENOOK Circuit ARMSTRONG CREEK 3217
5331364870,82 INGLENOOK Circuit ARMSTRONG CREEK 3217
5331414155,74 INGLENOOK Circuit ARMSTRONG CREEK 3217
5331359148,103 INGLENOOK Circuit ARMSTRONG CREEK 3217
5331370716,68 INGLENOOK Circuit ARMSTRONG CREEK 3217
5331373876,84 INGLENOOK Circuit ARMSTRONG CREEK 3217
5331360201,93 INGLENOOK Circuit ARMSTRONG CREEK 3217
5331374807,69 INGLENOOK Circuit ARMSTRONG CREEK 3217
5331364416,98 INGLENOOK Circuit ARMSTRONG CREEK 3217
5331361036,80 INGLENOOK Circuit ARMSTRONG CREEK 3217
5331362554,61 INGLENOOK Circuit ARMSTRONG CREEK 3217
5331370100,90 INGLENOOK Circuit ARMSTRONG CREEK 3217
5331372953,96 INGLENOOK Circuit ARMSTRONG CREEK 3217
5331360266,95 INGLENOOK Circuit ARMSTRONG CREEK 3217
5331354413,105 INGLENOOK Circuit ARMSTRONG CREEK 3217
5331357701,99 INGLENOOK Circuit ARMSTRONG CREEK 3217
5331361815,94 INGLENOOK Circuit ARMSTRONG CREEK 3217
5331382424,100 INGLENOOK Circuit ARMSTRONG CREEK 3217
5331366515,75 INGLENOOK Circuit ARMSTRONG CREEK 3217
5331367456,71 INGLENOOK Circuit ARMSTRONG CREEK 3217
5331367601,88 INGLENOOK Circuit ARMSTRONG CREEK 3217
5331354266,86 INGLENOOK Circuit ARMSTRONG CREEK 3217
5331358269,73 INGLENOOK Circuit ARMSTRONG CREEK 3217
5331359535,101 INGLENOOK Circuit ARMSTRONG CREEK 3217
5331386349,67 INGLENOOK Circuit ARMSTRONG CREEK 3217
5331375262,92 INGLENOOK Circuit ARMSTRONG CREEK 3217
5330162489,82 KOROROIT CREEK Road WILLIAMSTOWN 3016
5330163272,86 KOROROIT CREEK Road WILLIAMSTOWN 3016
5330166793,84 KOROROIT CREEK Road WILLIAMSTOWN 3016
5330168137,114 KOROROIT CREEK Road WILLIAMSTOWN 3016
5330168391,106 KOROROIT CREEK Road WILLIAMSTOWN 3016
5330168771,106 KOROROIT CREEK Road WILLIAMSTOWN 3016
5330168833,106 KOROROIT CREEK Road WILLIAMSTOWN 3016
5330169146,130 KOROROIT CREEK Road WILLIAMSTOWN 3016
5330170582,118 KOROROIT CREEK Road WILLIAMSTOWN 3016
5330172666,126 KOROROIT CREEK Road WILLIAMSTOWN 3016
5330172678,128 KOROROIT CREEK Road WILLIAMSTOWN 3016
5330174962,110 KOROROIT CREEK Road WILLIAMSTOWN 3016
5330181017,120 KOROROIT CREEK Road WILLIAMSTOWN 3016
5330181787,104 KOROROIT CREEK Road WILLIAMSTOWN 3016
5330183108,94 KOROROIT CREEK Road WILLIAMSTOWN 3016
5330184695,70 KOROROIT CREEK Road WILLIAMSTOWN 3016
5330185516,96 KOROROIT CREEK Road WILLIAMSTOWN 3016
5330187795,98 KOROROIT CREEK Road WILLIAMSTOWN 3016
5330190685,144 KOROROIT CREEK Road WILLIAMSTOWN 3016
5330192560,70 KOROROIT CREEK Road WILLIAMSTOWN 3016
5330192567,70 KOROROIT CREEK Road WILLIAMSTOWN 3016
5330192851,70 KOROROIT CREEK Road WILLIAMSTOWN 3016
5330192856,70 KOROROIT CREEK Road WILLIAMSTOWN 3016
5330192862,70 KOROROIT CREEK Road WILLIAMSTOWN 3016
5330594660,124 KOROROIT CREEK Road WILLIAMSTOWN 3016
5330736042,104 KOROROIT CREEK Road WILLIAMSTOWN 3016
5330741019,102 KOROROIT CREEK Road WILLIAMSTOWN 3016
5330764414,128 KOROROIT CREEK Road WILLIAMSTOWN 3016
5330805415,98 KOROROIT CREEK Road WILLIAMSTOWN 3016
5330996334,92 KOROROIT CREEK Road WILLIAMSTOWN 3016
5330996335,92 KOROROIT CREEK Road WILLIAMSTOWN 3016
5330996381,92 KOROROIT CREEK Road WILLIAMSTOWN 3016
5331129640,100 KOROROIT CREEK Road WILLIAMSTOWN 3016
5331129740,100 KOROROIT CREEK Road WILLIAMSTOWN 3016
5331345946,116 KOROROIT CREEK Road WILLIAMSTOWN 3016
5331379522,14 LORIKEET Circuit ROCKBANK 3335
5331395722,7 LORIKEET Circuit ROCKBANK 3335
5331352366,8 LORIKEET Circuit ROCKBANK 3335
5331362691,26 LORIKEET Circuit ROCKBANK 3335
5331354412,25 LORIKEET Circuit ROCKBANK 3335
5331357921,9 LORIKEET Circuit ROCKBANK 3335
5331359212,38 LORIKEET Circuit ROCKBANK 3335
5331356799,13 LORIKEET Circuit ROCKBANK 3335
5331364813,4 LORIKEET Circuit ROCKBANK 3335
5331376603,18 LORIKEET Circuit ROCKBANK 3335
5331348966,30 LORIKEET Circuit ROCKBANK 3335
5331365246,16 LORIKEET Circuit ROCKBANK 3335
5331366165,3 LORIKEET Circuit ROCKBANK 3335
5331389670,11 LORIKEET Circuit ROCKBANK 3335
5331383807,31 LORIKEET Circuit ROCKBANK 3335
5331352552,5 LORIKEET Circuit ROCKBANK 3335
5331388832,32 LORIKEET Circuit ROCKBANK 3335
5331358706,22 LORIKEET Circuit ROCKBANK 3335
5331394874,35 LORIKEET Circuit ROCKBANK 3335
5331351424,23 LORIKEET Circuit ROCKBANK 3335
5331353646,24 LORIKEET Circuit ROCKBANK 3335
5331355860,17 LORIKEET Circuit ROCKBANK 3335
5331358354,29 LORIKEET Circuit ROCKBANK 3335
5331344984,21 LORIKEET Circuit ROCKBANK 3335
5331380393,12 LORIKEET Circuit ROCKBANK 3335
5331385032,34 LORIKEET Circuit ROCKBANK 3335
5331360948,10 LORIKEET Circuit ROCKBANK 3335
5331395565,40 LORIKEET Circuit ROCKBANK 3335
5331417646,36 LORIKEET Circuit ROCKBANK 3335
5331372941,6 LORIKEET Circuit ROCKBANK 3335
5331354243,28 LORIKEET Circuit ROCKBANK 3335
5331348116,27 LORIKEET Circuit ROCKBANK 3335
5331378967,15 LORIKEET Circuit ROCKBANK 3335
5331358888,20 LORIKEET Circuit ROCKBANK 3335
5331379072,33 LORIKEET Circuit ROCKBANK 3335
5331398717,6 PETUNIA Avenue TARNEIT 3029
5331407594,8 PETUNIA Avenue TARNEIT 3029
5331401621,82 PETUNIA Avenue TARNEIT 3029
5331384334,26 PETUNIA Avenue TARNEIT 3029
5331376425,52 PETUNIA Avenue TARNEIT 3029
5331384281,22 PETUNIA Avenue TARNEIT 3029
5331386987,76 PETUNIA Avenue TARNEIT 3029
5331386988,62 PETUNIA Avenue TARNEIT 3029
5331373589,38 PETUNIA Avenue TARNEIT 3029
5331373582,36 PETUNIA Avenue TARNEIT 3029
5331373579,44 PETUNIA Avenue TARNEIT 3029
5331373588,54 PETUNIA Avenue TARNEIT 3029
5331373679,46 PETUNIA Avenue TARNEIT 3029
5331398731,18 PETUNIA Avenue TARNEIT 3029
5331366818,58 PETUNIA Avenue TARNEIT 3029
5331398737,12 PETUNIA Avenue TARNEIT 3029
5331384282,28 PETUNIA Avenue TARNEIT 3029
5331384283,30 PETUNIA Avenue TARNEIT 3029
5331387191,68 PETUNIA Avenue TARNEIT 3029
5331373581,48 PETUNIA Avenue TARNEIT 3029
5331384336,24 PETUNIA Avenue TARNEIT 3029
5331416748,60 PETUNIA Avenue TARNEIT 3029
5331376426,42 PETUNIA Avenue TARNEIT 3029
5331398725,14 PETUNIA Avenue TARNEIT 3029
5331398729,16 PETUNIA Avenue TARNEIT 3029
5331373580,56 PETUNIA Avenue TARNEIT 3029
5331373618,50 PETUNIA Avenue TARNEIT 3029
5331398734,10 PETUNIA Avenue TARNEIT 3029
5331376427,40 PETUNIA Avenue TARNEIT 3029
5331384280,20 PETUNIA Avenue TARNEIT 3029
5331389502,4 PETUNIA Avenue TARNEIT 3029
5331365589,70 PETUNIA Avenue TARNEIT 3029
5331387856,74 PETUNIA Avenue TARNEIT 3029
5331384275,32 PETUNIA Avenue TARNEIT 3029
5331376144,34 PETUNIA Avenue TARNEIT 3029
5331330091,5 REJOICE Street TARNEIT 3029
5331330055,7 SOUTHLANDS Loop STRATHTULLOH 3338
5331352069,20 SOUTHLANDS Loop STRATHTULLOH 3338
5331360391,24 SOUTHLANDS Loop STRATHTULLOH 3338
5331334736,44 SOUTHLANDS Loop STRATHTULLOH 3338
5331334542,23 SOUTHLANDS Loop STRATHTULLOH 3338
5331400758,36 SOUTHLANDS Loop STRATHTULLOH 3338
5331338514,11 SOUTHLANDS Loop STRATHTULLOH 3338
5331368230,9 SOUTHLANDS Loop STRATHTULLOH 3338
5331345253,48 SOUTHLANDS Loop STRATHTULLOH 3338
5331353694,10 SOUTHLANDS Loop STRATHTULLOH 3338
5331348610,8 SOUTHLANDS Loop STRATHTULLOH 3338
5331370377,46 SOUTHLANDS Loop STRATHTULLOH 3338
5331406263,40 SOUTHLANDS Loop STRATHTULLOH 3338
5331337934,13 SOUTHLANDS Loop STRATHTULLOH 3338
5331351083,22 SOUTHLANDS Loop STRATHTULLOH 3338
5331330142,19 SOUTHLANDS Loop STRATHTULLOH 3338
5331332532,32 SOUTHLANDS Loop STRATHTULLOH 3338
5331361017,1 SOUTHLANDS Loop STRATHTULLOH 3338
5331334158,34 SOUTHLANDS Loop STRATHTULLOH 3338
5331335502,17 SOUTHLANDS Loop STRATHTULLOH 3338
5331384724,42 SOUTHLANDS Loop STRATHTULLOH 3338
5331336598,16 SOUTHLANDS Loop STRATHTULLOH 3338
5331336629,38 SOUTHLANDS Loop STRATHTULLOH 3338
5331338526,6 SOUTHLANDS Loop STRATHTULLOH 3338
5331344384,30 SOUTHLANDS Loop STRATHTULLOH 3338
5331349394,3 SOUTHLANDS Loop STRATHTULLOH 3338
5331355917,21 SOUTHLANDS Loop STRATHTULLOH 3338
5331331284,18 SOUTHLANDS Loop STRATHTULLOH 3338
5331331937,12 SOUTHLANDS Loop STRATHTULLOH 3338
5331333158,28 SOUTHLANDS Loop STRATHTULLOH 3338
5331368591,5 SOUTHLANDS Loop STRATHTULLOH 3338
5331336088,4 SOUTHLANDS Loop STRATHTULLOH 3338
5331412032,26 SOUTHLANDS Loop STRATHTULLOH 3338
5331343605,14 SOUTHLANDS Loop STRATHTULLOH 3338
5331346105,15 SOUTHLANDS Loop STRATHTULLOH 3338
5331297355,241 WATERHAVEN Boulevard POINT COOK 3030
5331297357,265 WATERHAVEN Boulevard POINT COOK 3030
5331297361,263 WATERHAVEN Boulevard POINT COOK 3030
5331297366,237 WATERHAVEN Boulevard POINT COOK 3030
5331297367,257 WATERHAVEN Boulevard POINT COOK 3030
5331297370,255 WATERHAVEN Boulevard POINT COOK 3030
5331297398,249 WATERHAVEN Boulevard POINT COOK 3030
5331297403,243 WATERHAVEN Boulevard POINT COOK 3030
5331297404,247 WATERHAVEN Boulevard POINT COOK 3030
5331297405,253 WATERHAVEN Boulevard POINT COOK 3030
5331297407,245 WATERHAVEN Boulevard POINT COOK 3030
5331297408,251 WATERHAVEN Boulevard POINT COOK 3030
5331297412,259 WATERHAVEN Boulevard POINT COOK 3030
5331297413,239 WATERHAVEN Boulevard POINT COOK 3030
5331297655,261 WATERHAVEN Boulevard POINT COOK 3030
5331297656,267 WATERHAVEN Boulevard POINT COOK 3030
5331297658,271 WATERHAVEN Boulevard POINT COOK 3030
5331297657,269 WATERHAVEN Boulevard POINT COOK 3030
5331312459,281 WATERHAVEN Boulevard POINT COOK 3030
5331312454,273 WATERHAVEN Boulevard POINT COOK 3030
5331312457,279 WATERHAVEN Boulevard POINT COOK 3030
5331312460,283 WATERHAVEN Boulevard POINT COOK 3030
5331312461,285 WATERHAVEN Boulevard POINT COOK 3030
5331312465,293 WATERHAVEN Boulevard POINT COOK 3030
5331312466,295 WATERHAVEN Boulevard POINT COOK 3030
5331312453,275 WATERHAVEN Boulevard POINT COOK 3030
5331312463,289 WATERHAVEN Boulevard POINT COOK 3030
5331312471,303 WATERHAVEN Boulevard POINT COOK 3030
5331312469,299 WATERHAVEN Boulevard POINT COOK 3030
5331312455,277 WATERHAVEN Boulevard POINT COOK 3030
5331312467,297 WATERHAVEN Boulevard POINT COOK 3030
5331312462,287 WATERHAVEN Boulevard POINT COOK 3030
5331312464,291 WATERHAVEN Boulevard POINT COOK 3030
5331312468,301 WATERHAVEN Boulevard POINT COOK 3030
5331312470,305 WATERHAVEN Boulevard POINT COOK 3030
5330277661,18 ASCOT Street BALLARAT CENTRAL 3350
5330278280,21 ASCOT Street BALLARAT CENTRAL 3350
5330282544,18 ASCOT Street BALLARAT CENTRAL 3350
5330283056,5 ASCOT Street BALLARAT CENTRAL 3350
5330283675,18 ASCOT Street BALLARAT CENTRAL 3350
5330284154,6 ASCOT Street BALLARAT CENTRAL 3350
5330284837,4 ASCOT Street BALLARAT CENTRAL 3350
5330284987,7 ASCOT Street BALLARAT CENTRAL 3350
5330287080,19 ASCOT Street BALLARAT CENTRAL 3350
5330288517,22 ASCOT Street BALLARAT CENTRAL 3350
5330289814,12 ASCOT Street BALLARAT CENTRAL 3350
5330290378,10 ASCOT Street BALLARAT CENTRAL 3350
5330290488,23 ASCOT Street BALLARAT CENTRAL 3350
5330291870,15 ASCOT Street BALLARAT CENTRAL 3350
5330292842,1 ASCOT Street BALLARAT CENTRAL 3350
5330303565,18 ASCOT Street BALLARAT CENTRAL 3350
5330305901,18 ASCOT Street BALLARAT CENTRAL 3350
5330306404,3 ASCOT Street BALLARAT CENTRAL 3350
5330310541,13 ASCOT Street BALLARAT CENTRAL 3350
5330312734,1 ASCOT Street BALLARAT CENTRAL 3350
5330315523,9 ASCOT Street BALLARAT CENTRAL 3350
5330315525,9 ASCOT Street BALLARAT CENTRAL 3350
5330315984,11 ASCOT Street BALLARAT CENTRAL 3350
5330315999,11 ASCOT Street BALLARAT CENTRAL 3350
5330319092,17 ASCOT Street BALLARAT CENTRAL 3350
5330320096,20 ASCOT Street BALLARAT CENTRAL 3350
5330322180,6 ASCOT Street BALLARAT CENTRAL 3350
5330322185,6 ASCOT Street BALLARAT CENTRAL 3350
5330322186,6 ASCOT Street BALLARAT CENTRAL 3350
5330322201,6 ASCOT Street BALLARAT CENTRAL 3350
5330582459,24 ASCOT Street BALLARAT CENTRAL 3350
5330643119,14 ASCOT Street BALLARAT CENTRAL 3350
5330747527,4 ASCOT Street BALLARAT CENTRAL 3350
5331252202,10 ASCOT Street BALLARAT CENTRAL 3350
5331328134,67 CARROLL Lane GREENVALE 3059
5331354444,166 FARM Road WERRIBEE 3030
5331354440,158 FARM Road WERRIBEE 3030
5331354445,168 FARM Road WERRIBEE 3030
5331354449,170 FARM Road WERRIBEE 3030
5331354450,172 FARM Road WERRIBEE 3030
5331354443,164 FARM Road WERRIBEE 3030
5331372058,5 GASCOYNE Circuit LARA 3212
5331311665,36 HELENIC Drive GREENVALE 3059
5331305761,25 HELENIC Drive GREENVALE 3059
5331309408,22 HELENIC Drive GREENVALE 3059
5331308995,32 HELENIC Drive GREENVALE 3059
5331309401,8 HELENIC Drive GREENVALE 3059
5331311048,33 HELENIC Drive GREENVALE 3059
5331314239,3 HELENIC Drive GREENVALE 3059
5331309558,26 HELENIC Drive GREENVALE 3059
5331315304,34 HELENIC Drive GREENVALE 3059
5331316712,31 HELENIC Drive GREENVALE 3059
5331319432,14 HELENIC Drive GREENVALE 3059
5331320010,6 HELENIC Drive GREENVALE 3059
5331319822,10 HELENIC Drive GREENVALE 3059
5331328420,12 HELENIC Drive GREENVALE 3059
5331320155,11 HELENIC Drive GREENVALE 3059
5331369740,28 HELENIC Drive GREENVALE 3059
5331352833,13 HELENIC Drive GREENVALE 3059
5331345335,29 HELENIC Drive GREENVALE 3059
5331344590,21 HELENIC Drive GREENVALE 3059
5331391165,24 HELENIC Drive GREENVALE 3059
5331347169,23 HELENIC Drive GREENVALE 3059
5331352957,7 HELENIC Drive GREENVALE 3059
5331333608,27 HELENIC Drive GREENVALE 3059
5331335970,20 HELENIC Drive GREENVALE 3059
5331384807,15 HELENIC Drive GREENVALE 3059
5331343477,18 HELENIC Drive GREENVALE 3059
5331381888,5 HELENIC Drive GREENVALE 3059
5331330256,19 HELENIC Drive GREENVALE 3059
5331329306,16 HELENIC Drive GREENVALE 3059
5331334673,17 HELENIC Drive GREENVALE 3059
5331391544,1 HELENIC Drive GREENVALE 3059
5331382843,9 HELENIC Drive GREENVALE 3059
5331374741,30 HELENIC Drive GREENVALE 3059
5331354828,18 KIMZY Circuit WERRIBEE 3030
5331354999,3 KIMZY Circuit WERRIBEE 3030
5331354836,36 KIMZY Circuit WERRIBEE 3030
5331354995,46 KIMZY Circuit WERRIBEE 3030
5331354821,2 KIMZY Circuit WERRIBEE 3030
5331354827,16 KIMZY Circuit WERRIBEE 3030
5331354833,32 KIMZY Circuit WERRIBEE 3030
5331354822,4 KIMZY Circuit WERRIBEE 3030
5331354830,24 KIMZY Circuit WERRIBEE 3030
5331354831,22 KIMZY Circuit WERRIBEE 3030
5331354834,34 KIMZY Circuit WERRIBEE 3030
5331354835,30 KIMZY Circuit WERRIBEE 3030
5331354992,50 KIMZY Circuit WERRIBEE 3030
5331354998,40 KIMZY Circuit WERRIBEE 3030
5331354829,20 KIMZY Circuit WERRIBEE 3030
5331354983,21 KIMZY Circuit WERRIBEE 3030
5331354984,19 KIMZY Circuit WERRIBEE 3030
5331354985,17 KIMZY Circuit WERRIBEE 3030
5331354986,15 KIMZY Circuit WERRIBEE 3030
5331354994,48 KIMZY Circuit WERRIBEE 3030
5331354996,42 KIMZY Circuit WERRIBEE 3030
5331354832,26 KIMZY Circuit WERRIBEE 3030
5331354997,44 KIMZY Circuit WERRIBEE 3030
5331354823,8 KIMZY Circuit WERRIBEE 3030
5331354824,10 KIMZY Circuit WERRIBEE 3030
5331354825,12 KIMZY Circuit WERRIBEE 3030
5331354826,14 KIMZY Circuit WERRIBEE 3030
5331354837,38 KIMZY Circuit WERRIBEE 3030
5331401098,7 SALSOLA Road MICKLEHAM 3064
5331390290,8 SALSOLA Road MICKLEHAM 3064
5331403433,16 SALSOLA Road MICKLEHAM 3064
5331391024,19 SALSOLA Road MICKLEHAM 3064
5331391248,36 SALSOLA Road MICKLEHAM 3064
5331391267,10 SALSOLA Road MICKLEHAM 3064
5331411206,9 SALSOLA Road MICKLEHAM 3064
5331400894,14 SALSOLA Road MICKLEHAM 3064
5331410157,5 SALSOLA Road MICKLEHAM 3064
5331394633,28 SALSOLA Road MICKLEHAM 3064
5331389902,13 SALSOLA Road MICKLEHAM 3064
5331390144,33 SALSOLA Road MICKLEHAM 3064
5331395821,18 SALSOLA Road MICKLEHAM 3064
5331391509,30 SALSOLA Road MICKLEHAM 3064
5331396572,20 SALSOLA Road MICKLEHAM 3064
5331393790,31 SALSOLA Road MICKLEHAM 3064
5331393792,15 SALSOLA Road MICKLEHAM 3064
5331412972,11 SALSOLA Road MICKLEHAM 3064
5331391508,23 SALSOLA Road MICKLEHAM 3064
5331407375,38 SALSOLA Road MICKLEHAM 3064
5331399786,22 SALSOLA Road MICKLEHAM 3064
5331396119,6 SALSOLA Road MICKLEHAM 3064
5331391757,27 SALSOLA Road MICKLEHAM 3064
5331391758,32 SALSOLA Road MICKLEHAM 3064
5331400440,25 SALSOLA Road MICKLEHAM 3064
5331391023,26 SALSOLA Road MICKLEHAM 3064
5331391026,21 SALSOLA Road MICKLEHAM 3064
5331397882,3 SALSOLA Road MICKLEHAM 3064
5331390635,29 SALSOLA Road MICKLEHAM 3064
5331392927,34 SALSOLA Road MICKLEHAM 3064
5331413580,17 SALSOLA Road MICKLEHAM 3064
5331391247,12 SALSOLA Road MICKLEHAM 3064
5331391268,4 SALSOLA Road MICKLEHAM 3064
5331397390,24 SALSOLA Road MICKLEHAM 3064
5331361183,88 SHOREBREAK Way OCEAN GROVE 3226
5331362618,66 SHOREBREAK Way OCEAN GROVE 3226
5331383853,68 SHOREBREAK Way OCEAN GROVE 3226
5331364764,57 SHOREBREAK Way OCEAN GROVE 3226
5331353452,51 SHOREBREAK Way OCEAN GROVE 3226
5331410969,70 SHOREBREAK Way OCEAN GROVE 3226
5331397149,45 SHOREBREAK Way OCEAN GROVE 3226
5331365644,82 SHOREBREAK Way OCEAN GROVE 3226
5331363636,94 SHOREBREAK Way OCEAN GROVE 3226
5331358130,62 SHOREBREAK Way OCEAN GROVE 3226
5331374018,72 SHOREBREAK Way OCEAN GROVE 3226
5331368643,37 SHOREBREAK Way OCEAN GROVE 3226
5331358126,86 SHOREBREAK Way OCEAN GROVE 3226
5331360558,35 SHOREBREAK Way OCEAN GROVE 3226
5331361494,48 SHOREBREAK Way OCEAN GROVE 3226
5331357569,89 SHOREBREAK Way OCEAN GROVE 3226
5331354063,59 SHOREBREAK Way OCEAN GROVE 3226
5331374017,50 SHOREBREAK Way OCEAN GROVE 3226
5331363116,84 SHOREBREAK Way OCEAN GROVE 3226
5331360268,49 SHOREBREAK Way OCEAN GROVE 3226
5331381308,74 SHOREBREAK Way OCEAN GROVE 3226
5331364413,87 SHOREBREAK Way OCEAN GROVE 3226
5331389831,78 SHOREBREAK Way OCEAN GROVE 3226
5331370842,76 SHOREBREAK Way OCEAN GROVE 3226
5331369122,46 SHOREBREAK Way OCEAN GROVE 3226
5331383671,55 SHOREBREAK Way OCEAN GROVE 3226
5331360843,39 SHOREBREAK Way OCEAN GROVE 3226
5331360876,42 SHOREBREAK Way OCEAN GROVE 3226
5331353776,54 SHOREBREAK Way OCEAN GROVE 3226
5331388588,43 SHOREBREAK Way OCEAN GROVE 3226
5331364396,41 SHOREBREAK Way OCEAN GROVE 3226
5331402854,53 SHOREBREAK Way OCEAN GROVE 3226
5331358084,60 SHOREBREAK Way OCEAN GROVE 3226
5331356534,44 SHOREBREAK Way OCEAN GROVE 3226
5331397547,25 TIMBERLAND Drive TARNEIT 3029
5331399556,38 TIMBERLAND Drive TARNEIT 3029
5331399648,11 TIMBERLAND Drive TARNEIT 3029
5331399337,23 TIMBERLAND Drive TARNEIT 3029
5331386504,20 TIMBERLAND Drive TARNEIT 3029
5331387017,35 TIMBERLAND Drive TARNEIT 3029
5331401242,22 TIMBERLAND Drive TARNEIT 3029
5331402005,15 TIMBERLAND Drive TARNEIT 3029
5331392741,4 TIMBERLAND Drive TARNEIT 3029
5331389090,32 TIMBERLAND Drive TARNEIT 3029
5331389127,40 TIMBERLAND Drive TARNEIT 3029
5331391892,28 TIMBERLAND Drive TARNEIT 3029
5331404217,6 TIMBERLAND Drive TARNEIT 3029
5331393902,24 TIMBERLAND Drive TARNEIT 3029
5331405604,34 TIMBERLAND Drive TARNEIT 3029
5331399006,19 TIMBERLAND Drive TARNEIT 3029
5331407000,18 TIMBERLAND Drive TARNEIT 3029
5331394471,46 TIMBERLAND Drive TARNEIT 3029
5331411925,26 TIMBERLAND Drive TARNEIT 3029
5331399649,13 TIMBERLAND Drive TARNEIT 3029
5331391709,37 TIMBERLAND Drive TARNEIT 3029
5331389091,30 TIMBERLAND Drive TARNEIT 3029
5331405463,33 TIMBERLAND Drive TARNEIT 3029
5331409077,42 TIMBERLAND Drive TARNEIT 3029
5331400053,14 TIMBERLAND Drive TARNEIT 3029
5331397791,9 TIMBERLAND Drive TARNEIT 3029
5331404655,17 TIMBERLAND Drive TARNEIT 3029
5331401243,12 TIMBERLAND Drive TARNEIT 3029
5331398634,31 TIMBERLAND Drive TARNEIT 3029
5331408379,21 TIMBERLAND Drive TARNEIT 3029
5331411856,16 TIMBERLAND Drive TARNEIT 3029
5331391708,39 TIMBERLAND Drive TARNEIT 3029
5331417403,36 TIMBERLAND Drive TARNEIT 3029
5331391739,8 TIMBERLAND Drive TARNEIT 3029
5331351106,349 WATERHAVEN Boulevard POINT COOK 3030
5331351116,367 WATERHAVEN Boulevard POINT COOK 3030
5331345236,331 WATERHAVEN Boulevard POINT COOK 3030
5331345238,335 WATERHAVEN Boulevard POINT COOK 3030
5331345240,337 WATERHAVEN Boulevard POINT COOK 3030
5331345241,339 WATERHAVEN Boulevard POINT COOK 3030
5331345242,341 WATERHAVEN Boulevard POINT COOK 3030
5331345246,347 WATERHAVEN Boulevard POINT COOK 3030
5331372057,373 WATERHAVEN Boulevard POINT COOK 3030
5331377905,397 WATERHAVEN Boulevard POINT COOK 3030
5331351113,361 WATERHAVEN Boulevard POINT COOK 3030
5331345237,333 WATERHAVEN Boulevard POINT COOK 3030
5331345233,325 WATERHAVEN Boulevard POINT COOK 3030
5331351117,365 WATERHAVEN Boulevard POINT COOK 3030
5331351118,369 WATERHAVEN Boulevard POINT COOK 3030
5331351107,351 WATERHAVEN Boulevard POINT COOK 3030
5331351108,353 WATERHAVEN Boulevard POINT COOK 3030
5331351110,355 WATERHAVEN Boulevard POINT COOK 3030
5331351111,359 WATERHAVEN Boulevard POINT COOK 3030
5331351114,363 WATERHAVEN Boulevard POINT COOK 3030
5331345234,329 WATERHAVEN Boulevard POINT COOK 3030
5331372059,371 WATERHAVEN Boulevard POINT COOK 3030
5331345235,327 WATERHAVEN Boulevard POINT COOK 3030
5331345243,343 WATERHAVEN Boulevard POINT COOK 3030
5331372157,383 WATERHAVEN Boulevard POINT COOK 3030
5331345244,345 WATERHAVEN Boulevard POINT COOK 3030
5331372159,375 WATERHAVEN Boulevard POINT COOK 3030
5331372153,379 WATERHAVEN Boulevard POINT COOK 3030
5331345232,323 WATERHAVEN Boulevard POINT COOK 3030
5331372155,385 WATERHAVEN Boulevard POINT COOK 3030
5331372156,381 WATERHAVEN Boulevard POINT COOK 3030
5331372158,377 WATERHAVEN Boulevard POINT COOK 3030
5331351112,357 WATERHAVEN Boulevard POINT COOK 3030
5331317792,89 CARTER Road ARMSTRONG CREEK 3217
5331317788,81 CARTER Road ARMSTRONG CREEK 3217
5331319169,107 CARTER Road ARMSTRONG CREEK 3217
5331317786,77 CARTER Road ARMSTRONG CREEK 3217
5331317794,71 CARTER Road ARMSTRONG CREEK 3217
5331319173,113 CARTER Road ARMSTRONG CREEK 3217
5331319168,109 CARTER Road ARMSTRONG CREEK 3217
5331319164,123 CARTER Road ARMSTRONG CREEK 3217
5331319174,115 CARTER Road ARMSTRONG CREEK 3217
5331319175,121 CARTER Road ARMSTRONG CREEK 3217
5331317787,79 CARTER Road ARMSTRONG CREEK 3217
5331317789,83 CARTER Road ARMSTRONG CREEK 3217
5331317790,85 CARTER Road ARMSTRONG CREEK 3217
5331317791,87 CARTER Road ARMSTRONG CREEK 3217
5331317796,75 CARTER Road ARMSTRONG CREEK 3217
5331317797,73 CARTER Road ARMSTRONG CREEK 3217
5331319172,101 CARTER Road ARMSTRONG CREEK 3217
5331319158,127 CARTER Road ARMSTRONG CREEK 3217
5331319159,133 CARTER Road ARMSTRONG CREEK 3217
5331319160,131 CARTER Road ARMSTRONG CREEK 3217
5331319162,129 CARTER Road ARMSTRONG CREEK 3217
5331319165,119 CARTER Road ARMSTRONG CREEK 3217
5331319166,117 CARTER Road ARMSTRONG CREEK 3217
5331319170,105 CARTER Road ARMSTRONG CREEK 3217
5331319171,103 CARTER Road ARMSTRONG CREEK 3217
5331319295,111 CARTER Road ARMSTRONG CREEK 3217
5331317793,69 CARTER Road ARMSTRONG CREEK 3217
5331319163,125 CARTER Road ARMSTRONG CREEK 3217
5331226432,5 COUPLING Way GLENROY 3046
5331226433,6 COUPLING Way GLENROY 3046
5331226434,7 COUPLING Way GLENROY 3046
5331226435,13 COUPLING Way GLENROY 3046
5331226436,18 COUPLING Way GLENROY 3046
5331226437,14 COUPLING Way GLENROY 3046
5331226438,15 COUPLING Way GLENROY 3046
5331226439,35 COUPLING Way GLENROY 3046
5331226440,34 COUPLING Way GLENROY 3046
5331226441,17 COUPLING Way GLENROY 3046
5331226442,16 COUPLING Way GLENROY 3046
5331226445,2 COUPLING Way GLENROY 3046
5331226446,8 COUPLING Way GLENROY 3046
5331226447,3 COUPLING Way GLENROY 3046
5331226448,4 COUPLING Way GLENROY 3046
5331226449,9 COUPLING Way GLENROY 3046
5331226450,10 COUPLING Way GLENROY 3046
5331226451,12 COUPLING Way GLENROY 3046
5331226452,11 COUPLING Way GLENROY 3046
5331240721,1 COUPLING Way GLENROY 3046
5331241722,21 COUPLING Way GLENROY 3046
5331241723,24 COUPLING Way GLENROY 3046
5331241724,20 COUPLING Way GLENROY 3046
5331241725,26 COUPLING Way GLENROY 3046
5331241726,29 COUPLING Way GLENROY 3046
5331255584,33 COUPLING Way GLENROY 3046
5331255585,32 COUPLING Way GLENROY 3046
5331255586,31 COUPLING Way GLENROY 3046
5331255587,30 COUPLING Way GLENROY 3046
5331268892,25 COUPLING Way GLENROY 3046
5331269313,23 COUPLING Way GLENROY 3046
5331269314,19 COUPLING Way GLENROY 3046
5331269315,22 COUPLING Way GLENROY 3046
5331327426,36 GRAINGER Parade LUCAS 3350
5331327674,20 GRAINGER Parade LUCAS 3350
5331327711,13 GRAINGER Parade LUCAS 3350
5331328795,35 GRAINGER Parade LUCAS 3350
5331328800,15 GRAINGER Parade LUCAS 3350
5331328896,16 GRAINGER Parade LUCAS 3350
5331328910,22 GRAINGER Parade LUCAS 3350
5331323060,40 GRAINGER Parade LUCAS 3350
5331327146,34 GRAINGER Parade LUCAS 3350
5331327519,37 GRAINGER Parade LUCAS 3350
5331328445,31 GRAINGER Parade LUCAS 3350
5331328151,24 GRAINGER Parade LUCAS 3350
5331325817,18 GRAINGER Parade LUCAS 3350
5331332188,38 GRAINGER Parade LUCAS 3350
5331332544,32 GRAINGER Parade LUCAS 3350
5331331041,27 GRAINGER Parade LUCAS 3350
5331329427,29 GRAINGER Parade LUCAS 3350
5331331379,43 GRAINGER Parade LUCAS 3350
5331334617,14 GRAINGER Parade LUCAS 3350
5331393070,30 GRAINGER Parade LUCAS 3350
5331341202,44 GRAINGER Parade LUCAS 3350
5331418801,57 GRAINGER Parade LUCAS 3350
5331331032,19 GRAINGER Parade LUCAS 3350
5331331324,28 GRAINGER Parade LUCAS 3350
5331334562,17 GRAINGER Parade LUCAS 3350
5331341605,21 GRAINGER Parade LUCAS 3350
5331347476,25 GRAINGER Parade LUCAS 3350
5331359865,41 GRAINGER Parade LUCAS 3350
5331333025,42 GRAINGER Parade LUCAS 3350
5331332428,33 GRAINGER Parade LUCAS 3350
5331329347,26 GRAINGER Parade LUCAS 3350
5331340174,39 GRAINGER Parade LUCAS 3350
5331419702,23 GRAINGER Parade LUCAS 3350
5331340752,16 HAVEN Court ARMSTRONG CREEK 3217
5330227608,6 MCCLELLAND Street BELL PARK 3215
5330267971,99999 MCCLELLAND Street BELL PARK 3215
5330268321,8 MCCLELLAND Street BELL PARK 3215
5330274570,10 MCCLELLAND Street BELL PARK 3215
5330274571,12 MCCLELLAND Street BELL PARK 3215
5331327830,3 MONTEREY Street ARMSTRONG CREEK 3217
5331327721,27 MONTEREY Street ARMSTRONG CREEK 3217
5331327822,29 MONTEREY Street ARMSTRONG CREEK 3217
5330251966,5 NEILSON Square BELL PARK 3215
5330264255,2 NEILSON Square BELL PARK 3215
5330274628,6 NEILSON Square BELL PARK 3215
5330274630,4 NEILSON Square BELL PARK 3215
5330274632,1 NEILSON Square BELL PARK 3215
5330274633,3 NEILSON Square BELL PARK 3215
5330227846,4 OVEREND Court BELL PARK 3215
5330235007,6 OVEREND Court BELL PARK 3215
5330237115,5 OVEREND Court BELL PARK 3215
5330244074,3 OVEREND Court BELL PARK 3215
5330244075,20 OVEREND Court BELL PARK 3215
5330245849,10 OVEREND Court BELL PARK 3215
5330261469,22 OVEREND Court BELL PARK 3215
5330266416,28 OVEREND Court BELL PARK 3215
5330266417,29 OVEREND Court BELL PARK 3215
5330266418,30 OVEREND Court BELL PARK 3215
5330266425,27 OVEREND Court BELL PARK 3215
5330266426,26 OVEREND Court BELL PARK 3215
5330267484,1 OVEREND Court BELL PARK 3215
5330267492,2 OVEREND Court BELL PARK 3215
5330268831,7 OVEREND Court BELL PARK 3215
5330274370,14 OVEREND Court BELL PARK 3215
5330274667,11 OVEREND Court BELL PARK 3215
5330274668,12 OVEREND Court BELL PARK 3215
5330274669,13 OVEREND Court BELL PARK 3215
5330274809,25 OVEREND Court BELL PARK 3215
5330274965,16 OVEREND Court BELL PARK 3215
5330274966,18 OVEREND Court BELL PARK 3215
5331279428,10 ROSE GUM Circuit BELLBRAE 3228
5331279703,15 ROSE GUM Circuit BELLBRAE 3228
5331279704,14 ROSE GUM Circuit BELLBRAE 3228
5331279705,12 ROSE GUM Circuit BELLBRAE 3228
5331279706,8 ROSE GUM Circuit BELLBRAE 3228
5331279707,6 ROSE GUM Circuit BELLBRAE 3228
5331279708,2 ROSE GUM Circuit BELLBRAE 3228
5331279709,4 ROSE GUM Circuit BELLBRAE 3228
5331280092,31 ROSE GUM Circuit BELLBRAE 3228
5331287572,5 ROSE GUM Circuit BELLBRAE 3228
5331287983,1 ROSE GUM Circuit BELLBRAE 3228
5331287984,3 ROSE GUM Circuit BELLBRAE 3228
5331287985,7 ROSE GUM Circuit BELLBRAE 3228
5331287986,9 ROSE GUM Circuit BELLBRAE 3228
5331287987,11 ROSE GUM Circuit BELLBRAE 3228
5331287988,13 ROSE GUM Circuit BELLBRAE 3228
5331287989,29 ROSE GUM Circuit BELLBRAE 3228
5331295326,26 ROSE GUM Circuit BELLBRAE 3228
5331295327,20 ROSE GUM Circuit BELLBRAE 3228
5331295328,22 ROSE GUM Circuit BELLBRAE 3228
5331295442,18 ROSE GUM Circuit BELLBRAE 3228
5331295443,19 ROSE GUM Circuit BELLBRAE 3228
5331295444,25 ROSE GUM Circuit BELLBRAE 3228
5331295445,32 ROSE GUM Circuit BELLBRAE 3228
5331295446,27 ROSE GUM Circuit BELLBRAE 3228
5331295447,28 ROSE GUM Circuit BELLBRAE 3228
5331295448,30 ROSE GUM Circuit BELLBRAE 3228
5331295449,24 ROSE GUM Circuit BELLBRAE 3228
5331295585,17 ROSE GUM Circuit BELLBRAE 3228
5331297104,23 ROSE GUM Circuit BELLBRAE 3228
5331297468,21 ROSE GUM Circuit BELLBRAE 3228
5331406246,10 SAMOLUS Street MICKLEHAM 3064
5331405199,20 SAMOLUS Street MICKLEHAM 3064
5331389935,24 SAMOLUS Street MICKLEHAM 3064
5331394566,16 SAMOLUS Street MICKLEHAM 3064
5331392686,25 SAMOLUS Street MICKLEHAM 3064
5331389995,28 SAMOLUS Street MICKLEHAM 3064
5331395469,31 SAMOLUS Street MICKLEHAM 3064
5331393825,22 SAMOLUS Street MICKLEHAM 3064
5331401766,35 SAMOLUS Street MICKLEHAM 3064
5331390627,29 SAMOLUS Street MICKLEHAM 3064
5331404399,15 SAMOLUS Street MICKLEHAM 3064
5331405370,4 SAMOLUS Street MICKLEHAM 3064
5331409849,17 SAMOLUS Street MICKLEHAM 3064
5331408559,37 SAMOLUS Street MICKLEHAM 3064
5331396537,13 SAMOLUS Street MICKLEHAM 3064
5331391525,40 SAMOLUS Street MICKLEHAM 3064
5331389996,18 SAMOLUS Street MICKLEHAM 3064
5331398329,34 SAMOLUS Street MICKLEHAM 3064
5331397111,36 SAMOLUS Street MICKLEHAM 3064
5331396350,32 SAMOLUS Street MICKLEHAM 3064
5331407613,26 SAMOLUS Street MICKLEHAM 3064
5331408611,23 SAMOLUS Street MICKLEHAM 3064
5331391265,38 SAMOLUS Street MICKLEHAM 3064
5331397717,27 SAMOLUS Street MICKLEHAM 3064
5331394678,30 SAMOLUS Street MICKLEHAM 3064
5331399785,6 SAMOLUS Street MICKLEHAM 3064
5331409163,21 SAMOLUS Street MICKLEHAM 3064
5331404236,12 SAMOLUS Street MICKLEHAM 3064
5331396986,14 SAMOLUS Street MICKLEHAM 3064
5331406194,19 SAMOLUS Street MICKLEHAM 3064
5331405601,33 SAMOLUS Street MICKLEHAM 3064
5331395688,23 SPREADING Road MICKLEHAM 3064
5331396366,21 SPREADING Road MICKLEHAM 3064
5331338519,33 TRINITY Way ARMSTRONG CREEK 3217
5331407293,116 WHITES Road MOUNT DUNEED 3217
5331366759,168 WHITES Road MOUNT DUNEED 3217
5331409701,124 WHITES Road MOUNT DUNEED 3217
5331385453,109 WHITES Road MOUNT DUNEED 3217
5331365113,152 WHITES Road MOUNT DUNEED 3217
5331386297,119 WHITES Road MOUNT DUNEED 3217
5331407725,122 WHITES Road MOUNT DUNEED 3217
5331366884,170 WHITES Road MOUNT DUNEED 3217
5331372661,156 WHITES Road MOUNT DUNEED 3217
5331390403,127 WHITES Road MOUNT DUNEED 3217
5331364875,146 WHITES Road MOUNT DUNEED 3217
5331389141,105 WHITES Road MOUNT DUNEED 3217
5331415733,128 WHITES Road MOUNT DUNEED 3217
5331385004,107 WHITES Road MOUNT DUNEED 3217
5331386557,115 WHITES Road MOUNT DUNEED 3217
5331365598,142 WHITES Road MOUNT DUNEED 3217
5331399013,111 WHITES Road MOUNT DUNEED 3217
5331389264,121 WHITES Road MOUNT DUNEED 3217
5331380597,164 WHITES Road MOUNT DUNEED 3217
5331374640,148 WHITES Road MOUNT DUNEED 3217
5331381133,166 WHITES Road MOUNT DUNEED 3217
5331387853,103 WHITES Road MOUNT DUNEED 3217
5331409740,126 WHITES Road MOUNT DUNEED 3217
5331364024,160 WHITES Road MOUNT DUNEED 3217
5331392229,99 WHITES Road MOUNT DUNEED 3217
5331388856,117 WHITES Road MOUNT DUNEED 3217
5331389249,154 WHITES Road MOUNT DUNEED 3217
5331390385,113 WHITES Road MOUNT DUNEED 3217
5331409519,114 WHITES Road MOUNT DUNEED 3217
5331390857,125 WHITES Road MOUNT DUNEED 3217
5331365900,158 WHITES Road MOUNT DUNEED 3217
5331366044,150 WHITES Road MOUNT DUNEED 3217
5331376041,162 WHITES Road MOUNT DUNEED 3217
5331282457,6 WOOD GUM Court BELLBRAE 3228
5331282458,3 WOOD GUM Court BELLBRAE 3228
5331378542,7 BABYLON Road MICKLEHAM 3064
5330197824,47 BECKET Street GLENROY 3046
5330198774,25 BECKET Street GLENROY 3046
5330202495,43 BECKET Street GLENROY 3046
5330203506,31 BECKET Street GLENROY 3046
5330203511,39 BECKET Street GLENROY 3046
5330208431,49 BECKET Street GLENROY 3046
5330210555,37 BECKET Street GLENROY 3046
5330211972,53 BECKET Street GLENROY 3046
5330214014,57 BECKET Street GLENROY 3046
5330219558,27 BECKET Street GLENROY 3046
5330219564,33 BECKET Street GLENROY 3046
5330220823,29 BECKET Street GLENROY 3046
5331215115,38 BECKET Street GLENROY 3046
5331215116,36 BECKET Street GLENROY 3046
5331215117,40 BECKET Street GLENROY 3046
5331215118,42 BECKET Street GLENROY 3046
5331215119,44 BECKET Street GLENROY 3046
5331215120,46 BECKET Street GLENROY 3046
5331215121,48 BECKET Street GLENROY 3046
5331215122,50 BECKET Street GLENROY 3046
5331215123,52 BECKET Street GLENROY 3046
5331215124,54 BECKET Street GLENROY 3046
5331215125,54 BECKET Street GLENROY 3046
5331215126,56 BECKET Street GLENROY 3046
5331215127,58 BECKET Street GLENROY 3046
5331215128,60 BECKET Street GLENROY 3046
5331248062,45 BECKET Street GLENROY 3046
5331248063,45 BECKET Street GLENROY 3046
5331248064,45 BECKET Street GLENROY 3046
5331349874,2 BRUSHTAIL Court SUNSHINE NORTH 3020
5331349873,4 BRUSHTAIL Court SUNSHINE NORTH 3020
5331348768,38 CALLICOMA Street MICKLEHAM 3064
5331348771,17 CALLICOMA Street MICKLEHAM 3064
5331380669,13 CALLICOMA Street MICKLEHAM 3064
5331361775,12 CALLICOMA Street MICKLEHAM 3064
5331350861,32 CALLICOMA Street MICKLEHAM 3064
5331348159,4 CALLICOMA Street MICKLEHAM 3064
5331348307,10 CALLICOMA Street MICKLEHAM 3064
5331353530,11 CALLICOMA Street MICKLEHAM 3064
5331368018,8 CALLICOMA Street MICKLEHAM 3064
5331358189,14 CALLICOMA Street MICKLEHAM 3064
5331359401,27 CALLICOMA Street MICKLEHAM 3064
5331348716,3 CALLICOMA Street MICKLEHAM 3064
5331349242,28 CALLICOMA Street MICKLEHAM 3064
5331352666,34 CALLICOMA Street MICKLEHAM 3064
5331352635,2 CALLICOMA Street MICKLEHAM 3064
5331353722,40 CALLICOMA Street MICKLEHAM 3064
5331357071,16 CALLICOMA Street MICKLEHAM 3064
5331362325,7 CALLICOMA Street MICKLEHAM 3064
5331362982,6 CALLICOMA Street MICKLEHAM 3064
5331362007,29 CALLICOMA Street MICKLEHAM 3064
5331384849,5 CALLICOMA Street MICKLEHAM 3064
5331364332,24 CALLICOMA Street MICKLEHAM 3064
5331365325,18 CALLICOMA Street MICKLEHAM 3064
5331375455,20 CALLICOMA Street MICKLEHAM 3064
5331366996,22 CALLICOMA Street MICKLEHAM 3064
5331367618,15 CALLICOMA Street MICKLEHAM 3064
5331378110,23 CALLICOMA Street MICKLEHAM 3064
5331359104,25 CALLICOMA Street MICKLEHAM 3064
5331361445,26 CALLICOMA Street MICKLEHAM 3064
5331365026,9 CALLICOMA Street MICKLEHAM 3064
5331375554,36 CALLICOMA Street MICKLEHAM 3064
5331263891,28 COUPLING Way GLENROY 3046
5331271540,27 COUPLING Way GLENROY 3046
5331354057,10 DERRIMUT Street ROCKBANK 3335
5331356609,31 DERRIMUT Street ROCKBANK 3335
5331359396,39 DERRIMUT Street ROCKBANK 3335
5331351009,35 DERRIMUT Street ROCKBANK 3335
5331363624,9 DERRIMUT Street ROCKBANK 3335
5331356058,41 DERRIMUT Street ROCKBANK 3335
5331383814,28 DERRIMUT Street ROCKBANK 3335
5331374422,16 DERRIMUT Street ROCKBANK 3335
5331358586,15 DERRIMUT Street ROCKBANK 3335
5331385354,36 DERRIMUT Street ROCKBANK 3335
5331365048,13 DERRIMUT Street ROCKBANK 3335
5331380880,8 DERRIMUT Street ROCKBANK 3335
5331384605,29 DERRIMUT Street ROCKBANK 3335
5331372279,25 DERRIMUT Street ROCKBANK 3335
5331362337,18 DERRIMUT Street ROCKBANK 3335
5331357292,30 DERRIMUT Street ROCKBANK 3335
5331349291,33 DERRIMUT Street ROCKBANK 3335
5331352450,34 DERRIMUT Street ROCKBANK 3335
5331353386,6 DERRIMUT Street ROCKBANK 3335
5331354401,11 DERRIMUT Street ROCKBANK 3335
5331403807,23 DERRIMUT Street ROCKBANK 3335
5331363193,7 DERRIMUT Street ROCKBANK 3335
5331386166,43 DERRIMUT Street ROCKBANK 3335
5331359896,3 DERRIMUT Street ROCKBANK 3335
5331404853,20 DERRIMUT Street ROCKBANK 3335
5331361274,37 DERRIMUT Street ROCKBANK 3335
5331366909,17 DERRIMUT Street ROCKBANK 3335
5331365796,21 DERRIMUT Street ROCKBANK 3335
5331353942,5 DERRIMUT Street ROCKBANK 3335
5331354390,19 DERRIMUT Street ROCKBANK 3335
5331232101,36 GERVASE Avenue GLENROY 3046
5331368081,82 HOMESTEAD Drive LARA 3212
5331358257,76 HOMESTEAD Drive LARA 3212
5331365474,63 HOMESTEAD Drive LARA 3212
5331362021,86 HOMESTEAD Drive LARA 3212
5331363926,78 HOMESTEAD Drive LARA 3212
5331358834,67 HOMESTEAD Drive LARA 3212
5331362906,74 HOMESTEAD Drive LARA 3212
5331363237,54 HOMESTEAD Drive LARA 3212
5331379173,52 HOMESTEAD Drive LARA 3212
5331366564,56 HOMESTEAD Drive LARA 3212
5331362523,68 HOMESTEAD Drive LARA 3212
5331394607,69 HOMESTEAD Drive LARA 3212
5331361940,60 HOMESTEAD Drive LARA 3212
5331360880,75 HOMESTEAD Drive LARA 3212
5331361415,64 HOMESTEAD Drive LARA 3212
5331361969,77 HOMESTEAD Drive LARA 3212
5331358101,79 HOMESTEAD Drive LARA 3212
5331355817,70 HOMESTEAD Drive LARA 3212
5331361223,72 HOMESTEAD Drive LARA 3212
5331359142,65 HOMESTEAD Drive LARA 3212
5331386763,71 HOMESTEAD Drive LARA 3212
5331361349,84 HOMESTEAD Drive LARA 3212
5331380723,81 HOMESTEAD Drive LARA 3212
5331361529,80 HOMESTEAD Drive LARA 3212
5331361562,46 HOMESTEAD Drive LARA 3212
5331363705,83 HOMESTEAD Drive LARA 3212
5331366213,66 HOMESTEAD Drive LARA 3212
5331369126,73 HOMESTEAD Drive LARA 3212
5331367997,48 HOMESTEAD Drive LARA 3212
5331361143,62 HOMESTEAD Drive LARA 3212
5331374819,61 HOMESTEAD Drive LARA 3212
5330446264,434 MAIN Road ST ALBANS 3021
5330446747,440 MAIN Road ST ALBANS 3021
5330447144,428 MAIN Road ST ALBANS 3021
5330449402,217 MAIN Road ST ALBANS 3021
5330450692,229 MAIN Road ST ALBANS 3021
5330452155,428 MAIN Road ST ALBANS 3021
5330452662,436 MAIN Road ST ALBANS 3021
5330454076,217 MAIN Road ST ALBANS 3021
5330454096,217 MAIN Road ST ALBANS 3021
5330463500,217 MAIN Road ST ALBANS 3021
5330464175,219 MAIN Road ST ALBANS 3021
5330465847,428 MAIN Road ST ALBANS 3021
5330466755,225 MAIN Road ST ALBANS 3021
5330469409,428 MAIN Road ST ALBANS 3021
5330472704,430 MAIN Road ST ALBANS 3021
5330473199,428 MAIN Road ST ALBANS 3021
5330473636,225 MAIN Road ST ALBANS 3021
5330474546,217 MAIN Road ST ALBANS 3021
5330478433,217 MAIN Road ST ALBANS 3021
5330478921,227 MAIN Road ST ALBANS 3021
5330482020,221 MAIN Road ST ALBANS 3021
5330482230,430 MAIN Road ST ALBANS 3021
5330483586,428 MAIN Road ST ALBANS 3021
5330484513,442 MAIN Road ST ALBANS 3021
5330485896,428 MAIN Road ST ALBANS 3021
5330485929,428 MAIN Road ST ALBANS 3021
5330486229,225 MAIN Road ST ALBANS 3021
5330486718,430 MAIN Road ST ALBANS 3021
5330488817,217 MAIN Road ST ALBANS 3021
5330489285,430 MAIN Road ST ALBANS 3021
5330492784,219 MAIN Road ST ALBANS 3021
5330587487,438 MAIN Road ST ALBANS 3021
5331380991,8 MINDIL Street ARMSTRONG CREEK 3217
5331378999,36 MINDIL Street ARMSTRONG CREEK 3217
5331379179,23 MINDIL Street ARMSTRONG CREEK 3217
5331400534,37 MINDIL Street ARMSTRONG CREEK 3217
5331383473,38 MINDIL Street ARMSTRONG CREEK 3217
5331377282,27 MINDIL Street ARMSTRONG CREEK 3217
5331381744,20 MINDIL Street ARMSTRONG CREEK 3217
5331377790,12 MINDIL Street ARMSTRONG CREEK 3217
5331398750,21 MINDIL Street ARMSTRONG CREEK 3217
5331388366,18 MINDIL Street ARMSTRONG CREEK 3217
5331377791,4 MINDIL Street ARMSTRONG CREEK 3217
5331383644,26 MINDIL Street ARMSTRONG CREEK 3217
5331387897,24 MINDIL Street ARMSTRONG CREEK 3217
5331421403,41 MINDIL Street ARMSTRONG CREEK 3217
5331413620,22 MINDIL Street ARMSTRONG CREEK 3217
5331397132,40 MINDIL Street ARMSTRONG CREEK 3217
5331384686,15 MINDIL Street ARMSTRONG CREEK 3217
5331375623,42 MINDIL Street ARMSTRONG CREEK 3217
5331375793,6 MINDIL Street ARMSTRONG CREEK 3217
5331379907,29 MINDIL Street ARMSTRONG CREEK 3217
5331375875,19 MINDIL Street ARMSTRONG CREEK 3217
5331392754,17 MINDIL Street ARMSTRONG CREEK 3217
5331386819,34 MINDIL Street ARMSTRONG CREEK 3217
5331387488,35 MINDIL Street ARMSTRONG CREEK 3217
5331379677,16 MINDIL Street ARMSTRONG CREEK 3217
5331390622,39 MINDIL Street ARMSTRONG CREEK 3217
5331379498,10 MINDIL Street ARMSTRONG CREEK 3217
5331381242,31 MINDIL Street ARMSTRONG CREEK 3217
5331416662,62 MINDIL Street ARMSTRONG CREEK 3217
5331405357,13 MINDIL Street ARMSTRONG CREEK 3217
5331376378,33 MINDIL Street ARMSTRONG CREEK 3217
5331377877,14 MINDIL Street ARMSTRONG CREEK 3217
5331361289,9 PLUME Terrace ROCKBANK 3335
5331347009,6 PLUME Terrace ROCKBANK 3335
5331361970,12 RANGER Street BONNIE BROOK 3335
5331395970,23 RUBUS Walk WERRIBEE 3030
5331395971,21 RUBUS Walk WERRIBEE 3030
5331399638,3 RUBUS Walk WERRIBEE 3030
5331395920,29 RUBUS Walk WERRIBEE 3030
5331393631,47 RUBUS Walk WERRIBEE 3030
5331393125,63 RUBUS Walk WERRIBEE 3030
5331393127,59 RUBUS Walk WERRIBEE 3030
5331393128,61 RUBUS Walk WERRIBEE 3030
5331393129,51 RUBUS Walk WERRIBEE 3030
5331393650,37 RUBUS Walk WERRIBEE 3030
5331395027,31 RUBUS Walk WERRIBEE 3030
5331395986,25 RUBUS Walk WERRIBEE 3030
5331399639,1 RUBUS Walk WERRIBEE 3030
5331399569,7 RUBUS Walk WERRIBEE 3030
5331393632,45 RUBUS Walk WERRIBEE 3030
5331393653,35 RUBUS Walk WERRIBEE 3030
5331399636,9 RUBUS Walk WERRIBEE 3030
5331399637,17 RUBUS Walk WERRIBEE 3030
5331393124,57 RUBUS Walk WERRIBEE 3030
5331393649,33 RUBUS Walk WERRIBEE 3030
5331393651,43 RUBUS Walk WERRIBEE 3030
5331393652,39 RUBUS Walk WERRIBEE 3030
5331393687,41 RUBUS Walk WERRIBEE 3030
5331399632,5 RUBUS Walk WERRIBEE 3030
5331393130,53 RUBUS Walk WERRIBEE 3030
5331395919,19 RUBUS Walk WERRIBEE 3030
5331395921,27 RUBUS Walk WERRIBEE 3030
5331393126,49 RUBUS Walk WERRIBEE 3030
5331399634,13 RUBUS Walk WERRIBEE 3030
5331393131,55 RUBUS Walk WERRIBEE 3030
5331399633,11 RUBUS Walk WERRIBEE 3030
5331399635,15 RUBUS Walk WERRIBEE 3030
5331416919,22 TRIESTE Crescent DEANSIDE 3336
5331417066,42 TRIESTE Crescent DEANSIDE 3336
5331411502,2 TRIESTE Crescent DEANSIDE 3336
5331412428,29 TRIESTE Crescent DEANSIDE 3336
5331411498,10 TRIESTE Crescent DEANSIDE 3336
5331411500,6 TRIESTE Crescent DEANSIDE 3336
5331412355,34 TRIESTE Crescent DEANSIDE 3336
5331412356,47 TRIESTE Crescent DEANSIDE 3336
5331418606,33 TRIESTE Crescent DEANSIDE 3336
5331410061,19 TRIESTE Crescent DEANSIDE 3336
5331411016,37 TRIESTE Crescent DEANSIDE 3336
5331411501,4 TRIESTE Crescent DEANSIDE 3336
5331414224,32 TRIESTE Crescent DEANSIDE 3336
5331414433,45 TRIESTE Crescent DEANSIDE 3336
5331412270,21 TRIESTE Crescent DEANSIDE 3336
5331412271,25 TRIESTE Crescent DEANSIDE 3336
5331418445,31 TRIESTE Crescent DEANSIDE 3336
5331416891,20 TRIESTE Crescent DEANSIDE 3336
5331411335,23 TRIESTE Crescent DEANSIDE 3336
5331412529,36 TRIESTE Crescent DEANSIDE 3336
5331412530,38 TRIESTE Crescent DEANSIDE 3336
5331411497,12 TRIESTE Crescent DEANSIDE 3336
5331413230,24 TRIESTE Crescent DEANSIDE 3336
5331414276,28 TRIESTE Crescent DEANSIDE 3336
5331415879,40 TRIESTE Crescent DEANSIDE 3336
5331416182,14 TRIESTE Crescent DEANSIDE 3336
5331411499,8 TRIESTE Crescent DEANSIDE 3336
5331417064,17 TRIESTE Crescent DEANSIDE 3336
5331415670,30 TRIESTE Crescent DEANSIDE 3336
5331414277,41 TRIESTE Crescent DEANSIDE 3336
5331412531,43 TRIESTE Crescent DEANSIDE 3336
5331413915,39 TRIESTE Crescent DEANSIDE 3336
5331348996,13 WATTLEBIRD Court SUNSHINE NORTH 3020
5331348997,7 WATTLEBIRD Court SUNSHINE NORTH 3020
5331356767,3 WATTLEBIRD Court SUNSHINE NORTH 3020
5331348987,29 WATTLEBIRD Court SUNSHINE NORTH 3020
5331348989,25 WATTLEBIRD Court SUNSHINE NORTH 3020
5331348990,23 WATTLEBIRD Court SUNSHINE NORTH 3020
5331348993,17 WATTLEBIRD Court SUNSHINE NORTH 3020
5331348995,11 WATTLEBIRD Court SUNSHINE NORTH 3020
5331337653,59 WATTLEBIRD Court SUNSHINE NORTH 3020
5331337657,69 WATTLEBIRD Court SUNSHINE NORTH 3020
5331337660,67 WATTLEBIRD Court SUNSHINE NORTH 3020
5331348988,27 WATTLEBIRD Court SUNSHINE NORTH 3020
5331356772,1 WATTLEBIRD Court SUNSHINE NORTH 3020
5331348986,31 WATTLEBIRD Court SUNSHINE NORTH 3020
5331348991,21 WATTLEBIRD Court SUNSHINE NORTH 3020
5331348992,19 WATTLEBIRD Court SUNSHINE NORTH 3020
5331348998,9 WATTLEBIRD Court SUNSHINE NORTH 3020
5331348999,5 WATTLEBIRD Court SUNSHINE NORTH 3020
5331337654,61 WATTLEBIRD Court SUNSHINE NORTH 3020
5331337656,65 WATTLEBIRD Court SUNSHINE NORTH 3020
5331337655,63 WATTLEBIRD Court SUNSHINE NORTH 3020
5331337658,73 WATTLEBIRD Court SUNSHINE NORTH 3020
5331337659,71 WATTLEBIRD Court SUNSHINE NORTH 3020
5331337663,79 WATTLEBIRD Court SUNSHINE NORTH 3020
5331337665,83 WATTLEBIRD Court SUNSHINE NORTH 3020
5331337661,75 WATTLEBIRD Court SUNSHINE NORTH 3020
5331337662,77 WATTLEBIRD Court SUNSHINE NORTH 3020
5331337664,81 WATTLEBIRD Court SUNSHINE NORTH 3020
5331348985,33 WATTLEBIRD Court SUNSHINE NORTH 3020
5331348994,15 WATTLEBIRD Court SUNSHINE NORTH 3020
5331369189,38 ARMSTRONG Street LAVERTON 3028
5331369190,42 ARMSTRONG Street LAVERTON 3028
5331337535,28 ARMSTRONG Street LAVERTON 3028
5331369585,32 ARMSTRONG Street LAVERTON 3028
5331369187,34 ARMSTRONG Street LAVERTON 3028
5331369186,40 ARMSTRONG Street LAVERTON 3028
5331369188,36 ARMSTRONG Street LAVERTON 3028
5331369185,30 ARMSTRONG Street LAVERTON 3028
5330227171,42 BATMAN Crescent LARA 3212
5330233544,30 BATMAN Crescent LARA 3212
5330233609,44 BATMAN Crescent LARA 3212
5330233612,46 BATMAN Crescent LARA 3212
5330236127,34 BATMAN Crescent LARA 3212
5330237860,52 BATMAN Crescent LARA 3212
5330239973,43 BATMAN Crescent LARA 3212
5330252399,35 BATMAN Crescent LARA 3212
5330259881,33 BATMAN Crescent LARA 3212
5330260350,38 BATMAN Crescent LARA 3212
5330260675,53 BATMAN Crescent LARA 3212
5330262011,47 BATMAN Crescent LARA 3212
5330266940,51 BATMAN Crescent LARA 3212
5330267151,32 BATMAN Crescent LARA 3212
5330268272,31 BATMAN Crescent LARA 3212
5330269422,48 BATMAN Crescent LARA 3212
5330583863,37 BATMAN Crescent LARA 3212
5330604324,36 BATMAN Crescent LARA 3212
5330762923,55 BATMAN Crescent LARA 3212
5331386467,7 BENSON Drive WERRIBEE 3030
5331400594,9 BENSON Drive WERRIBEE 3030
5331379786,3 BULL Road TARNEIT 3029
5331354154,5 BULL Road TARNEIT 3029
5331372658,1 BULL Road TARNEIT 3029
5331311958,2 DEAN Street LUCAS 3350
5331337746,10 ENRICA Drive MELTON SOUTH 3338
5331355476,8 ENRICA Drive MELTON SOUTH 3338
5331338730,5 ENRICA Drive MELTON SOUTH 3338
5331363641,19 GANSHA Street WEIR VIEWS 3338
5331361294,8 GANSHA Street WEIR VIEWS 3338
5331351160,12 GANSHA Street WEIR VIEWS 3338
5331357191,16 GANSHA Street WEIR VIEWS 3338
5331383461,3 GANSHA Street WEIR VIEWS 3338
5331372809,22 GANSHA Street WEIR VIEWS 3338
5331373826,5 GANSHA Street WEIR VIEWS 3338
5331376804,66 GANSHA Street WEIR VIEWS 3338
5331358715,26 GANSHA Street WEIR VIEWS 3338
5331365312,25 GANSHA Street WEIR VIEWS 3338
5331373729,28 GANSHA Street WEIR VIEWS 3338
5331410175,24 GANSHA Street WEIR VIEWS 3338
5331382200,7 GANSHA Street WEIR VIEWS 3338
5331368887,15 GANSHA Street WEIR VIEWS 3338
5331362505,10 GANSHA Street WEIR VIEWS 3338
5331352174,11 GANSHA Street WEIR VIEWS 3338
5331352344,23 GANSHA Street WEIR VIEWS 3338
5331393473,59 GANSHA Street WEIR VIEWS 3338
5331406857,20 GANSHA Street WEIR VIEWS 3338
5331354507,6 GANSHA Street WEIR VIEWS 3338
5331356947,4 GANSHA Street WEIR VIEWS 3338
5331356763,27 GANSHA Street WEIR VIEWS 3338
5331361848,21 GANSHA Street WEIR VIEWS 3338
5331382699,14 GANSHA Street WEIR VIEWS 3338
5331358493,9 GANSHA Street WEIR VIEWS 3338
5331356764,29 GANSHA Street WEIR VIEWS 3338
5331359207,30 GANSHA Street WEIR VIEWS 3338
5331363511,18 GANSHA Street WEIR VIEWS 3338
5331363823,17 GANSHA Street WEIR VIEWS 3338
5331364534,13 GANSHA Street WEIR VIEWS 3338
5331416898,50 GRANDVIEW Crescent DARLEY 3340
5331363528,33 GRANDVIEW Crescent DARLEY 3340
5331367765,7 GRANDVIEW Crescent DARLEY 3340
5331389829,13 GRANDVIEW Crescent DARLEY 3340
5331365152,31 GRANDVIEW Crescent DARLEY 3340
5331366982,54 GRANDVIEW Crescent DARLEY 3340
5331371241,48 GRANDVIEW Crescent DARLEY 3340
5331364897,44 GRANDVIEW Crescent DARLEY 3340
5331374950,37 GRANDVIEW Crescent DARLEY 3340
5331401602,11 GRANDVIEW Crescent DARLEY 3340
5331371159,47 GRANDVIEW Crescent DARLEY 3340
5331364634,40 GRANDVIEW Crescent DARLEY 3340
5331383107,27 GRANDVIEW Crescent DARLEY 3340
5331420284,9 GRANDVIEW Crescent DARLEY 3340
5331371091,49 GRANDVIEW Crescent DARLEY 3340
5331371094,51 GRANDVIEW Crescent DARLEY 3340
5331362827,5 GRANDVIEW Crescent DARLEY 3340
5331378852,41 GRANDVIEW Crescent DARLEY 3340
5331381510,3 GRANDVIEW Crescent DARLEY 3340
5331361951,6 GRANDVIEW Crescent DARLEY 3340
5331361257,45 GRANDVIEW Crescent DARLEY 3340
5331365161,15 GRANDVIEW Crescent DARLEY 3340
5331369574,53 GRANDVIEW Crescent DARLEY 3340
5331368900,10 GRANDVIEW Crescent DARLEY 3340
5331383789,29 GRANDVIEW Crescent DARLEY 3340
5331390260,12 GRANDVIEW Crescent DARLEY 3340
5331390288,8 GRANDVIEW Crescent DARLEY 3340
5331368453,42 GRANDVIEW Crescent DARLEY 3340
5331389365,56 GRANDVIEW Crescent DARLEY 3340
5331372476,46 GRANDVIEW Crescent DARLEY 3340
5331377471,39 GRANDVIEW Crescent DARLEY 3340
5331357270,20 JENG Loop TARNEIT 3029
5331357276,8 JENG Loop TARNEIT 3029
5331357278,16 JENG Loop TARNEIT 3029
5331357279,12 JENG Loop TARNEIT 3029
5331357277,18 JENG Loop TARNEIT 3029
5331357271,14 JENG Loop TARNEIT 3029
5331357280,10 JENG Loop TARNEIT 3029
5330221522,175 KILGOUR Street EAST GEELONG 3219
5330222480,218 KILGOUR Street EAST GEELONG 3219
5330225138,206 KILGOUR Street EAST GEELONG 3219
5330231807,193 KILGOUR Street EAST GEELONG 3219
5330233866,155 KILGOUR Street EAST GEELONG 3219
5330239723,183 KILGOUR Street EAST GEELONG 3219
5330239903,216 KILGOUR Street EAST GEELONG 3219
5330242415,180 KILGOUR Street EAST GEELONG 3219
5330242418,226 KILGOUR Street EAST GEELONG 3219
5330242424,224 KILGOUR Street EAST GEELONG 3219
5330244327,181 KILGOUR Street EAST GEELONG 3219
5330246235,170 KILGOUR Street EAST GEELONG 3219
5330246243,182 KILGOUR Street EAST GEELONG 3219
5330246251,228 KILGOUR Street EAST GEELONG 3219
5330253367,176 KILGOUR Street EAST GEELONG 3219
5330255617,165 KILGOUR Street EAST GEELONG 3219
5330255755,191 KILGOUR Street EAST GEELONG 3219
5330257409,164 KILGOUR Street EAST GEELONG 3219
5330257524,189 KILGOUR Street EAST GEELONG 3219
5330259104,212 KILGOUR Street EAST GEELONG 3219
5330259872,200 KILGOUR Street EAST GEELONG 3219
5330262167,163 KILGOUR Street EAST GEELONG 3219
5330262820,167 KILGOUR Street EAST GEELONG 3219
5330265469,177 KILGOUR Street EAST GEELONG 3219
5330265649,214 KILGOUR Street EAST GEELONG 3219
5330265712,179 KILGOUR Street EAST GEELONG 3219
5330268093,208 KILGOUR Street EAST GEELONG 3219
5330269394,168 KILGOUR Street EAST GEELONG 3219
5330275046,220 KILGOUR Street EAST GEELONG 3219
5330275047,185 KILGOUR Street EAST GEELONG 3219
5330275048,187 KILGOUR Street EAST GEELONG 3219
5330667665,28 LATROBE Terrace LARA 3212
5331406725,9 LEPPERTON Street WERRIBEE 3030
5331376961,29 LEPPERTON Street WERRIBEE 3030
5331397673,27 LEPPERTON Street WERRIBEE 3030
5331379860,14 LEPPERTON Street WERRIBEE 3030
5331382609,4 LEPPERTON Street WERRIBEE 3030
5331408744,7 LEPPERTON Street WERRIBEE 3030
5331381953,24 LEPPERTON Street WERRIBEE 3030
5331387521,30 LEPPERTON Street WERRIBEE 3030
5331378408,3 LEPPERTON Street WERRIBEE 3030
5331380550,8 LEPPERTON Street WERRIBEE 3030
5331384251,18 LEPPERTON Street WERRIBEE 3030
5331396269,19 LEPPERTON Street WERRIBEE 3030
5331391983,11 LEPPERTON Street WERRIBEE 3030
5331389327,5 LEPPERTON Street WERRIBEE 3030
5331393839,23 LEPPERTON Street WERRIBEE 3030
5331407124,32 LEPPERTON Street WERRIBEE 3030
5331401586,16 LEPPERTON Street WERRIBEE 3030
5331390807,31 LEPPERTON Street WERRIBEE 3030
5331399103,21 LEPPERTON Street WERRIBEE 3030
5331387322,17 LEPPERTON Street WERRIBEE 3030
5331386382,2 LEPPERTON Street WERRIBEE 3030
5331390148,12 LEPPERTON Street WERRIBEE 3030
5331385800,34 LEPPERTON Street WERRIBEE 3030
5331391637,25 LEPPERTON Street WERRIBEE 3030
5331403792,26 LEPPERTON Street WERRIBEE 3030
5331412510,22 LEPPERTON Street WERRIBEE 3030
5331382179,6 LEPPERTON Street WERRIBEE 3030
5331386775,15 LEPPERTON Street WERRIBEE 3030
5331379843,13 LEPPERTON Street WERRIBEE 3030
5330277432,606 LYDIARD Street BALLARAT 3350
5330280242,619 LYDIARD Street BALLARAT 3350
5330281394,618 LYDIARD Street BALLARAT 3350
5330282148,606 LYDIARD Street BALLARAT 3350
5330283055,613 LYDIARD Street BALLARAT 3350
5330288633,617 LYDIARD Street BALLARAT 3350
5330291817,616 LYDIARD Street BALLARAT 3350
5330292485,606 LYDIARD Street BALLARAT 3350
5330292497,606 LYDIARD Street BALLARAT 3350
5330292902,621 LYDIARD Street BALLARAT 3350
5330292905,603 LYDIARD Street BALLARAT 3350
5330292909,605 LYDIARD Street BALLARAT 3350
5330292912,620 LYDIARD Street BALLARAT 3350
5330292913,617 LYDIARD Street BALLARAT 3350
5330293097,611 LYDIARD Street BALLARAT 3350
5330293889,616 LYDIARD Street BALLARAT 3350
5330297116,601 LYDIARD Street BALLARAT 3350
5330301295,614 LYDIARD Street BALLARAT 3350
5330302106,615 LYDIARD Street BALLARAT 3350
5330304054,612 LYDIARD Street BALLARAT 3350
5330304055,608 LYDIARD Street BALLARAT 3350
5330304058,602 LYDIARD Street BALLARAT 3350
5330304059,610 LYDIARD Street BALLARAT 3350
5330304131,609 LYDIARD Street BALLARAT 3350
5330315096,624 LYDIARD Street BALLARAT 3350
5330317865,603 LYDIARD Street BALLARAT 3350
5330320919,601 LYDIARD Street BALLARAT 3350
5330325025,604 LYDIARD Street BALLARAT 3350
5330325030,604 LYDIARD Street BALLARAT 3350
5330327187,611 LYDIARD Street BALLARAT 3350
5330728090,624 LYDIARD Street BALLARAT 3350
5331383594,36 MALACHITE Drive TARNEIT 3029
5331383598,32 MALACHITE Drive TARNEIT 3029
5331383601,32 MALACHITE Drive TARNEIT 3029
5331383602,32 MALACHITE Drive TARNEIT 3029
5331383884,32 MALACHITE Drive TARNEIT 3029
5331383583,36 MALACHITE Drive TARNEIT 3029
5331383597,36 MALACHITE Drive TARNEIT 3029
5331383599,32 MALACHITE Drive TARNEIT 3029
5331383606,32 MALACHITE Drive TARNEIT 3029
5331383588,36 MALACHITE Drive TARNEIT 3029
5331383883,32 MALACHITE Drive TARNEIT 3029
5331383585,36 MALACHITE Drive TARNEIT 3029
5331383605,36 MALACHITE Drive TARNEIT 3029
5331383587,36 MALACHITE Drive TARNEIT 3029
5331383603,36 MALACHITE Drive TARNEIT 3029
5331384748,36 MALACHITE Drive TARNEIT 3029
5331383589,36 MALACHITE Drive TARNEIT 3029
5331383584,32 MALACHITE Drive TARNEIT 3029
5331383586,36 MALACHITE Drive TARNEIT 3029
5331383596,36 MALACHITE Drive TARNEIT 3029
5331383600,32 MALACHITE Drive TARNEIT 3029
5331383604,36 MALACHITE Drive TARNEIT 3029
5331383607,34 MALACHITE Drive TARNEIT 3029
5331383682,36 MALACHITE Drive TARNEIT 3029
5330645653,66 MITCHELL Drive LARA 3212
5330645655,65 MITCHELL Drive LARA 3212
5331328915,45 MOORE Way LUCAS 3350
5331323129,38 MOORE Way LUCAS 3350
5331306667,52 MOORE Way LUCAS 3350
5331311810,35 MOORE Way LUCAS 3350
5331311019,36 MOORE Way LUCAS 3350
5331310709,40 MOORE Way LUCAS 3350
5331310993,55 MOORE Way LUCAS 3350
5331313285,63 MOORE Way LUCAS 3350
5331321931,46 MOORE Way LUCAS 3350
5331310483,59 MOORE Way LUCAS 3350
5331310768,28 MOORE Way LUCAS 3350
5331315466,42 MOORE Way LUCAS 3350
5331315737,47 MOORE Way LUCAS 3350
5331316768,33 MOORE Way LUCAS 3350
5331316498,32 MOORE Way LUCAS 3350
5331318371,54 MOORE Way LUCAS 3350
5331316689,26 MOORE Way LUCAS 3350
5331317465,61 MOORE Way LUCAS 3350
5331316253,44 MOORE Way LUCAS 3350
5331312832,53 MOORE Way LUCAS 3350
5331325156,57 MOORE Way LUCAS 3350
5331317392,41 MOORE Way LUCAS 3350
5331326602,49 MOORE Way LUCAS 3350
5331315112,30 MOORE Way LUCAS 3350
5331321289,39 MOORE Way LUCAS 3350
5331334833,37 MOORE Way LUCAS 3350
5331330613,43 MOORE Way LUCAS 3350
5331334710,48 MOORE Way LUCAS 3350
5331333150,51 MOORE Way LUCAS 3350
5331331825,34 MOORE Way LUCAS 3350
5330229121,59 MOUNT PLEASANT Road BELMONT 3216
5330235409,53 MOUNT PLEASANT Road BELMONT 3216
5330242022,59 MOUNT PLEASANT Road BELMONT 3216
5330242032,59 MOUNT PLEASANT Road BELMONT 3216
5330242033,59 MOUNT PLEASANT Road BELMONT 3216
5330242040,59 MOUNT PLEASANT Road BELMONT 3216
5330242655,59 MOUNT PLEASANT Road BELMONT 3216
5330242656,59 MOUNT PLEASANT Road BELMONT 3216
5330242665,59 MOUNT PLEASANT Road BELMONT 3216
5330242666,59 MOUNT PLEASANT Road BELMONT 3216
5330252024,65 MOUNT PLEASANT Road BELMONT 3216
5330253906,67 MOUNT PLEASANT Road BELMONT 3216
5330256761,63 MOUNT PLEASANT Road BELMONT 3216
5330262301,61 MOUNT PLEASANT Road BELMONT 3216
5330262312,71 MOUNT PLEASANT Road BELMONT 3216
5330263192,53 MOUNT PLEASANT Road BELMONT 3216
5330263943,53 MOUNT PLEASANT Road BELMONT 3216
5330264787,53 MOUNT PLEASANT Road BELMONT 3216
5330272346,53 MOUNT PLEASANT Road BELMONT 3216
5330272415,53 MOUNT PLEASANT Road BELMONT 3216
5330272485,53 MOUNT PLEASANT Road BELMONT 3216
5330273564,53 MOUNT PLEASANT Road BELMONT 3216
5330546834,69 MOUNT PLEASANT Road BELMONT 3216
5330557704,69 MOUNT PLEASANT Road BELMONT 3216
5330562239,53 MOUNT PLEASANT Road BELMONT 3216
5330583882,53 MOUNT PLEASANT Road BELMONT 3216
5330590502,57 MOUNT PLEASANT Road BELMONT 3216
5330640695,53 MOUNT PLEASANT Road BELMONT 3216
5331228430,53 MOUNT PLEASANT Road BELMONT 3216
5330262878,53 MOUNT PLEASANT Road HIGHTON 3216
5330546835,69 MOUNT PLEASANT Road HIGHTON 3216
5331327106,24 MURNONG Street LEOPOLD 3224
5331321374,21 MURNONG Street LEOPOLD 3224
5331314959,4 MURNONG Street LEOPOLD 3224
5331315992,32 MURNONG Street LEOPOLD 3224
5331323249,30 MURNONG Street LEOPOLD 3224
5331324015,13 MURNONG Street LEOPOLD 3224
5331323036,7 MURNONG Street LEOPOLD 3224
5331320298,20 MURNONG Street LEOPOLD 3224
5331320638,9 MURNONG Street LEOPOLD 3224
5331318202,10 MURNONG Street LEOPOLD 3224
5331318714,8 MURNONG Street LEOPOLD 3224
5331318975,1 MURNONG Street LEOPOLD 3224
5331319486,5 MURNONG Street LEOPOLD 3224
5331321098,25 MURNONG Street LEOPOLD 3224
5331321101,23 MURNONG Street LEOPOLD 3224
5331318169,15 MURNONG Street LEOPOLD 3224
5331320274,6 MURNONG Street LEOPOLD 3224
5331328076,18 MURNONG Street LEOPOLD 3224
5331321099,22 MURNONG Street LEOPOLD 3224
5331321100,29 MURNONG Street LEOPOLD 3224
5331329581,28 MURNONG Street LEOPOLD 3224
5331329773,11 MURNONG Street LEOPOLD 3224
5331349554,31 MURNONG Street LEOPOLD 3224
5331335055,14 MURNONG Street LEOPOLD 3224
5331357790,27 MURNONG Street LEOPOLD 3224
5331331476,26 MURNONG Street LEOPOLD 3224
5331331916,17 MURNONG Street LEOPOLD 3224
5331334931,3 MURNONG Street LEOPOLD 3224
5331340223,19 MURNONG Street LEOPOLD 3224
5331330963,16 MURNONG Street LEOPOLD 3224
5331362232,12 MURNONG Street LEOPOLD 3224
5330224619,3 PARK Avenue LARA 3212
5330257570,5 PARK Avenue LARA 3212
5330272056,4 PARK Avenue LARA 3212
5330272057,2 PARK Avenue LARA 3212
5330273865,6 PARK Avenue LARA 3212
5330273866,8 PARK Avenue LARA 3212
5331353998,6 SORBUS Street TARNEIT 3029
5331358735,34 SORBUS Street TARNEIT 3029
5331359016,29 SORBUS Street TARNEIT 3029
5331372738,23 SORBUS Street TARNEIT 3029
5331355542,12 SORBUS Street TARNEIT 3029
5331357144,13 SORBUS Street TARNEIT 3029
5331358321,7 SORBUS Street TARNEIT 3029
5331372414,21 SORBUS Street TARNEIT 3029
5331367435,5 SORBUS Street TARNEIT 3029
5331360609,9 SORBUS Street TARNEIT 3029
5331354160,14 SORBUS Street TARNEIT 3029
5331359660,31 SORBUS Street TARNEIT 3029
5331375283,20 SORBUS Street TARNEIT 3029
5331351416,8 SORBUS Street TARNEIT 3029
5331378530,25 SORBUS Street TARNEIT 3029
5331381040,32 SORBUS Street TARNEIT 3029
5331374582,33 SORBUS Street TARNEIT 3029
5331356880,16 SORBUS Street TARNEIT 3029
5331375111,26 SORBUS Street TARNEIT 3029
5331388262,11 SORBUS Street TARNEIT 3029
5331367266,28 SORBUS Street TARNEIT 3029
5331367267,30 SORBUS Street TARNEIT 3029
5331353560,27 SORBUS Street TARNEIT 3029
5331359941,24 SORBUS Street TARNEIT 3029
5331409748,37 SORBUS Street TARNEIT 3029
5331360022,15 SORBUS Street TARNEIT 3029
5331363501,10 SORBUS Street TARNEIT 3029
5331356940,3 SORBUS Street TARNEIT 3029
5330275998,90 STATION LAKE Road LARA 3212
5330974597,14 THOMAS Street LAVERTON 3028
5331301307,10 THOMAS Street LAVERTON 3028
5331301308,10 THOMAS Street LAVERTON 3028
5331301309,10 THOMAS Street LAVERTON 3028
5331369182,17 THOMAS Street LAVERTON 3028
5331369167,15 THOMAS Street LAVERTON 3028
5331370149,15 THOMAS Street LAVERTON 3028
5331369183,19 THOMAS Street LAVERTON 3028
5331370630,15 THOMAS Street LAVERTON 3028
5331369168,15 THOMAS Street LAVERTON 3028
5331369169,15 THOMAS Street LAVERTON 3028
5331369174,15 THOMAS Street LAVERTON 3028
5331369173,15 THOMAS Street LAVERTON 3028
5331369179,15 THOMAS Street LAVERTON 3028
5331369180,15 THOMAS Street LAVERTON 3028
5331339480,15 THOMAS Street LAVERTON 3028
5331369171,15 THOMAS Street LAVERTON 3028
5331369176,15 THOMAS Street LAVERTON 3028
5331369175,15 THOMAS Street LAVERTON 3028
5331371142,15 THOMAS Street LAVERTON 3028
5331339479,15 THOMAS Street LAVERTON 3028
5331369177,15 THOMAS Street LAVERTON 3028
5331374513,15 THOMAS Street LAVERTON 3028
5331393474,8 VICEROY Crescent WYNDHAM VALE 3024
5331328819,17 WICKLOW Drive MELTON SOUTH 3338
5331325999,12 WICKLOW Drive MELTON SOUTH 3338
5331328214,20 WICKLOW Drive MELTON SOUTH 3338
5331326301,19 WICKLOW Drive MELTON SOUTH 3338
5331327002,8 WICKLOW Drive MELTON SOUTH 3338
5331328439,9 WICKLOW Drive MELTON SOUTH 3338
5331350828,31 WICKLOW Drive MELTON SOUTH 3338
5331329885,28 WICKLOW Drive MELTON SOUTH 3338
5331367449,21 WICKLOW Drive MELTON SOUTH 3338
5331335147,13 WICKLOW Drive MELTON SOUTH 3338
5331338490,10 WICKLOW Drive MELTON SOUTH 3338
5331338693,16 WICKLOW Drive MELTON SOUTH 3338
5331340240,5 WICKLOW Drive MELTON SOUTH 3338
5331338085,34 WICKLOW Drive MELTON SOUTH 3338
5331348626,11 WICKLOW Drive MELTON SOUTH 3338
5331364949,29 WICKLOW Drive MELTON SOUTH 3338
5331334738,23 WICKLOW Drive MELTON SOUTH 3338
5331338736,6 WICKLOW Drive MELTON SOUTH 3338
5331340084,30 WICKLOW Drive MELTON SOUTH 3338
5331354519,22 WICKLOW Drive MELTON SOUTH 3338
5331344270,25 WICKLOW Drive MELTON SOUTH 3338
5331351510,27 WICKLOW Drive MELTON SOUTH 3338
5331329825,15 WICKLOW Drive MELTON SOUTH 3338
5331336608,32 WICKLOW Drive MELTON SOUTH 3338
5331364755,24 WICKLOW Drive MELTON SOUTH 3338
5331344385,7 WICKLOW Drive MELTON SOUTH 3338
5331381262,3 WICKLOW Drive MELTON SOUTH 3338
5331331504,14 WICKLOW Drive MELTON SOUTH 3338
5330272058,2 WILLOW Drive LARA 3212
5330272059,1 WILLOW Drive LARA 3212
5331352303,4 ATHENA Road WEIR VIEWS 3338
5331349506,32 ATHENA Road WEIR VIEWS 3338
5331363660,31 ATHENA Road WEIR VIEWS 3338
5331354350,26 ATHENA Road WEIR VIEWS 3338
5331355062,24 ATHENA Road WEIR VIEWS 3338
5331373291,23 ATHENA Road WEIR VIEWS 3338
5331366424,13 ATHENA Road WEIR VIEWS 3338
5331348928,22 ATHENA Road WEIR VIEWS 3338
5331358124,21 ATHENA Road WEIR VIEWS 3338
5331401037,8 ATHENA Road WEIR VIEWS 3338
5331355065,14 ATHENA Road WEIR VIEWS 3338
5331355251,11 ATHENA Road WEIR VIEWS 3338
5331366809,15 ATHENA Road WEIR VIEWS 3338
5331354349,28 ATHENA Road WEIR VIEWS 3338
5331393930,29 ATHENA Road WEIR VIEWS 3338
5331361082,3 ATHENA Road WEIR VIEWS 3338
5331353262,12 ATHENA Road WEIR VIEWS 3338
5331371224,19 ATHENA Road WEIR VIEWS 3338
5331355064,20 ATHENA Road WEIR VIEWS 3338
5331379239,25 ATHENA Road WEIR VIEWS 3338
5331361154,7 ATHENA Road WEIR VIEWS 3338
5331392798,27 ATHENA Road WEIR VIEWS 3338
5331388710,6 ATHENA Road WEIR VIEWS 3338
5331349504,30 ATHENA Road WEIR VIEWS 3338
5331359194,9 ATHENA Road WEIR VIEWS 3338
5331358254,17 ATHENA Road WEIR VIEWS 3338
5331357858,34 ATHENA Road WEIR VIEWS 3338
5331359765,16 ATHENA Road WEIR VIEWS 3338
5331376532,10 ATHENA Road WEIR VIEWS 3338
5331347658,5 ATHENA Road WEIR VIEWS 3338
5331154781,19 AUGUSTA Drive MOOLAP 3224
5331327723,19 BELDI Street ALFREDTON 3350
5331328702,17 BELDI Street ALFREDTON 3350
5331325918,4 BELDI Street ALFREDTON 3350
5331323128,6 BELDI Street ALFREDTON 3350
5331323716,12 BELDI Street ALFREDTON 3350
5331324198,29 BELDI Street ALFREDTON 3350
5331323313,13 BELDI Street ALFREDTON 3350
5331322850,5 BELDI Street ALFREDTON 3350
5331325385,14 BELDI Street ALFREDTON 3350
5331323934,23 BELDI Street ALFREDTON 3350
5331326396,11 BELDI Street ALFREDTON 3350
5331328017,21 BELDI Street ALFREDTON 3350
5331325202,20 BELDI Street ALFREDTON 3350
5331320185,24 BELDI Street ALFREDTON 3350
5331319832,8 BELDI Street ALFREDTON 3350
5331326573,7 BELDI Street ALFREDTON 3350
5331325793,10 BELDI Street ALFREDTON 3350
5331317981,25 BELDI Street ALFREDTON 3350
5331325556,3 BELDI Street ALFREDTON 3350
5331325609,18 BELDI Street ALFREDTON 3350
5331323956,15 BELDI Street ALFREDTON 3350
5331329693,22 BELDI Street ALFREDTON 3350
5331336124,31 BELDI Street ALFREDTON 3350
5331329646,9 BELDI Street ALFREDTON 3350
5331329489,27 BELDI Street ALFREDTON 3350
5331334398,16 BELDI Street ALFREDTON 3350
5331348157,26 BELDI Street ALFREDTON 3350
5331360057,22 BISHOPGATE Boulevard BONNIE BROOK 3335
5331350576,32 BISHOPGATE Boulevard BONNIE BROOK 3335
5331370262,12 BISHOPGATE Boulevard BONNIE BROOK 3335
5331347310,30 BISHOPGATE Boulevard BONNIE BROOK 3335
5331348440,33 BISHOPGATE Boulevard BONNIE BROOK 3335
5331348439,15 BISHOPGATE Boulevard BONNIE BROOK 3335
5331369970,10 BISHOPGATE Boulevard BONNIE BROOK 3335
5331351091,27 BISHOPGATE Boulevard BONNIE BROOK 3335
5331350574,36 BISHOPGATE Boulevard BONNIE BROOK 3335
5331350836,16 BISHOPGATE Boulevard BONNIE BROOK 3335
5331373762,35 BISHOPGATE Boulevard BONNIE BROOK 3335
5331369239,21 BISHOPGATE Boulevard BONNIE BROOK 3335
5331371577,26 BISHOPGATE Boulevard BONNIE BROOK 3335
5331350575,40 BISHOPGATE Boulevard BONNIE BROOK 3335
5331350571,34 BISHOPGATE Boulevard BONNIE BROOK 3335
5331350572,20 BISHOPGATE Boulevard BONNIE BROOK 3335
5331350573,38 BISHOPGATE Boulevard BONNIE BROOK 3335
5331350838,14 BISHOPGATE Boulevard BONNIE BROOK 3335
5331351388,23 BISHOPGATE Boulevard BONNIE BROOK 3335
5331360154,18 BISHOPGATE Boulevard BONNIE BROOK 3335
5331356292,28 BISHOPGATE Boulevard BONNIE BROOK 3335
5331363890,31 BISHOPGATE Boulevard BONNIE BROOK 3335
5331361664,17 BISHOPGATE Boulevard BONNIE BROOK 3335
5331361686,19 BISHOPGATE Boulevard BONNIE BROOK 3335
5331342863,4 BISHOPGATE Boulevard BONNIE BROOK 3335
5331344838,6 BISHOPGATE Boulevard BONNIE BROOK 3335
5331348108,5 BISHOPGATE Boulevard BONNIE BROOK 3335
5331348110,7 BISHOPGATE Boulevard BONNIE BROOK 3335
5331363771,29 BISHOPGATE Boulevard BONNIE BROOK 3335
