53313559637,34 STUBBERFIELD RD TARNEIT 3029,-37.827412438499,144.676943656372,-37.827411938499004,144.676944756372
53313521480,39 STUBBERFIELD RD TARNEIT 3029,-37.827107462951,144.677811183351,-37.827106962951,144.677812283351
53313476460,1 STUBBERFIELD RD TARNEIT 3029,-37.826731660323,144.674322132335,-37.826731160323,144.67432323233498
53313476503,31 STUBBERFIELD RD TARNEIT 3029,-37.827020081611,144.677018087673,-37.827019581611005,144.67701918767298
53313493027,12 STUBBERFIELD RD TARNEIT 3029,-37.827211608098,144.675121262984,-37.827211108098,144.67512236298398
53313506341,24 STUBBERFIELD RD TARNEIT 3029,-37.827308377171,144.675998680608,-37.827307877171,144.67599978060798
53313599880,41 STUBBERFIELD RD TARNEIT 3029,-37.82711798224,144.677906820866,-37.82711748224,144.677907920866
53313971478,50 STUBBERFIELD RD TARNEIT 3029,-37.82754047207,144.678108489457,-37.82753997207,144.678109589457
53313181948,9 STUDENT CT MAMBOURIN 3024,-37.883069197593,144.596279070059,-37.883068697593,144.596280170059
53313099461,27 STUDLEY ST MAIDSTONE 3012,-37.787924747815,144.878922796286,-37.787924247815,144.87892389628598
53314067748,14 STURT HORIZON CT CARDIGAN 3352,-37.530702998643,143.767328627299,-37.530702498643,143.767329727299
53303129491,1702 STURT ST ALFREDTON 3350,-37.556491139138,143.822048541076,-37.556490639138,143.82204964107598
53302934774,1712 STURT ST ALFREDTON 3350,-37.556010604629,143.820870129308,-37.556010104629,143.82087122930798
53303111016,1720 STURT ST ALFREDTON 3350,-37.555568333508,143.81997309803,-37.555567833508,143.81997419803
53303289260,1759 STURT ST ALFREDTON 3350,-37.551113896794,143.806249827056,-37.551113396794,143.806250927056
53305582508,1810 STURT ST ALFREDTON 3350,-37.546044940849,143.798783814441,-37.546044440849,143.798784914441
53302821099,1708 STURT ST ALFREDTON 3350,-37.5561655022,143.821417802862,-37.556165002200004,143.82141890286198
53302928025,1722 STURT ST ALFREDTON 3350,-37.555468337403,143.819651149129,-37.555467837403,143.81965224912898
53302945540,1704 STURT ST ALFREDTON 3350,-37.55643816551,143.821842346257,-37.55643766551,143.821843446257
53303259651,1847 STURT ST ALFREDTON 3350,-37.546736000127,143.797014376691,-37.546735500127,143.797015476691
53303283320,1706 STURT ST ALFREDTON 3350,-37.556226187179,143.821649143389,-37.556225687179,143.821650243389
53303279641,99999 STURT ST BALLARAT 3350,-37.549341841623,143.804375039777,-37.549341341623,143.804376139777
53303259157,99999 STURT ST BALLARAT 3350,-37.549341841623,143.804375039777,-37.549341341623,143.804376139777
53307795354,1750A STURT ST BALLARAT 3350,-37.5515591854,143.810572123067,-37.5515586854,143.810573223067
53302854759,99999 STURT ST BALLARAT 3350,-37.549341841623,143.804375039777,-37.549341341623,143.804376139777
53303064631,99999 STURT ST BALLARAT 3350,-37.549341841623,143.804375039777,-37.549341341623,143.804376139777
53303245750,1726 STURT ST BALLARAT 3350,-37.553258280993,143.816608602096,-37.553257780993,143.816609702096
53302963880,1340 STURT ST BALLARAT CENTRAL 3350,-37.55938838588,143.839376198053,-37.55938788588,143.839377298053
53303141176,2 STURT ST BALLARAT CENTRAL 3350,-37.561848348734,143.860590878809,-37.561847848734004,143.860591978809
53306027494,2A STURT ST BALLARAT CENTRAL 3350,-37.561957062018,143.860570426965,-37.561956562018004,143.860571526965
53312997282,8-10 STURT ST ESSENDON 3040,-37.747949984739,144.913887989202,-37.747949484739,144.913889089202
53302855798,13 STURT ST KYNETON 3444,-37.246447683892,144.460710587195,-37.246447183892,144.460711687195
53305660131,8 STURTON LANE LONG GULLY 3550,-36.739228464076,144.255431492001,-36.739227964076,144.255432592001
53314058094,16 SUE ST WYNDHAM VALE 3024,-37.872926885203,144.617889125188,-37.872926385203,144.61789022518798
53313904040,11 SUE ST WYNDHAM VALE 3024,-37.873279930965,144.617584023912,-37.873279430965,144.617585123912
53313952427,3 SUE ST WYNDHAM VALE 3024,-37.873671994486,144.617896920358,-37.873671494486004,144.61789802035798
53313952583,7 SUE ST WYNDHAM VALE 3024,-37.87347598368,144.617740430226,-37.873475483680004,144.617741530226
53314068615,4 SUE ST WYNDHAM VALE 3024,-37.873524598718,144.618370916982,-37.873524098718,144.618372016982
53313942759,9 SUE ST WYNDHAM VALE 3024,-37.873375107475,144.617659963955,-37.873374607475,144.61766106395498
53313938146,13 SUE ST WYNDHAM VALE 3024,-37.873184796364,144.617508083869,-37.873184296364,144.617509183869
53313928667,5 SUE ST WYNDHAM VALE 3024,-37.873576859885,144.617820896496,-37.873576359885,144.617821996496
53304824611,99999 SUFFOLK RD SUNSHINE NORTH 3020,-37.771897748573,144.832610236087,-37.771897248573,144.83261133608698
53313718225,11 SUFFOLK RD SUNSHINE NORTH 3020,-37.771452631695,144.831233539074,-37.771452131695,144.83123463907398
53313278196,9 SUFFOLK ST CURLEWIS 3222,-38.177561749787,144.549530346202,-38.177561249787004,144.549531446202
53313334428,11 SUFFOLK ST CURLEWIS 3222,-38.177542639048,144.549372431147,-38.177542139048,144.54937353114698
53301635302,130 SUFFOLK ST WEST FOOTSCRAY 3012,-37.789395520366,144.865773853318,-37.789395020366,144.86577495331798
53301691486,112 SUFFOLK ST WEST FOOTSCRAY 3012,-37.789736663825,144.867407989161,-37.789736163825005,144.867409089161
53301684852,74 SUFFOLK ST WEST FOOTSCRAY 3012,-37.790248169466,144.87291724648,-37.790247669466,144.87291834648
53301631623,8 SUFFOLK ST WEST FOOTSCRAY 3012,-37.790506373993,144.881869119071,-37.790505873993,144.881870219071
53301717124,112 SUFFOLK ST WEST FOOTSCRAY 3012,-37.789736663825,144.867407989161,-37.789736163825005,144.867409089161
53301717256,112 SUFFOLK ST WEST FOOTSCRAY 3012,-37.789736663825,144.867407989161,-37.789736163825005,144.867409089161
53301717414,112 SUFFOLK ST WEST FOOTSCRAY 3012,-37.789736663825,144.867407989161,-37.789736163825005,144.867409089161
53301717776,112 SUFFOLK ST WEST FOOTSCRAY 3012,-37.789736663825,144.867407989161,-37.789736163825005,144.867409089161
53301817214,74 SUFFOLK ST WEST FOOTSCRAY 3012,-37.790248169466,144.87291724648,-37.790247669466,144.87291834648
53301891671,56 SUFFOLK ST WEST FOOTSCRAY 3012,-37.790593461967,144.875308351999,-37.790592961967,144.875309451999
53301649756,14 SUFFOLK ST WEST FOOTSCRAY 3012,-37.790436929926,144.881251540445,-37.790436429926004,144.88125264044498
53301820127,76 SUFFOLK ST WEST FOOTSCRAY 3012,-37.79022788526,144.872739214856,-37.79022738526,144.872740314856
53301893214,18 SUFFOLK ST WEST FOOTSCRAY 3012,-37.790390745639,144.880840911009,-37.790390245639,144.88084201100898
53301895424,70 SUFFOLK ST WEST FOOTSCRAY 3012,-37.790289953253,144.873281943087,-37.790289453253,144.87328304308699
53301861831,102 SUFFOLK ST WEST FOOTSCRAY 3012,-37.78991104932,144.869972767713,-37.78991054932,144.869973867713
53301867150,98 SUFFOLK ST WEST FOOTSCRAY 3012,-37.789961717925,144.870394796538,-37.789961217925004,144.87039589653799
53301840174,132 SUFFOLK ST WEST FOOTSCRAY 3012,-37.789374817065,144.865592636571,-37.789374317065004,144.865593736571
53301867043,124 SUFFOLK ST WEST FOOTSCRAY 3012,-37.789457001625,144.866313312606,-37.789456501625004,144.866314412606
53301916395,98A SUFFOLK ST WEST FOOTSCRAY 3012,-37.789975715703,144.870528571713,-37.789975215703,144.870529671713
53301894434,36 SUFFOLK ST WEST FOOTSCRAY 3012,-37.790892989277,144.877954183555,-37.790892489277,144.877955283555
53301904202,122 SUFFOLK ST WEST FOOTSCRAY 3012,-37.789476950555,144.86649134423,-37.789476450555,144.86649244423
53301704691,52 SUFFOLK ST WEST FOOTSCRAY 3012,-37.790698026209,144.876154337486,-37.790697526209,144.876155437486
53301667261,48 SUFFOLK ST WEST FOOTSCRAY 3012,-37.790734655126,144.876529343834,-37.790734155126,144.87653044383399
53301756584,56A SUFFOLK ST WEST FOOTSCRAY 3012,-37.790577242985,144.875097966229,-37.790576742985,144.87509906622898
53301798750,60 SUFFOLK ST WEST FOOTSCRAY 3012,-37.790392254382,144.874175370147,-37.790391754382,144.87417647014698
53301822097,42 SUFFOLK ST WEST FOOTSCRAY 3012,-37.790818767525,144.877281284368,-37.790818267525005,144.877282384368
53301605387,80 SUFFOLK ST WEST FOOTSCRAY 3012,-37.790187316849,144.872386085276,-37.790186816849,144.87238718527598
53301907443,128 SUFFOLK ST WEST FOOTSCRAY 3012,-37.78941588839,144.865952806951,-37.789415388390005,144.86595390695098
53301677780,112 SUFFOLK ST WEST FOOTSCRAY 3012,-37.789736663825,144.867407989161,-37.789736163825005,144.867409089161
53301684003,96 SUFFOLK ST WEST FOOTSCRAY 3012,-37.78999335961,144.870682295817,-37.78999285961,144.870683395817
53301717041,112 SUFFOLK ST WEST FOOTSCRAY 3012,-37.789736663825,144.867407989161,-37.789736163825005,144.867409089161
53301754349,122 SUFFOLK ST WEST FOOTSCRAY 3012,-37.789476950555,144.86649134423,-37.789476450555,144.86649244423
53301717604,112 SUFFOLK ST WEST FOOTSCRAY 3012,-37.789736663825,144.867407989161,-37.789736163825005,144.867409089161
53301717933,112 SUFFOLK ST WEST FOOTSCRAY 3012,-37.789736663825,144.867407989161,-37.789736163825005,144.867409089161
53301732057,74 SUFFOLK ST WEST FOOTSCRAY 3012,-37.790248169466,144.87291724648,-37.790247669466,144.87291834648
53301830456,82 SUFFOLK ST WEST FOOTSCRAY 3012,-37.790167032643,144.872208053652,-37.790166532643,144.872209153652
53306197693,84 SUFFOLK ST WEST FOOTSCRAY 3012,-37.790146622709,144.872030189667,-37.790146122709004,144.87203128966698
53314013132,35 SUGAR GLIDER AVE LARA 3212,-38.009947868069,144.373749850492,-38.009947368069,144.373750950492
53314199402,2 SUGAR GLIDER AVE LARA 3212,-38.011914346373,144.374352844606,-38.011913846373,144.37435394460599
53313987663,4 SUGAR GLIDER AVE LARA 3212,-38.011892846791,144.374172717507,-38.011892346791,144.374173817507
53314039112,33L SUGAR GLIDER AVE LARA 3212,-38.010092581627,144.373722190211,-38.010092081627,144.373723290211
53303917103,1 SUGARGUM WALK N POINT COOK 3030,-37.877726321052,144.738480823458,-37.877725821052,144.73848192345798
53304265699,4 SUGARGUM WALK N POINT COOK 3030,-37.877671629133,144.739099156456,-37.877671129133,144.739100256456
53313539746,19 SUGARLOAF RD WINTER VALLEY 3358,-37.589367016959,143.803733747361,-37.589366516959004,143.803734847361
53313937305,49 SULLIVAN ST LUCAS 3350,-37.538663124451,143.777126233921,-37.538662624451,143.777127333921
53313871265,61 SULLIVAN ST LUCAS 3350,-37.538285226346,143.776101546258,-37.538284726346,143.77610264625798
53314142590,47 SULLIVAN ST LUCAS 3350,-37.538864793041,143.777463270248,-37.538864293041,143.777464370248
53313931647,8 SULTANA ST FRASER RISE 3336,-37.703156507436,144.703692991614,-37.703156007436,144.70369409161398
53313936167,6 SULTANA ST FRASER RISE 3336,-37.703156255979,144.70380069907,-37.703155755979004,144.70380179907
53313934014,10 SULTANA ST FRASER RISE 3336,-37.703156716983,144.703585284158,-37.703156216983004,144.703586384158
53313867089,43 SUMAC ST BROOKFIELD 3338,-37.68942996752,144.544405818239,-37.68942946752,144.544406918239
53313879110,35 SUMAC ST BROOKFIELD 3338,-37.689033629228,144.544538587585,-37.689033129228,144.544539687585
53313714430,41 SUMAC ST BROOKFIELD 3338,-37.689311950323,144.544428533197,-37.689311450323004,144.54442963319698
53313745963,31 SUMAC ST BROOKFIELD 3338,-37.689097457421,144.544738412157,-37.689096957421,144.54473951215698
53313705910,70 SUMAC ST BROOKFIELD 3338,-37.688811173518,144.543997535735,-37.688810673518,144.543998635735
53313750245,20 SUMAC ST BROOKFIELD 3338,-37.690045157303,144.547054164366,-37.690044657303,144.54705526436598
53313935127,59 SUMAC ST BROOKFIELD 3338,-37.690181488958,144.544421492398,-37.690180988958,144.54442259239798
53313687230,30 SUMAC ST BROOKFIELD 3338,-37.689593917546,144.546574468048,-37.689593417546,144.54657556804798
53313689780,28 SUMAC ST BROOKFIELD 3338,-37.68968272381,144.546687120826,-37.68968222381,144.54668822082598
53313800348,36 SUMAC ST BROOKFIELD 3338,-37.689346483764,144.546260649593,-37.689345983764,144.546261749593
53313694475,52 SUMAC ST BROOKFIELD 3338,-37.688883635071,144.545336963863,-37.688883135071,144.545338063863
53313694673,92 SUMAC ST BROOKFIELD 3338,-37.690053371568,144.543757729485,-37.690052871568,144.543758829485
53313812210,6 SUMAC ST BROOKFIELD 3338,-37.69083666042,144.546770604582,-37.69083616042,144.546771704582
53313848008,106 SUMAC ST BROOKFIELD 3338,-37.690533361254,144.544279167682,-37.690532861254,144.54428026768198
53313665568,73 SUMAC ST BROOKFIELD 3338,-37.690308810068,144.545467721552,-37.690308310068,144.545468821552
53313773930,76 SUMAC ST BROOKFIELD 3338,-37.689149550949,144.543932324529,-37.689149050949,144.543933424529
53313722390,98 SUMAC ST BROOKFIELD 3338,-37.690468527233,144.54374691683,-37.690468027233,144.54374801683
53313620706,40 SUMAC ST BROOKFIELD 3338,-37.689166147117,144.546031907455,-37.689165647117,144.54603300745498
53313827579,69 SUMAC ST BROOKFIELD 3338,-37.690279641044,144.545228334398,-37.690279141044,144.54522943439798
53314016523,21 SUMAC ST BROOKFIELD 3338,-37.689345771302,144.545516168953,-37.689345271302,144.54551726895298
53313690434,118 SUMAC ST BROOKFIELD 3338,-37.690627783393,144.545055164278,-37.690627283393,144.545056264278
53313838998,86 SUMAC ST BROOKFIELD 3338,-37.689746174817,144.543817240998,-37.689745674817004,144.543818340998
53313839021,100 SUMAC ST BROOKFIELD 3338,-37.690486632143,144.543895360336,-37.690486132143,144.543896460336
53313706149,132 SUMAC ST BROOKFIELD 3338,-37.690737292958,144.545954374851,-37.690736792958,144.54595547485098
53313706288,120 SUMAC ST BROOKFIELD 3338,-37.690640733433,144.545161614448,-37.690640233433,144.545162714448
53313978464,10 SUMAC ST BROOKFIELD 3338,-37.690866751452,144.547017870726,-37.690866251452,144.547018970726
53313936910,80 SUMAC ST BROOKFIELD 3338,-37.68937883791,144.54388806808,-37.68937833791,144.54388916808
53313609251,14 SUMAC ST BROOKFIELD 3338,-37.690334919696,144.547243679197,-37.690334419696,144.547244779197
53313669683,124 SUMAC ST BROOKFIELD 3338,-37.690669399542,144.545396894471,-37.690668899542004,144.545397994471
53313677793,24 SUMAC ST BROOKFIELD 3338,-37.689846087103,144.546894405292,-37.689845587103,144.54689550529199
53313786090,82 SUMAC ST BROOKFIELD 3338,-37.68950351872,144.543864012018,-37.68950301872,144.54386511201798
53313743594,39 SUMAC ST BROOKFIELD 3338,-37.689166566212,144.544456612572,-37.689166066212,144.54445771257198
53313750294,71 SUMAC ST BROOKFIELD 3338,-37.690292632994,144.545334784568,-37.690292132994,144.545335884568
53313703284,110 SUMAC ST BROOKFIELD 3338,-37.690570576904,144.544584520415,-37.690570076904,144.54458562041498
53313751979,114 SUMAC ST BROOKFIELD 3338,-37.690603266326,144.544853495688,-37.690602766326,144.54485459568798
53313802419,48 SUMAC ST BROOKFIELD 3338,-37.688957563457,144.54556830439,-37.688957063457,144.54556940439
53314092431,68 SUMAC ST BROOKFIELD 3338,-37.688591441926,144.544421743855,-37.688590941926,144.544422843855
53313951835,65 SUMAC ST BROOKFIELD 3338,-37.690250807298,144.544991294176,-37.690250307298,144.54499239417598
53314015749,2 SUMAC ST BROOKFIELD 3338,-37.690800157232,144.546470867724,-37.690799657232,144.546471967724
53313985444,22 SUMAC ST BROOKFIELD 3338,-37.689929612768,144.547015104698,-37.689929112768,144.547016204698
53313954795,16 SUMAC ST BROOKFIELD 3338,-37.690221009632,144.547169164078,-37.690220509632,144.547170264078
53313887186,23 SUMAC ST BROOKFIELD 3338,-37.689313878161,144.545416256667,-37.689313378161,144.545417356667
53313366514,39 SUMAR DR CRAIGIEBURN 3064,-37.575823244441,144.893385015844,-37.575822744441,144.89338611584398
53313366587,37 SUMAR DR CRAIGIEBURN 3064,-37.575773749303,144.893412340848,-37.575773249303005,144.89341344084798
53313326186,19 SUMAR DR CRAIGIEBURN 3064,-37.574610760237,144.893691122948,-37.574610260237,144.893692222948
53313410528,40 SUMAR DR CRAIGIEBURN 3064,-37.575642321061,144.892926358102,-37.575641821061,144.89292745810198
53313427553,29 SUMAR DR CRAIGIEBURN 3064,-37.575258429896,144.893563382744,-37.575257929896004,144.89356448274398
53313390935,28 SUMAR DR CRAIGIEBURN 3064,-37.574959740776,144.893089469938,-37.574959240776,144.89309056993798
53313287116,21 SUMAR DR CRAIGIEBURN 3064,-37.5747066073,144.893672179847,-37.5747061073,144.89367327984698
53313152681,12 SUMAR DR CRAIGIEBURN 3064,-37.574065224069,144.893265909,-37.574064724069004,144.893267009
53313177795,9 SUMAR DR CRAIGIEBURN 3064,-37.573797045077,144.89387451899,-37.573796545077,144.89387561899
53313139607,4 SUMAR DR CRAIGIEBURN 3064,-37.573610841098,144.89336976078,-37.573610341098004,144.89337086077998
53313094041,6 SUMAR DR CRAIGIEBURN 3064,-37.573726511362,144.893346962004,-37.573726011362,144.89334806200398
53313227994,26 SUMAR DR CRAIGIEBURN 3064,-37.574850692216,144.89311092761,-37.574850192216005,144.89311202761
53313366496,47 SUMAR DR CRAIGIEBURN 3064,-37.576027343784,144.893244535147,-37.576026843784,144.893245635147
53313366538,43 SUMAR DR CRAIGIEBURN 3064,-37.575922192808,144.893330282016,-37.575921692808,144.893331382016
53313366562,45 SUMAR DR CRAIGIEBURN 3064,-37.575971687946,144.893302957012,-37.575971187946,144.893304057012
53313182738,14 SUMAR DR CRAIGIEBURN 3064,-37.574183157447,144.893242607309,-37.574182657447004,144.89324370730898
53313245700,27 SUMAR DR CRAIGIEBURN 3064,-37.575162624742,144.893582242026,-37.575162124742,144.893583342026
53313298342,23 SUMAR DR CRAIGIEBURN 3064,-37.574800065521,144.89365373966,-37.574799565521005,144.89365483966
53313312302,34 SUMAR DR CRAIGIEBURN 3064,-37.575306877296,144.893020989789,-37.575306377296,144.89302208978899
53313312419,32 SUMAR DR CRAIGIEBURN 3064,-37.575188943918,144.89304429148,-37.575188443918,144.89304539148
53313160653,13 SUMAR DR CRAIGIEBURN 3064,-37.574154742795,144.893781060769,-37.574154242795004,144.89378216076898
53313327471,38 SUMAR DR CRAIGIEBURN 3064,-37.575533398229,144.892967177971,-37.575532898229,144.892968277971
53313115764,8 SUMAR DR CRAIGIEBURN 3064,-37.573836020927,144.893321061923,-37.573835520927,144.89332216192298
53313506523,62 SUMAR DR MICKLEHAM 3064,-37.577563704726,144.892107194705,-37.577563204726005,144.892108294705
53313447650,55 SUMAR DR MICKLEHAM 3064,-37.576486294892,144.892987629815,-37.576485794892,144.892988729815
53313729247,54 SUMAR DR MICKLEHAM 3064,-37.57709758709,144.892190007908,-37.57709708709,144.892191107908
53313623789,56 SUMAR DR MICKLEHAM 3064,-37.577209108312,144.892170226617,-37.577208608312,144.892171326617
53313417753,65 SUMAR DR MICKLEHAM 3064,-37.577081410017,144.892679175778,-37.577080910017,144.892680275778
53313543129,76 SUMAR DR MICKLEHAM 3064,-37.578391124298,144.891960092304,-37.578390624298,144.891961192304
53313428923,69 SUMAR DR MICKLEHAM 3064,-37.577304410551,144.892639361738,-37.577303910551,144.89264046173798
53313469638,72 SUMAR DR MICKLEHAM 3064,-37.578148007196,144.892003342925,-37.578147507196,144.89200444292499
53313675658,70 SUMAR DR MICKLEHAM 3064,-37.578029822362,144.892024297683,-37.578029322362,144.892025397683
53313643111,80 SUMAR DR MICKLEHAM 3064,-37.578614124832,144.891920445902,-37.578613624832,144.891921545902
53313600939,84 SUMAR DR MICKLEHAM 3064,-37.578998057907,144.891852133391,-37.578997557907,144.891853233391
53301899821,145 SUMMERHILL RD FOOTSCRAY 3011,-37.797136752772,144.881763087996,-37.797136252772,144.881764187996
53301596362,141 SUMMERHILL RD FOOTSCRAY 3011,-37.796993673685,144.881782953107,-37.796993173685,144.881784053107
53301626945,101 SUMMERHILL RD FOOTSCRAY 3011,-37.794758178198,144.882293494829,-37.794757678198,144.882294594829
53305674733,101 SUMMERHILL RD FOOTSCRAY 3011,-37.794758178198,144.882293494829,-37.794757678198,144.882294594829
53313193711,4 SUMMERS CT LANCEFIELD 3435,-37.278540817685,144.729404731062,-37.278540317685,144.729405831062
53313207619,8 SUMMERS CT LANCEFIELD 3435,-37.278387931771,144.730282819239,-37.278387431771,144.73028391923899
53313299720,10 SUMMERS CT LANCEFIELD 3435,-37.278564789928,144.730563696814,-37.278564289928,144.73056479681398
53313526777,11 SUMMERTIME AVE CHARLEMONT 3217,-38.215652177211,144.361968834122,-38.215651677211,144.361969934122
53313859648,6 SUMMERTIME AVE CHARLEMONT 3217,-38.216183883239,144.362623796036,-38.216183383239,144.36262489603598
53313577498,13 SUMMERTIME AVE CHARLEMONT 3217,-38.215527538311,144.361992890184,-38.215527038311,144.361993990184
53313651148,5 SUMMERTIME AVE CHARLEMONT 3217,-38.216204251263,144.361862216313,-38.216203751263,144.361863316313
53313813713,12 SUMMERTIME AVE CHARLEMONT 3217,-38.215756364267,144.362705268135,-38.215755864267,144.36270636813498
53314130837,9 SUMMERTIME AVE CHARLEMONT 3217,-38.215783773091,144.361943353136,-38.215783273091,144.361944453136
53313250295,40 SUMMIT AVE OAK PARK 3046,-37.713521107898,144.913280217402,-37.713520607898005,144.91328131740198
53314032801,25 SUMMIT AVE OAK PARK 3046,-37.714443620161,144.912909150549,-37.714443120161,144.912910250549
53312958375,13 SUNBEAM ST OCEAN GROVE 3226,-38.241496476457,144.543805171057,-38.241495976457,144.54380627105698
53312948830,7 SUNBEAM ST OCEAN GROVE 3226,-38.241445095391,144.543549355373,-38.241444595391,144.54355045537298
53313022209,5 SUNBEAM ST OCEAN GROVE 3226,-38.241456201412,144.543448018163,-38.241455701412,144.54344911816298
53313580123,96 SUNDANCE BVD WINTER VALLEY 3358,-37.586968828732,143.795096196139,-37.586968328732,143.795097296139
53313739584,109 SUNDANCE BVD WINTER VALLEY 3358,-37.587423127884,143.794900646338,-37.587422627884,143.79490174633798
53313580149,110 SUNDANCE BVD WINTER VALLEY 3358,-37.58683995697,143.794001771041,-37.586839456970004,143.794002871041
53313584486,95 SUNDANCE BVD WINTER VALLEY 3358,-37.587607781211,143.796485999504,-37.587607281211,143.796487099504
53313676846,111 SUNDANCE BVD WINTER VALLEY 3358,-37.587406657444,143.794760668555,-37.587406157444,143.794761768555
53313707889,90 SUNDANCE BVD WINTER VALLEY 3358,-37.587023227283,143.795558039004,-37.587022727283,143.79555913900398
53313707955,86 SUNDANCE BVD WINTER VALLEY 3358,-37.587061448762,143.795882753933,-37.587060948762,143.795883853933
53313777072,108 SUNDANCE BVD WINTER VALLEY 3358,-37.586858397157,143.794158512631,-37.586857897157,143.79415961263098
53313633061,104 SUNDANCE BVD WINTER VALLEY 3358,-37.586894313612,143.794463613906,-37.586893813612,143.794464713906
53313735956,97 SUNDANCE BVD WINTER VALLEY 3358,-37.587590346852,143.796337639818,-37.587589846852,143.796338739818
53313742232,114 SUNDANCE BVD WINTER VALLEY 3358,-37.586863929213,143.793663896524,-37.586863429213004,143.793664996524
53313702360,88 SUNDANCE BVD WINTER VALLEY 3358,-37.58704166747,143.795714780593,-37.58704116747,143.79571588059298
53313658835,123 SUNDANCE BVD WINTER VALLEY 3358,-37.587241994956,143.793541269281,-37.587241494956004,143.793542369281
53313605185,113 SUNDANCE BVD WINTER VALLEY 3358,-37.587389223085,143.794612392687,-37.587388723085,143.79461349268698
53313809140,3 SUNDAR PL ROCKBANK 3335,-37.743822526067,144.661640229012,-37.743822026067,144.66164132901199
53313809982,9 SUNDAR PL ROCKBANK 3335,-37.743810078941,144.661960585351,-37.743809578941004,144.661961685351
53313887807,1 SUNDAR PL ROCKBANK 3335,-37.743827261843,144.66151835614,-37.743826761843,144.66151945613998
53313753900,6 SUNDEW TCE CAMPBELLS CREEK 3451,-37.081273145546,144.20944920937,-37.081272645546,144.20945030937
53313885347,20 SUNDEWS CRES ARMSTRONG CREEK 3217,-38.224671566032,144.362299332564,-38.224671066032,144.36230043256398
53313839955,18 SUNDEWS CRES ARMSTRONG CREEK 3217,-38.224569181085,144.362319113855,-38.224568681085,144.36232021385499
53313796750,12 SUNDEWS CRES ARMSTRONG CREEK 3217,-38.224389850266,144.362096825783,-38.224389350266,144.362097925783
53313797600,4 SUNDEWS CRES ARMSTRONG CREEK 3217,-38.224314035952,144.36131454276,-38.224313535952,144.36131564276
53313799713,24 SUNDEWS CRES ARMSTRONG CREEK 3217,-38.224874114722,144.362260189076,-38.224873614722,144.362261289076
53314068225,22 SUNDEWS CRES ARMSTRONG CREEK 3217,-38.224765066162,144.362281311472,-38.224764566162,144.362282411472
53313911212,28 SUNDEWS CRES ARMSTRONG CREEK 3217,-38.225076705322,144.362221045588,-38.225076205322004,144.362222145588
53313980158,8 SUNDEWS CRES ARMSTRONG CREEK 3217,-38.224348653212,144.361602628772,-38.224348153212,144.361603728772
53313990437,25 SUNDEWS CRES ARMSTRONG CREEK 3217,-38.225078214065,144.362688504328,-38.225077714065,144.36268960432798
53313894364,10 SUNDEWS CRES ARMSTRONG CREEK 3217,-38.224371871084,144.361947208812,-38.224371371084004,144.361948308812
53313920632,17 SUNDEWS CRES ARMSTRONG CREEK 3217,-38.224599649303,144.36278095672,-38.224599149303,144.36278205672
53313985965,23 SUNDEWS CRES ARMSTRONG CREEK 3217,-38.224960238778,144.362711303105,-38.224959738778004,144.36271240310498
53313916185,30 SUNDEWS CRES ARMSTRONG CREEK 3217,-38.225170163543,144.362203024496,-38.225169663543,144.362204124496
53313891791,32 SUNDEWS CRES ARMSTRONG CREEK 3217,-38.22527254849,144.362183243205,-38.22527204849,144.362184343205
53313928502,14 SUNDEWS CRES ARMSTRONG CREEK 3217,-38.224406781711,144.362237893214,-38.224406281711,144.362238993214
53313420922,28 SUNDIAL DR CLIFTON SPRINGS 3222,-38.163897738868,144.570696579558,-38.163897238868,144.57069767955798
53306394910,1 SUNDIAL DR CLIFTON SPRINGS 3222,-38.163380901132,144.569077855478,-38.163380401132,144.569078955478
53313505468,15 SUNFLOWER WALK BONNIE BROOK 3335,-37.70942629674,144.678820783588,-37.70942579674,144.678821883588
53313505384,7 SUNFLOWER WALK BONNIE BROOK 3335,-37.709229028648,144.679021697808,-37.709228528648,144.679022797808
53313505483,9 SUNFLOWER WALK BONNIE BROOK 3335,-37.70927475193,144.678975848797,-37.709274251930005,144.678976948797
53304601730,45 SUNHILL CRES ARDEER 3022,-37.774969552539,144.803281233089,-37.774969052539,144.803282333089
53306898942,30 SUNHILL CRES ARDEER 3022,-37.774969552539,144.803281233089,-37.774969052539,144.803282333089
53304764781,22 SUNHILL CRES ARDEER 3022,-37.774969552539,144.803281233089,-37.774969052539,144.803282333089
53306090783,51 SUNHILL CRES ARDEER 3022,-37.774969552539,144.803281233089,-37.774969052539,144.803282333089
53306195730,38 SUNHILL CRES ARDEER 3022,-37.774969552539,144.803281233089,-37.774969052539,144.803282333089
53306975972,24 SUNHILL CRES ARDEER 3022,-37.774969552539,144.803281233089,-37.774969052539,144.803282333089
53307659898,32 SUNHILL CRES ARDEER 3022,-37.774969552539,144.803281233089,-37.774969052539,144.803282333089
53313580859,37 SUNLIGHT CCT LARA 3212,-38.014611894272,144.374614946719,-38.014611394272,144.37461604671898
53313614243,73 SUNLIGHT CCT LARA 3212,-38.015200094327,144.372424923057,-38.015199594327,144.372426023057
53313742679,79 SUNLIGHT CCT LARA 3212,-38.015144857585,144.371964588935,-38.015144357585,144.37196568893498
53313573456,65 SUNLIGHT CCT LARA 3212,-38.015271633871,144.373021546925,-38.015271133871,144.373022646925
53313574140,31 SUNLIGHT CCT LARA 3212,-38.014239695861,144.374139692809,-38.014239195861,144.374140792809
53313595120,39 SUNLIGHT CCT LARA 3212,-38.014730037197,144.374593824323,-38.014729537197,144.374594924323
53313595327,25 SUNLIGHT CCT LARA 3212,-38.014187057509,144.37370064872,-38.014186557509,144.37370174871998
53313597851,52 SUNLIGHT CCT LARA 3212,-38.014873074375,144.373344082559,-38.014872574375,144.37334518255898
53313707063,41 SUNLIGHT CCT LARA 3212,-38.014848222032,144.374572785746,-38.014847722032,144.374573885746
53313609433,60 SUNLIGHT CCT LARA 3212,-38.014803546488,144.372764390136,-38.014803046488,144.372765490136
53313628283,7 SUNLIGHT CCT LARA 3212,-38.014027046978,144.372366836468,-38.014026546978,144.37236793646798
53313649438,19 SUNLIGHT CCT LARA 3212,-38.014133371419,144.373253222729,-38.014132871419,144.373254322729
53313578091,45 SUNLIGHT CCT LARA 3212,-38.015071180656,144.374532887887,-38.015070680656,144.374533987887
53313583506,24 SUNLIGHT CCT LARA 3212,-38.014620150446,144.37366603146,-38.014619650446,144.37366713146
53313660874,51 SUNLIGHT CCT LARA 3212,-38.015398745432,144.374081019486,-38.015398245432,144.374082119486
53313746458,58 SUNLIGHT CCT LARA 3212,-38.014820394113,144.372905038471,-38.014819894113,144.372906138471
53313613526,77 SUNLIGHT CCT LARA 3212,-38.0151643036,144.372126611123,-38.015163803600004,144.372127711123
53313608781,56 SUNLIGHT CCT LARA 3212,-38.014838289476,144.373054236347,-38.014837789476005,144.373055336347
53313615589,12 SUNLIGHT CCT LARA 3212,-38.014511814348,144.372762713755,-38.014511314348,144.372763813755
53313624615,43 SUNLIGHT CCT LARA 3212,-38.014959701344,144.374552836816,-38.014959201344,144.374553936816
53313595402,48 SUNLIGHT CCT LARA 3212,-38.014906811535,144.373625463049,-38.014906311535,144.373626563049
53313595963,21 SUNLIGHT CCT LARA 3212,-38.014151266783,144.373402420605,-38.014150766783004,144.373403520605
53314107974,46 SUNLIGHT CCT LARA 3212,-38.014925209812,144.373778851877,-38.014924709812,144.373779951877
53313937220,69 SUNLIGHT CCT LARA 3212,-38.015236890882,144.372731700713,-38.015236390882,144.37273280071298
53313566336,2 SUNLIT CL EPSOM 3551,-36.711650745343,144.292218910666,-36.711650245343,144.292220010666
53313934979,3 SUNLIT CL EPSOM 3551,-36.710926129814,144.292245146023,-36.710925629814,144.29224624602298
53313435202,12 SUNNY ST SUNBURY 3429,-37.574198161054,144.761454278958,-37.574197661054,144.761455378958
53314079059,51 SUNNY ST SUNBURY 3429,-37.576610095602,144.761310780775,-37.576609595602,144.761311880775
53313900918,52 SUNNY ST SUNBURY 3429,-37.577023658704,144.761160493251,-37.577023158704,144.761161593251
53313902564,62 SUNNY ST SUNBURY 3429,-37.577027849656,144.761896172893,-37.577027349656,144.76189727289298
53313462809,8 SUNNY ST SUNBURY 3429,-37.574199585977,144.761703305301,-37.574199085977,144.761704405301
53313454325,6 SUNNY ST SUNBURY 3429,-37.574200382258,144.761844791827,-37.574199882258,144.761845891827
53313468978,31 SUNNY ST SUNBURY 3429,-37.575566506747,144.760871988144,-37.575566006747,144.760873088144
53313435226,23 SUNNY ST SUNBURY 3429,-37.574869132403,144.760860169661,-37.574868632403,144.76086126966098
53313491287,7 SUNNY ST SUNBURY 3429,-37.574582471314,144.761700455454,-37.574581971314004,144.76170155545398
53313591897,37 SUNNY ST SUNBURY 3429,-37.575965150062,144.760868383926,-37.575964650062,144.760869483926
53313508585,11 SUNNY ST SUNBURY 3429,-37.574580753024,144.761400467139,-37.574580253024,144.761401567139
53313930599,59 SUNNY ST SUNBURY 3429,-37.576646053966,144.762086777371,-37.576645553966,144.762087877371
53313994918,47 SUNNY ST SUNBURY 3429,-37.576648945723,144.760862181317,-37.576648445723,144.760863281317
53314009701,56 SUNNY ST SUNBURY 3429,-37.577025335085,144.761454781872,-37.577024835085,144.761455881872
53313898828,60 SUNNY ST SUNBURY 3429,-37.577026969556,144.761746220645,-37.577026469556,144.761747320645
53313966072,54 SUNNY ST SUNBURY 3429,-37.577024496895,144.761313211527,-37.577023996895,144.761314311527
53314141067,45 SUNNY ST SUNBURY 3429,-37.576492162224,144.760863606241,-37.576491662224,144.760864706241
53313894050,53 SUNNY ST SUNBURY 3429,-37.576643665124,144.761672795174,-37.576643165124004,144.761673895174
53313900958,39 SUNNY ST SUNBURY 3429,-37.576109318797,144.760867042821,-37.576108818797,144.76086814282098
53314153373,49 SUNNY ST SUNBURY 3429,-37.576609047864,144.761129647848,-37.576608547864,144.761130747848
53313878648,41 SUNNY ST SUNBURY 3429,-37.576237687644,144.760865869355,-37.576237187644004,144.760866969355
53313992878,17 SUNNYBANK RD FRASER RISE 3336,-37.713926456735,144.715157255863,-37.713925956735004,144.715158355863
53313754170,5 SUNNYBANK RD FRASER RISE 3336,-37.714054616035,144.716212202197,-37.714054116035,144.716213302197
53313991809,18 SUNNYBANK RD FRASER RISE 3336,-37.713516036846,144.71549253199,-37.713515536846,144.71549363199
53313850870,6 SUNNYBANK RD FRASER RISE 3336,-37.713618882798,144.716339104211,-37.713618382798,144.71634020421098
53313837173,3 SUNNYBANK RD FRASER RISE 3336,-37.714073684865,144.716369195243,-37.714073184865,144.716370295243
53313923460,9 SUNNYBANK RD FRASER RISE 3336,-37.713994559699,144.715717753729,-37.713994059699004,144.715718853729
53313799852,23 SUNNYBANK RD FRASER RISE 3336,-37.713872309641,144.714711590072,-37.713871809641,144.714712690072
53313762256,20 SUNNYBANK RD FRASER RISE 3336,-37.713474839792,144.715153651645,-37.713474339792,144.715154751645
53313763965,12 SUNNYBANK RD FRASER RISE 3336,-37.713567795099,144.715918751767,-37.713567295099004,144.71591985176698
53313945646,15 SUNNYBANK RD FRASER RISE 3336,-37.713943471999,144.715297401284,-37.713942971999,144.715298501284
53313907860,13 SUNNYBANK RD FRASER RISE 3336,-37.713960487262,144.715437546706,-37.713959987262,144.715438646706
53313861745,19 SUNNYBANK RD FRASER RISE 3336,-37.713908393734,144.715008728539,-37.713907893734,144.715009828539
53313795389,21 SUNNYBANK RD FRASER RISE 3336,-37.713890372642,144.714860117396,-37.713889872642,144.714861217396
53314069159,29 SUNNYBANK RD FRASER RISE 3336,-37.713817156718,144.714257542377,-37.713816656718,144.714258642377
53313931176,10 SUNNYBANK RD FRASER RISE 3336,-37.713584810362,144.716058897188,-37.713584310362,144.71605999718798
53313991766,7 SUNNYBANK RD FRASER RISE 3336,-37.714012874157,144.715868544167,-37.714012374157,144.715869644167
53313994314,12 SUNPEAKS ST WINTER VALLEY 3358,-37.578714204756,143.793014634304,-37.578713704756,143.793015734304
53314008370,16 SUNPEAKS ST WINTER VALLEY 3358,-37.578681054329,143.792730487787,-37.578680554329004,143.792731587787
53314102777,10 SUNPEAKS ST WINTER VALLEY 3358,-37.57872426304,143.793374134131,-37.57872376304,143.793375234131
53314108683,24 SUNPEAKS ST WINTER VALLEY 3358,-37.57855800799,143.791948372401,-37.57855750799,143.791949472401
53314168884,15 SUNPEAKS ST WINTER VALLEY 3358,-37.579083679048,143.79270944921,-37.579083179048,143.79271054921
53314083877,8 SUNPEAKS ST WINTER VALLEY 3358,-37.578739643832,143.793506065287,-37.578739143832,143.793507165287
53314121705,4 SUNPEAKS ST WINTER VALLEY 3358,-37.57877095024,143.793774789103,-37.57877045024,143.793775889103
53314103478,25 SUNPEAKS ST WINTER VALLEY 3358,-37.578998183636,143.791976032682,-37.578997683636004,143.79197713268198
53314038146,14 SUNPEAKS ST WINTER VALLEY 3358,-37.578697357131,143.79287046557,-37.578696857131,143.79287156556998
53305446554,8 SUNRISE DR SYDENHAM 3037,-37.704213004422,144.750621758751,-37.704212504422,144.750622858751
53314185921,10 SUNRISE ST ARMSTRONG CREEK 3217,-38.223646962188,144.35777218284,-38.223646462188,144.35777328284
53314205653,1 SUNRISE ST ARMSTRONG CREEK 3217,-38.224045354046,144.358576510269,-38.224044854046,144.35857761026898
53314197067,8 SUNRISE ST ARMSTRONG CREEK 3217,-38.223660163686,144.358131598848,-38.223659663686,144.35813269884798
53312981024,21 SUNSET BVD JACANA 3047,-37.690880204407,144.913332185202,-37.690879704407,144.913333285202
53305731064,19 SUNSET BVD PORTARLINGTON 3223,-38.11715433752,144.680821795334,-38.11715383752,144.680822895334
53312805100,6 SUNSET CT HOPPERS CROSSING 3029,-37.88501463732,144.692690737868,-37.88501413732,144.69269183786798
53306772305,158 SUNSHINE AVE KEALBA 3021,-37.739172192984,144.823658264114,-37.739171692984,144.82365936411398
53305959175,197A SUNSHINE AVE KEALBA 3021,-37.736227809329,144.820080243433,-37.736227309329,144.820081343433
53305707567,199 SUNSHINE AVE KEALBA 3021,-37.736175925348,144.82003632226,-37.736175425348,144.82003742226
53305707624,197 SUNSHINE AVE KEALBA 3021,-37.736284051899,144.820131037766,-37.736283551899,144.820132137766
53313201365,275 SUNSHINE AVE ST ALBANS 3021,-37.73129162273,144.815962382041,-37.73129112273,144.81596348204098
53304552089,275 SUNSHINE AVE ST ALBANS 3021,-37.73129162273,144.815962382041,-37.73129112273,144.81596348204098
53301735069,245 SUNSHINE RD TOTTENHAM 3012,-37.798221329133,144.846703933946,-37.798220829133,144.846705033946
53307251905,280 SUNSHINE RD WEST FOOTSCRAY 3012,-37.800985897088,144.874989012407,-37.800985397088,144.874990112407
53314204977,25 SUNSTONE DR COBBLEBANK 3338,-37.711205942422,144.593064442553,-37.711205442422,144.59306554255298
53314204960,23 SUNSTONE DR COBBLEBANK 3338,-37.711219311557,144.593182292112,-37.711218811557,144.593183392112
53314204952,17 SUNSTONE DR COBBLEBANK 3338,-37.711380747013,144.593362251573,-37.711380247013004,144.593363351573
53314205562,21 SUNSTONE DR COBBLEBANK 3338,-37.711220317386,144.593389073663,-37.711219817386,144.59339017366298
53314205587,19 SUNSTONE DR COBBLEBANK 3338,-37.711304974608,144.593375914075,-37.711304474608,144.593377014075
53314205613,15 SUNSTONE DR COBBLEBANK 3338,-37.711456519417,144.593348589071,-37.711456019417,144.593349689071
53313724363,9 SUPEN ST MOUNT DUNEED 3217,-38.219138755565,144.329749636506,-38.219138255565,144.32975073650599
53313889002,16 SUPEN ST MOUNT DUNEED 3217,-38.219455465777,144.329198274915,-38.219454965777004,144.329199374915
53313768831,7 SUPEN ST MOUNT DUNEED 3217,-38.219063066979,144.329764221017,-38.219062566979,144.329765321017
53313816236,12 SUPEN ST MOUNT DUNEED 3217,-38.219232842428,144.329241022621,-38.219232342428,144.329242122621
53313816252,18 SUPEN ST MOUNT DUNEED 3217,-38.219566735541,144.329176901062,-38.219566235541,144.329178001062
53313786495,1 SUPEN ST MOUNT DUNEED 3217,-38.218795726178,144.329815518265,-38.218795226178,144.329816618265
53314123921,8 SUPEN ST MOUNT DUNEED 3217,-38.219036915442,144.329278573547,-38.219036415442,144.32927967354698
53313990940,10 SUPEN ST MOUNT DUNEED 3217,-38.219130415571,144.329260636274,-38.219129915571,144.329261736274
53314040838,19 SUPEN ST MOUNT DUNEED 3217,-38.219763752175,144.329658692856,-38.219763252175,144.32965979285598
53314025715,24 SUPERB RD WYNDHAM VALE 3024,-37.859541782113,144.603845246417,-37.859541282113,144.603846346417
53314104121,12 SUPERB RD WYNDHAM VALE 3024,-37.859365929784,144.603042930645,-37.859365429784,144.60304403064498
53314092795,25 SUPERB RD WYNDHAM VALE 3024,-37.859192592026,144.603979273049,-37.859192092026,144.60398037304898
53314023866,15 SUPERB RD WYNDHAM VALE 3024,-37.85906413936,144.603393294198,-37.85906363936,144.603394394198
53314025664,18 SUPERB RD WYNDHAM VALE 3024,-37.859455364691,144.603450961692,-37.859454864691,144.603452061692
53314025697,19 SUPERB RD WYNDHAM VALE 3024,-37.859107348071,144.603590436561,-37.859106848071,144.603591536561
53314070050,26 SUPERB RD WYNDHAM VALE 3024,-37.859569987217,144.603973908631,-37.859569487217,144.60397500863098
53314025689,23 SUPERB RD WYNDHAM VALE 3024,-37.859164973655,144.603853293044,-37.859164473655,144.603854393044
53314025707,10 SUPERB RD WYNDHAM VALE 3024,-37.859336509304,144.602908736376,-37.859336009304,144.602909836376
53314025755,20 SUPERB RD WYNDHAM VALE 3024,-37.85948055231,144.603565961404,-37.859480052310005,144.603567061404
53314027890,7 SUPERB RD WYNDHAM VALE 3024,-37.85895852738,144.602911418585,-37.85895802738,144.602912518585
53314140471,14 SUPERIOR ST MANOR LAKES 3024,-37.879651979487,144.592028606959,-37.879651479487,144.59202970695898
53314187209,16 SUPERIOR ST MANOR LAKES 3024,-37.879631946739,144.591859963067,-37.879631446739005,144.591861063067
53314161949,12 SUPERIOR ST MANOR LAKES 3024,-37.879672054145,144.592197167032,-37.879671554145,144.592198267032
53314219298,6 SUPERIOR ST MANOR LAKES 3024,-37.879728212897,144.592669319637,-37.879727712897,144.592670419637
53314206149,10 SUPERIOR ST MANOR LAKES 3024,-37.879690787699,144.592354579173,-37.879690287699,144.59235567917298
53314198626,19 SUPERIOR ST MANOR LAKES 3024,-37.880387952496,144.591705149315,-37.880387452496,144.591706249315
53314161965,5 SUPERIOR ST MANOR LAKES 3024,-37.880177440997,144.592768058457,-37.880176940997,144.592769158457
53313401535,13 SUPPER ST SUNBURY 3429,-37.57595232575,144.761769522336,-37.57595182575,144.761770622336
53313961594,19 SUPPER ST SUNBURY 3429,-37.576360398706,144.761765834299,-37.576359898706,144.761766934299
53313476116,4 SUPPER ST SUNBURY 3429,-37.575336591143,144.761231739428,-37.575336091143,144.761232839428
53313913612,16 SUPPER ST SUNBURY 3429,-37.576111330453,144.76122469863,-37.576110830453004,144.76122579863
53313969068,18 SUPPER ST SUNBURY 3429,-37.576255499188,144.761223441344,-37.576254999188,144.76122454134398
53314007984,14 SUPPER ST SUNBURY 3429,-37.575967203628,144.761226039734,-37.575966703628,144.761227139734
53313888805,17 SUPPER ST SUNBURY 3429,-37.576232909959,144.761767007765,-37.576232409959005,144.761768107765
53313595252,21 SUPPLE ST WERRIBEE 3030,-37.919970568232,144.636193106247,-37.919970068232004,144.63619420624698
53313712047,19 SUPPLE ST WERRIBEE 3030,-37.919985823296,144.636333922221,-37.919985323296004,144.636335022221
53314053623,38 SUPREME AVE GREENVALE 3059,-37.646299417897,144.876838216966,-37.646298917897,144.876839316966
53314063531,24 SUPREME AVE GREENVALE 3059,-37.645781458191,144.876304960286,-37.645780958191004,144.876306060286
53314122824,26 SUPREME AVE GREENVALE 3059,-37.645906013272,144.876274869254,-37.645905513272,144.87627596925398
53314140416,23 SUPREME AVE GREENVALE 3059,-37.645705601967,144.876749955526,-37.645705101967,144.876751055526
53313293658,4 SUPREME AVE GREENVALE 3059,-37.645033247604,144.876283921709,-37.645032747604,144.87628502170898
53314064489,8 SUPREME AVE GREENVALE 3059,-37.64503098449,144.876542000508,-37.64503048449,144.876543100508
53314054886,12 SUPREME AVE GREENVALE 3059,-37.645170878454,144.876452230325,-37.645170378454004,144.87645333032498
53314070827,20 SUPREME AVE GREENVALE 3059,-37.645569144583,144.876356173715,-37.645568644583,144.876357273715
53314076550,13 SUPREME AVE GREENVALE 3059,-37.645285249523,144.876851376554,-37.645284749523,144.87685247655398
53314065001,14 SUPREME AVE GREENVALE 3059,-37.645272634758,144.876427671349,-37.645272134758,144.876428771349
53314093661,34 SUPREME AVE GREENVALE 3059,-37.646222430117,144.876633279434,-37.646221930117,144.876634379434
53314156880,17 SUPREME AVE GREENVALE 3059,-37.645462233408,144.876808712667,-37.645461733408,144.876809812667
53314053631,16 SUPREME AVE GREENVALE 3059,-37.645365548155,144.876405291667,-37.645365048155,144.876406391667
53314067870,21 SUPREME AVE GREENVALE 3059,-37.645621531478,144.876770239732,-37.645621031478,144.876771339732
53314155429,36 SUPREME AVE GREENVALE 3059,-37.646262872799,144.876740903071,-37.646262372799,144.876742003071
53314066899,8 SURAT WAY ROCKBANK 3335,-37.743165133401,144.665397165653,-37.743164633401,144.66539826565298
53314137897,4 SURAT WAY ROCKBANK 3335,-37.743192835591,144.665667649668,-37.743192335591004,144.665668749668
53314100872,3 SURAT WAY ROCKBANK 3335,-37.743620731748,144.665642001045,-37.743620231748004,144.665643101045
53314101284,7 SURAT WAY ROCKBANK 3335,-37.743601118095,144.665450390738,-37.743600618095,144.66545149073798
53314100865,5 SURAT WAY ROCKBANK 3335,-37.743610924922,144.665546195891,-37.743610424922004,144.665547295891
53314101292,9 SURAT WAY ROCKBANK 3335,-37.743591311268,144.665354585585,-37.743590811268,144.66535568558498
53305578991,70 SURF COAST HWY TORQUAY 3228,-38.331216101127,144.31681735133,-38.331215601127,144.31681845133
53306460969,1 SURF COAST HWY TORQUAY 3228,-38.334445743723,144.31563776918,-38.334445243723,144.31563886918
53306006269,84 SURF COAST HWY TORQUAY 3228,-38.329624231965,144.317121818081,-38.329623731965,144.317122918081
53305628913,71 SURF COAST HWY TORQUAY 3228,-38.324915394415,144.317457101093,-38.324914894415,144.317458201093
53305579018,70 SURF COAST HWY TORQUAY 3228,-38.331216101127,144.31681735133,-38.331215601127,144.31681845133
53314054564,2 SURFIE WALK SUNBURY 3429,-37.577418111068,144.760837119427,-37.577417611068,144.760838219427
53314054621,20 SURFIE WALK SUNBURY 3429,-37.576913688135,144.760841645655,-37.576913188135,144.760842745655
53314054589,4 SURFIE WALK SUNBURY 3429,-37.577355121066,144.76083770616,-37.577354621066,144.76083880616
53314054615,12 SURFIE WALK SUNBURY 3429,-37.577138867964,144.760839633998,-37.577138367964004,144.76084073399798
53314054571,8 SURFIE WALK SUNBURY 3429,-37.577246994515,144.76083862817,-37.577246494515,144.76083972817
53314054607,18 SURFIE WALK SUNBURY 3429,-37.576976761956,144.760841058921,-37.576976261956,144.76084215892098
53303117110,14 SURREY ST BALLARAT CENTRAL 3350,-37.569150998056,143.838025370537,-37.569150498056004,143.838026470537
53313588420,29 SURROUND CCT BONNIE BROOK 3335,-37.706728245926,144.679523187075,-37.706727745926,144.679524287075
53313839907,89 SURROUND CCT BONNIE BROOK 3335,-37.707539656063,144.675592242123,-37.707539156063,144.675593342123
53313567319,25 SURROUND CCT BONNIE BROOK 3335,-37.706694257309,144.679228563178,-37.706693757309004,144.67922966317798
53313733397,19 SURROUND CCT BONNIE BROOK 3335,-37.706638266196,144.678743250984,-37.706637766196,144.678744350984
53313834502,99 SURROUND CCT BONNIE BROOK 3335,-37.707182880355,144.676198169904,-37.707182380355,144.676199269904
53313760096,98 SURROUND CCT BONNIE BROOK 3335,-37.707527334666,144.676458595636,-37.707526834666,144.676459695636
53313919718,24 SURROUND CCT BONNIE BROOK 3335,-37.707224035499,144.679522348884,-37.707223535499004,144.679523448884
53313939763,86 SURROUND CCT BONNIE BROOK 3335,-37.707946052639,144.675633732544,-37.707945552639,144.67563483254398
53313672240,54 SURROUND CCT BONNIE BROOK 3335,-37.709040016732,144.677499292734,-37.709039516732,144.677500392734
53313799943,28 SURROUND CCT BONNIE BROOK 3335,-37.70746027944,144.679479098264,-37.70745977944,144.679480198264
53314139110,90 SURROUND CCT BONNIE BROOK 3335,-37.707850834219,144.675977558212,-37.707850334219,144.675978658212
53313586609,11 SURROUND CCT BONNIE BROOK 3335,-37.706571420518,144.678164229113,-37.706570920518004,144.678165329113
53313555388,8 SURROUND CCT BONNIE BROOK 3335,-37.706934231197,144.67783725107,-37.706933731197005,144.67783835107
53313768155,92 SURROUND CCT BONNIE BROOK 3335,-37.707779462313,144.676098006161,-37.707778962313,144.676099106161
53313772874,88 SURROUND CCT BONNIE BROOK 3335,-37.707922206124,144.675857110264,-37.707921706124004,144.67585821026398
53313626825,36 SURROUND CCT BONNIE BROOK 3335,-37.708194576068,144.678426582682,-37.708194076068004,144.67842768268198
53313825559,42 SURROUND CCT BONNIE BROOK 3335,-37.708563463627,144.678171605188,-37.708562963627,144.678172705188
53313626859,9 SURROUND CCT BONNIE BROOK 3335,-37.706555243445,144.678023999873,-37.706554743445004,144.678025099873
53313872008,15 SURROUND CCT BONNIE BROOK 3335,-37.70660587014,144.678462792504,-37.706605370140004,144.678463892504
53313747050,97 SURROUND CCT BONNIE BROOK 3335,-37.707262256978,144.676060455235,-37.707261756978,144.67606155523498
53313993562,95 SURROUND CCT BONNIE BROOK 3335,-37.707333628883,144.675940007286,-37.707333128883,144.67594110728598
53313616415,23 SURROUND CCT BONNIE BROOK 3335,-37.706674811294,144.679060254562,-37.706674311294,144.67906135456198
53313625026,21 SURROUND CCT BONNIE BROOK 3335,-37.706655407188,144.678891945946,-37.706654907188,144.67889304594598
53313625083,6 SURROUND CCT BONNIE BROOK 3335,-37.706917090205,144.677688639927,-37.706916590205005,144.677689739927
53313954960,16 SURROUND CCT BONNIE BROOK 3335,-37.707010967521,144.67850210363,-37.707010467521,144.67850320363
53313868137,80 SURROUND CCT BONNIE BROOK 3335,-37.708222487806,144.675876640098,-37.708221987806,144.675877740098
53313672224,62 SURROUND CCT BONNIE BROOK 3335,-37.708968686736,144.677218498977,-37.708968186736,144.677219598977
53313672266,52 SURROUND CCT BONNIE BROOK 3335,-37.709057870185,144.677569533082,-37.709057370185,144.67757063308198
53313672596,58 SURROUND CCT BONNIE BROOK 3335,-37.709004351734,144.677358895856,-37.709003851734,144.677359995856
53313786462,14 SURROUND CCT BONNIE BROOK 3335,-37.706991228139,144.678331028986,-37.706990728139004,144.678332128986
53313749097,40 SURROUND CCT BONNIE BROOK 3335,-37.708467448926,144.678287610728,-37.708466948926,144.678288710728
53313702690,10 SURROUND CCT BONNIE BROOK 3335,-37.706953677212,144.678005643505,-37.706953177212,144.678006743505
53314027288,101 SURROUND CCT BONNIE BROOK 3335,-37.707066539539,144.676346110495,-37.707066039539,144.67634721049498
53314102330,44 SURROUND CCT BONNIE BROOK 3335,-37.708645815825,144.67805283362,-37.708645315825,144.67805393362
53313977440,70 SURROUND CCT BONNIE BROOK 3335,-37.708812070875,144.676546437981,-37.708811570875,144.67654753798098
53314055298,30 SURROUND CCT BONNIE BROOK 3335,-37.707641119001,144.67944565447,-37.707640619001005,144.67944675446998
53313955421,78 SURROUND CCT BONNIE BROOK 3335,-37.708318376778,144.675966158824,-37.708317876778004,144.675967258824
53313872880,103 SURROUND CCT BONNIE BROOK 3335,-37.707056271707,144.676581725793,-37.707055771707005,144.676582825793
53313345566,30 SURROUND DR MAMBOURIN 3024,-37.894293948959,144.591813862599,-37.894293448959004,144.591814962599
53313465760,57 SURROUND DR MAMBOURIN 3024,-37.894476758267,144.58951110234,-37.894476258267,144.58951220234
53313434088,61 SURROUND DR MAMBOURIN 3024,-37.89444616432,144.589193763486,-37.89444566432,144.589194863486
53313206628,29 SURROUND DR MAMBOURIN 3024,-37.894691795993,144.591726690806,-37.894691295993,144.591727790806
53313452206,59 SURROUND DR MAMBOURIN 3024,-37.894461419384,144.589353187284,-37.894460919384,144.58935428728398
53313089414,93 SUSPENSION ST ARDEER 3022,-37.78192259268,144.800764399022,-37.78192209268,144.800765499022
53304633748,99999 SUSPENSION ST ARDEER 3022,-37.781965334973,144.802897336687,-37.781964834973,144.802898436687
53312918059,3 SUSSEX ST MOONEE PONDS 3039,-37.764919147717,144.908926489255,-37.764918647717,144.908927589255
53301273498,54 SUSSEX ST PASCOE VALE 3044,-37.735135312069,144.949389540101,-37.735134812069,144.949390640101
53312761401,308 SUSSEX ST PASCOE VALE 3044,-37.718769059386,144.951787686419,-37.718768559386,144.951788786419
53313131309,341 SUSSEX ST PASCOE VALE 3044,-37.716311946379,144.951799001988,-37.716311446379,144.951800101988
53311501932,54 SUSSEX ST PASCOE VALE 3044,-37.735135312069,144.949389540101,-37.735134812069,144.949390640101
53313021054,38 SUSSEX ST SEAHOLME 3018,-37.864101956535,144.841243375484,-37.864101456535,144.841244475484
53314069389,5 SUSTAIN ST MAMBOURIN 3024,-37.88653649757,144.601751363185,-37.88653599757,144.601752463185
53314069934,17 SUSTAIN ST MAMBOURIN 3024,-37.886243256687,144.601797212195,-37.886242756687004,144.601798312195
53314065041,10 SUSTAIN ST MAMBOURIN 3024,-37.886415546707,144.602213122231,-37.886415046707,144.602214222231
53314045969,12 SUSTAIN ST MAMBOURIN 3024,-37.886440943874,144.60236475086,-37.886440443874,144.60236585086
53313822357,8 SUSTAIN ST MAMBOURIN 3024,-37.886611222237,144.602266095859,-37.886610722237,144.60226719585899
53314069407,9 SUSTAIN ST MAMBOURIN 3024,-37.886449619143,144.601767624077,-37.886449119143,144.601768724077
53314069439,15 SUSTAIN ST MAMBOURIN 3024,-37.886309264175,144.601793859434,-37.886308764175,144.601794959434
53313884471,16 SUSTAIN ST MAMBOURIN 3024,-37.886483733489,144.602620566544,-37.886483233489,144.602621666544
53313885529,6 SUSTAIN ST MAMBOURIN 3024,-37.886731754004,144.60224354854,-37.886731254004005,144.60224464854
53314069397,7 SUSTAIN ST MAMBOURIN 3024,-37.886496390163,144.601758906898,-37.886495890163005,144.601760006898
53314069421,13 SUSTAIN ST MAMBOURIN 3024,-37.886349371582,144.60178639954,-37.886348871582,144.60178749954
53314069926,3 SUSTAIN ST MAMBOURIN 3024,-37.886590854212,144.601741221082,-37.886590354212004,144.60174232108199
53313677538,23 SUSTAINABLE DR CRAIGIEBURN 3064,-37.572260390768,144.900525140064,-37.572259890768,144.90052624006398
53300227727,19 SUTHERLAND ST STAWELL 3380,-37.068305125957,142.768339376323,-37.068304625957,142.768340476323
53302864097,8-10 SUTTON RD MARYBOROUGH 3465,-37.049464535457,143.745623269931,-37.049464035457,143.745624369931
53313025227,35 SWAIN WALK ST LEONARDS 3223,-38.179400110701,144.707190759809,-38.179399610701005,144.707191859809
53313436240,19 SWAIN WALK ST LEONARDS 3223,-38.179261306384,144.706384085448,-38.179260806384,144.706385185448
53312970011,38 SWALLOW CRES NORLANE 3214,-38.087515760254,144.353348717258,-38.087515260254,144.353349817258
53313876669,5 SWALLOW ST WINTER VALLEY 3358,-37.570724155554,143.797444386313,-37.570723655554,143.797445486313
53305145083,5 SWAN BAY RD WALLINGTON 3222,-38.212791266019,144.533287139858,-38.212790766019005,144.533288239858
53306791487,5A SWAN BAY RD WALLINGTON 3222,-38.212791266019,144.533287139858,-38.212790766019005,144.533288239858
53313267158,47 SWAN BVD WINTER VALLEY 3358,-37.571226315373,143.783694712344,-37.571225815373005,143.78369581234398
53314093272,67 SWAN BVD WINTER VALLEY 3358,-37.572905923041,143.78327779648,-37.572905423041,143.78327889648
53313675525,71 SWAN BVD WINTER VALLEY 3358,-37.573350205819,143.783209064874,-37.573349705819,143.783210164874
53313739701,69 SWAN BVD WINTER VALLEY 3358,-37.573211191955,143.783228007976,-37.573210691955,143.78322910797598
53307533291,15 SWAN ST FOOTSCRAY 3011,-37.795045593658,144.887089200731,-37.795045093658004,144.887090300731
53305576871,60 SWANN DR DERRIMUT 3026,-37.802033910181,144.779381916896,-37.802033410181004,144.779383016896
53313791257,2 SWANPOOL PL STRATHTULLOH 3338,-37.728945402302,144.589304153151,-37.728944902302004,144.589305253151
53313798770,6 SWANPOOL PL STRATHTULLOH 3338,-37.72889280586,144.58892420148,-37.72889230586,144.58892530148
53314172241,24 SWANSEA RD MANOR LAKES 3024,-37.878813705351,144.589657869465,-37.878813205351,144.58965896946498
53314206833,22 SWANSEA RD MANOR LAKES 3024,-37.878737932946,144.589671867243,-37.878737432946004,144.589672967243
53314166285,16 SWANSEA RD MANOR LAKES 3024,-37.878499467801,144.589716123692,-37.878498967801,144.589717223692
53314166681,26 SWANSEA RD MANOR LAKES 3024,-37.87889861403,144.589642111487,-37.87889811403,144.589643211487
53313251096,8 SWANSEA WAY ARMSTRONG CREEK 3217,-38.227278924653,144.368361711674,-38.227278424653,144.368362811674
53313338512,7 SWANSEA WAY ARMSTRONG CREEK 3217,-38.227226453939,144.367932809688,-38.227225953939,144.367933909688
53313299457,4 SWANSEA WAY ARMSTRONG CREEK 3217,-38.227483652638,144.368321478538,-38.227483152638,144.368322578538
53313309415,10 SWANSEA WAY ARMSTRONG CREEK 3217,-38.22717528242,144.368382079698,-38.22717478242,144.368383179698
53313364896,3 SWANSEA WAY ARMSTRONG CREEK 3217,-38.227431223834,144.367892576553,-38.227430723834004,144.367893676553
53313312680,6 SWANSEA WAY ARMSTRONG CREEK 3217,-38.2273813096,144.368341595106,-38.2273808096,144.36834269510598
53313312716,5 SWANSEA WAY ARMSTRONG CREEK 3217,-38.227328838886,144.367912693121,-38.227328338886004,144.367913793121
53313359672,1 SWANSEA WAY ARMSTRONG CREEK 3217,-38.227534824157,144.367872208528,-38.227534324157,144.367873308528
53302400706,49 SWANSTON ST GEELONG 3220,-38.152935676348,144.366917090661,-38.152935176348,144.36691819066098
53302400607,49 SWANSTON ST GEELONG 3220,-38.152935676348,144.366917090661,-38.152935176348,144.36691819066098
53302400696,49 SWANSTON ST GEELONG 3220,-38.152935676348,144.366917090661,-38.152935176348,144.36691819066098
53302400720,49 SWANSTON ST GEELONG 3220,-38.152935676348,144.366917090661,-38.152935176348,144.36691819066098
53313581865,3 SWANTON AVE MADDINGLEY 3340,-37.68573954128,144.401949254983,-37.68573904128,144.401950354983
53313823578,17 SWANTON AVE MADDINGLEY 3340,-37.685856007825,144.402975954303,-37.685855507825,144.402977054303
53313513288,19 SWANTON AVE MADDINGLEY 3340,-37.685870005603,144.403099419737,-37.685869505603,144.403100519737
53313951694,9 SWANTON AVE MADDINGLEY 3340,-37.685794275108,144.402431801149,-37.685793775108,144.40243290114898
53313901898,7 SWANTON AVE MADDINGLEY 3340,-37.685776463563,144.402274640464,-37.685775963563,144.40227574046398
53313948896,2 SWANTON AVE MADDINGLEY 3340,-37.686128126311,144.401564777084,-37.686127626311,144.40156587708398
53314175170,3 SWEET ST MANOR LAKES 3024,-37.880379235316,144.592626320474,-37.880378735316,144.592627420474
53314199541,7 SWEET ST MANOR LAKES 3024,-37.880655419026,144.592574017398,-37.880654919026,144.59257511739798
53314157319,8 SWEET ST MANOR LAKES 3024,-37.880591129829,144.592034390472,-37.880590629829,144.592035490472
53313833445,8 SWEET WAY STRATHTULLOH 3338,-37.722198976074,144.602600449977,-37.722198476074,144.60260154997698
53314096186,6 SWEET WAY STRATHTULLOH 3338,-37.722183846739,144.602467010078,-37.722183346739,144.60246811007798
53314058879,4 SWEET WAY STRATHTULLOH 3338,-37.722167879214,144.602326697019,-37.722167379214,144.602327797019
53313891117,3 SWEET WAY STRATHTULLOH 3338,-37.721785706338,144.602577986476,-37.721785206338,144.602579086476
53313861638,2 SWEET WAY STRATHTULLOH 3338,-37.722157401835,144.602180935723,-37.722156901835,144.602182035723
53314078778,5 SWEET WAY STRATHTULLOH 3338,-37.721798446831,144.602690303979,-37.721797946831,144.60269140397898
53314220132,15 SWIFT ST CHARLEMONT 3217,-38.21026252965,144.350362077519,-38.21026202965,144.350363177519
53314067764,4 SWIFT ST CHARLEMONT 3217,-38.209982532174,144.351357931435,-38.209982032174004,144.35135903143498
53314227077,16 SWIFT ST CHARLEMONT 3217,-38.209876710647,144.350486381143,-38.209876210647,144.350487481143
53314027314,12 SWIFT ST CHARLEMONT 3217,-38.20991195655,144.350776897907,-38.20991145655,144.350777997907
53313942543,10 SWIFT ST CHARLEMONT 3217,-38.209929097542,144.350917881518,-38.209928597542,144.350918981518
53314219167,22 SWIFT ST CHARLEMONT 3217,-38.20982017471,144.350021017878,-38.209819674710005,144.35002211787798
53314210984,20 SWIFT ST CHARLEMONT 3217,-38.20983832153,144.350170467212,-38.20983782153,144.350171567212
53314108122,7 SWIFT ST CHARLEMONT 3217,-38.210333105275,144.350943027228,-38.210332605275,144.350944127228
53313941969,3 SWIFT ST CHARLEMONT 3217,-38.210368393087,144.351233543992,-38.210367893087,144.351234643992
53313998561,6 SWIFT ST CHARLEMONT 3217,-38.209964385354,144.351208398282,-38.209963885354,144.351209498282
53313999610,5 SWIFT ST CHARLEMONT 3217,-38.210350246267,144.351084094658,-38.210349746267,144.351085194658
53314201744,18 SWIFT ST CHARLEMONT 3217,-38.209857516088,144.350328466087,-38.209857016088,144.350329566087
53314069356,5 SWIFT WAY HUNTLY 3551,-36.661863372038,144.357877040449,-36.661862872038,144.357878140449
53302733112,99999 SWINBURNE ST NORTH GEELONG 3215,-38.119887863265,144.356260260608,-38.119887363265,144.356261360608
53313440046,1 SWINNERTON RD TARNEIT 3029,-37.845170506204,144.668758644102,-37.845170006204,144.668759744102
53314022513,12 SWORD RD THORNHILL PARK 3335,-37.724303965328,144.625297554128,-37.724303465328,144.625298654128
53314053847,14 SWORD RD THORNHILL PARK 3335,-37.72441548655,144.62527835957,-37.72441498655,144.62527945956998
53314024897,7 SWORD RD THORNHILL PARK 3335,-37.724190055264,144.625830475532,-37.724189555264005,144.625831575532
53314028427,8 SWORD RD THORNHILL PARK 3335,-37.724116504064,144.625329908275,-37.724116004064,144.625331008275
53314054647,16 SWORD RD THORNHILL PARK 3335,-37.724509238137,144.625262182497,-37.724508738137004,144.625263282497
53314055605,15 SWORD RD THORNHILL PARK 3335,-37.72454708243,144.625768952363,-37.72454658243,144.62577005236298
53314024871,10 SWORD RD THORNHILL PARK 3335,-37.724210255651,144.625313731202,-37.724209755651,144.625314831202
53314022090,4 SWORD RD THORNHILL PARK 3335,-37.723893377801,144.62536838121,-37.723892877801,144.62536948121
53314024426,9 SWORD RD THORNHILL PARK 3335,-37.724283764942,144.625814298459,-37.724283264942,144.625815398459
53314071109,20 SWORD RD THORNHILL PARK 3335,-37.724714930041,144.625226727047,-37.724714430041004,144.62522782704698
53314028411,5 SWORD RD THORNHILL PARK 3335,-37.724114199041,144.625843551301,-37.724113699041,144.62584465130098
53313361012,1 SWORDFISH PL ARMSTRONG CREEK 3217,-38.239354313463,144.372525170619,-38.239353813463,144.372526270619
53313315314,3 SWORDFISH PL ARMSTRONG CREEK 3217,-38.239368646517,144.37229131552,-38.239368146517,144.37229241551998
53303505206,99999 SYDENHAM RD SYDENHAM 3037,-37.706130906188,144.777733291404,-37.706130406188,144.77773439140398
53302769246,19 SYDNEY AVE GEELONG 3220,-38.153134032843,144.368865341489,-38.153133532843,144.368866441489
53312785241,1735 SYDNEY RD CAMPBELLFIELD 3061,-37.650424026721,144.951891622018,-37.650423526721,144.951892722018
53313545272,1725 SYDNEY RD CAMPBELLFIELD 3061,-37.663834820345,144.95398382887,-37.663834320345,144.95398492887
53313917514,1777-1787 SYDNEY RD CAMPBELLFIELD 3061,-37.65154866858,144.949592801253,-37.65154816858,144.949593901253
53305948425,166 SYDNEY RD COBURG 3058,-37.750801679415,144.964983759332,-37.750801179415,144.964984859332
53306217137,813 SYDNEY RD COBURG 3058,-37.734268936062,144.965344291372,-37.734268436062,144.96534539137198
53306277774,1046 SYDNEY RD COBURG 3058,-37.719562280793,144.963370219322,-37.719561780793,144.963371319322
53305953310,816 SYDNEY RD COBURG 3058,-37.728935595476,144.964098690527,-37.728935095476004,144.964099790527
53307374142,761 SYDNEY RD COBURG 3058,-37.734268936062,144.965344291372,-37.734268436062,144.96534539137198
53308673344,806 SYDNEY RD COBURG 3058,-37.729114926294,144.963929878997,-37.729114426294004,144.96393097899698
53308130167,398 SYDNEY RD COBURG 3058,-37.743946620144,144.966339508522,-37.743946120144,144.966340608522
53301049109,260 SYDNEY RD COBURG 3058,-37.748277298058,144.965764593783,-37.748276798058,144.965765693783
53301293298,700 SYDNEY RD COBURG 3058,-37.734232640757,144.965481726482,-37.734232140757,144.965482826482
53307439813,962 SYDNEY RD COBURG 3058,-37.722955484746,144.963897776307,-37.722954984746,144.96389887630698
53307374102,761 SYDNEY RD COBURG 3058,-37.734268936062,144.965344291372,-37.734268436062,144.96534539137198
53308637761,804 SYDNEY RD COBURG 3058,-37.729159057014,144.96393130392,-37.729158557014,144.96393240391998
53308638941,810 SYDNEY RD COBURG 3058,-37.729010571599,144.963926610054,-37.729010071599,144.96392771005398
53311049435,816 SYDNEY RD COBURG 3058,-37.728935595476,144.964098690527,-37.728935095476004,144.964099790527
53313047262,824A SYDNEY RD COBURG NORTH 3058,-37.728250207253,144.963927951159,-37.728249707253,144.963929051159
53301039370,1187 SYDNEY RD FAWKNER 3060,-37.713855756412,144.961796575302,-37.713855256412,144.961797675302
53305713572,1187 SYDNEY RD FAWKNER 3060,-37.713855756412,144.961796575302,-37.713855256412,144.961797675302
53307298274,1187 SYDNEY RD FAWKNER 3060,-37.713855756412,144.961796575302,-37.713855256412,144.961797675302
53305206414,10 SYDNEY ST BACCHUS MARSH 3340,-37.680812658593,144.435964945907,-37.680812158593,144.43596604590698
53313061950,7 SYDNEY ST FOOTSCRAY 3011,-37.794830262565,144.888370626088,-37.794829762565,144.888371726088
53313197736,63 SYDNEY WAY ALFREDTON 3350,-37.558181601371,143.793540095814,-37.558181101371,143.793541195814
53313460706,71 SYDNEY WAY ALFREDTON 3350,-37.558774411473,143.793432639816,-37.558773911473004,143.79343373981598
53313397657,75 SYDNEY WAY ALFREDTON 3350,-37.559055247139,143.793381761663,-37.559054747139,143.793382861663
53313189098,60 SYDNEY WAY ALFREDTON 3350,-37.55797213761,143.792917907142,-37.55797163761,143.792919007142
53313395059,72 SYDNEY WAY ALFREDTON 3350,-37.559233655948,143.792690841385,-37.559233155948,143.792691941385
53313362775,85 SYDNEY WAY ALFREDTON 3350,-37.559774749707,143.793252009802,-37.559774249707004,143.79325310980198
53313453947,74 SYDNEY WAY ALFREDTON 3350,-37.559385200757,143.792663600199,-37.559384700757,143.792664700199
53313267025,67 SYDNEY WAY ALFREDTON 3350,-37.558466879445,143.793488379472,-37.558466379445,143.793489479472
53313395041,73 SYDNEY WAY ALFREDTON 3350,-37.558921513874,143.793405985364,-37.558921013874,143.79340708536398
53313411097,79 SYDNEY WAY ALFREDTON 3350,-37.559313745033,143.793334906825,-37.559313245033,143.793336006825
53313411619,68 SYDNEY WAY ALFREDTON 3350,-37.558745745364,143.792778851368,-37.558745245364,143.792779951368
53313181016,69 SYDNEY WAY ALFREDTON 3350,-37.558622866663,143.793460132458,-37.558622366663,143.793461232458
53313181097,64 SYDNEY WAY ALFREDTON 3350,-37.558464616331,143.792829561882,-37.558464116331,143.792830661882
53313421870,66 SYDNEY WAY ALFREDTON 3350,-37.558616035412,143.792802236878,-37.558615535412,143.792803336878
53313774334,91 SYDNEY WAY ALFREDTON 3350,-37.5602930866,143.793159808867,-37.5602925866,143.79316090886698
53313522768,7 SYKES WALK ST ALBANS 3021,-37.747809294494,144.799898632243,-37.747808794494,144.799899732243
53313535168,6 SYKES WALK ST ALBANS 3021,-37.747640650602,144.800001142919,-37.747640150602,144.800002242919
53313535150,12 SYKES WALK ST ALBANS 3021,-37.747617642278,144.799781788513,-37.747617142278,144.799782888513
53313535183,16 SYKES WALK ST ALBANS 3021,-37.747601046109,144.799624041095,-37.747600546109,144.799625141095
53313523147,3 SYKES WALK ST ALBANS 3021,-37.747824633377,144.800044896454,-37.747824133377,144.800045996454
53313523170,9 SYKES WALK ST ALBANS 3021,-37.747801625052,144.799825542048,-37.747801125052,144.799826642048
53303647757,23 SYLVAN GR PASCOE VALE 3044,-37.728742308788,144.941233277759,-37.728741808788,144.941234377759
53303618957,23 SYLVAN GR PASCOE VALE 3044,-37.728742308788,144.941233277759,-37.728741808788,144.941234377759
53301688936,2 SYME ST WILLIAMSTOWN 3016,-37.862976853672,144.905263849024,-37.862976353672,144.905264949024
53305107364,99999 SYMONDS ST QUEENSCLIFF 3225,-38.265728687113,144.663906202619,-38.265728187113,144.66390730261898
53313983951,8 SYMPHONY RD CRAIGIEBURN 3064,-37.609498169091,144.908010431057,-37.609497669091,144.90801153105699
53314071867,11 SYMPHONY RD CRAIGIEBURN 3064,-37.609859932032,144.907504247924,-37.609859432032,144.907505347924
53313840063,1 SYMPHONY RD CRAIGIEBURN 3064,-37.609980254252,144.908381414091,-37.609979754252,144.908382514091
53314080743,12 SYMPHONY RD CRAIGIEBURN 3064,-37.609440627326,144.907628467729,-37.609440127326,144.907629567729
53313952064,16 SYMPHONY RD CRAIGIEBURN 3064,-37.60932164621,144.90729595763,-37.60932114621,144.90729705763
53313980487,7 SYMPHONY RD CRAIGIEBURN 3064,-37.609902093005,144.907880008643,-37.609901593005,144.90788110864298
53313950498,3 SYMPHONY RD CRAIGIEBURN 3064,-37.609941110765,144.908225175416,-37.609940610765,144.90822627541598
53314032973,4 SYMPHONY RD CRAIGIEBURN 3064,-37.609552944829,144.908340594223,-37.609552444829,144.908341694223
53313987457,14 SYMPHONY RD CRAIGIEBURN 3064,-37.609388701436,144.907463679513,-37.609388201436005,144.907464779513
53313059290,22-26 SYNNOT ST WERRIBEE 3030,-37.902073619425,144.662333801247,-37.902073119425005,144.662334901247
53313059201,22-26 SYNNOT ST WERRIBEE 3030,-37.902073619425,144.662333801247,-37.902073119425005,144.662334901247
53313343890,54 SYNNOT ST WERRIBEE 3030,-37.903255963653,144.659999722922,-37.903255463653004,144.660000822922
53313978175,18 TABOR ST CHARLEMONT 3217,-38.2092158814,144.3506354952,-38.2092153814,144.3506365952
53314033758,12 TABOR ST CHARLEMONT 3217,-38.209263155334,144.351024666965,-38.209262655334,144.351025766965
53314041794,6 TABOR ST CHARLEMONT 3217,-38.209309046254,144.351402606979,-38.209308546254,144.351403706979
53314065454,7 TABOR ST CHARLEMONT 3217,-38.209684974612,144.351158945053,-38.209684474612004,144.35116004505298
53314096276,21 TABOR ST CHARLEMONT 3217,-38.209554133103,144.350081535219,-38.209553633103,144.350082635219
53314010650,10 TABOR ST CHARLEMONT 3217,-38.209278913312,144.351154418826,-38.209278413312,144.351155518826
53314145967,13 TABOR ST CHARLEMONT 3217,-38.209632587717,144.350727444678,-38.209632087717004,144.350728544678
53313965842,17 TABOR ST CHARLEMONT 3217,-38.209593863324,144.3504086809,-38.209593363324004,144.35040978089998
53314010642,9 TABOR ST CHARLEMONT 3217,-38.209666827791,144.35100949572,-38.209666327791,144.35101059572
53314020015,11 TABOR ST CHARLEMONT 3217,-38.209649686799,144.350868428289,-38.209649186799,144.350869528289
53314066683,14 TABOR ST CHARLEMONT 3217,-38.209246056252,144.350883683353,-38.209245556252,144.350884783353
53314056552,16 TABOR ST CHARLEMONT 3217,-38.209230298274,144.350753931492,-38.209229798274,144.35075503149199
53313997281,25 TABULA RD TARNEIT 3029,-37.834339536649,144.638579434081,-37.834339036649,144.638580534081
53313829534,15 TABULA RD TARNEIT 3029,-37.834724014548,144.638927199244,-37.834723514548,144.638928299244
53314081206,34 TABULA RD TARNEIT 3029,-37.832694546242,144.637789104431,-37.832694046242004,144.63779020443098
53314062533,36 TABULA RD TARNEIT 3029,-37.83260117184,144.637709643989,-37.83260067184,144.637710743989
53314097448,50 TABULA RD TARNEIT 3029,-37.831955304291,144.637159874959,-37.831954804291,144.637160974959
53314113503,55 TABULA RD TARNEIT 3029,-37.832732097168,144.637226678728,-37.832731597168,144.637227778728
53314090320,49 TABULA RD TARNEIT 3029,-37.833169003871,144.637583077251,-37.833168503871,144.637584177251
53314154827,59 TABULA RD TARNEIT 3029,-37.832552892078,144.637079157232,-37.832552392078,144.637080257232
53313841895,35 TABULA RD TARNEIT 3029,-37.833856068474,144.638167882635,-37.833855568474,144.638168982635
53313829411,23 TABULA RD TARNEIT 3029,-37.834543049258,144.638752604201,-37.834542549258,144.63875370420098
53313829443,19 TABULA RD TARNEIT 3029,-37.834634412003,144.638850923925,-37.834633912003,144.63885202392498
53314070010,46 TABULA RD TARNEIT 3029,-37.832119547684,144.637299685104,-37.832119047684,144.637300785104
53314076237,41 TABULA RD TARNEIT 3029,-37.833564755429,144.637919945939,-37.833564255429,144.63792104593898
53314071024,40 TABULA RD TARNEIT 3029,-37.832397701141,144.637536473869,-37.832397201141,144.637537573869
53314078885,38 TABULA RD TARNEIT 3029,-37.832502265383,144.637625405862,-37.832501765383,144.637626505862
53314209679,53 TABULA RD TARNEIT 3029,-37.832973076884,144.637395741715,-37.832972576884,144.637396841715
53314101680,47 TABULA RD TARNEIT 3029,-37.833262336363,144.637662537693,-37.833261836363,144.63766363769298
53314196135,43 TABULA RD TARNEIT 3029,-37.833465807062,144.637835707812,-37.833465307062,144.637836807812
53314068449,30 TABULA RD TARNEIT 3029,-37.832870189023,144.637941822707,-37.832869689023,144.637942922707
53314059646,32 TABULA RD TARNEIT 3029,-37.83278037693,144.637862194627,-37.832779876930005,144.63786329462698
53313901641,20 TABULA RD TARNEIT 3029,-37.833615130667,144.638641124889,-37.833614630667,144.638642224889
53313897185,29 TABULA RD TARNEIT 3029,-37.83414725579,144.638415735512,-37.83414675579,144.638416835512
53314058499,5 TAEDA RD TARNEIT 3029,-37.813867241058,144.668017767681,-37.813866741058,144.66801886768098
53314081965,4 TAEDA RD TARNEIT 3029,-37.813491815614,144.668231841488,-37.813491315614,144.668232941488
53314053383,6 TAEDA RD TARNEIT 3029,-37.813475219446,144.66809144461,-37.813474719446,144.66809254461
53314058509,3 TAEDA RD TARNEIT 3029,-37.813883837226,144.668158164559,-37.813883337226,144.668159264559
53314049423,36 TAGGERTY CRES MEADOW HEIGHTS 3048,-37.6591011353,144.921809495337,-37.6591006353,144.92181059533698
53314049417,38 TAGGERTY CRES MEADOW HEIGHTS 3048,-37.658769140109,144.921934916905,-37.658768640109,144.921936016905
53314015533,6 TAHINI WALK MANOR LAKES 3024,-37.864776615922,144.580328643592,-37.864776115922,144.580329743592
53314015618,2 TAHINI WALK MANOR LAKES 3024,-37.86483126593,144.580174248936,-37.86483076593,144.580175348936
53314015709,10 TAHINI WALK MANOR LAKES 3024,-37.864728839074,144.580463508414,-37.864728339074,144.580464608414
53314015519,18 TAHINI WALK MANOR LAKES 3024,-37.864633327287,144.580733321878,-37.864632827287004,144.580734421878
53314015723,12 TAHINI WALK MANOR LAKES 3024,-37.864704992559,144.580530982735,-37.864704492559,144.580532082735
53314015525,16 TAHINI WALK MANOR LAKES 3024,-37.864657215711,144.580665847557,-37.864656715711,144.58066694755698
53314015673,22 TAHINI WALK MANOR LAKES 3024,-37.864570421104,144.580883022668,-37.864569921104,144.58088412266798
53314015699,20 TAHINI WALK MANOR LAKES 3024,-37.864609480772,144.580800796198,-37.864608980772005,144.58080189619798
53314015717,14 TAHINI WALK MANOR LAKES 3024,-37.864681104135,144.580598457055,-37.864680604135,144.580599557055
53313603197,4 TAHOE AVE WINTER VALLEY 3358,-37.588383777807,143.794206624755,-37.588383277807004,143.79420772475498
53313615004,16 TAHOE AVE WINTER VALLEY 3358,-37.58749965466,143.794366886743,-37.58749915466,143.794367986743
53313592408,17 TAHOE AVE WINTER VALLEY 3358,-37.587476185331,143.793823655599,-37.587475685331,143.793824755599
53313665056,11 TAHOE AVE WINTER VALLEY 3358,-37.587830656016,143.793757690021,-37.587830156016004,143.793758790021
53313776371,9 TAHOE AVE WINTER VALLEY 3358,-37.587941800052,143.793736819082,-37.587941300052,143.793737919082
53313714753,14 TAHOE AVE WINTER VALLEY 3358,-37.587617713766,143.794345177614,-37.587617213766,143.79434627761398
53313818272,10 TAHOE AVE WINTER VALLEY 3358,-37.58803898822,143.7942702434,-37.58803848822,143.7942713434
53313768922,7 TAHOE AVE WINTER VALLEY 3358,-37.588060068706,143.793714858495,-37.588059568706,143.793715958495
53313845796,15 TAHOE AVE WINTER VALLEY 3358,-37.587594495894,143.793801611193,-37.587593995894004,143.793802711193
53313981108,5 TAHOE AVE WINTER VALLEY 3358,-37.588185084792,143.793691808262,-37.588184584792,143.793692908262
53313963763,12 TAIHU RD WYNDHAM VALE 3024,-37.872793110028,144.617200887118,-37.872792610028,144.617201987118
53313911252,8 TAIHU RD WYNDHAM VALE 3024,-37.872689593524,144.617472293143,-37.872689093524,144.617473393143
53314204241,18 TAIHU RD WYNDHAM VALE 3024,-37.872929357864,144.616843818043,-37.872928857864004,144.616844918043
53314107124,6 TAIHU RD WYNDHAM VALE 3024,-37.872640768938,144.617600284804,-37.872640268938,144.617601384804
53314211248,34 TAIHU RD WYNDHAM VALE 3024,-37.873304322303,144.615810832295,-37.873303822303,144.615811932295
53314204267,26 TAIHU RD WYNDHAM VALE 3024,-37.873110993706,144.616367642123,-37.873110493706,144.616368742123
53314204259,24 TAIHU RD WYNDHAM VALE 3024,-37.873069000371,144.616477696512,-37.873068500371,144.61647879651198
53313972276,4 TAIHU RD WYNDHAM VALE 3024,-37.872591944352,144.617728276466,-37.872591444352004,144.617729376466
53313257174,6 TAIPAN CCT TARNEIT 3029,-37.858018832215,144.64306978725,-37.858018332215,144.64307088725
53313356372,16 TAIPAN CCT TARNEIT 3029,-37.857914100335,144.642371826173,-37.857913600335,144.64237292617298
53313277081,18 TAIPAN CCT TARNEIT 3029,-37.857891427287,144.642232602761,-37.857890927287,144.642233702761
53313253545,10 TAIPAN CCT TARNEIT 3029,-37.857978640989,144.64279025078,-37.857978140989005,144.64279135078
53313353931,20 TAIPAN CCT TARNEIT 3029,-37.857866365396,144.64207946539,-37.857865865396,144.64208056539
53313998529,126 TAIT ST BONSHAW 3352,-37.599727971293,143.823236843489,-37.599727471293,143.823237943489
53314004669,122 TAIT ST BONSHAW 3352,-37.599453924969,143.823288476012,-37.599453424969,143.823289576012
53313965347,128 TAIT ST BONSHAW 3352,-37.600050674565,143.823175907053,-37.600050174565,143.823177007053
53313890869,132 TAIT ST BONSHAW 3352,-37.600288930163,143.823131063871,-37.600288430163005,143.82313216387098
53313797450,110 TAIT ST BONSHAW 3352,-37.59867901802,143.823434572585,-37.59867851802,143.823435672585
53312875836,280 TAIT ST BONSHAW 3352,-37.60284121968,143.822752872399,-37.60284071968,143.822753972399
53313965339,134 TAIT ST BONSHAW 3352,-37.60041382052,143.823107426904,-37.60041332052,143.82310852690398
53314103180,106 TAIT ST BONSHAW 3352,-37.598420687764,143.823483271442,-37.598420187764,143.823484371442
53313922660,108 TAIT ST BONSHAW 3352,-37.598545410483,143.823459802113,-37.598544910483,143.823460902113
53313890876,130 TAIT ST BONSHAW 3352,-37.600177576579,143.823152018629,-37.600177076579,143.823153118629
53313498605,185 TAIT ST SEBASTOPOL 3356,-37.601151972823,143.823799855925,-37.601151472823,143.82380095592498
53313607018,215 TAIT ST SEBASTOPOL 3356,-37.603154744768,143.82343759007,-37.603154244768,143.82343869007
53313636394,187 TAIT ST SEBASTOPOL 3356,-37.601294297539,143.823744367726,-37.601293797539,143.82374546772598
53313571122,207 TAIT ST SEBASTOPOL 3356,-37.602655728163,143.823529539548,-37.602655228163,143.82353063954798
53313646964,183 TAIT ST SEBASTOPOL 3356,-37.601016730816,143.823811171494,-37.601016230816,143.82381227149398
53312856273,7B TAITS RD BARWON HEADS 3227,-38.268426274074,144.498844474786,-38.268425774074004,144.498845574786
53306859597,42 TAITS RD WARRNAMBOOL 3280,-38.372863278898,142.509945166535,-38.372862778898,142.509946266535
53313360581,11 TAKEOFF ST DIGGERS REST 3427,-37.619788547801,144.697699847025,-37.619788047801,144.697700947025
53313394323,8 TAKEOFF ST DIGGERS REST 3427,-37.619834019625,144.698183734295,-37.619833519625004,144.69818483429498
53313274666,3 TAKEOFF ST DIGGERS REST 3427,-37.620178934941,144.697624828991,-37.620178434941,144.697625928991
53313185403,9 TAKEOFF ST DIGGERS REST 3427,-37.61991327052,144.697675874782,-37.61991277052,144.69767697478198
53313305967,4 TAKEOFF ST DIGGERS REST 3427,-37.620074035423,144.698137633828,-37.620073535423,144.698138733828
53304125325,68 TALBOT ST ALTONA MEADOWS 3028,-37.871158135995,144.78532602302,-37.871157635995004,144.78532712301998
53300461451,30 TALBOT ST COLAC 3250,-38.347345790056,143.596731919607,-38.347345290056005,143.596733019607
53313703145,21 TALBOT ST KEILOR EAST 3033,-37.745642111518,144.874908116122,-37.745641611518,144.87490921612198
53302817525,5 TALBOT ST N BALLARAT CENTRAL 3350,-37.559463403914,143.842618821116,-37.559462903914,143.84261992111598
53302990969,16 TALBOT ST N BALLARAT CENTRAL 3350,-37.558980061467,143.843628253715,-37.558979561467,143.843629353715
53303058097,18B TALBOT ST N BALLARAT CENTRAL 3350,-37.558876042049,143.843804944234,-37.558875542049,143.843806044234
53303215985,17 TALBOT ST N BALLARAT CENTRAL 3350,-37.55883962268,143.842734072284,-37.55883912268,143.842735172284
53303244851,19 TALBOT ST N BALLARAT CENTRAL 3350,-37.558711086194,143.84275779307,-37.558710586194,143.84275889307
53305965941,23 TALBOT ST N BALLARAT CENTRAL 3350,-37.55850715449,143.8428019657,-37.55850665449,143.8428030657
53302800945,18A TALBOT ST N BALLARAT CENTRAL 3350,-37.558788367342,143.843644849883,-37.558787867342,143.84364594988298
53302827418,21 TALBOT ST N BALLARAT CENTRAL 3350,-37.558602247182,143.842777909638,-37.558601747182,143.84277900963798
53302793065,12 TALBOT ST N BALLARAT CENTRAL 3350,-37.559244929608,143.8435793034,-37.559244429608,143.84358040339998
53302794252,8 TALBOT ST N BALLARAT CENTRAL 3350,-37.559436414186,143.843543931769,-37.559435914186004,143.843545031769
53303143008,22 TALBOT ST N BALLARAT CENTRAL 3350,-37.558624207768,143.843694051655,-37.558623707768,143.843695151655
53302965985,13 TALBOT ST N BALLARAT CENTRAL 3350,-37.559135126676,143.842679422275,-37.559134626676,143.842680522275
53302924611,14 TALBOT ST N BALLARAT CENTRAL 3350,-37.559068867731,143.843611909004,-37.559068367731,143.843613009004
53303274485,11 TALBOT ST N BALLARAT CENTRAL 3350,-37.559238601271,143.842660311536,-37.559238101271,143.842661411536
53313697461,2 TALE LANE FRASER RISE 3336,-37.690303319921,144.722303582692,-37.690302819921,144.722304682692
53314088407,15 TALENCE ST GREENVALE 3059,-37.633675475434,144.886755600985,-37.633674975434005,144.886756700985
53314139521,12 TALENCE ST GREENVALE 3059,-37.634090212003,144.886543706472,-37.634089712003004,144.886544806472
53314080834,2 TALENCE ST GREENVALE 3059,-37.633982211181,144.885470319952,-37.633981711181,144.88547141995198
53314099295,17 TALENCE ST GREENVALE 3059,-37.633690185674,144.88686163206,-37.633689685674,144.88686273206
53314084545,13 TALENCE ST GREENVALE 3059,-37.63365766389,144.886626938771,-37.63365716389,144.886628038771
53314176227,19 TALENCE ST GREENVALE 3059,-37.633706404657,144.886978811066,-37.633705904657,144.886979911066
53314003415,3 TALENCE ST GREENVALE 3059,-37.633614580908,144.885733511711,-37.633614080908,144.885734611711
53314150760,11 TALENCE ST GREENVALE 3059,-37.633635829032,144.886464078392,-37.633635329032,144.886465178392
53304597877,76 TALINTYRE RD SUNSHINE WEST 3020,-37.797842634748,144.80948803239,-37.797842134748,144.80948913238998
53312072534,76 TALINTYRE RD SUNSHINE WEST 3020,-37.797842634748,144.80948803239,-37.797842134748,144.80948913238998
53313651909,30 TALLENT ST WARRNAMBOOL 3280,-38.374097975145,142.517330126146,-38.374097475145,142.51733122614598
53312906327,3 TALLINN ST BELL PARK 3215,-38.113739466348,144.339729884798,-38.113738966348,144.339730984798
53313362437,13A TALLIS CCT TRUGANINA 3029,-37.837894469424,144.743284492168,-37.837893969424,144.74328559216798
53313010180,34 TALLIS ST NORLANE 3214,-38.091556005223,144.365061337298,-38.091555505223,144.36506243729798
53313669725,34 TALOUMBI CRES GREENVALE 3059,-37.631922442295,144.8805092391,-37.631921942295,144.8805103391
53314092878,25 TALOUMBI CRES GREENVALE 3059,-37.631540311329,144.880910732262,-37.631539811329,144.880911832262
53313894811,27A TALOUMBI CRES GREENVALE 3059,-37.631566546686,144.881119357832,-37.631566046686004,144.881120457832
53313675252,15A TALOUMBI CRES GREENVALE 3059,-37.631426485084,144.880004313253,-37.631425985084,144.880005413253
53313718060,19 TALOUMBI CRES GREENVALE 3059,-37.631471328266,144.880361801423,-37.631470828266,144.88036290142298
53313845333,36 TALOUMBI CRES GREENVALE 3059,-37.631937906906,144.880632285439,-37.631937406906005,144.88063338543898
53313733182,42 TALOUMBI CRES GREENVALE 3059,-37.631985013202,144.881007207968,-37.631984513202,144.881008307968
53313704706,38 TALOUMBI CRES GREENVALE 3059,-37.631953371517,144.880755415596,-37.631952871517,144.880756515596
53314123376,17 TALOUMBI CRES GREENVALE 3059,-37.63145452255,144.880228193887,-37.63145402255,144.880229293887
53313953006,24 TALOUMBI CRES GREENVALE 3059,-37.6318440715,144.879885374047,-37.6318435715,144.879886474047
53313894827,27 TALOUMBI CRES GREENVALE 3059,-37.631561056539,144.881075771936,-37.631560556539,144.881076871936
53312923453,22 TAMARIND PL AINTREE 3336,-37.723041818348,144.659635864505,-37.723041318348,144.65963696450498
53313995022,4 TAMICHAEL WAY FRASER RISE 3336,-37.703255832988,144.721811062061,-37.703255332988,144.72181216206098
53314095732,2 TAMICHAEL WAY FRASER RISE 3336,-37.703131319817,144.721836459228,-37.703130819817,144.721837559228
53314115580,6 TAMICHAEL WAY FRASER RISE 3336,-37.703389230977,144.721783904695,-37.703388730977004,144.721785004695
53314016978,8 TAMICHAEL WAY FRASER RISE 3336,-37.703531513784,144.72175490331,-37.703531013784,144.72175600331
53313561643,17 TAMWORTH DR ROCKBANK 3335,-37.739081763541,144.648481814493,-37.739081263541,144.648482914493
53313561973,36 TAMWORTH DR ROCKBANK 3335,-37.738642216538,144.647677319426,-37.738641716538,144.647678419426
53313701712,19 TAMWORTH DR ROCKBANK 3335,-37.739073675004,144.648340160329,-37.739073175004,144.648341260329
53313764658,35 TAMWORTH DR ROCKBANK 3335,-37.740063996865,144.648384835873,-37.740063496865,144.648385935873
53313645405,14 TAMWORTH DR ROCKBANK 3335,-37.738660740544,144.649364847992,-37.738660240544,144.64936594799198
53313787139,37 TAMWORTH DR ROCKBANK 3335,-37.74009039986,144.648607123945,-37.74008989986,144.648608223945
53313700639,24 TAMWORTH DR ROCKBANK 3335,-37.738652400551,144.648531183902,-37.738651900551,144.648532283902
53313534086,27 TAMWORTH DR ROCKBANK 3335,-37.739198020538,144.648011589725,-37.739197520538,144.648012689725
53313561669,34 TAMWORTH DR ROCKBANK 3335,-37.73864552739,144.64784487367,-37.73864502739,144.64784597367
53313554547,40 TAMWORTH DR ROCKBANK 3335,-37.740501699848,144.648698821966,-37.740501199848,144.648699921966
53313508346,4 TAMWORTH DR ROCKBANK 3335,-37.738673103852,144.650043195416,-37.738672603852,144.650044295416
53313610500,10 TAMWORTH DR ROCKBANK 3335,-37.738663129387,144.649603061681,-37.738662629387,144.649604161681
53313683461,6 TAMWORTH DR ROCKBANK 3335,-37.738666817424,144.649895757739,-37.738666317424,144.64989685773898
53313705167,18 TAMWORTH DR ROCKBANK 3335,-37.738658351702,144.649126634304,-37.738657851702,144.649127734304
53313613625,22 TAMWORTH DR ROCKBANK 3335,-37.738655627583,144.648854641546,-37.738655127583,144.648855741546
53313640744,9 TAMWORTH DR ROCKBANK 3335,-37.739045679448,144.64959702671,-37.739045179448,144.64959812671
53313640968,5 TAMWORTH DR ROCKBANK 3335,-37.739060096321,144.64984546632,-37.739059596321,144.64984656631998
53313704324,3 TAMWORTH DR ROCKBANK 3335,-37.739070531791,144.649975553458,-37.739070031791,144.649976653458
53313530572,29 TAMWORTH DR ROCKBANK 3335,-37.739303674427,144.648060120944,-37.739303174427,144.648061220944
53313938525,38 TAMWORTH DR ROCKBANK 3335,-37.740479236348,144.64848466434,-37.740478736348,144.64848576434
53313217195,11 TANBAR ST FRASER RISE 3336,-37.692695347449,144.720771873705,-37.692694847449005,144.72077297370498
53313468721,13 TANBAR ST FRASER RISE 3336,-37.692576911157,144.720790481531,-37.692576411157,144.720791581531
53313373699,12 TANBAR ST FRASER RISE 3336,-37.692407470985,144.721302615815,-37.692406970985004,144.721303715815
53313300323,4 TANBAR ST FRASER RISE 3336,-37.692925011596,144.721221395173,-37.692924511596004,144.72122249517298
53313245245,15 TANBAR ST FRASER RISE 3336,-37.692465138478,144.720807999708,-37.692464638478,144.720809099708
53313344469,10 TANBAR ST FRASER RISE 3336,-37.692525949186,144.721284007989,-37.692525449186,144.721285107989
53313327745,17 TANBAR ST FRASER RISE 3336,-37.692353407709,144.720825517886,-37.692352907709,144.720826617886
53313867690,18 TANBY DR HUNTLY 3551,-36.657175834597,144.348089073015,-36.657175334597,144.34809017301498
53313928064,9 TANBY DR HUNTLY 3551,-36.657868682713,144.347910706116,-36.657868182713,144.347911806116
53313950201,13 TANBY DR HUNTLY 3551,-36.657628080183,144.347728818817,-36.657627580183004,144.34772991881698
53313795125,4 TANBY DR HUNTLY 3551,-36.658401017384,144.34850850345,-36.658400517384,144.34850960345
53313801288,14 TANBY DR HUNTLY 3551,-36.657389321671,144.348255705251,-36.657388821671,144.348256805251
53313934186,22 TANBY DR HUNTLY 3551,-36.656968005307,144.34792679937,-36.656967505307,144.34792789936998
53313976030,12 TANBY DR HUNTLY 3551,-36.657497867317,144.348335500969,-36.657497367317,144.348336600969
53305133442,8 TANDERRA CT CLIFTON SPRINGS 3222,-38.14712244931,144.582227899033,-38.14712194931,144.582228999033
53314221065,3 TANE ST WYNDHAM VALE 3024,-37.873938874283,144.617114721153,-37.873938374283,144.617115821153
53313374671,2 TANE ST WYNDHAM VALE 3024,-37.873878063575,144.617708662812,-37.873877563575,144.61770976281198
53314205554,13 TANE ST WYNDHAM VALE 3024,-37.873478288703,144.616747174699,-37.873477788703,144.61674827469898
53314204233,15 TANE ST WYNDHAM VALE 3024,-37.873386087768,144.61663284554,-37.873385587768,144.61663394554
53314192439,6 TANE ST WYNDHAM VALE 3024,-37.873673628957,144.617521662553,-37.873673128957,144.617522762553
53302291310,1 TANGERINE ST GROVEDALE 3216,-38.194781196394,144.332340566596,-38.194780696394,144.332341666596
53302291383,9 TANGERINE ST GROVEDALE 3216,-38.194783794784,144.331894649347,-38.194783294784,144.33189574934698
53302295284,8 TANGERINE ST GROVEDALE 3216,-38.194488374607,144.332150129756,-38.194487874607,144.332151229756
53302295566,6 TANGERINE ST GROVEDALE 3216,-38.194490637721,144.332272756999,-38.194490137721004,144.332273856999
53302295276,4 TANGERINE ST GROVEDALE 3216,-38.194461133422,144.33238867872,-38.194460633422004,144.33238977872
53302220160,16 TANGERINE ST GROVEDALE 3216,-38.194466875025,144.331619052371,-38.194466375025,144.331620152371
53302291425,5 TANGERINE ST GROVEDALE 3216,-38.194793475883,144.332125235504,-38.194792975883004,144.332126335504
53302650904,17 TANGERINE ST GROVEDALE 3216,-38.194720595234,144.33125896581,-38.194720095234004,144.33126006581
53302648046,12 TANGERINE ST GROVEDALE 3216,-38.1944975947,144.331870341828,-38.194497094700004,144.33187144182799
53302750264,13 TANGERINE ST GROVEDALE 3216,-38.194712925793,144.33152911455,-38.194712425793,144.33153021454999
53314202542,53 TANGLEWOOD BVD TRUGANINA 3029,-37.826639836573,144.71623961102,-37.826639336573,144.71624071102
53313515756,69 TANGLEWOOD BVD TRUGANINA 3029,-37.826586821036,144.713878680353,-37.826586321036004,144.71387978035298
53313804159,79 TANGLEWOOD BVD TRUGANINA 3029,-37.826514024207,144.713017272164,-37.826513524207,144.713018372164
53314209778,49 TANGLEWOOD BVD TRUGANINA 3029,-37.826586360031,144.716358047312,-37.826585860031,144.716359147312
53314202534,55 TANGLEWOOD BVD TRUGANINA 3029,-37.826665317559,144.716179512775,-37.826664817559,144.716180612775
53314202568,45 TANGLEWOOD BVD TRUGANINA 3029,-37.826542899863,144.716454271561,-37.826542399863,144.71645537156098
53314204093,61 TANGLEWOOD BVD TRUGANINA 3029,-37.826702784666,144.715888409277,-37.826702284666,144.715889509277
53314204103,63 TANGLEWOOD BVD TRUGANINA 3029,-37.826729564847,144.715787239706,-37.826729064847,144.715788339706
53313957822,74 TANGLEWOOD BVD TRUGANINA 3029,-37.825994513848,144.712727174495,-37.825994013848,144.712728274495
53314202393,65 TANGLEWOOD BVD TRUGANINA 3029,-37.826728642837,144.71568305265,-37.826728142837,144.71568415265
53314202526,57 TANGLEWOOD BVD TRUGANINA 3029,-37.826687361964,144.716116899958,-37.826686861964,144.716117999958
53314202550,51 TANGLEWOOD BVD TRUGANINA 3029,-37.826613056393,144.716298871076,-37.826612556393,144.71629997107598
53314202583,41 TANGLEWOOD BVD TRUGANINA 3029,-37.826499104419,144.716560134998,-37.826498604419,144.71656123499798
53313838130,87 TANNINBRAE DR SUNBURY 3429,-37.590106426547,144.75331151148,-37.590105926547004,144.75331261148
53313635513,57 TANNINBRAE DR SUNBURY 3429,-37.589235798264,144.750183469034,-37.589235298264,144.750184569034
53313675600,67 TANNINBRAE DR SUNBURY 3429,-37.589793362464,144.751353415079,-37.589792862464,144.751354515079
53314202155,41 TANNINBRAE DR SUNBURY 3429,-37.588136469754,144.749416105798,-37.588135969754,144.74941720579798
53313788708,81 TANNINBRAE DR SUNBURY 3429,-37.58998241629,144.752793677502,-37.58998191629,144.752794777502
53313705975,79 TANNINBRAE DR SUNBURY 3429,-37.58992789201,144.752632158228,-37.589927392010004,144.752633258228
53313656228,63 TANNINBRAE DR SUNBURY 3429,-37.589697389672,144.750781769283,-37.589696889672,144.750782869283
53313878656,85 TANNINBRAE DR SUNBURY 3429,-37.590085052694,144.753132390209,-37.590084552694,144.753133490209
53313760335,59 TANNINBRAE DR SUNBURY 3429,-37.589553681942,144.750404835097,-37.589553181942,144.75040593509698
53314117066,43 TANNINBRAE DR SUNBURY 3429,-37.588207590202,144.749547031126,-37.588207090202005,144.749548131126
53314202633,49 TANNINBRAE DR SUNBURY 3429,-37.58841382693,144.749944417155,-37.58841332693,144.749945517155
53313832415,35 TANNUM CCT TRUGANINA 3029,-37.817146115851,144.720191929825,-37.817145615851004,144.720193029825
53313777873,65 TANNUM CCT TRUGANINA 3029,-37.816032496195,144.721196333282,-37.816031996195,144.721197433282
53313807382,39 TANNUM CCT TRUGANINA 3029,-37.817184253511,144.720644971691,-37.817183753511,144.720646071691
53314064662,57 TANNUM CCT TRUGANINA 3029,-37.816531973806,144.721129529514,-37.816531473806,144.721130629514
53313832371,29 TANNUM CCT TRUGANINA 3029,-37.817121389237,144.719898311756,-37.817120889237,144.719899411756
53313832407,33 TANNUM CCT TRUGANINA 3029,-37.81713756631,144.720090341158,-37.81713706631,144.720091441158
53313832439,37 TANNUM CCT TRUGANINA 3029,-37.81715659323,144.72031614963,-37.817156093230004,144.72031724963
53314057285,55 TANNUM CCT TRUGANINA 3029,-37.81667530435,144.721110334956,-37.81667480435,144.721111434956
53313948938,69 TANNUM CCT TRUGANINA 3029,-37.815810794856,144.7212259214,-37.815810294856,144.72122702139998
53314013711,75 TANNUM CCT TRUGANINA 3029,-37.815522666935,144.721247295254,-37.815522166935004,144.72124839525398
53313970653,2 TANNUM CCT TRUGANINA 3029,-37.815574006092,144.719602765851,-37.815573506092,144.71960386585098
53313937279,73 TANNUM CCT TRUGANINA 3029,-37.815532850947,144.721368329935,-37.815532350947,144.72136942993498
53313807367,41 TANNUM CCT TRUGANINA 3029,-37.817195443351,144.720778076314,-37.817194943351,144.72077917631398
53314009931,79 TANNUM CCT TRUGANINA 3029,-37.815506531771,144.721055349671,-37.815506031771,144.72105644967098
53314021144,49 TANNUM CCT TRUGANINA 3029,-37.81706053662,144.721058786251,-37.81706003662,144.721059886251
53313736573,53 TANNUM CCT TRUGANINA 3029,-37.816802960735,144.721093235873,-37.816802460735,144.721094335873
53313749674,63 TANNUM CCT TRUGANINA 3029,-37.816144520331,144.721181329676,-37.816144020331,144.721182429676
53313935077,4 TANNUM CCT TRUGANINA 3029,-37.815674337473,144.719589270986,-37.815673837473,144.719590370986
53314192371,81 TANNUM CCT TRUGANINA 3029,-37.815497730773,144.720950827338,-37.815497230773,144.72095192733798
53314009949,77 TANNUM CCT TRUGANINA 3029,-37.815514578398,144.721151322462,-37.815514078398,144.72115242246198
53313937295,83 TANNUM CCT TRUGANINA 3029,-37.815486834299,144.720821578391,-37.815486334299,144.720822678391
53313928997,71 TANNUM CCT TRUGANINA 3029,-37.815685359675,144.721242685207,-37.815684859675,144.72124378520698
53314190971,6 TANSY RISE THORNHILL PARK 3335,-37.730734603354,144.632432146292,-37.730734103354,144.63243324629198
53313199674,40 TANZANITE CCT CRAIGIEBURN 3064,-37.588752455818,144.910597170196,-37.588751955818005,144.910598270196
53313199740,42 TANZANITE CCT CRAIGIEBURN 3064,-37.588744157734,144.910518547944,-37.588743657734,144.910519647944
53313199809,56 TANZANITE CCT CRAIGIEBURN 3064,-37.588678024518,144.909893090329,-37.588677524518005,144.909894190329
53313260245,7 TANZANITE CCT CRAIGIEBURN 3064,-37.589163546259,144.909834668464,-37.589163046259,144.90983576846398
53313199690,62 TANZANITE CCT CRAIGIEBURN 3064,-37.588647095295,144.909600645727,-37.588646595295,144.909601745727
53313199724,50 TANZANITE CCT CRAIGIEBURN 3064,-37.588706481079,144.910162484697,-37.588705981079,144.910163584697
53313199766,38 TANZANITE CCT CRAIGIEBURN 3064,-37.588763478021,144.910701273433,-37.588762978021,144.910702373433
53313199799,58 TANZANITE CCT CRAIGIEBURN 3064,-37.588668511058,144.909803320146,-37.588668011058004,144.909804420146
53313204887,39 TANZANITE CCT CRAIGIEBURN 3064,-37.588939036983,144.90968873953,-37.588938536983,144.90968983953
53313204913,23 TANZANITE CCT CRAIGIEBURN 3064,-37.588997207391,144.910238927654,-37.588996707391004,144.910240027654
53313260229,11 TANZANITE CCT CRAIGIEBURN 3064,-37.589177795495,144.909969281829,-37.589177295495,144.909970381829
53313260261,1 TANZANITE CCT CRAIGIEBURN 3064,-37.589141627582,144.909627383998,-37.589141127582,144.90962848399798
53313260294,13 TANZANITE CCT CRAIGIEBURN 3064,-37.589184878203,144.91003667233,-37.589184378203,144.91003777232999
53313058623,20 TAO CCT GREENVALE 3059,-37.642465451566,144.873158310015,-37.642464951566,144.87315941001498
53313119070,27 TAO CCT GREENVALE 3059,-37.642078710553,144.873322930594,-37.642078210553,144.87332403059398
53313351565,35 TAO CCT GREENVALE 3059,-37.642408496534,144.873708581959,-37.642407996534004,144.87370968195899
53313131588,19 TAO CCT GREENVALE 3059,-37.641990155746,144.87260644551,-37.641989655746,144.87260754551
53313444631,31 TAO CCT GREENVALE 3059,-37.642186082733,144.873753089865,-37.642185582733,144.873754189865
53313073961,18 TAO CCT GREENVALE 3059,-37.64235426562,144.873180605878,-37.64235376562,144.87318170587798
53313042801,39 TAO CCT GREENVALE 3059,-37.642619846222,144.873666253348,-37.642619346222,144.873667353348
53313086237,13 TAO CCT GREENVALE 3059,-37.641962579285,144.871988196332,-37.641962079285,144.871989296332
53313183968,12 TAO CCT GREENVALE 3059,-37.642389972528,144.872760421072,-37.642389472528,144.872761521072
53313145803,4 TAO CCT GREENVALE 3059,-37.642557610591,144.872355491329,-37.642557110591,144.87235659132898
53313193321,17 TAO CCT GREENVALE 3059,-37.641967440789,144.872427408058,-37.641966940789004,144.872428508058
53313209597,6 TAO CCT GREENVALE 3059,-37.642415285875,144.8723839898,-37.642414785875005,144.8723850898
53313102003,14 TAO CCT GREENVALE 3059,-37.642409837638,144.872917078842,-37.642409337638,144.87291817884199
53313109575,7 TAO CCT GREENVALE 3059,-37.642296220941,144.871921392564,-37.642295720941,144.87192249256398
53313356497,23 TAO CCT GREENVALE 3059,-37.642035459933,144.872964520414,-37.642034959933,144.872965620414
53313243415,1 TAO CCT GREENVALE 3059,-37.64263216762,144.871854085881,-37.64263166762,144.871855185881
53314027643,5 TAPE WALK TARNEIT 3029,-37.811359836632,144.700726803718,-37.811359336632,144.700727903718
53314027635,3 TAPE WALK TARNEIT 3029,-37.811306108633,144.700734347431,-37.811305608633,144.700735447431
53314027669,9 TAPE WALK TARNEIT 3029,-37.81146733454,144.700711883931,-37.81146683454,144.700712983931
53314027692,15 TAPE WALK TARNEIT 3029,-37.811638702551,144.700687995507,-37.811638202551,144.700689095507
53314027627,1 TAPE WALK TARNEIT 3029,-37.811241190793,144.700743316068,-37.811240690793,144.700744416068
53314027651,7 TAPE WALK TARNEIT 3029,-37.811413606541,144.700719343825,-37.811413106541,144.700720443825
53314027684,13 TAPE WALK TARNEIT 3029,-37.811574790539,144.700696964143,-37.811574290539,144.70069806414298
53314179543,16 TARA CRES WYNDHAM VALE 3024,-37.870738873198,144.613375554147,-37.870738373198,144.613376654147
53313586771,4 TARA CRES WYNDHAM VALE 3024,-37.870392616778,144.613608403417,-37.870392116778,144.613609503417
53313998693,12 TARA CRES WYNDHAM VALE 3024,-37.870626094691,144.61367135151,-37.870625594691,144.61367245150998
53313700332,14 TARA CRES WYNDHAM VALE 3024,-37.870676763296,144.613542102563,-37.870676263296,144.613543202563
53313749229,9 TARA CRES WYNDHAM VALE 3024,-37.870549819372,144.61423143028,-37.870549319372,144.61423253028
53312838726,66B TARELLA DR KEILOR DOWNS 3038,-37.721268878189,144.814709706611,-37.721268378189,144.814710806611
53313717532,19 TARNAGULLA ST EYNESBURY 3338,-37.787708536623,144.547646094369,-37.787708036623,144.54764719436898
53313729198,8 TARNAGULLA ST EYNESBURY 3338,-37.787315341545,144.547159776346,-37.787314841545005,144.547160876346
53313702205,9 TARNAGULLA ST EYNESBURY 3338,-37.787122641591,144.547640227036,-37.787122141591,144.547641327036
53313709679,15 TARNAGULLA ST EYNESBURY 3338,-37.787474346248,144.547650536777,-37.787473846248,144.547651636777
53313709737,12 TARNAGULLA ST EYNESBURY 3338,-37.787605816399,144.54715424429,-37.787605316399,144.54715534429
53313810982,17 TARNALA RD TARNEIT 3029,-37.813706685702,144.658640178227,-37.813706185702,144.65864127822698
53313675228,14 TARNALA RD TARNEIT 3029,-37.814080267127,144.658371957326,-37.814079767127,144.658373057326
53313799489,5 TARNALA RD TARNEIT 3029,-37.81360995854,144.657823110306,-37.81360945854,144.657824210306
53313687420,7 TARNALA RD TARNEIT 3029,-37.813628901641,144.657983120837,-37.813628401641004,144.657984220837
53313648646,25 TARNALA RD TARNEIT 3029,-37.813773196104,144.659201681921,-37.813772696104,144.65920278192098
53313695664,12 TARNALA RD TARNEIT 3029,-37.814060988749,144.658209096947,-37.814060488749,144.65821019694698
53313695697,23 TARNALA RD TARNEIT 3029,-37.813756558026,144.659061285043,-37.813756058026,144.659062385043
53314208424,30 TARNALA RD TARNEIT 3029,-37.814250000666,144.660284456173,-37.814249500666,144.660285556173
53312950283,617 TARNEIT RD HOPPERS CROSSING 3029,-37.854380750961,144.668867525025,-37.854380250961,144.668868625025
53312950374,617 TARNEIT RD HOPPERS CROSSING 3029,-37.854380750961,144.668867525025,-37.854380250961,144.668868625025
53312689872,617 TARNEIT RD HOPPERS CROSSING 3029,-37.854380750961,144.668867525025,-37.854380250961,144.668868625025
53312689930,617 TARNEIT RD HOPPERS CROSSING 3029,-37.854380750961,144.668867525025,-37.854380250961,144.668868625025
53312689964,617 TARNEIT RD HOPPERS CROSSING 3029,-37.854380750961,144.668867525025,-37.854380250961,144.668868625025
53312950275,617 TARNEIT RD HOPPERS CROSSING 3029,-37.854380750961,144.668867525025,-37.854380250961,144.668868625025
53312950301,617 TARNEIT RD HOPPERS CROSSING 3029,-37.854380750961,144.668867525025,-37.854380250961,144.668868625025
53312950333,617 TARNEIT RD HOPPERS CROSSING 3029,-37.854380750961,144.668867525025,-37.854380250961,144.668868625025
53313721378,722 TARNEIT RD TARNEIT 3029,-37.845221510085,144.669367254092,-37.845221010085,144.669368354092
53303950087,82 TARNEIT RD WERRIBEE 3030,-37.891596023874,144.660345392609,-37.891595523874,144.660346492609
53304084737,80 TARNEIT RD WERRIBEE 3030,-37.891706664996,144.660448657656,-37.891706164996,144.66044975765598
53304068145,86 TARNEIT RD WERRIBEE 3030,-37.891368329474,144.660132240811,-37.891367829474,144.660133340811
53304236163,84 TARNEIT RD WERRIBEE 3030,-37.891482742453,144.660239612991,-37.891482242453,144.660240712991
53303879739,76 TARNEIT RD WERRIBEE 3030,-37.891927444326,144.660655020112,-37.891926944326,144.66065612011198
53303961638,78 TARNEIT RD WERRIBEE 3030,-37.891816803204,144.660551671246,-37.891816303204,144.660552771246
53303969498,1 TARNEIT RD WERRIBEE 3030,-37.895667991791,144.664569723225,-37.895667491791,144.66457082322498
53304242466,68 TARNEIT RD WERRIBEE 3030,-37.892368751528,144.661067409749,-37.892368251528,144.661068509749
53304109634,66 TARNEIT RD WERRIBEE 3030,-37.89247935074,144.66117117771,-37.89247885074,144.66117227771
53304167756,72 TARNEIT RD WERRIBEE 3030,-37.89214784647,144.660861047293,-37.892147346470004,144.660862147293
53307846166,7 TARONGA RD TRUGANINA 3029,-37.843650154697,144.711256569583,-37.843649654697,144.711257669583
53308217944,9 TARONGA RD TRUGANINA 3029,-37.843650154697,144.711256569583,-37.843649654697,144.711257669583
53308217985,9 TARONGA RD TRUGANINA 3029,-37.843650154697,144.711256569583,-37.843649654697,144.711257669583
53308441933,9 TARONGA RD TRUGANINA 3029,-37.843650154697,144.711256569583,-37.843649654697,144.711257669583
53308441967,9 TARONGA RD TRUGANINA 3029,-37.843650154697,144.711256569583,-37.843649654697,144.711257669583
53308267229,9 TARONGA RD TRUGANINA 3029,-37.843650154697,144.711256569583,-37.843649654697,144.711257669583
53308107460,9 TARONGA RD TRUGANINA 3029,-37.843650154697,144.711256569583,-37.843649654697,144.711257669583
53308134167,9 TARONGA RD TRUGANINA 3029,-37.843650154697,144.711256569583,-37.843649654697,144.711257669583
53308739342,9 TARONGA RD TRUGANINA 3029,-37.843650154697,144.711256569583,-37.843649654697,144.711257669583
53308740558,9 TARONGA RD TRUGANINA 3029,-37.843650154697,144.711256569583,-37.843649654697,144.711257669583
53308137572,9 TARONGA RD TRUGANINA 3029,-37.843650154697,144.711256569583,-37.843649654697,144.711257669583
53308137608,9 TARONGA RD TRUGANINA 3029,-37.843650154697,144.711256569583,-37.843649654697,144.711257669583
53309144999,9 TARONGA RD TRUGANINA 3029,-37.843650154697,144.711256569583,-37.843649654697,144.711257669583
53309145030,9 TARONGA RD TRUGANINA 3029,-37.843650154697,144.711256569583,-37.843649654697,144.711257669583
53308461412,9 TARONGA RD TRUGANINA 3029,-37.843650154697,144.711256569583,-37.843649654697,144.711257669583
53308085204,9 TARONGA RD TRUGANINA 3029,-37.843650154697,144.711256569583,-37.843649654697,144.711257669583
53308712004,9 TARONGA RD TRUGANINA 3029,-37.843650154697,144.711256569583,-37.843649654697,144.711257669583
53308280588,9 TARONGA RD TRUGANINA 3029,-37.843650154697,144.711256569583,-37.843649654697,144.711257669583
53308280614,9 TARONGA RD TRUGANINA 3029,-37.843650154697,144.711256569583,-37.843649654697,144.711257669583
53308095847,9 TARONGA RD TRUGANINA 3029,-37.843650154697,144.711256569583,-37.843649654697,144.711257669583
53311663648,9 TARONGA RD TRUGANINA 3029,-37.843650154697,144.711256569583,-37.843649654697,144.711257669583
53309539362,9 TARONGA RD TRUGANINA 3029,-37.843650154697,144.711256569583,-37.843649654697,144.711257669583
53309539577,9 TARONGA RD TRUGANINA 3029,-37.843650154697,144.711256569583,-37.843649654697,144.711257669583
53309539603,9 TARONGA RD TRUGANINA 3029,-37.843650154697,144.711256569583,-37.843649654697,144.711257669583
53309060577,9 TARONGA RD TRUGANINA 3029,-37.843650154697,144.711256569583,-37.843649654697,144.711257669583
53309060958,9 TARONGA RD TRUGANINA 3029,-37.843650154697,144.711256569583,-37.843649654697,144.711257669583
53309069972,9 TARONGA RD TRUGANINA 3029,-37.843650154697,144.711256569583,-37.843649654697,144.711257669583
53308557547,9 TARONGA RD TRUGANINA 3029,-37.843650154697,144.711256569583,-37.843649654697,144.711257669583
53309315599,9 TARONGA RD TRUGANINA 3029,-37.843650154697,144.711256569583,-37.843649654697,144.711257669583
53308786550,9 TARONGA RD TRUGANINA 3029,-37.843650154697,144.711256569583,-37.843649654697,144.711257669583
53311222858,9 TARONGA RD TRUGANINA 3029,-37.843650154697,144.711256569583,-37.843649654697,144.711257669583
53311021220,9 TARONGA RD TRUGANINA 3029,-37.843650154697,144.711256569583,-37.843649654697,144.711257669583
53311021460,9 TARONGA RD TRUGANINA 3029,-37.843650154697,144.711256569583,-37.843649654697,144.711257669583
53308838153,9 TARONGA RD TRUGANINA 3029,-37.843650154697,144.711256569583,-37.843649654697,144.711257669583
53308838251,9 TARONGA RD TRUGANINA 3029,-37.843650154697,144.711256569583,-37.843649654697,144.711257669583
53309439876,9 TARONGA RD TRUGANINA 3029,-37.843650154697,144.711256569583,-37.843649654697,144.711257669583
53309439902,9 TARONGA RD TRUGANINA 3029,-37.843650154697,144.711256569583,-37.843649654697,144.711257669583
53309209180,9 TARONGA RD TRUGANINA 3029,-37.843650154697,144.711256569583,-37.843649654697,144.711257669583
53308876450,9 TARONGA RD TRUGANINA 3029,-37.843650154697,144.711256569583,-37.843649654697,144.711257669583
53308876483,9 TARONGA RD TRUGANINA 3029,-37.843650154697,144.711256569583,-37.843649654697,144.711257669583
53309700768,9 TARONGA RD TRUGANINA 3029,-37.843650154697,144.711256569583,-37.843649654697,144.711257669583
53311375807,9 TARONGA RD TRUGANINA 3029,-37.843650154697,144.711256569583,-37.843649654697,144.711257669583
53311375962,9 TARONGA RD TRUGANINA 3029,-37.843650154697,144.711256569583,-37.843649654697,144.711257669583
53311376004,9 TARONGA RD TRUGANINA 3029,-37.843650154697,144.711256569583,-37.843649654697,144.711257669583
53311379039,9 TARONGA RD TRUGANINA 3029,-37.843650154697,144.711256569583,-37.843649654697,144.711257669583
53311100002,9 TARONGA RD TRUGANINA 3029,-37.843650154697,144.711256569583,-37.843649654697,144.711257669583
53311101676,9 TARONGA RD TRUGANINA 3029,-37.843650154697,144.711256569583,-37.843649654697,144.711257669583
53309950362,9 TARONGA RD TRUGANINA 3029,-37.843650154697,144.711256569583,-37.843649654697,144.711257669583
53309950405,9 TARONGA RD TRUGANINA 3029,-37.843650154697,144.711256569583,-37.843649654697,144.711257669583
53312022620,9 TARONGA RD TRUGANINA 3029,-37.843650154697,144.711256569583,-37.843649654697,144.711257669583
53311417020,9 TARONGA RD TRUGANINA 3029,-37.843650154697,144.711256569583,-37.843649654697,144.711257669583
53311930602,9 TARONGA RD TRUGANINA 3029,-37.843650154697,144.711256569583,-37.843649654697,144.711257669583
53311930634,9 TARONGA RD TRUGANINA 3029,-37.843650154697,144.711256569583,-37.843649654697,144.711257669583
53311552215,9 TARONGA RD TRUGANINA 3029,-37.843650154697,144.711256569583,-37.843649654697,144.711257669583
53311552255,9 TARONGA RD TRUGANINA 3029,-37.843650154697,144.711256569583,-37.843649654697,144.711257669583
53311552288,9 TARONGA RD TRUGANINA 3029,-37.843650154697,144.711256569583,-37.843649654697,144.711257669583
53311912459,9 TARONGA RD TRUGANINA 3029,-37.843650154697,144.711256569583,-37.843649654697,144.711257669583
53311912482,9 TARONGA RD TRUGANINA 3029,-37.843650154697,144.711256569583,-37.843649654697,144.711257669583
53311432241,9 TARONGA RD TRUGANINA 3029,-37.843650154697,144.711256569583,-37.843649654697,144.711257669583
53311954632,9 TARONGA RD TRUGANINA 3029,-37.843650154697,144.711256569583,-37.843649654697,144.711257669583
53311954666,9 TARONGA RD TRUGANINA 3029,-37.843650154697,144.711256569583,-37.843649654697,144.711257669583
53311954699,9 TARONGA RD TRUGANINA 3029,-37.843650154697,144.711256569583,-37.843649654697,144.711257669583
53311954723,9 TARONGA RD TRUGANINA 3029,-37.843650154697,144.711256569583,-37.843649654697,144.711257669583
53311473930,9 TARONGA RD TRUGANINA 3029,-37.843650154697,144.711256569583,-37.843649654697,144.711257669583
53312072476,9 TARONGA RD TRUGANINA 3029,-37.843650154697,144.711256569583,-37.843649654697,144.711257669583
53312072674,9 TARONGA RD TRUGANINA 3029,-37.843650154697,144.711256569583,-37.843649654697,144.711257669583
53312082780,9 TARONGA RD TRUGANINA 3029,-37.843650154697,144.711256569583,-37.843649654697,144.711257669583
53312082816,9 TARONGA RD TRUGANINA 3029,-37.843650154697,144.711256569583,-37.843649654697,144.711257669583
53312082848,9 TARONGA RD TRUGANINA 3029,-37.843650154697,144.711256569583,-37.843649654697,144.711257669583
53311864872,9 TARONGA RD TRUGANINA 3029,-37.843650154697,144.711256569583,-37.843649654697,144.711257669583
53311864908,9 TARONGA RD TRUGANINA 3029,-37.843650154697,144.711256569583,-37.843649654697,144.711257669583
53311415685,9 TARONGA RD TRUGANINA 3029,-37.843650154697,144.711256569583,-37.843649654697,144.711257669583
53308838243,9 TARONGA RD TRUGANINA 3029,-37.843650154697,144.711256569583,-37.843649654697,144.711257669583
53308838276,9 TARONGA RD TRUGANINA 3029,-37.843650154697,144.711256569583,-37.843649654697,144.711257669583
53308740540,9 TARONGA RD TRUGANINA 3029,-37.843650154697,144.711256569583,-37.843649654697,144.711257669583
53308267170,9 TARONGA RD TRUGANINA 3029,-37.843650154697,144.711256569583,-37.843649654697,144.711257669583
53308267286,9 TARONGA RD TRUGANINA 3029,-37.843650154697,144.711256569583,-37.843649654697,144.711257669583
53308217977,9 TARONGA RD TRUGANINA 3029,-37.843650154697,144.711256569583,-37.843649654697,144.711257669583
53308218182,9 TARONGA RD TRUGANINA 3029,-37.843650154697,144.711256569583,-37.843649654697,144.711257669583
53308346561,9 TARONGA RD TRUGANINA 3029,-37.843650154697,144.711256569583,-37.843649654697,144.711257669583
53308712012,9 TARONGA RD TRUGANINA 3029,-37.843650154697,144.711256569583,-37.843649654697,144.711257669583
53308085195,9 TARONGA RD TRUGANINA 3029,-37.843650154697,144.711256569583,-37.843649654697,144.711257669583
53308085212,9 TARONGA RD TRUGANINA 3029,-37.843650154697,144.711256569583,-37.843649654697,144.711257669583
53308134159,9 TARONGA RD TRUGANINA 3029,-37.843650154697,144.711256569583,-37.843649654697,144.711257669583
53308134182,9 TARONGA RD TRUGANINA 3029,-37.843650154697,144.711256569583,-37.843649654697,144.711257669583
53308739350,9 TARONGA RD TRUGANINA 3029,-37.843650154697,144.711256569583,-37.843649654697,144.711257669583
53308280547,9 TARONGA RD TRUGANINA 3029,-37.843650154697,144.711256569583,-37.843649654697,144.711257669583
53308280570,9 TARONGA RD TRUGANINA 3029,-37.843650154697,144.711256569583,-37.843649654697,144.711257669583
53308280620,9 TARONGA RD TRUGANINA 3029,-37.843650154697,144.711256569583,-37.843649654697,144.711257669583
53308280646,9 TARONGA RD TRUGANINA 3029,-37.843650154697,144.711256569583,-37.843649654697,144.711257669583
53308876442,9 TARONGA RD TRUGANINA 3029,-37.843650154697,144.711256569583,-37.843649654697,144.711257669583
53308876475,9 TARONGA RD TRUGANINA 3029,-37.843650154697,144.711256569583,-37.843649654697,144.711257669583
53308876491,9 TARONGA RD TRUGANINA 3029,-37.843650154697,144.711256569583,-37.843649654697,144.711257669583
53308076797,9 TARONGA RD TRUGANINA 3029,-37.843650154697,144.711256569583,-37.843649654697,144.711257669583
53308095839,9 TARONGA RD TRUGANINA 3029,-37.843650154697,144.711256569583,-37.843649654697,144.711257669583
53308095987,9 TARONGA RD TRUGANINA 3029,-37.843650154697,144.711256569583,-37.843649654697,144.711257669583
53308137598,9 TARONGA RD TRUGANINA 3029,-37.843650154697,144.711256569583,-37.843649654697,144.711257669583
53308137616,9 TARONGA RD TRUGANINA 3029,-37.843650154697,144.711256569583,-37.843649654697,144.711257669583
53309069965,9 TARONGA RD TRUGANINA 3029,-37.843650154697,144.711256569583,-37.843649654697,144.711257669583
53308743484,9 TARONGA RD TRUGANINA 3029,-37.843650154697,144.711256569583,-37.843649654697,144.711257669583
53308743930,9 TARONGA RD TRUGANINA 3029,-37.843650154697,144.711256569583,-37.843649654697,144.711257669583
53308777764,9 TARONGA RD TRUGANINA 3029,-37.843650154697,144.711256569583,-37.843649654697,144.711257669583
53309361966,9 TARONGA RD TRUGANINA 3029,-37.843650154697,144.711256569583,-37.843649654697,144.711257669583
53309362368,9 TARONGA RD TRUGANINA 3029,-37.843650154697,144.711256569583,-37.843649654697,144.711257669583
53309363143,9 TARONGA RD TRUGANINA 3029,-37.843650154697,144.711256569583,-37.843649654697,144.711257669583
53309315581,9 TARONGA RD TRUGANINA 3029,-37.843650154697,144.711256569583,-37.843649654697,144.711257669583
53309950354,9 TARONGA RD TRUGANINA 3029,-37.843650154697,144.711256569583,-37.843649654697,144.711257669583
53309950395,9 TARONGA RD TRUGANINA 3029,-37.843650154697,144.711256569583,-37.843649654697,144.711257669583
53309950413,9 TARONGA RD TRUGANINA 3029,-37.843650154697,144.711256569583,-37.843649654697,144.711257669583
53311096024,9 TARONGA RD TRUGANINA 3029,-37.843650154697,144.711256569583,-37.843649654697,144.711257669583
53309539552,9 TARONGA RD TRUGANINA 3029,-37.843650154697,144.711256569583,-37.843649654697,144.711257669583
53309539593,9 TARONGA RD TRUGANINA 3029,-37.843650154697,144.711256569583,-37.843649654697,144.711257669583
53309439892,9 TARONGA RD TRUGANINA 3029,-37.843650154697,144.711256569583,-37.843649654697,144.711257669583
53308441959,9 TARONGA RD TRUGANINA 3029,-37.843650154697,144.711256569583,-37.843649654697,144.711257669583
53309700750,9 TARONGA RD TRUGANINA 3029,-37.843650154697,144.711256569583,-37.843649654697,144.711257669583
53308449182,9 TARONGA RD TRUGANINA 3029,-37.843650154697,144.711256569583,-37.843649654697,144.711257669583
53311359444,9 TARONGA RD TRUGANINA 3029,-37.843650154697,144.711256569583,-37.843649654697,144.711257669583
53308747759,9 TARONGA RD TRUGANINA 3029,-37.843650154697,144.711256569583,-37.843649654697,144.711257669583
53309209172,9 TARONGA RD TRUGANINA 3029,-37.843650154697,144.711256569583,-37.843649654697,144.711257669583
53309209198,9 TARONGA RD TRUGANINA 3029,-37.843650154697,144.711256569583,-37.843649654697,144.711257669583
53309209215,9 TARONGA RD TRUGANINA 3029,-37.843650154697,144.711256569583,-37.843649654697,144.711257669583
53309145022,9 TARONGA RD TRUGANINA 3029,-37.843650154697,144.711256569583,-37.843649654697,144.711257669583
53311100010,9 TARONGA RD TRUGANINA 3029,-37.843650154697,144.711256569583,-37.843649654697,144.711257669583
53311101692,9 TARONGA RD TRUGANINA 3029,-37.843650154697,144.711256569583,-37.843649654697,144.711257669583
53309539346,9 TARONGA RD TRUGANINA 3029,-37.843650154697,144.711256569583,-37.843649654697,144.711257669583
53311432233,9 TARONGA RD TRUGANINA 3029,-37.843650154697,144.711256569583,-37.843649654697,144.711257669583
53309060940,9 TARONGA RD TRUGANINA 3029,-37.843650154697,144.711256569583,-37.843649654697,144.711257669583
53309060966,9 TARONGA RD TRUGANINA 3029,-37.843650154697,144.711256569583,-37.843649654697,144.711257669583
53309061016,9 TARONGA RD TRUGANINA 3029,-37.843650154697,144.711256569583,-37.843649654697,144.711257669583
53309061048,9 TARONGA RD TRUGANINA 3029,-37.843650154697,144.711256569583,-37.843649654697,144.711257669583
53311375906,9 TARONGA RD TRUGANINA 3029,-37.843650154697,144.711256569583,-37.843649654697,144.711257669583
53312022614,9 TARONGA RD TRUGANINA 3029,-37.843650154697,144.711256569583,-37.843649654697,144.711257669583
53312022638,9 TARONGA RD TRUGANINA 3029,-37.843650154697,144.711256569583,-37.843649654697,144.711257669583
53312024220,9 TARONGA RD TRUGANINA 3029,-37.843650154697,144.711256569583,-37.843649654697,144.711257669583
53311473922,9 TARONGA RD TRUGANINA 3029,-37.843650154697,144.711256569583,-37.843649654697,144.711257669583
53311579299,9 TARONGA RD TRUGANINA 3029,-37.843650154697,144.711256569583,-37.843649654697,144.711257669583
53311552207,9 TARONGA RD TRUGANINA 3029,-37.843650154697,144.711256569583,-37.843649654697,144.711257669583
53311552221,9 TARONGA RD TRUGANINA 3029,-37.843650154697,144.711256569583,-37.843649654697,144.711257669583
53311552247,9 TARONGA RD TRUGANINA 3029,-37.843650154697,144.711256569583,-37.843649654697,144.711257669583
53311552270,9 TARONGA RD TRUGANINA 3029,-37.843650154697,144.711256569583,-37.843649654697,144.711257669583
53311663616,9 TARONGA RD TRUGANINA 3029,-37.843650154697,144.711256569583,-37.843649654697,144.711257669583
53311663630,9 TARONGA RD TRUGANINA 3029,-37.843650154697,144.711256569583,-37.843649654697,144.711257669583
53311663814,9 TARONGA RD TRUGANINA 3029,-37.843650154697,144.711256569583,-37.843649654697,144.711257669583
53311954624,9 TARONGA RD TRUGANINA 3029,-37.843650154697,144.711256569583,-37.843649654697,144.711257669583
53311954658,9 TARONGA RD TRUGANINA 3029,-37.843650154697,144.711256569583,-37.843649654697,144.711257669583
53311954681,9 TARONGA RD TRUGANINA 3029,-37.843650154697,144.711256569583,-37.843649654697,144.711257669583
53311954717,9 TARONGA RD TRUGANINA 3029,-37.843650154697,144.711256569583,-37.843649654697,144.711257669583
53311954731,9 TARONGA RD TRUGANINA 3029,-37.843650154697,144.711256569583,-37.843649654697,144.711257669583
53311834019,9 TARONGA RD TRUGANINA 3029,-37.843650154697,144.711256569583,-37.843649654697,144.711257669583
53311864865,9 TARONGA RD TRUGANINA 3029,-37.843650154697,144.711256569583,-37.843649654697,144.711257669583
53311864898,9 TARONGA RD TRUGANINA 3029,-37.843650154697,144.711256569583,-37.843649654697,144.711257669583
53312072469,9 TARONGA RD TRUGANINA 3029,-37.843650154697,144.711256569583,-37.843649654697,144.711257669583
53312072484,9 TARONGA RD TRUGANINA 3029,-37.843650154697,144.711256569583,-37.843649654697,144.711257669583
53312072568,9 TARONGA RD TRUGANINA 3029,-37.843650154697,144.711256569583,-37.843649654697,144.711257669583
53311021214,9 TARONGA RD TRUGANINA 3029,-37.843650154697,144.711256569583,-37.843649654697,144.711257669583
53311912441,9 TARONGA RD TRUGANINA 3029,-37.843650154697,144.711256569583,-37.843649654697,144.711257669583
53311912474,9 TARONGA RD TRUGANINA 3029,-37.843650154697,144.711256569583,-37.843649654697,144.711257669583
53311575926,9 TARONGA RD TRUGANINA 3029,-37.843650154697,144.711256569583,-37.843649654697,144.711257669583
53311575950,9 TARONGA RD TRUGANINA 3029,-37.843650154697,144.711256569583,-37.843649654697,144.711257669583
53311930626,9 TARONGA RD TRUGANINA 3029,-37.843650154697,144.711256569583,-37.843649654697,144.711257669583
53313837776,9 TARRABOOL RD TRUGANINA 3029,-37.766868191663,144.695983149435,-37.766867691663,144.69598424943499
53313837792,7 TARRABOOL RD TRUGANINA 3029,-37.766948113109,144.695860186916,-37.766947613109004,144.695861286916
53313804983,11 TARRABOOL RD TRUGANINA 3029,-37.766788270216,144.696106028136,-37.766787770216,144.696107128136
53301533217,18 TARRAN CT KANGAROO FLAT 3555,-36.797848539506,144.246680117562,-36.797848039506,144.24668121756199
53301533231,18 TARRAN CT KANGAROO FLAT 3555,-36.797848539506,144.246680117562,-36.797848039506,144.24668121756199
53301533265,18 TARRAN CT KANGAROO FLAT 3555,-36.797848539506,144.246680117562,-36.797848039506,144.24668121756199
53313235899,13 TARRNOOK DR STRATHFIELDSAYE 3551,-36.804399144279,144.370799672031,-36.804398644279004,144.370800772031
53313753149,3 TARRNOOK DR STRATHFIELDSAYE 3551,-36.80425363444,144.369694853374,-36.80425313444,144.369695953374
53313215133,16 TARRNOOK DR STRATHFIELDSAYE 3551,-36.804842756505,144.370858932087,-36.804842256505005,144.370860032087
53313256325,19 TARRNOOK DR STRATHFIELDSAYE 3551,-36.804464439305,144.371297305623,-36.804463939305,144.37129840562298
53313220397,12 TARRNOOK DR STRATHFIELDSAYE 3551,-36.804784837554,144.370416619056,-36.804784337554004,144.37041771905598
53313270303,18 TARRNOOK DR STRATHFIELDSAYE 3551,-36.8048673993,144.371046854356,-36.8048668993,144.371047954356
53313321427,22 TARRNOOK DR STRATHFIELDSAYE 3551,-36.804908512535,144.371360840449,-36.804908012535,144.371361940449
53313847207,4 TARRNOOK DR STRATHFIELDSAYE 3551,-36.804668538647,144.369532160633,-36.804668038647,144.369533260633
53314103081,5 TARRNOOK DR STRATHFIELDSAYE 3551,-36.804282635825,144.369915967979,-36.804282135825,144.369917067979
53313285508,8 TASKER ST WYNDHAM VALE 3024,-37.868734718239,144.618674006601,-37.868734218239,144.618675106601
53313749510,15 TASKER ST WYNDHAM VALE 3024,-37.869409209988,144.618391955559,-37.869408709988,144.61839305555898
53313301388,17 TASKER ST WYNDHAM VALE 3024,-37.86947303818,144.61826463445,-37.86947253818,144.61826573444998
53313510064,13 TASKER ST WYNDHAM VALE 3024,-37.869349027923,144.618511984413,-37.869348527923,144.618513084413
53313364251,12 TASKER ST WYNDHAM VALE 3024,-37.86884548509,144.618432943066,-37.86884498509,144.618434043066
53313319974,6 TASKER ST WYNDHAM VALE 3024,-37.868684175363,144.618774840896,-37.868683675363,144.618775940896
53312858690,36 TASSELL ST TORQUAY 3228,-38.308514318573,144.323926979827,-38.308513818573005,144.323928079827
53312859839,30 TASSELL ST TORQUAY 3228,-38.308514318573,144.323926979827,-38.308513818573005,144.323928079827
53312858682,26 TASSELL ST TORQUAY 3228,-38.308514318573,144.323926979827,-38.308513818573005,144.323928079827
53312858718,18 TASSELL ST TORQUAY 3228,-38.308514318573,144.323926979827,-38.308513818573005,144.323928079827
53312859797,34 TASSELL ST TORQUAY 3228,-38.308514318573,144.323926979827,-38.308513818573005,144.323928079827
53312859821,24 TASSELL ST TORQUAY 3228,-38.308514318573,144.323926979827,-38.308513818573005,144.323928079827
53312860807,22 TASSELL ST TORQUAY 3228,-38.308514318573,144.323926979827,-38.308513818573005,144.323928079827
53312935986,6 TASSELL ST TORQUAY 3228,-38.308514318573,144.323926979827,-38.308513818573005,144.323928079827
53313257506,20 TATHRA RD WYNDHAM VALE 3024,-37.8729929346,144.624753903889,-37.8729924346,144.624755003889
53313369226,22 TATHRA RD WYNDHAM VALE 3024,-37.87308559654,144.624878207513,-37.87308509654,144.624879307513
53313350039,8 TATHRA RD WYNDHAM VALE 3024,-37.87247095158,144.62415904022,-37.87247045158,144.62416014022
53313441300,12 TATHRA RD WYNDHAM VALE 3024,-37.872585741744,144.624316033267,-37.872585241744,144.624317133267
53313536132,6 TATHRA RD WYNDHAM VALE 3024,-37.872416259662,144.624086117663,-37.872415759662005,144.624087217663
53313550464,2 TATHRA RD WYNDHAM VALE 3024,-37.872312743157,144.623863578133,-37.872312243157005,144.623864678133
53313341482,26 TATHRA RD WYNDHAM VALE 3024,-37.873399498814,144.625242233568,-37.873398998814004,144.625243333568
53313660207,10 TATHRA RD WYNDHAM VALE 3024,-37.872525098674,144.624231292226,-37.872524598674,144.624232392226
53314193000,90 TATHRA RD WYNDHAM VALE 3024,-37.877045920061,144.623394107736,-37.877045420061,144.623395207736
53314103494,102 TATHRA RD WYNDHAM VALE 3024,-37.877601975518,144.62275926239,-37.877601475518,144.62276036238998
53314112140,98 TATHRA RD WYNDHAM VALE 3024,-37.877452526184,144.622929917939,-37.877452026184,144.62293101793898
53314160751,92 TATHRA RD WYNDHAM VALE 3024,-37.877109371068,144.623321688093,-37.877108871068,144.623322788093
53304099802,47 TATMAN DR ALTONA MEADOWS 3028,-37.882369476316,144.790813235934,-37.882368976316,144.790814335934
53313913925,14 TATUM ST TRUGANINA 3029,-37.830280432399,144.712189056311,-37.830279932399,144.71219015631098
53313826770,8 TATUM ST TRUGANINA 3029,-37.829671193766,144.712310845364,-37.829670693766005,144.71231194536398
53313833890,10 TATUM ST TRUGANINA 3029,-37.829784014183,144.712295674119,-37.829783514183,144.71229677411898
53313959794,24 TATUM ST TRUGANINA 3029,-37.830934472303,144.712167431001,-37.830933972303,144.712168531001
53314016953,15 TATUM ST TRUGANINA 3029,-37.830351552847,144.712682079856,-37.830351052847,144.712683179856
53313855738,13 TATUM ST TRUGANINA 3029,-37.830232823189,144.712698089291,-37.830232323189,144.712699189291
53313919403,19 TATUM ST TRUGANINA 3029,-37.830582222822,144.712651150633,-37.830581722822004,144.712652250633
53313955562,20 TATUM ST TRUGANINA 3029,-37.830645506191,144.712140022177,-37.830645006191,144.712141122177
53314110384,9 TATUM ST TRUGANINA 3029,-37.829988700259,144.712730862532,-37.829988200259,144.712731962532
53313977806,21 TATUM ST TRUGANINA 3029,-37.830761092636,144.712627094571,-37.830760592636004,144.71262819457098
53314023917,2 TATUM ST TRUGANINA 3029,-37.829366595405,144.712351749052,-37.829366095405,144.712352849052
53313886057,5 TATUM ST TRUGANINA 3029,-37.829758030283,144.712761791755,-37.829757530283004,144.712762891755
53313897755,17 TATUM ST TRUGANINA 3029,-37.830463535073,144.712667076249,-37.830463035073,144.712668176249
53314053302,28 TAUPE ST WYNDHAM VALE 3024,-37.870346222944,144.624682238616,-37.870345722944,144.624683338616
53314088605,4 TAUPE ST WYNDHAM VALE 3024,-37.871195896469,144.623321855731,-37.871195396469,144.623322955731
53314065711,6 TAUPE ST WYNDHAM VALE 3024,-37.871149754092,144.623398885421,-37.871149254092,144.623399985421
53314053350,22 TAUPE ST WYNDHAM VALE 3024,-37.870572199053,144.624283427663,-37.870571699053,144.62428452766298
53314076336,32 TAUPE ST WYNDHAM VALE 3024,-37.869956841632,144.624858426221,-37.869956341632005,144.624859526221
53314106465,20 TAUPE ST WYNDHAM VALE 3024,-37.870761546246,144.624047309451,-37.870761046246,144.62404840945098
53314022933,12 TAUPE ST WYNDHAM VALE 3024,-37.870995024159,144.623657383315,-37.870994524159,144.62365848331498
53314101821,16 TAUPE ST WYNDHAM VALE 3024,-37.870880988366,144.623847736336,-37.870880488366,144.62384883633598
53314053342,26 TAUPE ST WYNDHAM VALE 3024,-37.870418935954,144.624538488977,-37.870418435954,144.624539588977
53313991724,30 TAUPE ST WYNDHAM VALE 3024,-37.87003232067,144.62493034295,-37.87003182067,144.62493144295
53314098982,18 TAUPE ST WYNDHAM VALE 3024,-37.870823991425,144.623942954756,-37.870823491425,144.62394405475598
53314201217,17 TAURASI ST FRASER RISE 3336,-37.690645804485,144.71403910998,-37.690645304485,144.71404020998
53314206750,14 TAURASI ST FRASER RISE 3336,-37.691027474446,144.713676425029,-37.691026974446004,144.713677525029
53314203292,5 TAURASI ST FRASER RISE 3336,-37.690557962139,144.713153226633,-37.690557462139004,144.713154326633
53313949143,3 TAURIAN WAY ROCKBANK 3335,-37.742476895332,144.642096061559,-37.742476395332,144.64209716155898
53313890091,6 TAURIAN WAY ROCKBANK 3335,-37.742367301948,144.64264566295,-37.742366801948,144.64264676295
53314142114,5 TAURIAN WAY ROCKBANK 3335,-37.742365625567,144.642117854507,-37.742365125567,144.642118954507
53313509700,18 TAURUS AVE TRUGANINA 3029,-37.831659632657,144.724932398985,-37.831659132657,144.724933498985
53313509690,16 TAURUS AVE TRUGANINA 3029,-37.831720904369,144.72492418472,-37.831720404369,144.72492528472
53313509724,24 TAURUS AVE TRUGANINA 3029,-37.831498658206,144.724954108114,-37.831498158206,144.72495520811398
53313509758,30 TAURUS AVE TRUGANINA 3029,-37.831332193609,144.724976571614,-37.831331693609,144.724977671614
53305008439,99999 TAVERNER ST MADDINGLEY 3340,-37.684412972045,144.436145271295,-37.684412472045004,144.436146371295
53313940301,2 TAWNY CL BALLARAT EAST 3350,-37.57334492522,143.895742233794,-37.57334442522,143.895743333794
53313180429,7 TAWNY CT LARA 3212,-38.012970633811,144.386002097459,-38.012970133811,144.386003197459
53313214639,4 TAWNY CT LARA 3212,-38.012958647689,144.385303298191,-38.012958147689,144.38530439819098
53313970407,5 TAWNY ST FRASER RISE 3336,-37.702310689586,144.703543877557,-37.702310189586,144.703544977557
53314083240,20 TAWNY ST FRASER RISE 3336,-37.702890088643,144.703062672495,-37.702889588643,144.703063772495
53314068795,26 TAWNY ST FRASER RISE 3336,-37.703210947897,144.703121681094,-37.703210447897,144.70312278109398
53313966197,1 TAWNY ST FRASER RISE 3336,-37.702238186124,144.70376264523,-37.702237686124,144.70376374523
53314089478,16 TAWNY ST FRASER RISE 3336,-37.702732927959,144.703005005002,-37.702732427959,144.703006105002
53314070811,9 TAWNY ST FRASER RISE 3336,-37.702817585181,144.703020595341,-37.702817085181,144.703021695341
53314145132,22 TAWNY ST FRASER RISE 3336,-37.702983714502,144.703079855397,-37.702983214502,144.70308095539698
53313303664,40 TAWORRI CRES WERRIBEE 3030,-37.901836614079,144.613058550569,-37.901836114079,144.613059650569
53313725412,22 TAXON RD WEIR VIEWS 3338,-37.722213602495,144.578090926901,-37.722213102495004,144.578092026901
53313848956,20 TAXON RD WEIR VIEWS 3338,-37.722332206425,144.578073408724,-37.722331706425,144.578074508724
53313667588,2 TAXON RD WEIR VIEWS 3338,-37.723745940124,144.577904848651,-37.723745440124,144.577905948651
53313671765,29 TAXON RD WEIR VIEWS 3338,-37.721606459339,144.577615253896,-37.721605959339,144.577616353896
53313861778,16 TAXON RD WEIR VIEWS 3338,-37.722743799781,144.578033510865,-37.722743299781,144.578034610865
53313861877,10 TAXON RD WEIR VIEWS 3338,-37.723104431165,144.577980118142,-37.723103931165,144.57798121814199
53313734900,12 TAXON RD WEIR VIEWS 3338,-37.722985869145,144.577997636319,-37.722985369145,144.577998736319
53312832515,6 TAYA LANE POINT COOK 3030,-37.884284489734,144.73842961003,-37.884283989734,144.73843071003
53312832606,4 TAYA LANE POINT COOK 3030,-37.884379959611,144.738436483191,-37.884379459611004,144.738437583191
53305628094,124 TAYLOR ST EPSOM 3551,-36.705814551891,144.329619046454,-36.705814051891004,144.329620146454
53305442117,148 TAYLOR ST EPSOM 3551,-36.703552360043,144.332678944027,-36.703551860043,144.332680044027
53301533579,66 TAYLOR ST EPSOM 3551,-36.710867875587,144.322236349956,-36.710867375587,144.322237449956
53301533605,72 TAYLOR ST EPSOM 3551,-36.710548525076,144.322934730129,-36.710548025076,144.32293583012898
53301533678,84 TAYLOR ST EPSOM 3551,-36.709753585379,144.324026640655,-36.709753085379,144.324027740655
53301533704,98 TAYLOR ST EPSOM 3551,-36.708220158102,144.326138712618,-36.708219658102,144.32613981261798
53301533736,104 TAYLOR ST EPSOM 3551,-36.707850599991,144.326649421978,-36.707850099991,144.326650521978
53301533752,108 TAYLOR ST EPSOM 3551,-36.707606099875,144.32698603921,-36.707605599875,144.32698713921
53301533777,121 TAYLOR ST EPSOM 3551,-36.707205486813,144.329558612932,-36.707204986813004,144.329559712932
53301533827,133 TAYLOR ST EPSOM 3551,-36.7060189446,144.331317974409,-36.7060184446,144.33131907440898
53305490019,126 TAYLOR ST EPSOM 3551,-36.70561979837,144.32981241696,-36.70561929837,144.32981351696
53303437653,99999 TAYLOR ST MOONEE PONDS 3039,-37.76404797352,144.92155992545,-37.76404747352,144.92156102545
53313721122,17 TAYLORS CCT CHARLEMONT 3217,-38.217245367457,144.368455086075,-38.217244867457,144.36845618607498
53313774946,18 TAYLORS CCT CHARLEMONT 3217,-38.216492253456,144.368434466593,-38.216491753456005,144.36843556659298
53313779499,22 TAYLORS CCT CHARLEMONT 3217,-38.216782644492,144.368294656448,-38.216782144492,144.368295756448
53313697018,7 TAYLORS CCT CHARLEMONT 3217,-38.217263723825,144.36907450872,-38.217263223825,144.36907560871998
53313482161,2 TAYLORS CCT CHARLEMONT 3217,-38.216931590911,144.369578512558,-38.216931090911004,144.369579612558
53313653069,21 TAYLORS CCT CHARLEMONT 3217,-38.217474235323,144.368406387218,-38.217473735323004,144.36840748721798
53313611184,9 TAYLORS CCT CHARLEMONT 3217,-38.217234554802,144.368854399942,-38.217234054802,144.368855499942
53313715711,14 TAYLORS CCT CHARLEMONT 3217,-38.21682606275,144.368590705268,-38.21682556275,144.36859180526798
53313720727,27 TAYLORS CCT CHARLEMONT 3217,-38.217469457638,144.368799079381,-38.217468957638005,144.368800179381
53313641643,6 TAYLORS CCT CHARLEMONT 3217,-38.216889513757,144.369215743788,-38.216889013757005,144.369216843788
53313746144,12 TAYLORS CCT CHARLEMONT 3217,-38.216836707767,144.368682235651,-38.216836207767,144.36868333565099
53313994066,28 TAYLORS CCT CHARLEMONT 3217,-38.217856114832,144.368639236488,-38.217855614832004,144.368640336488
53313606852,31 TAYLORS CCT CHARLEMONT 3217,-38.217498291385,144.36904760281,-38.217497791385,144.36904870281
53313677330,30 TAYLORS CCT CHARLEMONT 3217,-38.217876357128,144.368813831531,-38.217875857128,144.368814931531
53313658902,13-15 TAYLORS CCT CHARLEMONT 3217,-38.217129613374,144.36847972887,-38.217129113374,144.36848082887
53314157523,11 TAYLORS CCT CHARLEMONT 3217,-38.217217204262,144.368704699152,-38.217216704262,144.368705799152
53313925879,96 TAYLORS LANE STRATHFIELDSAYE 3551,-36.814047385386,144.348373638628,-36.814046885386,144.348374738628
53303808648,511 TAYLORS RD DELAHEY 3037,-37.725514570453,144.764709321081,-37.725514070453,144.764710421081
53306098339,260A TAYLORS RD DELAHEY 3037,-37.727194925643,144.778592421104,-37.727194425643,144.778593521104
53306162572,260 TAYLORS RD DELAHEY 3037,-37.727194925643,144.778592421104,-37.727194425643,144.778593521104
53304470085,295 TAYLORS RD ST ALBANS 3021,-37.727388505697,144.778034689267,-37.727388005697,144.778035789267
53304470267,333 TAYLORS RD ST ALBANS 3021,-37.726898834913,144.773726726311,-37.726898334913,144.773727826311
53304770007,323 TAYLORS RD ST ALBANS 3021,-37.726998789109,144.774587631586,-37.726998289109,144.774588731586
53304705911,319 TAYLORS RD ST ALBANS 3021,-37.727037513501,144.774929948512,-37.727037013501004,144.774931048512
53304605375,351 TAYLORS RD ST ALBANS 3021,-37.726684509649,144.771858232455,-37.726684009649,144.771859332455
53304664850,289 TAYLORS RD ST ALBANS 3021,-37.727447472386,144.778566018109,-37.727446972386,144.77856711810898
53304651874,307 TAYLORS RD ST ALBANS 3021,-37.727172126866,144.776129566494,-37.727171626866,144.776130666494
53304652617,297 TAYLORS RD ST ALBANS 3021,-37.727268644482,144.776986029361,-37.727268144482004,144.776987129361
53304659743,259 TAYLORS RD ST ALBANS 3021,-37.727742766835,144.781227356187,-37.727742266835,144.781228456187
53304732648,275 TAYLORS RD ST ALBANS 3021,-37.727585228964,144.779807042694,-37.727584728964004,144.77980814269398
53304528872,393 TAYLORS RD ST ALBANS 3021,-37.726166424214,144.767029166579,-37.726165924214,144.76703026657898
53304568457,389 TAYLORS RD ST ALBANS 3021,-37.726204226597,144.767365029439,-37.726203726597,144.76736612943898
53304571841,257 TAYLORS RD ST ALBANS 3021,-37.727762799583,144.781407315648,-37.727762299583,144.781408415648
53304549233,293 TAYLORS RD ST ALBANS 3021,-37.727408203169,144.778212301795,-37.727407703169,144.778213401795
53304904454,347 TAYLORS RD ST ALBANS 3021,-37.72672428178,144.772214211883,-37.72672378178,144.772215311883
53304791309,353 TAYLORS RD ST ALBANS 3021,-37.726664015896,144.771675842242,-37.726663515896,144.77167694224198
53304896116,343 TAYLORS RD ST ALBANS 3021,-37.726765059739,144.772576645376,-37.726764559739,144.772577745376
53307425340,450 TAYLORS RD ST ALBANS 3021,-37.727631030394,144.783066409891,-37.727630530394,144.783067509891
53307735227,369 TAYLORS RD ST ALBANS 3021,-37.726299989841,144.769125229106,-37.726299489841004,144.769126329106
53304469912,335 TAYLORS RD ST ALBANS 3021,-37.726883328393,144.773551209259,-37.726882828393,144.773552309259
53304470508,273 TAYLORS RD ST ALBANS 3021,-37.727604884527,144.779984739041,-37.727604384527,144.779985839041
53304757851,349 TAYLORS RD ST ALBANS 3021,-37.726704626217,144.772036012622,-37.726704126217,144.772037112622
53304729735,397 TAYLORS RD ST ALBANS 3021,-37.726128747559,144.766693638995,-37.726128247559004,144.766694738995
53304544862,411 TAYLORS RD ST ALBANS 3021,-37.725890533871,144.764816847055,-37.725890033871,144.76481794705498
53304580248,417 TAYLORS RD ST ALBANS 3021,-37.725829471706,144.764277220128,-37.725828971706,144.764278320128
53304641959,299 TAYLORS RD ST ALBANS 3021,-37.727249366104,144.776814870898,-37.727248866104,144.77681597089799
53304822340,363 TAYLORS RD ST ALBANS 3021,-37.726432926825,144.769738449142,-37.726432426825,144.769739549142
53304822431,385 TAYLORS RD ST ALBANS 3021,-37.726242028981,144.76770173049,-37.726241528981,144.76770283048998
53304644570,281 TAYLORS RD ST ALBANS 3021,-37.727526346095,144.779276132947,-37.727525846095,144.77927723294698
53304664677,287 TAYLORS RD ST ALBANS 3021,-37.72746704413,144.778742373352,-37.72746654413,144.778743473352
53304753067,309 TAYLORS RD ST ALBANS 3021,-37.72715280658,144.775958408032,-37.72715230658,144.775959508032
53304759008,355 TAYLORS RD ST ALBANS 3021,-37.726522026456,144.770524252565,-37.726521526456004,144.770525352565
53304533930,329 TAYLORS RD ST ALBANS 3021,-37.726940618701,144.774073318007,-37.726940118701,144.774074418007
53304521846,331 TAYLORS RD ST ALBANS 3021,-37.726921214595,144.773900902259,-37.726920714595,144.77390200225898
53304571585,357 TAYLORS RD ST ALBANS 3021,-37.726499521046,144.770325350003,-37.726499021046,144.77032645000298
53304817517,311 TAYLORS RD ST ALBANS 3021,-37.727133653931,144.775786579016,-37.727133153931,144.775787679016
53304610410,409 TAYLORS RD ST ALBANS 3021,-37.725910901896,144.764996890335,-37.725910401896,144.764997990335
53304573225,403 TAYLORS RD ST ALBANS 3021,-37.725972047879,144.765537439271,-37.725971547879,144.76553853927098
53304855418,391 TAYLORS RD ST ALBANS 3021,-37.726185325406,144.76719697228,-37.726184825406,144.76719807228
53304488894,285 TAYLORS RD ST ALBANS 3021,-37.727486867331,144.778920824071,-37.727486367331004,144.778921924071
53304645594,267 TAYLORS RD ST ALBANS 3021,-37.727664060764,144.780517828083,-37.727663560764,144.78051892808298
53304645784,269 TAYLORS RD ST ALBANS 3021,-37.727644363291,144.780340383193,-37.727643863291,144.78034148319298
53304698527,399 TAYLORS RD ST ALBANS 3021,-37.726058968215,144.766512338429,-37.726058468215,144.766513438429
53304680790,317 TAYLORS RD ST ALBANS 3021,-37.727056791879,144.775100604061,-37.727056291879,144.775101704061
53304883161,321 TAYLORS RD ST ALBANS 3021,-37.727018193215,144.774758622411,-37.727017693215004,144.774759722411
53304911502,413 TAYLORS RD ST ALBANS 3021,-37.725870165846,144.764636887593,-37.725869665846,144.764637987593
53304917570,415 TAYLORS RD ST ALBANS 3021,-37.725849797822,144.764457011951,-37.725849297822,144.764458111951
53304735683,261 TAYLORS RD ST ALBANS 3021,-37.727723195091,144.781049743658,-37.727722695091,144.781050843658
53304742241,283 TAYLORS RD ST ALBANS 3021,-37.727506606713,144.779099023332,-37.727506106713,144.779100123332
53304921617,339 TAYLORS RD ST ALBANS 3021,-37.726816315077,144.772942850726,-37.726815815077,144.772943950726
53307735046,369 TAYLORS RD ST ALBANS 3021,-37.726299989841,144.769125229106,-37.726299489841004,144.769126329106
53307776742,367 TAYLORS RD ST ALBANS 3021,-37.726301289036,144.769232349828,-37.726300789036,144.769233449828
53313822266,744 TAYLORS RD TAYLORS HILL 3037,-37.723574320657,144.749389283708,-37.723573820657,144.749390383708
53313822224,742 TAYLORS RD TAYLORS HILL 3037,-37.723586767783,144.749487184337,-37.723586267783,144.749488284337
53313822258,740 TAYLORS RD TAYLORS HILL 3037,-37.723597915714,144.749575026682,-37.723597415714,144.749576126682
53314114822,14 TAYNISH ST TARNEIT 3029,-37.808523777783,144.682659611424,-37.808523277783,144.68266071142398
53314115234,11 TAYNISH ST TARNEIT 3029,-37.80896034921,144.682741083523,-37.80895984921,144.682742183523
53314182349,15 TAYNISH ST TARNEIT 3029,-37.808932186015,144.682459451576,-37.808931686015,144.68246055157599
53314016986,24 TAYNISH ST TARNEIT 3029,-37.80844704146,144.681939354484,-37.80844654146,144.681940454484
53314144606,4 TAYNISH ST TARNEIT 3029,-37.808600556016,144.683379868364,-37.808600056016004,144.683380968364
53314103123,26 TAYNISH ST TARNEIT 3029,-37.808430445291,144.681783451085,-37.808429945291,144.681784551085
53314060662,17 TAYNISH ST TARNEIT 3029,-37.808918104418,144.682318635603,-37.808917604418,144.682319735603
53314159711,8 TAYNISH ST TARNEIT 3029,-37.808569668703,144.683090022152,-37.808569168703,144.68309112215198
53314202682,21 TAYNISH ST TARNEIT 3029,-37.808889061124,144.682028537934,-37.808888561124,144.682029637934
53301534215,5 TCHUMLOCK CT ASCOT 3551,-36.701862568363,144.332568219086,-36.701862068363,144.332569319086
53313917002,26 TEAK RD TRUGANINA 3029,-37.814510719764,144.718378002159,-37.814510219764,144.718379102159
53313539103,4 TEAL PL ST LEONARDS 3223,-38.188177220611,144.702097663983,-38.188176720611004,144.702098763983
53314053425,5 TEAL PL ST LEONARDS 3223,-38.18819980984,144.70227879691,-38.18819930984,144.70227989691
53313010239,11 TEASDALE AVE LUCAS 3350,-37.548850405751,143.784345148031,-37.548849905751,143.784346248031
53312959135,7 TEASDALE AVE LUCAS 3350,-37.54860724674,143.784388231013,-37.54860674674,143.784389331013
53313843031,5 TEATREE PL ARMSTRONG CREEK 3217,-38.222866984188,144.361967576836,-38.222866484188,144.361968676836
53312251476,22 TEATREE ST DIGGERS REST 3427,-37.616248618633,144.70800011638,-37.616248118633,144.70800121637998
53313293624,23 TECHAVEN ST DELACOMBE 3356,-37.592919728529,143.812102490949,-37.592919228529,143.812103590949
53303594222,1 TECOMA CT GLADSTONE PARK 3043,-37.699391943263,144.890897099344,-37.699391443263,144.89089819934398
53313971932,33 TECOMA ST MANOR LAKES 3024,-37.854679859176,144.585937813197,-37.854679359176004,144.585938913197
53313988042,16 TECOMA ST MANOR LAKES 3024,-37.855347980678,144.585886767407,-37.855347480678,144.585887867407
53313973912,20 TECOMA ST MANOR LAKES 3024,-37.855161273785,144.586106792365,-37.855160773785,144.586107892365
53314011632,30 TECOMA ST MANOR LAKES 3024,-37.85471238096,144.586589757626,-37.854711880960004,144.586590857626
53314134480,39 TECOMA ST MANOR LAKES 3024,-37.854443447597,144.586192203959,-37.854442947597,144.586193303959
53314049093,10 TECOMA ST MANOR LAKES 3024,-37.855718125522,144.585761038859,-37.855717625522004,144.585762138859
53314060150,26 TECOMA ST MANOR LAKES 3024,-37.854888861931,144.586399907519,-37.854888361931,144.586401007519
53313923790,7 TECOMA ST MANOR LAKES 3024,-37.855883542381,144.585225267608,-37.855883042381,144.585226367608
53314084118,17 TECOMA ST MANOR LAKES 3024,-37.855362146094,144.585326269542,-37.855361646094,144.585327369542
53313926448,9 TECOMA ST MANOR LAKES 3024,-37.855772104978,144.58524588709,-37.855771604978,144.58524698709
53313989379,14 TECOMA ST MANOR LAKES 3024,-37.855447767235,144.585785430198,-37.855447267235,144.585786530198
53314154686,25 TECOMA ST MANOR LAKES 3024,-37.854947116158,144.585650230099,-37.854946616158,144.58565133009898
53314117320,29 TECOMA ST MANOR LAKES 3024,-37.854803198881,144.585805043851,-37.854802698881,144.585806143851
53314108899,37 TECOMA ST MANOR LAKES 3024,-37.854522237486,144.586107462917,-37.854521737486,144.586108562917
53314103825,13 TECOMA ST MANOR LAKES 3024,-37.855576010354,144.585282096912,-37.855575510354,144.585283196912
53313930962,11 TECOMA ST MANOR LAKES 3024,-37.855669594303,144.585264830191,-37.855669094303,144.58526593019099
53313972914,32 TECOMA ST MANOR LAKES 3024,-37.854621604949,144.586687490617,-37.854621104949004,144.586688590617
53314034310,27 TECOMA ST MANOR LAKES 3024,-37.854868326269,144.585735054959,-37.854867826269,144.585736154959
53313829393,9 TEDDY WALK AINTREE 3336,-37.723560113331,144.669274717881,-37.723559613331,144.669275817881
53313829344,17 TEDDY WALK AINTREE 3336,-37.723338998725,144.669147061496,-37.723338498725,144.669148161496
53313829377,11 TEDDY WALK AINTREE 3336,-37.723506846336,144.669244040115,-37.723506346336,144.66924514011498
53314089354,15 TEEWAH WALK ARMSTRONG CREEK 3217,-38.227144604655,144.34635988639,-38.227144104655004,144.34636098638998
53314089379,19 TEEWAH WALK ARMSTRONG CREEK 3217,-38.227258347081,144.346338177261,-38.227257847081,144.346339277261
53313967302,26 TEKAPO ST TRUGANINA 3029,-37.754211434049,144.680348301623,-37.754210934049,144.680349401623
53313981949,18 TEKAPO ST TRUGANINA 3029,-37.753737353605,144.680414853934,-37.753736853605,144.680415953934
53313840921,23 TEKAPO ST TRUGANINA 3029,-37.754132308883,144.680883653779,-37.754131808883,144.680884753779
53314077177,34 TEKAPO ST TRUGANINA 3029,-37.754672396814,144.680282252226,-37.754671896814,144.68028335222598
53314162333,12 TEKAPO ST TRUGANINA 3029,-37.753401658383,144.680462966059,-37.753401158383,144.680464066059
53313896476,20 TEKAPO ST TRUGANINA 3029,-37.753849210103,144.680398844499,-37.753848710103,144.680399944499
53313782108,28 TEKAPO ST TRUGANINA 3029,-37.754323332456,144.680332292188,-37.754322832456005,144.680333392188
53313838899,21 TEKAPO ST TRUGANINA 3029,-37.754020452385,144.680899663214,-37.754019952385,144.680900763214
53313772066,5 TEKAPO ST TRUGANINA 3029,-37.753098484945,144.681031845827,-37.753097984945,144.68103294582698
53314010295,10 TEKAPO ST TRUGANINA 3029,-37.753289759976,144.680479143132,-37.753289259976,144.680480243132
53313965059,16 TEKAPO ST TRUGANINA 3029,-37.753625455198,144.680430863369,-37.753624955198,144.680431963369
53313965693,35 TEKAPO ST TRUGANINA 3029,-37.754823480619,144.680785836969,-37.754822980619004,144.68078693696899
53313946216,6 TEKAPO ST TRUGANINA 3029,-37.753034656752,144.680515604411,-37.753034156752,144.680516704411
53313958061,33 TEKAPO ST TRUGANINA 3029,-37.754704876689,144.680802852232,-37.754704376689,144.680803952232
53314038252,24 TEKAPO ST TRUGANINA 3029,-37.754093123485,144.680363808144,-37.754092623485,144.68036490814399
53313887870,9 TEKAPO ST TRUGANINA 3029,-37.75332228176,144.680999743138,-37.75332178176,144.68100084313798
53313756845,25 TELFER ST LUCAS 3350,-37.557029885965,143.779582550647,-37.557029385965,143.779583650647
53313931762,15 TELFER ST LUCAS 3350,-37.556323291527,143.779709871756,-37.556322791527,143.779710971756
53313791942,21 TELFER ST LUCAS 3350,-37.556753450798,143.779632339151,-37.556752950798,143.77963343915098
53314097365,14 TELFER ST LUCAS 3350,-37.556260594892,143.779161443831,-37.556260094892004,143.77916254383098
53313743868,37 TELFER ST LUCAS 3350,-37.557861203122,143.779432430761,-37.557860703122,143.779433530761
53314064521,39 TELFER ST LUCAS 3350,-37.557983746546,143.779370237039,-37.557983246546,143.77937133703898
53314097372,27 TELFER ST LUCAS 3350,-37.557154692503,143.779560003327,-37.557154192503,143.77956110332698
53314143929,31 TELFER ST LUCAS 3350,-37.55743108576,143.779510131003,-37.55743058576,143.779511231003
53313487648,2 TELFORD CT DARLEY 3340,-37.650250269869,144.423879247356,-37.650249769869,144.423880347356
53304648508,5 TELFORD CT DEER PARK 3023,-37.752218888026,144.765004434048,-37.752218388026,144.765005534048
53302010836,2 TELFORD CT MEADOW HEIGHTS 3048,-37.65639391153,144.917208144868,-37.656393411530004,144.917209244868
53313045589,37 TELOPEA RD CRAIGIEBURN 3064,-37.574019668425,144.895930348381,-37.574019168425004,144.895931448381
53313213500,47 TELOPEA RD CRAIGIEBURN 3064,-37.574087352294,144.896472154603,-37.574086852294,144.896473254603
53313243579,16 TELOPEA RD CRAIGIEBURN 3064,-37.574225988972,144.894697957157,-37.574225488972004,144.894699057157
53313233258,24 TELOPEA RD CRAIGIEBURN 3064,-37.574283237371,144.89515653108,-37.574282737371,144.89515763108
53313187398,19 TELOPEA RD CRAIGIEBURN 3064,-37.573893269326,144.894918317392,-37.573892769326,144.894919417392
53313176519,43 TELOPEA RD CRAIGIEBURN 3064,-37.574060907389,144.89626026009,-37.574060407389,144.89626136009
53313053120,4 TELOPEA RD CRAIGIEBURN 3064,-37.574135171051,144.893971078514,-37.574134671051,144.893972178514
53313166641,10 TELOPEA RD CRAIGIEBURN 3064,-37.574180559057,144.894334517836,-37.574180059057,144.894335617836
53313131935,27 TELOPEA RD CRAIGIEBURN 3064,-37.573954708676,144.895410335108,-37.573954208676,144.895411435108
53313253974,30 TELOPEA RD CRAIGIEBURN 3064,-37.5743300503,144.895531118333,-37.5743295503,144.895532218333
53313113734,20 TELOPEA RD CRAIGIEBURN 3064,-37.574256708647,144.894944049835,-37.574256208647,144.894945149835
53313114071,8 TELOPEA RD CRAIGIEBURN 3064,-37.574165890726,144.894217087372,-37.574165390726,144.894218187372
53313121688,29 TELOPEA RD CRAIGIEBURN 3064,-37.573967993992,144.895516533822,-37.573967493992,144.89551763382198
53313718861,7 TELOPEA RD CRAIGIEBURN 3064,-37.573816407273,144.894303253337,-37.573815907273,144.894304353337
53313325056,7 TELOPEA ST MOUNT DUNEED 3217,-38.217740109292,144.333739087141,-38.217739609292,144.333740187141
53313304430,6 TELOPEA ST MOUNT DUNEED 3217,-38.217886205864,144.334241498417,-38.217885705864,144.33424259841698
53313325048,5 TELOPEA ST MOUNT DUNEED 3217,-38.2178718309,144.333713857612,-38.2178713309,144.333714957612
53313325071,4 TELOPEA ST MOUNT DUNEED 3217,-38.218015831997,144.334216604165,-38.218015331997,144.33421770416498
53313290499,9 TELOPEA ST MOUNT DUNEED 3217,-38.217615428482,144.333763059384,-38.217614928482,144.333764159384
53313311000,14 TELOPEA ST MOUNT DUNEED 3217,-38.2174208426,144.334330765686,-38.2174203426,144.33433186568598
53313312203,8 TELOPEA ST MOUNT DUNEED 3217,-38.217761525054,144.334265386841,-38.217761025054,144.334266486841
53312141331,10 TEMPLETON ST AVOCA 3467,-37.092046447607,143.468165008104,-37.092045947607,143.468166108104
53314116885,68 TEMPLETONIA CCT MICKLEHAM 3064,-37.563688386028,144.88356854994,-37.563687886028,144.88356964994
53314119129,25 TEMPLETONIA CCT MICKLEHAM 3064,-37.563803218102,144.88427321654,-37.563802718102004,144.88427431654
53314123907,80 TEMPLETONIA CCT MICKLEHAM 3064,-37.564359776473,144.883431170547,-37.564359276473,144.883432270547
53314133368,8 TEMPLETONIA CCT MICKLEHAM 3064,-37.565196080862,144.884452673087,-37.565195580862,144.884453773087
53314135827,49 TEMPLETONIA CCT MICKLEHAM 3064,-37.563623258641,144.884029051701,-37.563622758641,144.88403015170098
53314167936,37 TEMPLETONIA CCT MICKLEHAM 3064,-37.563273775188,144.884205909858,-37.563273275188,144.884207009858
53314112339,9 TEMPLETONIA CCT MICKLEHAM 3064,-37.564763616568,144.88407674473,-37.564763116568,144.88407784473
53314119888,13 TEMPLETONIA CCT MICKLEHAM 3064,-37.564496862499,144.884131310919,-37.564496362499,144.884132410919
53314168298,29 TEMPLETONIA CCT MICKLEHAM 3064,-37.563574266417,144.884320071379,-37.563573766417,144.88432117137899
53314136486,70 TEMPLETONIA CCT MICKLEHAM 3064,-37.563788424043,144.883548098096,-37.563787924043,144.883549198096
53314146065,78 TEMPLETONIA CCT MICKLEHAM 3064,-37.564250811732,144.88345346641,-37.564250311732,144.88345456641
53314170263,67 TEMPLETONIA CCT MICKLEHAM 3064,-37.564499167523,144.88384993043,-37.564498667523004,144.88385103042998
53314177786,21 TEMPLETONIA CCT MICKLEHAM 3064,-37.564045538923,144.884223679492,-37.564045038923,144.884224779492
53314153746,65 TEMPLETONIA CCT MICKLEHAM 3064,-37.564396908304,144.883870801369,-37.564396408304,144.883871901369
53314155833,73 TEMPLETONIA CCT MICKLEHAM 3064,-37.564779290727,144.883792598212,-37.564778790727004,144.883793698212
53314116380,17 TEMPLETONIA CCT MICKLEHAM 3064,-37.564267868905,144.884178165758,-37.564267368905,144.88417926575798
53314157325,62 TEMPLETONIA CCT MICKLEHAM 3064,-37.563352690806,144.883637197727,-37.563352190806,144.883638297727
53314124523,41 TEMPLETONIA CCT MICKLEHAM 3064,-37.563183711638,144.883671731168,-37.563183211638,144.88367283116798
53314139266,84 TEMPLETONIA CCT MICKLEHAM 3064,-37.564608760907,144.883380208576,-37.564608260907,144.883381308576
53314179295,12 TEMPLETONIA CCT MICKLEHAM 3064,-37.564978235199,144.884497264812,-37.564977735199,144.884498364812
53314149068,46 TEMPLETONIA CCT MICKLEHAM 3064,-37.563202445192,144.884860536496,-37.563201945192,144.884861636496
53314149712,88 TEMPLETONIA CCT MICKLEHAM 3064,-37.56457816696,144.883430583814,-37.56457766696,144.883431683814
53314173678,26 TEMPLETONIA CCT MICKLEHAM 3064,-37.564277927188,144.884640511537,-37.564277427188,144.88464161153698
53314195467,3 TEMPLETONIA CCT MICKLEHAM 3064,-37.565157356469,144.88399619464,-37.565156856469,144.88399729463998
53314148615,27 TEMPLETONIA CCT MICKLEHAM 3064,-37.563685410453,144.884297272602,-37.563684910453,144.884298372602
53314149050,44 TEMPLETONIA CCT MICKLEHAM 3064,-37.563313086314,144.884837905357,-37.563312586314,144.88483900535698
53314149415,57 TEMPLETONIA CCT MICKLEHAM 3064,-37.564005641064,144.883950848544,-37.564005141064,144.883951948544
53314109600,74 TEMPLETONIA CCT MICKLEHAM 3064,-37.564166364057,144.88347073313,-37.564165864057,144.88347183313
53314142293,45 TEMPLETONIA CCT MICKLEHAM 3064,-37.563427625021,144.884069117198,-37.563427125021,144.884070217198
53314104022,51 TEMPLETONIA CCT MICKLEHAM 3064,-37.56372551786,144.884008180762,-37.56372501786,144.884009280762
53314096020,53 TEMPLETONIA CCT MICKLEHAM 3064,-37.563827777078,144.883987226004,-37.563827277078,144.883988326004
53314111961,30 TEMPLETONIA CCT MICKLEHAM 3064,-37.564091178386,144.884678733016,-37.564090678386,144.88467983301598
53314111986,28 TEMPLETONIA CCT MICKLEHAM 3064,-37.564184552787,144.884659622277,-37.564184052787,144.884660722277
53314112529,10 TEMPLETONIA CCT MICKLEHAM 3064,-37.56508715803,144.88447496895,-37.565086658030005,144.88447606895
53314097836,82 TEMPLETONIA CCT MICKLEHAM 3064,-37.564484247735,144.883405689561,-37.564483747735004,144.88340678956098
53314143994,36 TEMPLETONIA CCT MICKLEHAM 3064,-37.563746598346,144.884749224821,-37.563746098346,144.884750324821
53314144860,66 TEMPLETONIA CCT MICKLEHAM 3064,-37.563563872857,144.883594030926,-37.563563372857004,144.88359513092598
53314105722,60 TEMPLETONIA CCT MICKLEHAM 3064,-37.56327708604,144.883652704248,-37.563276586040004,144.88365380424798
53314155123,61 TEMPLETONIA CCT MICKLEHAM 3064,-37.564174578322,144.883916315103,-37.564174078322004,144.88391741510299
53314155207,59 TEMPLETONIA CCT MICKLEHAM 3064,-37.564081203921,144.883935425842,-37.564080703921,144.883936525842
53301968023,8 TEMPY CT BROADMEADOWS 3047,-37.673928014782,144.938940743422,-37.673927514782,144.938941843422
53307182686,8 TEMPY CT BROADMEADOWS 3047,-37.673928014782,144.938940743422,-37.673927514782,144.938941843422
53302109652,6 TEMPY CT BROADMEADOWS 3047,-37.673798640107,144.938972259378,-37.673798140107,144.938973359378
53312653779,39 TENBURY WELLS AVE DRYSDALE 3222,-38.166334106664,144.564343432227,-38.166333606664004,144.56434453222698
53312664810,32 TENBURY WELLS AVE DRYSDALE 3222,-38.166794021692,144.563965911308,-38.166793521692,144.563967011308
53312733422,55 TENBURY WELLS AVE DRYSDALE 3222,-38.167460215356,144.564147128055,-38.167459715356,144.564148228055
53312733489,57 TENBURY WELLS AVE DRYSDALE 3222,-38.167607527304,144.564137656504,-38.167607027304,144.56413875650398
53312583365,21 TENBURY WELLS AVE DRYSDALE 3222,-38.165303258302,144.563988123352,-38.165302758302005,144.563989223352
53312583430,27 TENBURY WELLS AVE DRYSDALE 3222,-38.165358327406,144.564488942066,-38.165357827406,144.56449004206598
53312583497,16 TENBURY WELLS AVE DRYSDALE 3222,-38.165542268271,144.564204376454,-38.165541768271,144.564205476454
53312602133,20 TENBURY WELLS AVE DRYSDALE 3222,-38.165861409235,144.564169256279,-38.165860909235,144.564170356279
53311525491,15 TENBURY WELLS AVE DRYSDALE 3222,-38.165235448706,144.563459728176,-38.165234948706,144.563460828176
53311525525,11 TENBURY WELLS AVE DRYSDALE 3222,-38.165417210276,144.563199553901,-38.165416710276,144.563200653901
53311525567,3 TENBURY WELLS AVE DRYSDALE 3222,-38.165930979031,144.563084721827,-38.165930479031005,144.563085821827
53311525624,2 TENBURY WELLS AVE DRYSDALE 3222,-38.166000045913,144.563391918579,-38.165999545913,144.56339301857898
53311525658,12 TENBURY WELLS AVE DRYSDALE 3222,-38.16549046811,144.563655613253,-38.16548996811,144.56365671325298
53312733448,40 TENBURY WELLS AVE DRYSDALE 3222,-38.167445882302,144.563874967659,-38.167445382302,144.56387606765898
53312733471,34 TENBURY WELLS AVE DRYSDALE 3222,-38.167002479624,144.563928444201,-38.167001979624004,144.563929544201
53312733507,38 TENBURY WELLS AVE DRYSDALE 3222,-38.167288805436,144.563878068963,-38.167288305436,144.56387916896298
53312602091,31 TENBURY WELLS AVE DRYSDALE 3222,-38.165742553848,144.564469998965,-38.165742053848,144.564471098965
53312602125,35 TENBURY WELLS AVE DRYSDALE 3222,-38.166021545495,144.56441937227,-38.166021045495,144.56442047227
53312602159,22 TENBURY WELLS AVE DRYSDALE 3222,-38.165990113358,144.564109996224,-38.165989613358,144.564111096224
53312664792,43 TENBURY WELLS AVE DRYSDALE 3222,-38.166583635922,144.5643129221,-38.166583135922004,144.56431402209998
53312653720,26 TENBURY WELLS AVE DRYSDALE 3222,-38.166371112767,144.564080994839,-38.166370612767004,144.564082094839
53312653762,37 TENBURY WELLS AVE DRYSDALE 3222,-38.166204857717,144.564398501331,-38.166204357717,144.564399601331
53311525483,17 TENBURY WELLS AVE DRYSDALE 3222,-38.165256445373,144.56361512866,-38.165255945373,144.56361622865998
53311525533,7 TENBURY WELLS AVE DRYSDALE 3222,-38.165683251883,144.563136270532,-38.165682751883004,144.563137370532
53311525618,4 TENBURY WELLS AVE DRYSDALE 3222,-38.165864552448,144.563373310754,-38.165864052448,144.563374410754
53314043146,4 TENDER LANE FRASER RISE 3336,-37.704314551179,144.704711141393,-37.704314051179004,144.704712241393
53314043138,2 TENDER LANE FRASER RISE 3336,-37.70436635134,144.704829326228,-37.70436585134,144.704830426228
53314174536,8 TENDRIL ST LARA 3212,-38.01212670189,144.357751898634,-38.01212620189,144.357752998634
53314163191,9 TENDRIL ST LARA 3212,-38.011970714672,144.357312016355,-38.011970214672004,144.357313116355
53314152401,14 TENDRIL ST LARA 3212,-38.011882495141,144.357805123719,-38.011881995141,144.357806223719
53314187736,10 TENDRIL ST LARA 3212,-38.012042338034,144.357770338821,-38.012041838034,144.357771438821
53314162721,6 TENDRIL ST LARA 3212,-38.012211065745,144.357733542266,-38.012210565745,144.357734642266
53313769938,2 TENNEYSON CL ARMSTRONG CREEK 3217,-38.242278717571,144.370993042537,-38.242278217571,144.370994142537
53314164974,4 TENNEYSON CL ARMSTRONG CREEK 3217,-38.242257385627,144.370815681466,-38.242256885627,144.370816781466
53300376939,2 TENNYSON ST HAMILTON 3300,-37.739887075568,142.012791767226,-37.739886575568,142.01279286722598
53302552117,1 TENNYSON ST NORLANE 3214,-38.096446384721,144.357160387727,-38.096445884721,144.35716148772698
53313728777,17 TENOR ST STRATHTULLOH 3338,-37.73091590392,144.6111340656,-37.73091540392,144.6111351656
53313736227,7 TENOR ST STRATHTULLOH 3338,-37.730985641354,144.611880306439,-37.730985141354004,144.61188140643898
53313836169,18 TENOR ST STRATHTULLOH 3338,-37.730540813753,144.611245461093,-37.730540313753,144.611246561093
53313818934,8 TENOR ST STRATHTULLOH 3338,-37.730606611693,144.61194954096,-37.730606111693,144.61195064096
53313716782,10 TENOR ST STRATHTULLOH 3338,-37.730593452105,144.611808724986,-37.730592952105,144.61180982498598
53313815122,16 TENOR ST STRATHTULLOH 3338,-37.730553973341,144.611386277066,-37.730553473341004,144.611387377066
53313720553,15 TENOR ST STRATHTULLOH 3338,-37.730929063508,144.611274797754,-37.730928563508,144.61127589775398
53313726955,12 TENOR ST STRATHTULLOH 3338,-37.730580292517,144.611667909013,-37.730579792517,144.61166900901299
53313940862,19 TENOR ST STRATHTULLOH 3338,-37.730902744332,144.610993249626,-37.730902244332,144.610994349626
53313873302,3 TENOR ST STRATHTULLOH 3338,-37.73101372073,144.612180797668,-37.73101322073,144.612181897668
53313110030,27 TENTERDEN ST YARRAVILLE 3013,-37.824075602844,144.874595974048,-37.824075102844,144.87459707404798
53307264079,1 TENTH ST HEPBURN SPRINGS 3461,-37.312527465314,144.139439446917,-37.312526965314,144.139440546917
53303289483,6-8 TENTH ST HEPBURN SPRINGS 3461,-37.311951251058,144.138830478374,-37.311950751058,144.13883157837398
53313710323,4 TERAI ST WYNDHAM VALE 3024,-37.862784195627,144.619738089209,-37.862783695627,144.61973918920899
53313603733,6 TERAI ST WYNDHAM VALE 3024,-37.862914618041,144.619793242132,-37.862914118041004,144.619794342132
53313788186,13 TERAI ST WYNDHAM VALE 3024,-37.863181791205,144.620456418311,-37.863181291205,144.62045751831099
53313809118,12 TERAI ST WYNDHAM VALE 3024,-37.863271854754,144.61994319438,-37.863271354754,144.61994429438
53313990577,14 TERAI ST WYNDHAM VALE 3024,-37.863385010447,144.619991055047,-37.863384510447,144.619992155047
53314116555,10 TERAI ST WYNDHAM VALE 3024,-37.86316490167,144.619898015922,-37.86316440167,144.61989911592198
53301960030,10 TERANG ST BROADMEADOWS 3047,-37.672742939402,144.940055368906,-37.672742439402,144.940056468906
53302165142,2 TERANG ST BROADMEADOWS 3047,-37.672894861397,144.940849638051,-37.672894361397,144.94085073805098
53302172304,22 TERANG ST BROADMEADOWS 3047,-37.672687618841,144.93884736902,-37.672687118841004,144.93884846902
53302174904,12 TERANG ST BROADMEADOWS 3047,-37.672722739015,144.939882450243,-37.672722239015,144.939883550243
53302086019,25 TERANG ST BROADMEADOWS 3047,-37.673159100894,144.93881535015,-37.673158600894,144.93881645015
53301976969,8 TERANG ST BROADMEADOWS 3047,-37.672761463408,144.940230047768,-37.672760963408,144.940231147768
53302085563,20 TERANG ST BROADMEADOWS 3047,-37.672653001581,144.939177616005,-37.672652501581,144.939178716005
53301970483,14 TERANG ST BROADMEADOWS 3047,-37.672705137018,144.939711794695,-37.672704637018,144.939712894695
53302096585,4 TERANG ST BROADMEADOWS 3047,-37.672798972424,144.940582003882,-37.672798472424,144.940583103882
53302164770,16 TERANG ST BROADMEADOWS 3047,-37.672687618841,144.939541390603,-37.672687118841004,144.939542490603
53308395344,23A TERANG ST BROADMEADOWS 3047,-37.673326697048,144.938956836676,-37.673326197048,144.938957936676
53312911964,35 TERMINUS ST TARNEIT 3029,-37.821677079341,144.698392611322,-37.821676579341,144.69839371132198
53312911948,39 TERMINUS ST TARNEIT 3029,-37.821680809288,144.69819890554,-37.821680309288,144.69820000554
53312912399,29 TERMINUS ST TARNEIT 3029,-37.821673475123,144.698631411744,-37.821672975123,144.698632511744
53313733803,5 TERRACO PL BROOKFIELD 3338,-37.690831128364,144.547605945052,-37.690830628364004,144.547607045052
53313360020,37 TERRACOTTA AVE TARNEIT 3029,-37.812702533702,144.68169468673,-37.812702033702,144.68169578673
53313501106,28 TERRACOTTA AVE TARNEIT 3029,-37.811843723902,144.682180920933,-37.811843223902,144.682182020933
53313411700,34 TERRACOTTA AVE TARNEIT 3029,-37.812167977827,144.681628218238,-37.812167477827,144.68162931823798
53313757652,11 TERRACOTTA AVE TARNEIT 3029,-37.811143541621,144.682844013294,-37.811143041621,144.68284511329398
53313774807,10 TERRACOTTA AVE TARNEIT 3029,-37.810954655433,144.682390468513,-37.810954155433,144.682391568513
53313409702,55 TERRACOTTA AVE TARNEIT 3029,-37.813312317158,144.681113317926,-37.813311817158,144.68111441792598
53313479811,25 TERRACOTTA AVE TARNEIT 3029,-37.812220029445,144.682369597574,-37.812219529445,144.682370697574
53313542253,35 TERRACOTTA AVE TARNEIT 3029,-37.812627138483,144.681800131072,-37.812626638483,144.681801231072
53313545083,45 TERRACOTTA AVE TARNEIT 3029,-37.813008640806,144.681266539116,-37.813008140806,144.681267639116
53313559182,39 TERRACOTTA AVE TARNEIT 3029,-37.812777928921,144.681589242388,-37.812777428921,144.68159034238798
53313396733,13 TERRACOTTA AVE TARNEIT 3029,-37.811251458624,144.682825070193,-37.811250958624,144.68282617019298
53313363115,21 TERRACOTTA AVE TARNEIT 3029,-37.812019743869,144.682573110183,-37.812019243869,144.682574210183
53313261797,18 TERRACOTTA AVE TARNEIT 3029,-37.811343617649,144.682326849868,-37.811343117649,144.68232794986798
53313812104,3 TERRACOTTA AVE TARNEIT 3029,-37.810724069276,144.682910733243,-37.810723569276,144.682911833243
53313812418,4 TERRACOTTA AVE TARNEIT 3029,-37.810597041534,144.682447465454,-37.810596541534004,144.682448565454
53313633128,14 TERRACOTTA AVE TARNEIT 3029,-37.811183649027,144.682352330853,-37.811183149027,144.682353430853
53313711414,36 TERRACOTTA AVE TARNEIT 3029,-37.812249408016,144.681491341759,-37.812248908016,144.681492441759
53313974496,7 TERRACOTTA AVE TARNEIT 3029,-37.810944178054,144.682875696888,-37.810943678054,144.682876796888
53313759501,53 TERRACOTTA AVE TARNEIT 3029,-37.81323511983,144.681026146133,-37.81323461983,144.681027246133
53313916234,30 TERRACOTTA AVE TARNEIT 3029,-37.811993089417,144.681872802173,-37.811992589417,144.68187390217298
53314056338,85 TERRENE TCE POINT COOK 3030,-37.906000659757,144.735037453815,-37.906000159757,144.735038553815
53314111481,91 TERRENE TCE POINT COOK 3030,-37.906335055784,144.734976936474,-37.906334555784,144.734978036474
53314146080,74 TERRENE TCE POINT COOK 3030,-37.905938466036,144.734490199357,-37.905937966036,144.734491299357
53313929211,34 TERRIGAL RD TRUGANINA 3029,-37.754742176158,144.681140140016,-37.754741676158,144.681141240016
53313806997,22 TERRIGAL RD TRUGANINA 3029,-37.754051004422,144.681237873007,-37.754050504422004,144.681238973007
53313903488,14 TERRIGAL RD TRUGANINA 3029,-37.753576588702,144.681305850242,-37.753576088702005,144.681306950242
53313796123,9 TERRIGAL RD TRUGANINA 3029,-37.75344260398,144.681850338672,-37.75344210398,144.681851438672
53313825525,7 TERRIGAL RD TRUGANINA 3029,-37.753330705573,144.681866431926,-37.753330205573,144.681867531926
53313826333,21 TERRIGAL RD TRUGANINA 3029,-37.754140774605,144.681750342567,-37.754140274605,144.681751442567
53313856983,30 TERRIGAL RD TRUGANINA 3029,-37.75451167382,144.681173164715,-37.75451117382,144.681174264715
53313783590,10 TERRIGAL RD TRUGANINA 3029,-37.753352833797,144.681337952931,-37.753352333797004,144.68133905293098
53314036661,4 TERRIGAL RD TRUGANINA 3029,-37.753017138575,144.681386148874,-37.753016638575,144.681387248874
53313813794,29 TERRIGAL RD TRUGANINA 3029,-37.754635013526,144.681680772771,-37.754634513526,144.68168187277098
53313830213,3 TERRIGAL RD TRUGANINA 3029,-37.75308679219,144.681901384463,-37.75308629219,144.681902484463
53313868062,27 TERRIGAL RD TRUGANINA 3029,-37.754509704073,144.681698710044,-37.754509204073,144.681699810044
53313792625,20 TERRIGAL RD TRUGANINA 3029,-37.753939106015,144.681253882442,-37.753938606015,144.681254982442
53313885990,11 TERRIGAL RD TRUGANINA 3029,-37.753554460478,144.681834329237,-37.753553960478,144.681835429237
53314126199,5 TERRIGAL RD TRUGANINA 3029,-37.753212101643,144.68188344719,-37.753211601643,144.68188454718998
53313941489,17 TERRIGAL RD TRUGANINA 3029,-37.75391697779,144.681782361437,-37.75391647779,144.681783461437
53313972467,15 TERRIGAL RD TRUGANINA 3029,-37.75379837386,144.681799376701,-37.75379787386,144.681800476701
53313947682,32 TERRIGAL RD TRUGANINA 3029,-37.754623572228,144.681157071461,-37.754623072228,144.681158171461
53313979868,19 TERRIGAL RD TRUGANINA 3029,-37.754028876198,144.681766352002,-37.754028376198,144.681767452002
53313519327,2 TERRY RD WARRNAMBOOL 3280,-38.364380834794,142.516506101245,-38.364380334794,142.516507201245
53313991048,6 TERRY RD WARRNAMBOOL 3280,-38.364252424037,142.516007461825,-38.364251924037,142.516008561825
53313820840,9 TERRY RD WARRNAMBOOL 3280,-38.364650773986,142.51557772165,-38.364650273986,142.51557882165
53313791983,5 TERRY RD WARRNAMBOOL 3280,-38.364695072344,142.515951135436,-38.364694572344,142.515952235436
53313807994,31 TERRY RD WARRNAMBOOL 3280,-38.364402963018,142.513515522011,-38.364402463018,142.513516622011
53313816525,14 TERRY RD WARRNAMBOOL 3280,-38.364156032151,142.515181089991,-38.364155532151,142.51518218999098
53313824824,11 TERRY RD WARRNAMBOOL 3280,-38.364626592195,142.515374041402,-38.364626092195,142.515375141402
53313519442,2 TERRY RD WARRNAMBOOL 3280,-38.364380834794,142.516506101245,-38.364380334794,142.516507201245
53313842660,15 TERRY RD WARRNAMBOOL 3280,-38.364579569718,142.514977912658,-38.364579069718005,142.514979012658
53313938228,30 TERRY RD WARRNAMBOOL 3280,-38.363985711878,142.513720711001,-38.363985211878,142.513721811001
53313823652,21 TERRY RD WARRNAMBOOL 3280,-38.364440555854,142.514431664028,-38.364440055854004,142.514432764028
53313991056,6 TERRY RD WARRNAMBOOL 3280,-38.364252424037,142.516007461825,-38.364251924037,142.516008561825
53314111879,33 TERRY RD WARRNAMBOOL 3280,-38.364385947755,142.513345034101,-38.364385447755,142.513346134101
53314097126,20 TERRY RD WARRNAMBOOL 3280,-38.364082103765,142.514547082835,-38.364081603765,142.514548182835
53313892665,18 TERRY RD WARRNAMBOOL 3280,-38.364104525356,142.514739531332,-38.364104025356,142.514740631332
53306714455,15 TESBURY RD CAMPERDOWN 3260,-38.273013689682,143.166142112187,-38.273013189682004,143.166143212187
53314042485,9 TESERO LANE DEANSIDE 3336,-37.721418830436,144.71115120906,-37.721418330436,144.71115230906
53314042460,3 TESERO LANE DEANSIDE 3336,-37.721607507077,144.711113406676,-37.721607007077004,144.71111450667598
53314042452,1 TESERO LANE DEANSIDE 3336,-37.721717435737,144.711085075844,-37.721716935737,144.711086175844
53314042477,11 TESERO LANE DEANSIDE 3336,-37.721310242881,144.711166547943,-37.721309742881004,144.711167647943
53314046438,7 TESERO LANE DEANSIDE 3336,-37.721480395515,144.711132517416,-37.721479895515,144.71113361741598
53313490553,37 TESLA RD ROCKBANK 3335,-37.735191973734,144.662176838453,-37.735191473734,144.662177938453
53313588222,23 TESLA RD ROCKBANK 3335,-37.736299181234,144.661991430755,-37.736298681234004,144.661992530755
53313679908,29 TESLA RD ROCKBANK 3335,-37.735915751073,144.662055971409,-37.735915251073,144.66205707140898
53313494792,35 TESLA RD ROCKBANK 3335,-37.735319211024,144.662155548419,-37.735318711024,144.662156648419
53313507249,39 TESLA RD ROCKBANK 3335,-37.735080326784,144.662195446278,-37.735079826784,144.66219654627798
53313555967,26 TESLA RD ROCKBANK 3335,-37.736270557035,144.662523094873,-37.736270057035,144.662524194873
53313625587,36 TESLA RD ROCKBANK 3335,-37.735350643161,144.662673382397,-37.735350143161,144.662674482397
53313594262,42 TESLA RD ROCKBANK 3335,-37.734935738954,144.662768181722,-37.734935238954,144.66276928172198
53313597026,38 TESLA RD ROCKBANK 3335,-37.735228309285,144.662702299963,-37.735227809285,144.662703399963
53313950465,28 TESLA RD ROCKBANK 3335,-37.736152204562,144.662542876165,-37.736151704562005,144.66254397616498
53313768550,1 TETON WAY TRUGANINA 3029,-37.757624545022,144.695761448096,-37.757624045022,144.69576254809598
53313879836,18 TEXEL RD MAMBOURIN 3024,-37.891141557084,144.587230637943,-37.891141057084,144.587231737943
53313844533,4 TEXEL RD MAMBOURIN 3024,-37.89105622931,144.588269071927,-37.891055729310004,144.58827017192698
53314036119,24 TEXEL RD MAMBOURIN 3024,-37.891174372235,144.586834928294,-37.891173872235,144.586836028294
53313879828,16 TEXEL RD MAMBOURIN 3024,-37.891129151867,144.587380422553,-37.891128651867,144.587381522553
53313707856,10 TEXEL RD MAMBOURIN 3024,-37.891093528779,144.587812006747,-37.891093028779004,144.58781310674698
53313991964,22 TEXEL RD MAMBOURIN 3024,-37.891162889028,144.586973397335,-37.891162389028004,144.58697449733498
53313855431,20 TEXEL RD MAMBOURIN 3024,-37.891153040291,144.587092168903,-37.891152540291,144.587093268903
53313874952,14 TEXEL RD MAMBOURIN 3024,-37.891117417203,144.58752174144,-37.891116917203,144.58752284144
53313880969,9 TEXEL RD MAMBOURIN 3024,-37.89150977409,144.587596424198,-37.89150927409,144.587597524198
53313316022,4 THACKER CT CARDIGAN 3352,-37.532244262999,143.775949414715,-37.532243762999,143.775950514715
53314003141,2 THACKER CT CARDIGAN 3352,-37.532217985733,143.776719879255,-37.532217485733,143.776720979255
53314042329,6 THAMES ST AINTREE 3336,-37.715004285665,144.669433471127,-37.715003785665004,144.669434571127
53314070736,8 THAMES ST AINTREE 3336,-37.714985510202,144.669272790043,-37.714985010202,144.669273890043
53314101906,3 THATCHER WAY STRATHTULLOH 3338,-37.724510285875,144.609817436249,-37.724509785875,144.60981853624898
53301293661,26 THE AVENUE COBURG 3058,-37.752648963478,144.965577342066,-37.752648463478,144.965578442066
53309878561,81-87 THE AVENUE OCEAN GROVE 3226,-38.265270236072,144.523790695017,-38.265269736072,144.523791795017
53313307368,105 THE AVENUE SPOTSWOOD 3015,-37.826805337252,144.875559054723,-37.826804837252,144.875560154723
53308609142,2 THE BOARD WALK CRESWICK 3363,-37.445253309535,143.895637627642,-37.445252809535,143.895638727642
53303418142,48 THE BOULEVARD MOONEE PONDS 3039,-37.76652822167,144.903811768118,-37.76652772167,144.903812868118
53306828049,7 THE BOULEVARD MOONEE PONDS 3039,-37.76652822167,144.903811768118,-37.76652772167,144.903812868118
53302322666,79 THE BOULEVARD NORLANE 3214,-38.096690675289,144.348314713849,-38.096690175289,144.34831581384898
53302693827,1A THE BOULEVARD NORLANE 3214,-38.098829089401,144.354609463069,-38.098828589401,144.354610563069
53306984109,34 THE BROADWAY CAROLINE SPRINGS 3023,-37.72884603484,144.747546270838,-37.72884553484,144.747547370838
53307111688,23 THE BROADWAY CAROLINE SPRINGS 3023,-37.728161149532,144.748401811695,-37.728160649532,144.748402911695
53307182869,17 THE BROADWAY CAROLINE SPRINGS 3023,-37.727567207873,144.74848537927,-37.727566707873,144.74848647926999
53307280894,12 THE BROADWAY CAROLINE SPRINGS 3023,-37.727311895102,144.747958073741,-37.727311395102,144.74795917374098
53307360952,12-20 THE BROADWAY CAROLINE SPRINGS 3023,-37.727311895102,144.747958073741,-37.727311395102,144.74795917374098
53307533418,52 THE BROADWAY CAROLINE SPRINGS 3023,-37.729559250981,144.747426325803,-37.729558750981,144.74742742580298
53307192396,21 THE BROADWAY CAROLINE SPRINGS 3023,-37.728022345215,144.74843081308,-37.728021845215004,144.74843191308
53307152671,30 THE BROADWAY CAROLINE SPRINGS 3023,-37.728636864446,144.747588683268,-37.728636364446004,144.74758978326798
53306984117,36 THE BROADWAY CAROLINE SPRINGS 3023,-37.728934883014,144.747527746832,-37.728934383014,144.74752884683198
53307497209,35 THE BROADWAY CAROLINE SPRINGS 3023,-37.729316469156,144.748160999617,-37.729315969156,144.748162099617
53307309890,38 THE BROADWAY CAROLINE SPRINGS 3023,-37.729023773097,144.747509222826,-37.729023273097,144.747510322826
53307280845,12 THE BROADWAY CAROLINE SPRINGS 3023,-37.727311895102,144.747958073741,-37.727311395102,144.74795917374098
53307280886,12 THE BROADWAY CAROLINE SPRINGS 3023,-37.727311895102,144.747958073741,-37.727311395102,144.74795917374098
53307288523,15 THE BROADWAY CAROLINE SPRINGS 3023,-37.727393870115,144.748498538858,-37.727393370115,144.748499638858
53307347361,12 THE BROADWAY CAROLINE SPRINGS 3023,-37.727311895102,144.747958073741,-37.727311395102,144.74795917374098
53313057048,1A THE CRESCENT ASCOT VALE 3032,-37.777382241458,144.922875149605,-37.777381741458,144.922876249605
53303423101,99999 THE CROSSWAY STRATHMORE 3041,-37.741873685985,144.923542633571,-37.741873185985,144.923543733571
53304144523,16 THE CROSSWAY S AVONDALE HEIGHTS 3034,-37.753336447176,144.855872227278,-37.753335947176,144.855873327278
53313544472,28A THE CROSSWAY S AVONDALE HEIGHTS 3034,-37.75088017236,144.856162827861,-37.75087967236,144.856163927861
53304051508,24 THE CROSSWAY S AVONDALE HEIGHTS 3034,-37.751164612244,144.855934085723,-37.751164112244,144.85593518572298
53304281177,8 THE CROSSWAY S AVONDALE HEIGHTS 3034,-37.753876954202,144.856233571123,-37.753876454202,144.856234671123
53304338743,4 THE CROSSWAY S AVONDALE HEIGHTS 3034,-37.754112904777,144.856459044319,-37.754112404777004,144.856460144319
53304239545,18 THE CROSSWAY S AVONDALE HEIGHTS 3034,-37.75161601964,144.855723448496,-37.75161551964,144.855724548496
53304240118,20 THE CROSSWAY S AVONDALE HEIGHTS 3034,-37.75141774572,144.855829395752,-37.75141724572,144.855830495752
53304245917,10 THE CROSSWAY S AVONDALE HEIGHTS 3034,-37.753751393293,144.856132233914,-37.753750893293,144.856133333914
53304224713,11 THE CROSSWAY S AVONDALE HEIGHTS 3034,-37.753442645889,144.855392782416,-37.753442145889004,144.855393882416
53304451589,7 THE CROSSWAY S AVONDALE HEIGHTS 3034,-37.753816520681,144.855526976686,-37.753816020681,144.855528076686
53304451762,26 THE CROSSWAY S AVONDALE HEIGHTS 3034,-37.751040140982,144.855999213111,-37.751039640982,144.856000313111
53312495593,88 THE ESPLANADE CAROLINE SPRINGS 3023,-37.734576155308,144.745187603284,-37.734575655308,144.745188703284
53302303799,31 THE ESPLANADE DRUMCONDRA 3215,-38.133236904691,144.354928622188,-38.133236404691004,144.354929722188
53306157715,34B THE ESPLANADE INDENTED HEAD 3223,-38.14203178351,144.713410410416,-38.14203128351,144.713411510416
53305598627,400 THE ESPLANADE INDENTED HEAD 3223,-38.152805128206,144.715495549476,-38.152804628206,144.715496649476
53306214357,488 THE ESPLANADE INDENTED HEAD 3223,-38.168787489724,144.717421040273,-38.168786989724,144.717422140273
53307269671,9999A THE ESPLANADE INDENTED HEAD 3223,-38.140996258609,144.712229083165,-38.140995758609,144.712230183165
53313180560,61A THE ESPLANADE MARIBYRNONG 3032,-37.767354593504,144.893214527933,-37.767354093504004,144.893215627933
53313182861,61B THE ESPLANADE MARIBYRNONG 3032,-37.767344493311,144.893141856833,-37.767343993311,144.893142956833
53305413694,33 THE ESPLANADE OCEAN GROVE 3226,-38.271171976007,144.518618557844,-38.271171476007,144.518619657844
53305081255,41 THE ESPLANADE OCEAN GROVE 3226,-38.270859750114,144.521362038572,-38.270859250114,144.52136313857199
53306123699,37 THE ESPLANADE OCEAN GROVE 3226,-38.27119858855,144.519229514766,-38.27119808855,144.519230614766
53306687346,1 THE ESPLANADE OCEAN GROVE 3226,-38.271599201612,144.513951597975,-38.271598701612,144.513952697975
53304969662,41 THE ESPLANADE OCEAN GROVE 3226,-38.270859750114,144.521362038572,-38.270859250114,144.52136313857199
53305081172,41 THE ESPLANADE OCEAN GROVE 3226,-38.270859750114,144.521362038572,-38.270859250114,144.52136313857199
53305081247,41 THE ESPLANADE OCEAN GROVE 3226,-38.270859750114,144.521362038572,-38.270859250114,144.52136313857199
53305702781,15 THE ESPLANADE OCEAN GROVE 3226,-38.269866368859,144.515704756843,-38.269865868859,144.515705856843
53306735277,35 THE ESPLANADE OCEAN GROVE 3226,-38.271176418416,144.518880157042,-38.271175918416,144.51888125704198
53305792344,5 THE ESPLANADE TORQUAY 3228,-38.316198470218,144.34942959079,-38.316197970218,144.34943069079
53307720569,5 THE ESPLANADE TORQUAY 3228,-38.316198470218,144.34942959079,-38.316197970218,144.34943069079
53306919955,3 THE GLEN DRYSDALE 3222,-38.177778463893,144.569541134205,-38.177777963893,144.569542234205
53307134102,5 THE GLEN DRYSDALE 3222,-38.178214280949,144.5694931059,-38.178213780949,144.56949420589999
53307386147,20 THE GLEN DRYSDALE 3222,-38.177992370063,144.568760108468,-38.177991870063,144.568761208468
53307658742,21 THE GLEN DRYSDALE 3222,-38.177922925995,144.568983067092,-38.177922425995,144.568984167092
53309037979,4 THE GLEN DRYSDALE 3222,-38.177977492184,144.569537865263,-38.177976992184,144.56953896526298
53306919228,3 THE GLEN DRYSDALE 3222,-38.177778463893,144.569541134205,-38.177777963893,144.569542234205
53306919988,14 THE GLEN DRYSDALE 3222,-38.178693180987,144.567720165741,-38.178692680987,144.567721265741
53306950084,3 THE GLEN DRYSDALE 3222,-38.177778463893,144.569541134205,-38.177777963893,144.569542234205
53306903711,15 THE GLEN DRYSDALE 3222,-38.178377686151,144.567638693642,-38.178377186151,144.567639793642
53307242934,16 THE GLEN DRYSDALE 3222,-38.178236199626,144.567870788541,-38.178235699626,144.567871888541
53307313827,6 THE GLEN DRYSDALE 3222,-38.178263021716,144.569231087607,-38.178262521716,144.56923218760699
53307055124,10 THE GLEN DRYSDALE 3222,-38.178500020028,144.568466155123,-38.178499520028,144.56846725512298
53307965998,19 THE GLEN DRYSDALE 3222,-38.178057455541,144.568550979983,-38.178056955541,144.568552079983
53308057400,17 THE GLEN DRYSDALE 3222,-38.178185740569,144.568139009442,-38.178185240569,144.568140109442
53307496707,40 THE GROVE COBURG 3058,-37.752193993773,144.970126871471,-37.752193493773,144.970127971471
53309282748,1 THE LANE PASCOE VALE SOUTH 3044,-37.738424496603,144.933002416479,-37.738423996603004,144.933003516479
53305768469,1 THE LANE STRATHDALE 3550,-36.775981558848,144.316491728796,-36.775981058848004,144.316492828796
53309466375,2 THE LANE STRATHDALE 3550,-36.776101797249,144.315822266189,-36.776101297249,144.315823366189
53301534692,4 THE LANE STRATHDALE 3550,-36.775928333763,144.315757138802,-36.775927833763,144.315758238802
53301534742,6 THE LANE STRATHDALE 3550,-36.77574250697,144.315708104668,-36.77574200697,144.315709204668
53308220576,7 THE LANE STRATHDALE 3550,-36.7753070671,144.316213701068,-36.7753065671,144.31621480106799
53303746808,2 THE LINK KEILOR PARK 3042,-37.718387347515,144.855496131282,-37.718386847515,144.855497231282
53306147708,7 THE LINK SUNBURY 3429,-37.566317998602,144.749321222654,-37.566317498602004,144.749322322654
53306272684,5 THE LINK SUNBURY 3429,-37.566463215075,144.749534793547,-37.566462715075,144.749535893547
53305954480,8 THE LINK SUNBURY 3429,-37.5659026753,144.749807708315,-37.5659021753,144.74980880831498
53305980173,3 THE LINK SUNBURY 3429,-37.56661685536,144.749769905931,-37.566616355360004,144.749771005931
53306912421,9 THE LINK SUNBURY 3429,-37.566193988345,144.749078231281,-37.566193488345,144.749079331281
53305981642,2 THE LINK TAYLORS HILL 3037,-37.712063746393,144.763971951215,-37.712063246393,144.763973051215
53305664669,4 THE LINK TAYLORS HILL 3037,-37.712083946779,144.764168758301,-37.712083446779005,144.764169858301
53301953644,5 THE LOOP HADFIELD 3046,-37.705485251595,144.943316264517,-37.705484751595,144.943317364517
53302020784,39 THE LOOP HADFIELD 3046,-37.707336772097,144.944057476215,-37.707336272097,144.94405857621499
53302095843,75 THE LOOP HADFIELD 3046,-37.70621116632,144.941886479474,-37.706210666320004,144.94188757947398
53302001356,3 THE LOOP HADFIELD 3046,-37.705465302665,144.943149548463,-37.705464802665,144.943150648463
53302067405,15 THE LOOP HADFIELD 3046,-37.70558696599,144.944159400158,-37.70558646599,144.94416050015798
53302079325,77 THE LOOP HADFIELD 3046,-37.706077349235,144.941909026793,-37.706076849235004,144.941910126793
53302164104,44 THE LOOP HADFIELD 3046,-37.706353197669,144.942446558244,-37.706352697669004,144.942447658244
53302172022,19 THE LOOP HADFIELD 3046,-37.705962726709,144.944458466463,-37.705962226709,144.944459566463
53302182559,53 THE LOOP HADFIELD 3046,-37.707150903394,144.942786360599,-37.707150403394,144.942787460599
53302102938,20 THE LOOP HADFIELD 3046,-37.706032254596,144.943963095985,-37.706031754596005,144.943964195985
53302119270,38 THE LOOP HADFIELD 3046,-37.706694718314,144.94255854047,-37.706694218314,144.94255964047
53302147018,37 THE LOOP HADFIELD 3046,-37.70731661362,144.944248415969,-37.70731611362,144.944249515969
53302193607,40 THE LOOP HADFIELD 3046,-37.706667980043,144.942329965971,-37.706667480043,144.942331065971
53302206431,24 THE LOOP HADFIELD 3046,-37.706378091921,144.943795374103,-37.706377591921004,144.94379647410298
53302156827,30 THE LOOP HADFIELD 3046,-37.706830295598,144.943784561448,-37.706829795598004,144.943785661448
53302160531,35 THE LOOP HADFIELD 3046,-37.707164607806,144.944293594428,-37.707164107806,144.94429469442798
53306044400,55 THE LOOP HADFIELD 3046,-37.707131960293,144.942625428058,-37.707131460293,144.94262652805799
53301953347,13 THE LOOP HADFIELD 3046,-37.705566639875,144.943990923904,-37.705566139875,144.943992023904
53301956319,9 THE LOOP HADFIELD 3046,-37.705525945735,144.943653384663,-37.705525445735,144.943654484663
53302088054,23 THE LOOP HADFIELD 3046,-37.706249471617,144.944405660473,-37.706248971617,144.944406760473
53301962546,61 THE LOOP HADFIELD 3046,-37.707109454883,144.942063756726,-37.707108954883005,144.94206485672598
53301970162,31 THE LOOP HADFIELD 3046,-37.706806407174,144.944303233616,-37.706805907174,144.944304333616
53302033892,6 THE LOOP HADFIELD 3046,-37.705886577119,144.94277236282,-37.705886077119004,144.94277346281999
53302055391,18 THE LOOP HADFIELD 3046,-37.706010000643,144.943782130696,-37.706009500643,144.943783230696
53302055558,46 THE LOOP HADFIELD 3046,-37.706218710032,144.94246935702,-37.706218210032,144.94247045702
53302014951,43 THE LOOP HADFIELD 3046,-37.707251234775,144.943633687191,-37.707250734775,144.943634787191
53302056516,85 THE LOOP HADFIELD 3046,-37.705498536912,144.941965269363,-37.705498036912005,144.941966369363
53302103135,12 THE LOOP HADFIELD 3046,-37.705948267926,144.943277456306,-37.705947767926,144.94327855630598
53302104125,57 THE LOOP HADFIELD 3046,-37.707113268649,144.942465836621,-37.707112768649004,144.942466936621
53302105544,63 THE LOOP HADFIELD 3046,-37.707047931714,144.941831075094,-37.707047431714,144.941832175094
53302124873,29 THE LOOP HADFIELD 3046,-37.70666563311,144.944329133697,-37.70666513311,144.944330233697
53302126432,59 THE LOOP HADFIELD 3046,-37.707095499014,144.942292163587,-37.707094999014004,144.942293263587
53301983916,45 THE LOOP HADFIELD 3046,-37.707231243936,144.943464875661,-37.707230743936,144.94346597566098
53302040313,69 THE LOOP HADFIELD 3046,-37.706609013354,144.941818250782,-37.706608513354,144.941819350782
53302060228,33 THE LOOP HADFIELD 3046,-37.706947055509,144.944277333535,-37.706946555509,144.944278433535
53302066927,8 THE LOOP HADFIELD 3046,-37.705907196601,144.942941258169,-37.705906696601,144.94294235816898
53302109792,10 THE LOOP HADFIELD 3046,-37.705927774173,144.943109482966,-37.705927274173,144.943110582966
53302164029,27 THE LOOP HADFIELD 3046,-37.706526619246,144.944354698502,-37.706526119246,144.944355798502
53302200659,51 THE LOOP HADFIELD 3046,-37.707170978052,144.942955423586,-37.707170478052,144.942956523586
53302166925,26 THE LOOP HADFIELD 3046,-37.706512747196,144.943770815126,-37.706512247196,144.94377191512598
53302170548,28 THE LOOP HADFIELD 3046,-37.706647025285,144.943746339969,-37.706646525285,144.943747439969
53305487820,3 THE MALL POINT COOK 3030,-37.89066923684,144.748995669535,-37.89066873684,144.74899676953498
53306764269,1 THE MEWS BARWON HEADS 3227,-38.268562396182,144.492729541144,-38.268561896182,144.492730641144
53307354531,5 THE MEWS BARWON HEADS 3227,-38.269006511322,144.493358770615,-38.269006011322,144.493359870615
53302516830,3 THE MEWS HIGHTON 3216,-38.178040607915,144.308414843077,-38.178040107915,144.308415943077
53302703610,5 THE MEWS HIGHTON 3216,-38.178087965668,144.309036780293,-38.178087465668,144.309037880293
53302728854,2 THE MEWS HIGHTON 3216,-38.178489416921,144.30833404153,-38.178488916921005,144.30833514153
53302705557,6 THE MEWS HIGHTON 3216,-38.178105777212,144.309260828565,-38.178105277212,144.30926192856498
53305467955,4 THE MEWS HIGHTON 3216,-38.178006996484,144.308698905776,-38.178006496484,144.308700005776
53303932415,19 THE MEWS HOPPERS CROSSING 3029,-37.873142216296,144.681173835267,-37.873141716296004,144.681174935267
53304090042,2 THE MEWS HOPPERS CROSSING 3029,-37.872688126691,144.680590622444,-37.872687626691004,144.68059172244398
53304396117,9 THE MEWS HOPPERS CROSSING 3029,-37.873107850493,144.68050437266,-37.873107350493,144.68050547266
53304396270,6 THE MEWS HOPPERS CROSSING 3029,-37.872998215199,144.680547204186,-37.872997715199,144.680548304186
53304397765,18 THE MEWS HOPPERS CROSSING 3029,-37.873302729741,144.681147013177,-37.873302229741,144.681148113177
53304401742,17 THE MEWS HOPPERS CROSSING 3029,-37.873458004498,144.681100158338,-37.873457504498,144.681101258338
53304288872,4 THE MEWS HOPPERS CROSSING 3029,-37.872813561872,144.680330867265,-37.872813061872,144.680331967265
53303899134,15 THE MEWS HOPPERS CROSSING 3029,-37.873436672554,144.680774605219,-37.873436172554,144.680775705219
53303906427,12 THE MEWS HOPPERS CROSSING 3029,-37.873398325347,144.680257190336,-37.873397825347,144.68025829033598
53303889754,21 THE MEWS HOPPERS CROSSING 3029,-37.872865278215,144.681076940466,-37.872864778215,144.681078040466
53304176008,1 THE MEWS HOPPERS CROSSING 3029,-37.872726934903,144.680766139496,-37.872726434903,144.680767239496
53304349443,11 THE MEWS HOPPERS CROSSING 3029,-37.873264382534,144.680265739877,-37.873263882534005,144.680266839877
53304104461,16 THE MEWS HOPPERS CROSSING 3029,-37.873469613434,144.680922964905,-37.873469113434,144.68092406490499
53304224331,10 THE MEWS HOPPERS CROSSING 3029,-37.873123734199,144.680302955527,-37.873123234199,144.680304055527
53307854423,18 THE MEWS SUNBURY 3429,-37.596012357434,144.724704746494,-37.596011857434,144.724705846494
53312754072,20 THE MEWS SUNBURY 3429,-37.596165578624,144.724661244417,-37.596165078624004,144.724662344417
53308449942,6 THE MEWS SUNBURY 3429,-37.595294531246,144.724855956028,-37.595294031246,144.724857056028
53308606165,4 THE MEWS SUNBURY 3429,-37.595255513487,144.724982606585,-37.595255013487,144.724983706585
53304519502,4 THE MEWS SUNSHINE WEST 3020,-37.792724057936,144.807423904914,-37.792723557936,144.807425004914
53312644273,7 THE MEWS SUNSHINE WEST 3020,-37.792647824526,144.806725021827,-37.792647324526,144.80672612182698
53312644372,7 THE MEWS SUNSHINE WEST 3020,-37.792647824526,144.806725021827,-37.792647324526,144.80672612182698
53304717039,6 THE MEWS SUNSHINE WEST 3020,-37.79257649453,144.807053843889,-37.792575994530004,144.807054943889
53304733200,5 THE MEWS SUNSHINE WEST 3020,-37.792578170911,144.807313347611,-37.792577670911,144.807314447611
53305341649,9 THE MEWS TORQUAY 3228,-38.337618591421,144.3067316731,-38.337618091421,144.30673277309998
53304950160,10 THE MEWS TORQUAY 3228,-38.337815021322,144.306848516831,-38.337814521322,144.306849616831
53305198874,12 THE MEWS TORQUAY 3228,-38.338121421793,144.306796213755,-38.338120921793,144.306797313755
53305077251,1 THE MEWS TORQUAY 3228,-38.338085798704,144.306425901273,-38.338085298704,144.306427001273
53306404651,7 THE MEWS TORQUAY 3228,-38.337333480985,144.306661181295,-38.337332980985,144.306662281295
53305077243,11 THE MEWS TORQUAY 3228,-38.3379554182,144.306831920662,-38.337954918200005,144.306833020662
53305209282,5 THE MEWS TORQUAY 3228,-38.337546884239,144.306415172436,-38.337546384239005,144.306416272436
53305209886,4 THE MEWS TORQUAY 3228,-38.337694280007,144.306357840219,-38.337693780007,144.30635894021898
53305187812,3 THE MEWS TORQUAY 3228,-38.337844735169,144.306323222959,-38.337844235169,144.306324322959
53305950845,6 THE MEWS TORQUAY 3228,-38.337344670825,144.306454902657,-38.337344170825,144.306456002657
53305007324,49B THE PARADE OCEAN GROVE 3226,-38.266296642025,144.519870562721,-38.266296142025,144.519871662721
53312693288,19 THE RISE PORTARLINGTON 3223,-38.121968274062,144.648247624118,-38.121967774062,144.648248724118
53313567656,82 THE RISE PORTARLINGTON 3223,-38.124324594682,144.653288584507,-38.124324094682,144.653289684507
53307377962,11 THE RISE PORTARLINGTON 3223,-38.121368967985,144.648401264403,-38.121368467985,144.64840236440298
53307307417,8 THE RISE PORTARLINGTON 3223,-38.120834789295,144.647848561708,-38.120834289295004,144.647849661708
53307787269,15 THE RISE PORTARLINGTON 3223,-38.121650055107,144.648221807856,-38.121649555107,144.648222907856
53308163842,27 THE RISE PORTARLINGTON 3223,-38.122550606785,144.648481814493,-38.122550106785,144.648482914493
53308689564,23 THE RISE PORTARLINGTON 3223,-38.122274674532,144.648348626051,-38.122274174532,144.64834972605098
53307542946,1 THE RISE PORTARLINGTON 3223,-38.120513888132,144.648680465598,-38.120513388132004,144.648681565598
53309460627,75 THE RISE PORTARLINGTON 3223,-38.123754373809,144.652786592326,-38.123753873809,144.652787692326
53309984450,56 THE RISE PORTARLINGTON 3223,-38.124046776501,144.650910219481,-38.124046276501,144.650911319481
53311256205,66 THE RISE PORTARLINGTON 3223,-38.124174726253,144.651995089209,-38.124174226253004,144.651996189209
53311520404,50 THE RISE PORTARLINGTON 3223,-38.123981397657,144.650346033578,-38.123980897657,144.65034713357798
53311318419,67 THE RISE PORTARLINGTON 3223,-38.123674787639,144.652099527722,-38.123674287639,144.65210062772198
53311323053,78 THE RISE PORTARLINGTON 3223,-38.124286498932,144.652959846264,-38.124285998932,144.652960946264
53311066606,76 THE RISE PORTARLINGTON 3223,-38.124268226383,144.652801847389,-38.124267726383,144.65280294738898
53311095257,52 THE RISE PORTARLINGTON 3223,-38.124002310505,144.650526579772,-38.124001810505,144.65052767977198
53311953840,36 THE RISE PORTARLINGTON 3223,-38.123719882278,144.649080114741,-38.123719382278004,144.649081214741
53311786639,49 THE RISE PORTARLINGTON 3223,-38.123470688296,144.650378387724,-38.123470188296004,144.650379487724
53311415297,77 THE RISE PORTARLINGTON 3223,-38.12377335882,144.652950207076,-38.123772858820004,144.652951307076
53312481529,40 THE RISE PORTARLINGTON 3223,-38.123854076547,144.649489654531,-38.123853576547,144.649490754531
53312375004,74 THE RISE PORTARLINGTON 3223,-38.124249241373,144.652638232639,-38.124248741373,144.65263933263898
53312521755,18 THE RISE PORTARLINGTON 3223,-38.122481875179,144.647777483169,-38.122481375179,144.64777858316899
53312439039,46 THE RISE PORTARLINGTON 3223,-38.123933620809,144.649968847935,-38.123933120809,144.649969947935
53312981841,38 THE RISE PORTARLINGTON 3223,-38.123784758208,144.649282872979,-38.123784258208,144.649283972979
53313500057,80 THE RISE PORTARLINGTON 3223,-38.12430489721,144.653117845139,-38.124304397210004,144.653118945139
53313601112,30 THE RISE PORTARLINGTON 3223,-38.123424336372,144.648572339047,-38.123423836372,144.648573439047
53308686553,2 THE RISE PORTARLINGTON 3223,-38.120418963079,144.647930369083,-38.120418463079,144.647931469083
53307985939,13 THE RISE PORTARLINGTON 3223,-38.121505173911,144.648264974658,-38.121504673911,144.64826607465798
53308455552,9 THE RISE PORTARLINGTON 3223,-38.121224841159,144.648467397619,-38.121224341159,144.64846849761898
53308896177,29 THE RISE PORTARLINGTON 3223,-38.12276656652,144.648600083147,-38.12276606652,144.64860118314698
53307931348,3 THE RISE PORTARLINGTON 3223,-38.120652692449,144.648653224413,-38.120652192449,144.648654324413
53308491995,7 THE RISE PORTARLINGTON 3223,-38.120928373244,144.648598993499,-38.120927873244,144.648600093499
53311058634,71 THE RISE PORTARLINGTON 3223,-38.123716613335,144.652460536292,-38.123716113335,144.652461636292
53309547168,68 THE RISE PORTARLINGTON 3223,-38.124193669355,144.652158703959,-38.124193169355,144.652159803959
53308565369,17 THE RISE PORTARLINGTON 3223,-38.121814047043,144.648218455095,-38.121813547043004,144.64821955509498
53311075639,70 THE RISE PORTARLINGTON 3223,-38.124211983813,144.652316702834,-38.124211483813,144.652317802834
53309343342,55 THE RISE PORTARLINGTON 3223,-38.123528858704,144.650880463724,-38.123528358704,144.650881563724
53311150203,20 THE RISE PORTARLINGTON 3223,-38.12276136974,144.647915616933,-38.12276086974,144.647916716933
53311606807,69 THE RISE PORTARLINGTON 3223,-38.12369632913,144.652285689792,-38.12369582913,144.652286789792
53309997378,72 THE RISE PORTARLINGTON 3223,-38.124230298272,144.652474617889,-38.124229798272005,144.652475717889
53311164622,5 THE RISE PORTARLINGTON 3223,-38.120785126519,144.648627156694,-38.120784626519004,144.648628256694
53311659266,57 THE RISE PORTARLINGTON 3223,-38.123548975272,144.651054052939,-38.123548475272,144.651055152939
53312061011,14 THE RISE PORTARLINGTON 3223,-38.122183227968,144.647668686066,-38.122182727968,144.647669786066
53309782557,51 THE RISE PORTARLINGTON 3223,-38.123490930592,144.650553234224,-38.123490430592,144.65055433422398
53311208345,81 THE RISE PORTARLINGTON 3223,-38.123815184517,144.653311299464,-38.123814684517,144.653312399464
53305806633,1 THE RISE SUNBURY 3429,-37.564987706749,144.755422829071,-37.564987206749,144.755423929071
53306691241,4 THE RISE SUNBURY 3429,-37.564635876363,144.756346766258,-37.564635376363,144.75634786625798
53313322829,8 THE RISE SUNBURY 3429,-37.563808750158,144.755943261439,-37.563808250158004,144.755944361439
53307098024,7 THE RISE SUNBURY 3429,-37.563176461292,144.754432171934,-37.563175961292,144.754433271934
53307232240,5 THE RISE SUNBURY 3429,-37.563927395998,144.75484892016,-37.563926895998,144.75485002015998
53307673130,9 THE RISE SUNBURY 3429,-37.562692951207,144.754663763919,-37.562692451207,144.754664863919
53303375929,99999 THE STRAND MOONEE PONDS 3039,-37.760774544296,144.924064373431,-37.760774044296,144.924065473431
53301684323,99999 THE STRAND NEWPORT 3015,-37.846946550945,144.894303883918,-37.846946050945,144.894304983918
53301818632,34 THE STRAND WILLIAMSTOWN 3016,-37.85391425614,144.90063888249,-37.85391375614,144.90063998249
53305137857,134 THE TERRACE OCEAN GROVE 3226,-38.26805181255,144.530936183655,-38.26805131255,144.530937283655
53313232367,108 THE TERRACE OCEAN GROVE 3226,-38.268188395662,144.527805961914,-38.268187895662,144.527807061914
53305241849,18 THE TERRACE OCEAN GROVE 3226,-38.266462729437,144.516496176141,-38.266462229437,144.516497276141
53303397294,7 THE WALK TAYLORS HILL 3037,-37.708770664273,144.750663332991,-37.708770164273,144.750664432991
53305505187,1 THE WALK TAYLORS HILL 3037,-37.708845933764,144.751272613532,-37.708845433764004,144.751273713532
53305818415,4 THE WALK TAYLORS HILL 3037,-37.708403746462,144.750886543072,-37.708403246462,144.750887643072
53305502273,2 THE WALK TAYLORS HILL 3037,-37.70824545422,144.750916885562,-37.70824495422,144.75091798556198
53308220493,5 THE WALK TAYLORS HILL 3037,-37.708795097521,144.7508650854,-37.708794597521,144.75086618539999
53302680792,15 THE WALK THOMSON 3219,-38.165027619416,144.380344564272,-38.165027119416,144.380345664272
53302288099,19 THE WALK THOMSON 3219,-38.165027619416,144.380344564272,-38.165027119416,144.380345664272
53302699650,6 THEAR ST EAST GEELONG 3219,-38.158894413225,144.371535686949,-38.158893913225,144.37153678694898
53304232368,1 THELMA CT WERRIBEE 3030,-37.909214616711,144.66792523147,-37.909214116711,144.66792633147
53313358147,18 THEMEDA AVE LARA 3212,-38.012320994405,144.384655796171,-38.012320494405,144.38465689617098
53313154745,6 THEMEDA AVE LARA 3212,-38.013101810596,144.384913623512,-38.013101310596,144.384914723512
53304721387,37 THEODORE ST ST ALBANS 3021,-37.735280193265,144.799097992852,-37.735279693265,144.799099092852
53304588629,99999 THEODORE ST ST ALBANS 3021,-37.73812881408,144.798746058015,-37.73812831408,144.798747158015
53304879093,35 THEODORE ST ST ALBANS 3021,-37.73552561539,144.79905138947,-37.735525115390004,144.79905248947
53313405980,8 THERESE CT LARA 3212,-38.029713694951,144.390857901606,-38.029713194951,144.390859001606
53314086699,3 THIELE CT DARLEY 3340,-37.661834437243,144.42473503967,-37.661833937243,144.42473613967
53314036356,8 THIELE CT DARLEY 3340,-37.661330601043,144.424488611717,-37.661330101043,144.424489711717
53314098743,10 THIELE CT DARLEY 3340,-37.661310777842,144.424310831551,-37.661310277842,144.424311931551
53314217518,6 THIMBLE WAY FRASER RISE 3336,-37.714785937087,144.697733877552,-37.714785437087,144.697734977552
53314217500,12 THIMBLE WAY FRASER RISE 3336,-37.714816111938,144.698020622459,-37.714815611938,144.698021722459
53313036456,83 THIRD AVE ALTONA NORTH 3025,-37.834437143912,144.852544946993,-37.834436643912,144.85254604699298
53312918462,95 THIRD AVE ALTONA NORTH 3025,-37.832939549271,144.852806043277,-37.832939049271005,144.852807143277
53313706429,13 THIRLMERE PL TRUGANINA 3029,-37.811159928241,144.714465078299,-37.811159428241,144.714466178299
53313680427,7 THIRLMERE PL TRUGANINA 3029,-37.811555428343,144.714322921221,-37.811554928343,144.714324021221
53314043260,9 THIRLMERE PL TRUGANINA 3029,-37.811425466934,144.714369608422,-37.811424966934,144.714370708422
53313374820,49 THOMAS ST CLIFTON SPRINGS 3222,-38.167573999692,144.557883583269,-38.167573499692004,144.55788468326898
53305241188,44 THOMAS ST CLIFTON SPRINGS 3222,-38.167708426081,144.55685428074,-38.167707926081,144.55685538074
53313274699,33 THOMAS ST CLIFTON SPRINGS 3222,-38.167412061322,144.55645597752,-38.167411561322,144.55645707751998
53313378302,45 THOMAS ST CLIFTON SPRINGS 3222,-38.167541561726,144.557599352932,-38.167541061726,144.55760045293198
53313620738,47 THOMAS ST CLIFTON SPRINGS 3222,-38.16755769689,144.557740504182,-38.16755719689,144.55774160418198
53313013083,10 THOMAS ST LAVERTON 3028,-37.860004840354,144.771180052669,-37.860004340354,144.771181152669
53313390662,15 THOMAS ST LAVERTON 3028,-37.8602648889,144.771874409528,-37.8602643889,144.771875509528
53313394794,15 THOMAS ST LAVERTON 3028,-37.8602648889,144.771874409528,-37.8602643889,144.771875509528
53313745138,15 THOMAS ST LAVERTON 3028,-37.8602648889,144.771874409528,-37.8602643889,144.771875509528
53313691697,15 THOMAS ST LAVERTON 3028,-37.8602648889,144.771874409528,-37.8602643889,144.771875509528
53313691763,15 THOMAS ST LAVERTON 3028,-37.8602648889,144.771874409528,-37.8602643889,144.771875509528
53304208483,14 THOMAS ST LAVERTON 3028,-37.860283077629,144.770902192579,-37.860282577629,144.770903292579
53313691671,15 THOMAS ST LAVERTON 3028,-37.8602648889,144.771874409528,-37.8602643889,144.771875509528
53313691715,15 THOMAS ST LAVERTON 3028,-37.8602648889,144.771874409528,-37.8602643889,144.771875509528
53313691747,15 THOMAS ST LAVERTON 3028,-37.8602648889,144.771874409528,-37.8602643889,144.771875509528
53309745976,14 THOMAS ST LAVERTON 3028,-37.860283077629,144.770902192579,-37.860282577629,144.770903292579
53304697347,38 THOMAS ST ST ALBANS 3021,-37.737515937873,144.789083561464,-37.737515437873,144.789084661464
53302356310,593 THOMPSON RD NORLANE 3214,-38.086968338158,144.347787575958,-38.086967838158,144.347788675958
53302770023,382 THOMPSON RD NORLANE 3214,-38.09615114964,144.346301057727,-38.09615064964,144.346302157727
53302769824,619 THOMPSON RD NORLANE 3214,-38.084432351442,144.348000727756,-38.084431851442,144.34800182775598
53302592599,151 THOMPSON RD NORTH GEELONG 3215,-38.116153831648,144.34190255792,-38.116153331648,144.34190365792
53302718600,161 THOMPSON RD NORTH GEELONG 3215,-38.115272306891,144.34217002445,-38.115271806891,144.34217112445
53302739876,12 THOMPSON RD NORTH GEELONG 3215,-38.124913171923,144.342515023585,-38.124912671923,144.342516123585
53302753051,407 THOMPSON RD NORTH GEELONG 3215,-38.096503926486,144.345429411319,-38.096503426486,144.345430511319
53306483175,157 THOMPSON RD NORTH GEELONG 3215,-38.115715458112,144.342084026123,-38.115714958112,144.34208512612298
53302242021,155 THOMPSON RD NORTH GEELONG 3215,-38.115864739807,144.342029543753,-38.115864239807,144.342030643753
53302581222,151 THOMPSON RD NORTH GEELONG 3215,-38.116153831648,144.34190255792,-38.116153331648,144.34190365792
53302654607,157 THOMPSON RD NORTH GEELONG 3215,-38.115715458112,144.342084026123,-38.115714958112,144.34208512612298
53302718624,161 THOMPSON RD NORTH GEELONG 3215,-38.115272306891,144.34217002445,-38.115271806891,144.34217112445
53302590506,151 THOMPSON RD NORTH GEELONG 3215,-38.116153831648,144.34190255792,-38.116153331648,144.34190365792
53302758407,381 THOMPSON RD NORTH GEELONG 3215,-38.098079556645,144.344955582332,-38.098079056645,144.344956682332
53303289303,4 THOMPSON ST BROWN HILL 3350,-37.555654667111,143.894799772601,-37.555654167111,143.894800872601
53300398131,79 THOMPSON ST HAMILTON 3300,-37.743996145542,142.023146702034,-37.743995645542,142.023147802034
53300518481,133 THOMPSON ST HAMILTON 3300,-37.744694202088,142.023859239194,-37.744693702088,142.023860339194
53300518549,14 THOMPSON ST HAMILTON 3300,-37.747166969222,142.025942496287,-37.747166469222,142.025943596287
53300509571,99999 THOMPSON ST HAMILTON 3300,-37.747021921261,142.025704960976,-37.747021421261,142.02570606097598
53312855250,29 THOMSON DR BARWON HEADS 3227,-38.279281886425,144.483529815675,-38.279281386425,144.483530915675
53306758030,39 THOMSON DR BARWON HEADS 3227,-38.278770087417,144.483199820147,-38.278769587417,144.483200920147
53313172037,29A THOMSON ST MAIDSTONE 3012,-37.787389856664,144.875241045316,-37.787389356664,144.87524214531598
53312887252,78 THORBURN ST BELL PARK 3215,-38.111275061085,144.333595086044,-38.111274561085004,144.333596186044
53313740057,2 THORN RD FRASER RISE 3336,-37.70227661715,144.713807266538,-37.70227611715,144.713808366538
53313292171,1 THORN RD FRASER RISE 3336,-37.702340948257,144.714218901803,-37.702340448257004,144.714220001803
53313270501,8 THORN RD FRASER RISE 3336,-37.70255879392,144.713740211313,-37.70255829392,144.713741311313
53304508743,8 THORNDON DR ST ALBANS 3021,-37.749448710936,144.807268252972,-37.749448210936,144.80726935297199
53304663539,8 THORNDON DR ST ALBANS 3021,-37.749448710936,144.807268252972,-37.749448210936,144.80726935297199
53304873204,8 THORNDON DR ST ALBANS 3021,-37.749448710936,144.807268252972,-37.749448210936,144.80726935297199
53304806313,8 THORNDON DR ST ALBANS 3021,-37.749448710936,144.807268252972,-37.749448210936,144.80726935297199
53305903455,8 THORNDON DR ST ALBANS 3021,-37.749448710936,144.807268252972,-37.749448210936,144.80726935297199
53306034649,8 THORNDON DR ST ALBANS 3021,-37.749448710936,144.807268252972,-37.749448210936,144.80726935297199
53313696753,6 THORNEYCROFT ENT GISBORNE 3437,-37.500332178315,144.59909673063,-37.500331678315,144.59909783063
53313855012,93 THORNTON AVE ST LEONARDS 3223,-38.184288520452,144.702579623415,-38.184288020452,144.702580723415
53314151710,95 THORNTON AVE ST LEONARDS 3223,-38.184271672826,144.702445177688,-38.184271172826,144.70244627768798
53314141513,101 THORNTON AVE ST LEONARDS 3223,-38.184587796305,144.702514496028,-38.184587296305004,144.70251559602798
53314004585,5 THORNY ST ROCKBANK 3335,-37.742757898636,144.644578278365,-37.742757398636,144.644579378365
53314125705,11 THORNY ST ROCKBANK 3335,-37.742410720206,144.644646171781,-37.742410220206004,144.644647271781
53314198701,9 THORNY ST ROCKBANK 3335,-37.742528695493,144.644623121547,-37.742528195493,144.644624221547
53314011947,1 THORNY ST ROCKBANK 3335,-37.743007302165,144.644529411869,-37.743006802165,144.644530511869
53313447719,17 THORPE ST NEWPORT 3015,-37.846153116713,144.864438616142,-37.846152616713,144.864439716142
53301861948,32 THORPE ST NEWPORT 3015,-37.845378125946,144.865317961604,-37.845377625946,144.865319061604
53313084694,1 THRIVE CRES DIGGERS REST 3427,-37.625835085113,144.698331088153,-37.625834585113004,144.698332188153
53313216198,11 THRIVE CRES DIGGERS REST 3427,-37.625503413205,144.698182393191,-37.625502913205004,144.69818349319098
53313185253,24 THRIVE CRES DIGGERS REST 3427,-37.625044420187,144.697737817046,-37.625043920187004,144.697738917046
53313660593,4 THRIVE CRES DIGGERS REST 3427,-37.625598547806,144.698852526349,-37.625598047806,144.69885362634898
53313082368,22 THRIVE CRES DIGGERS REST 3427,-37.625059298065,144.697911238623,-37.625058798065,144.69791233862298
53313291662,7 THRIVE CRES DIGGERS REST 3427,-37.625529313286,144.69837811063,-37.625528813286,144.69837921062998
53313183694,16 THRIVE CRES DIGGERS REST 3427,-37.625101165671,144.698341314075,-37.625100665671,144.698342414075
53313097417,12 THRIVE CRES DIGGERS REST 3427,-37.625131508161,144.698650438664,-37.625131008161,144.698651538664
53313494173,13 THRIVE CRES DIGGERS REST 3427,-37.625488912512,144.698033446771,-37.625488412512,144.698034546771
53313099833,20 THRIVE CRES DIGGERS REST 3427,-37.625072960567,144.698051803139,-37.625072460567004,144.698052903139
53313162342,11 THROSBY CRES DEER PARK 3023,-37.757189985252,144.772402720886,-37.757189485252,144.77240382088598
53313534565,33 THRUMS RD MAMBOURIN 3024,-37.896156156387,144.590322889663,-37.896155656387,144.590323989663
53313488507,14 THRUMS RD MAMBOURIN 3024,-37.895483634386,144.590044275201,-37.895483134386,144.590045375201
53313588025,10 THRUMS RD MAMBOURIN 3024,-37.895262435961,144.590105966008,-37.895261935961,144.590107066008
53313496856,27 THRUMS RD MAMBOURIN 3024,-37.895931814749,144.590384915746,-37.895931314749,144.590386015746
53313348759,29 THRUMS RD MAMBOURIN 3024,-37.896006581325,144.590364128626,-37.896006081325,144.59036522862598
53313397467,6 THRUMS RD MAMBOURIN 3024,-37.894874270025,144.59019322162,-37.894873770025,144.59019432162
53313584676,16 THRUMS RD MAMBOURIN 3024,-37.895595239427,144.590013094521,-37.895594739427004,144.590014194521
53313450160,4 THRUMS RD MAMBOURIN 3024,-37.894741207312,144.590224067024,-37.894740707312,144.590225167024
53313695517,9 THRUMS RD MAMBOURIN 3024,-37.895161978852,144.590599660105,-37.895161478852,144.590600760105
53314015541,20 THRUMS RD MAMBOURIN 3024,-37.895974855822,144.589909075103,-37.895974355822,144.589910175103
53307591796,44 THUNDER ST NORTH BENDIGO 3550,-36.742078855979,144.291418606551,-36.742078355979004,144.29141970655098
53313244395,67 THUNDER ST NORTH BENDIGO 3550,-36.741728492427,144.290555019067,-36.741727992427,144.290556119067
53313716668,64 THURLING PDE LUCAS 3350,-37.545088398058,143.765469353537,-37.545087898058,143.76547045353698
53313782023,8 THURLING PDE LUCAS 3350,-37.548424772708,143.760963912942,-37.548424272708004,143.760965012942
53314139398,6 THURLING PDE LUCAS 3350,-37.548567306971,143.760937342309,-37.548566806971,143.760938442309
53314157210,32 THURLING PDE LUCAS 3350,-37.547185466414,143.762260090449,-37.547184966414,143.76226119044898
53314055968,86 THURLING PDE LUCAS 3350,-37.543441982727,143.767928268652,-37.543441482727005,143.767929368652
53314070182,24 THURLING PDE LUCAS 3350,-37.547545804431,143.761716943123,-37.547545304431004,143.76171804312298
53313751771,40 THURLING PDE LUCAS 3350,-37.546602211681,143.763166258001,-37.546601711681,143.763167358001
53314157234,36 THURLING PDE LUCAS 3350,-37.546903415372,143.762620177009,-37.546902915372,143.762621277009
53314157226,34 THURLING PDE LUCAS 3350,-37.546986899128,143.762472152599,-37.546986399128,143.762473252599
53314070174,22 THURLING PDE LUCAS 3350,-37.547609213529,143.761621305608,-37.547608713529,143.761622405608
53313889777,18 THURLING PDE LUCAS 3350,-37.547784982039,143.761356437468,-37.547784482039,143.761357537468
53313774243,7 THYANVER CT BROWN HILL 3350,-37.541620762805,143.922955088282,-37.541620262805004,143.922956188282
53313564712,4 THYANVER CT BROWN HILL 3350,-37.541876159395,143.922400625386,-37.541875659395004,143.92240172538598
53313427370,10 THYANVER CT BROWN HILL 3350,-37.54168702175,143.923685906419,-37.54168652175,143.923687006419
53313484760,5 THYANVER CT BROWN HILL 3350,-37.541792340363,143.922582847962,-37.541791840363004,143.92258394796198
53314027413,55 THYME CRES FRASER RISE 3336,-37.708349767005,144.700286418526,-37.708349267005,144.70028751852598
53314065941,18 THYME CRES FRASER RISE 3336,-37.706746518475,144.700800815924,-37.706746018475,144.700801915924
53314059408,34 THYME CRES FRASER RISE 3336,-37.707659223912,144.701154364599,-37.707658723912004,144.701155464599
53313984495,29 THYME CRES FRASER RISE 3336,-37.706389533219,144.700381385489,-37.706389033219004,144.700382485489
53313985866,16 THYME CRES FRASER RISE 3336,-37.706642876243,144.700760666607,-37.706642376243,144.700761766607
53313993280,47 THYME CRES FRASER RISE 3336,-37.708225211924,144.700795786782,-37.708224711924004,144.700796886782
53314053617,45 THYME CRES FRASER RISE 3336,-37.708192061497,144.700931322156,-37.708191561497,144.700932422156
53314063418,49 THYME CRES FRASER RISE 3336,-37.708258320442,144.700660335226,-37.708257820442,144.70066143522598
53314071643,7 THYME CRES FRASER RISE 3336,-37.70676080962,144.698923101974,-37.70676030962,144.698924201974
53314086731,43 THYME CRES FRASER RISE 3336,-37.708158952979,144.701066773711,-37.708158452979,144.701067873711
53314095016,17 THYME CRES FRASER RISE 3336,-37.706561781329,144.699676970346,-37.706561281329,144.69967807034598
53314141727,23 THYME CRES FRASER RISE 3336,-37.706488900681,144.699975030823,-37.706488400681,144.699976130823
53314142260,15 THYME CRES FRASER RISE 3336,-37.706584286739,144.69958485323,-37.706583786739,144.69958595322998
53313984505,27 THYME CRES FRASER RISE 3336,-37.706422683646,144.700245933933,-37.706422183646,144.70024703393298
53314102488,33 THYME CRES FRASER RISE 3336,-37.706323274275,144.700652372418,-37.706322774275,144.700653472418
53314049508,9 THYME CRES FRASER RISE 3336,-37.70672271387,144.699068108899,-37.70672221387,144.699069208899
53314010923,25 THYME CRES FRASER RISE 3336,-37.706455792164,144.700110482378,-37.706455292164,144.70011158237799
53314060753,37 THYME CRES FRASER RISE 3336,-37.708059585517,144.701473212196,-37.708059085517,144.70147431219598
53314062303,41 THYME CRES FRASER RISE 3336,-37.708125802552,144.701202225267,-37.708125302552,144.701203325267
53314199955,31 THYME CRES FRASER RISE 3336,-37.706356424702,144.700516920863,-37.706355924702,144.700518020863
53314104865,39 THYME CRES FRASER RISE 3336,-37.708092694035,144.701337676822,-37.708092194035004,144.70133877682198
53314027405,53 THYME CRES FRASER RISE 3336,-37.708321897177,144.700400244771,-37.708321397177,144.700401344771
53314099840,24 THYME CRES FRASER RISE 3336,-37.707075885361,144.70092838849,-37.707075385361,144.70092948849
53313978794,15 THYRIDIA ST MICKLEHAM 3064,-37.568000037022,144.888116486784,-37.567999537022004,144.888117586784
53313886080,22 THYRIDIA ST MICKLEHAM 3064,-37.567518496685,144.888702381816,-37.567517996685,144.88870348181598
53313918123,8 THYRIDIA ST MICKLEHAM 3064,-37.568431453578,144.888527116221,-37.568430953578,144.888528216221
53313999642,27 THYRIDIA ST MICKLEHAM 3064,-37.567259747333,144.888267863955,-37.567259247333,144.888268963955
53313967946,3 THYRIDIA ST MICKLEHAM 3064,-37.568768364177,144.888033589762,-37.568767864177,144.88803468976198
53313890629,10 THYRIDIA ST MICKLEHAM 3064,-37.568338037267,144.88854622696,-37.568337537267,144.88854732695998
53314068324,9 THYRIDIA ST MICKLEHAM 3064,-37.568353543788,144.88804415096,-37.568353043788,144.88804525096
53314068894,19 THYRIDIA ST MICKLEHAM 3064,-37.567771085337,144.888163341623,-37.567770585337,144.888164441623
53313963608,23 THYRIDIA ST MICKLEHAM 3064,-37.567528764516,144.888212878671,-37.567528264516,144.888213978671
53314077697,21 THYRIDIA ST MICKLEHAM 3064,-37.567646572165,144.888188822609,-37.567646072165005,144.888189922609
53313893498,18 THYRIDIA ST MICKLEHAM 3064,-37.567714130305,144.888662316319,-37.567713630305,144.888663416319
53313936439,11 THYRIDIA ST MICKLEHAM 3064,-37.568229030617,144.888069631945,-37.568228530617,144.888070731945
53313972863,17 THYRIDIA ST MICKLEHAM 3064,-37.567888892986,144.888139201742,-37.567888392986,144.888140301742
53313937065,6 THYRIDIA ST MICKLEHAM 3064,-37.568515943162,144.8885098495,-37.568515443162,144.8885109495
53313878424,26 THYRIDIA ST MICKLEHAM 3064,-37.567349559426,144.888736915257,-37.567349059426,144.888738015257
53314046166,5 THYRIDIA ST MICKLEHAM 3064,-37.568629811317,144.887987656932,-37.568629311317004,144.887988756932
53313915070,24 THYRIDIA ST MICKLEHAM 3064,-37.567425122283,144.888721492555,-37.567424622283,144.88872259255498
53314036488,1 TIDEPOOL PL ARMSTRONG CREEK 3217,-38.222696622006,144.360535947774,-38.222696122006,144.360537047774
53311263804,8 TIERNAN ST FOOTSCRAY 3011,-37.794344122666,144.896095150963,-37.794343622666,144.89609625096298
53314184866,13 TIERRA BVD TARNEIT 3029,-37.852653492173,144.637310916855,-37.852652992173,144.637312016855
53313218531,12A TIMBARRA DR WERRIBEE 3030,-37.917914194017,144.641399609224,-37.917913694017,144.641400709224
53313219027,10A TIMBARRA DR WERRIBEE 3030,-37.91783775106,144.641459791288,-37.91783725106,144.641460891288
53313219051,8B TIMBARRA DR WERRIBEE 3030,-37.917801666967,144.641494240911,-37.917801166967,144.64149534091098
53313219092,14A TIMBARRA DR WERRIBEE 3030,-37.917990636974,144.641339510978,-37.917990136974,144.641340610978
53313219126,14B TIMBARRA DR WERRIBEE 3030,-37.91803246267,144.64131252125,-37.91803196267,144.64131362125
53313986343,31 TIMBERLAND DR TARNEIT 3029,-37.828146316031,144.683590254133,-37.828145816031004,144.683591354133
53313503990,10 TIMBERTON WAY TRUGANINA 3029,-37.81457085992,144.711333515454,-37.814570359920005,144.71133461545398
53313503974,4 TIMBERTON WAY TRUGANINA 3029,-37.814630748618,144.711613890115,-37.814630248618,144.71161499011498
53313504017,12 TIMBERTON WAY TRUGANINA 3029,-37.814561975102,144.711243409995,-37.814561475102,144.711244509995
53313504049,9 TIMBERTON WAY TRUGANINA 3029,-37.814977088857,144.711224131617,-37.814976588857,144.711225231617
53312974003,10 TIME LANE WESTMEADOWS 3049,-37.672962042351,144.907909010028,-37.672961542351004,144.90791011002798
53312973929,7 TIME LANE WESTMEADOWS 3049,-37.672863052074,144.907506091943,-37.672862552074,144.90750719194298
53312973961,8 TIME LANE WESTMEADOWS 3049,-37.673026038182,144.907844469374,-37.673025538182,144.907845569374
53312973994,9 TIME LANE WESTMEADOWS 3049,-37.672798679058,144.907553365877,-37.672798179058,144.90755446587698
53314215067,9 TIMETABLE ST MAMBOURIN 3024,-37.894064536269,144.59771338133,-37.894064036269,144.59771448133
53314215396,1 TIMETABLE ST MAMBOURIN 3024,-37.894379737738,144.597756799589,-37.894379237738,144.597757899589
53314205101,23 TIMETABLE ST MAMBOURIN 3024,-37.893495907957,144.597634926717,-37.893495407957005,144.597636026717
53314205174,37 TIMETABLE ST MAMBOURIN 3024,-37.892927279646,144.597556472103,-37.892926779646004,144.597557572103
53314160248,46 TIMETABLE ST MAMBOURIN 3024,-37.893164613234,144.597955115418,-37.893164113234,144.59795621541798
53314184592,12 TIMETABLE ST MAMBOURIN 3024,-37.894075768019,144.598080843966,-37.894075268019,144.59808194396598
53314192091,50 TIMETABLE ST MAMBOURIN 3024,-37.893063862758,144.597941285278,-37.893063362758,144.597942385278
53314192159,22 TIMETABLE ST MAMBOURIN 3024,-37.89382724459,144.598046561982,-37.89382674459,144.59804766198198
53314168026,36 TIMETABLE ST MAMBOURIN 3024,-37.893415357868,144.597989732678,-37.893414857868,144.597990832678
53314184576,16 TIMETABLE ST MAMBOURIN 3024,-37.893988470498,144.598068774025,-37.893987970498,144.598069874025
53314192075,54 TIMETABLE ST MAMBOURIN 3024,-37.892976565237,144.597929215337,-37.892976065237,144.59793031533698
53314192119,32 TIMETABLE ST MAMBOURIN 3024,-37.893572057548,144.598011357988,-37.893571557548,144.598012457988
53314192141,26 TIMETABLE ST MAMBOURIN 3024,-37.893739947068,144.598034492041,-37.893739447068,144.598035592041
53314178792,2 TIMETABLE ST MAMBOURIN 3024,-37.894353795747,144.598119149263,-37.894353295747,144.598120249263
53314215041,17 TIMETABLE ST MAMBOURIN 3024,-37.893724272909,144.597666442673,-37.893723772909,144.59766754267298
53314190502,24 TIMETABLE ST MAMBOURIN 3024,-37.893780264023,144.598040024097,-37.893779764023,144.598041124097
53314196332,58 TIMETABLE ST MAMBOURIN 3024,-37.892869109238,144.597914379368,-37.892868609238,144.597915479368
53314205091,21 TIMETABLE ST MAMBOURIN 3024,-37.893572015638,144.597645404096,-37.893571515638,144.597646504096
53314205125,27 TIMETABLE ST MAMBOURIN 3024,-37.893316828596,144.597610200102,-37.893316328596,144.597611300102
53314205159,33 TIMETABLE ST MAMBOURIN 3024,-37.893079536917,144.59757751068,-37.893079036917,144.59757861068
53314192068,56 TIMETABLE ST MAMBOURIN 3024,-37.892922837237,144.597921839262,-37.892922337237,144.597922939262
53314192083,52 TIMETABLE ST MAMBOURIN 3024,-37.893023587713,144.597935669403,-37.893023087713004,144.597936769403
53314192101,48 TIMETABLE ST MAMBOURIN 3024,-37.893110885235,144.597947739343,-37.893110385235,144.597948839343
53314192133,28 TIMETABLE ST MAMBOURIN 3024,-37.893692924592,144.598028037976,-37.893692424592004,144.598029137976
53314192167,18 TIMETABLE ST MAMBOURIN 3024,-37.893934742498,144.59806139795,-37.893934242498,144.59806249795
53314205119,25 TIMETABLE ST MAMBOURIN 3024,-37.89341083164,144.597623192052,-37.89341033164,144.597624292052
53314205141,31 TIMETABLE ST MAMBOURIN 3024,-37.893155644598,144.597587988059,-37.893155144598,144.59758908805898
53314205167,35 TIMETABLE ST MAMBOURIN 3024,-37.893003387327,144.597567033301,-37.893002887327,144.597568133301
53314205182,39 TIMETABLE ST MAMBOURIN 3024,-37.892840694586,144.5975445698,-37.892840194586,144.59754566979998
53308343749,7 TIMMS CT SUNBURY 3429,-37.575959366549,144.708218381139,-37.575958866549,144.708219481139
53302770873,5 TIMMS CT SUNBURY 3429,-37.575768971618,144.70816716771,-37.575768471618,144.70816826771
53313971801,12 TIMOR RD TRUGANINA 3029,-37.829653256493,144.711521856818,-37.829652756493005,144.711522956818
53313857569,11 TIMOR RD TRUGANINA 3029,-37.830023024152,144.711341142986,-37.830022524152,144.71134224298598
53313924475,19 TIMOR RD TRUGANINA 3029,-37.829989370811,144.710943002585,-37.829988870811,144.710944102585
53313914337,20 TIMOR RD TRUGANINA 3029,-37.829604096631,144.710940152738,-37.829603596631,144.710941252738
53313941273,10 TIMOR RD TRUGANINA 3029,-37.829665871258,144.71167147379,-37.829665371258,144.71167257379
53313941893,14 TIMOR RD TRUGANINA 3029,-37.82964059982,144.711372156027,-37.829640099820004,144.711373256027
53313905336,21 TIMOR RD TRUGANINA 3029,-37.829961542892,144.710613677609,-37.829961042892,144.71061477760898
53313939572,18 TIMOR RD TRUGANINA 3029,-37.829616711396,144.711089769709,-37.829616211396,144.71109086970898
53314103453,1 TIMOR RD TRUGANINA 3029,-37.830101897861,144.712274048809,-37.830101397861,144.712275148809
53313841177,28 TIMOR RD TRUGANINA 3029,-37.829554936769,144.710358448657,-37.829554436769,144.71035954865698
53313872213,23 TIMOR RD TRUGANINA 3029,-37.82994788039,144.710451655421,-37.82994738039,144.710452755421
53313985675,13 TIMOR RD TRUGANINA 3029,-37.830014935615,144.711245170194,-37.830014435615,144.71124627019398
53313924468,17 TIMOR RD TRUGANINA 3029,-37.829998716633,144.711053140793,-37.829998216633,144.711054240793
53313925509,9 TIMOR RD TRUGANINA 3029,-37.830032202336,144.711449520994,-37.830031702336,144.711450620994
53313803184,25 TIMOR RD TRUGANINA 3029,-37.829934511255,144.710293572727,-37.829934011255,144.710294672727
53313957939,8 TIMOR RD TRUGANINA 3029,-37.82967781547,144.711812708858,-37.82967731547,144.71181380885798
53314110376,27 TIMOR RD TRUGANINA 3029,-37.829919256191,144.710113361809,-37.829918756191,144.71011446180898
53314001989,6 TIMOR RD TRUGANINA 3029,-37.829689759682,144.711953860108,-37.829689259682,144.711954960108
53313960606,22 TIMOR RD TRUGANINA 3029,-37.829591439958,144.710790451947,-37.829590939958,144.71079155194698
53313880051,16 TIMOR RD TRUGANINA 3029,-37.829628655608,144.711231004778,-37.829628155608,144.711232104778
53314051884,15 TIMOR RD TRUGANINA 3029,-37.830006805169,144.711149113584,-37.830006305169,144.711150213584
53300509762,231 TIMOR ST WARRNAMBOOL 3280,-38.384052335805,142.479084694083,-38.384051835805,142.479085794083
53313792484,8 TIMOR WALK EYNESBURY 3338,-37.784785557438,144.548106344672,-37.784785057438,144.54810744467198
53313902548,4 TIMOR WALK EYNESBURY 3338,-37.784725249645,144.547892438503,-37.784724749645,144.547893538503
53314186664,7 TINKER LANE MADDINGLEY 3340,-37.690440364038,144.401920588874,-37.690439864038,144.40192168887398
53313874201,17 TINSMITH DR KYNETON 3444,-37.263453936793,144.45858485273,-37.263453436793,144.45858595273
53313966080,3 TINSMITH DR KYNETON 3444,-37.263286005363,144.457237377976,-37.263285505363,144.457238477976
53313936653,4 TINSMITH DR KYNETON 3444,-37.262824246317,144.45755555502,-37.262823746317004,144.45755665502
53313669866,15 TINSMITH DR KYNETON 3444,-37.263434490777,144.458428949331,-37.263433990777,144.45843004933099
53313768344,12 TINSMITH DR KYNETON 3444,-37.262914477504,144.458279416178,-37.262913977504,144.45828051617798
53313770006,9 TINSMITH DR KYNETON 3444,-37.263344636775,144.457708021839,-37.263344136775004,144.457709121839
53313726351,6 TINSMITH DR KYNETON 3444,-37.26284645836,144.457733754282,-37.26284595836,144.457734854282
53313986519,14 TINSMITH DR KYNETON 3444,-37.26293392352,144.458435319578,-37.26293342352,144.458436419578
53313818257,10 TINTAGEL WAY WERRIBEE 3030,-37.905950619795,144.61293726443,-37.905950119795,144.61293836443
53314127568,8 TINTAGEL WAY WERRIBEE 3030,-37.905838050836,144.612942042115,-37.905837550836004,144.612943142115
53313707618,1 TINTAGEL WAY WERRIBEE 3030,-37.905418746129,144.613460211369,-37.905418246129,144.61346131136898
53313679956,9 TINTAGEL WAY WERRIBEE 3030,-37.905857496851,144.613441687363,-37.905856996851,144.613442787363
53313793815,36 TINTAGEL WAY WERRIBEE 3030,-37.905872207091,144.612599306094,-37.905871707091,144.612600406094
53314118766,6 TINTAGEL WAY WERRIBEE 3030,-37.905725523786,144.61294673598,-37.905725023786005,144.61294783597998
53314064273,20 TINTAGEL WAY WERRIBEE 3030,-37.906599253373,144.613030219736,-37.906598753373004,144.613031319736
53314093884,11 TINTAGEL WAY WERRIBEE 3030,-37.905984692232,144.613436322945,-37.905984192232005,144.613437422945
53313902169,4 TINTAGEL WAY WERRIBEE 3030,-37.905612996735,144.612951513665,-37.905612496735,144.612952613665
53314146569,30 TINTAGEL WAY WERRIBEE 3030,-37.906238999174,144.612591678562,-37.906238499174,144.612592778562
53306174109,2 TINWORTH AVE MOUNT CLEAR 3350,-37.590715581361,143.866455528823,-37.590715081361004,143.866456628823
53313178605,209 TINWORTH AVE MOUNT CLEAR 3350,-37.59441899955,143.86461796419,-37.59441849955,143.86461906418998
53303011429,4 TINWORTH AVE MOUNT CLEAR 3350,-37.590652214173,143.866260817212,-37.590651714173,143.866261917212
53303270909,10 TINWORTH AVE MOUNT CLEAR 3350,-37.59071130659,143.865687830311,-37.59071080659,143.865688930311
53314062007,4 TIPPERARY DR ROCKBANK 3335,-37.738947988366,144.646360941532,-37.738947488366,144.646362041532
53314094354,9 TIPPERARY DR ROCKBANK 3335,-37.738394237933,144.646634359214,-37.738393737933,144.646635459214
53314082887,6 TIPPERARY DR ROCKBANK 3335,-37.738961650868,144.646490274298,-37.738961150868,144.646491374298
53314084677,1 TIPPERARY DR ROCKBANK 3335,-37.738540544053,144.646289695355,-37.738540044053,144.646290795355
53314092706,5 TIPPERARY DR ROCKBANK 3335,-37.738570006443,144.646568561274,-37.738569506443,144.646569661274
53314133730,10 TIPPERARY DR ROCKBANK 3335,-37.73898658703,144.646726392511,-37.73898608703,144.646727492511
53314151387,2 TIPPERARY DR ROCKBANK 3335,-37.738933194307,144.646220963749,-37.738932694307,144.64622206374898
53313220843,31 TIPPERARY ST ALFREDTON 3350,-37.565222986771,143.800912147295,-37.565222486771,143.800913247295
53313407409,28 TIPPERARY ST ALFREDTON 3350,-37.565557047522,143.800259699952,-37.565556547522,143.80026079995199
53313994783,1 TIRARI ST TRUGANINA 3029,-37.768572819311,144.689278381266,-37.768572319311,144.689279481266
53313793186,3 TIRARI ST TRUGANINA 3029,-37.768692135703,144.689261282184,-37.768691635703,144.68926238218398
53312533443,1-3 TISPA DR LEOPOLD 3224,-38.19928743327,144.454632617745,-38.19928693327,144.454633717745
53314105375,19 TOADLET ST WYNDHAM VALE 3024,-37.876304247359,144.622826066158,-37.876303747359,144.622827166158
53314096161,21 TOADLET ST WYNDHAM VALE 3024,-37.876227636764,144.622731685928,-37.876227136764,144.62273278592798
53314220810,9 TOADLET ST WYNDHAM VALE 3024,-37.876665758843,144.62307006336,-37.876665258843,144.62307116335998
53314096153,11 TOADLET ST WYNDHAM VALE 3024,-37.876598829346,144.623023208521,-37.876598329346,144.623024308521
53314113080,7 TOADLET ST WYNDHAM VALE 3024,-37.876731598692,144.623119432769,-37.876731098692,144.62312053276898
53314192991,13 TOADLET ST WYNDHAM VALE 3024,-37.876530600654,144.622979287348,-37.876530100654,144.62298038734798
53314222341,31 TOBIANO ST ARMSTRONG CREEK 3217,-38.230711942646,144.35872009227,-38.230711442646005,144.35872119227
53313785588,51 TOBIN CRES EPSOM 3551,-36.699543170025,144.31939915955,-36.699542670025004,144.31940025954998
53314064430,47 TOBIN CRES EPSOM 3551,-36.69985698848,144.319336630553,-36.69985648848,144.319337730553
53313550092,61 TOBIN CRES EPSOM 3551,-36.698692406853,144.319322213679,-36.698691906853,144.31932331367898
53313492814,3 TOBOL ST TRUGANINA 3029,-37.767168515253,144.68910495969,-37.767168015253,144.68910605969
53305631001,57 TOBRUK CRES WILLIAMSTOWN 3016,-37.863430079159,144.885869458034,-37.863429579159,144.885870558034
53313729702,36 TODD ST LUCAS 3350,-37.558009101803,143.78071972345,-37.558008601803,143.78072082345
53313803201,24 TODD ST LUCAS 3350,-37.557177742737,143.780869759517,-37.557177242737,143.780870859517
53313755113,25 TODD ST LUCAS 3350,-37.557368095758,143.78141835508,-37.557367595758,143.78141945508
53313763998,20 TODD ST LUCAS 3350,-37.556883705574,143.780922816964,-37.556883205574,143.78092391696399
53313772306,11 TODD ST LUCAS 3350,-37.556404344531,143.781547184932,-37.556403844531005,143.781548284932
53313725009,37 TODD ST LUCAS 3350,-37.558196521158,143.781223392012,-37.558196021158004,143.781224492012
53313734603,35 TODD ST LUCAS 3350,-37.558074606377,143.781290866333,-37.558074106377,143.781291966333
53313709638,13 TODD ST LUCAS 3350,-37.556536736692,143.781568558785,-37.556536236692004,143.781569658785
53313758733,21 TODD ST LUCAS 3350,-37.557109555955,143.781465042281,-37.557109055955,143.781466142281
53313703896,26 TODD ST LUCAS 3350,-37.557302549275,143.780847296017,-37.557302049275,143.78084839601698
53314114590,30 TODD ST LUCAS 3350,-37.557596754077,143.780794154751,-37.557596254077,143.78079525475098
53313574479,24 TOLHURST ST TARNEIT 3029,-37.826531374746,144.681989394446,-37.826530874746,144.68199049444598
53313590634,25 TOLHURST ST TARNEIT 3029,-37.826083236293,144.681884369199,-37.826082736293,144.681885469199
53313885743,10 TOLHURST ST TARNEIT 3029,-37.826369729744,144.680521387924,-37.826369229744,144.68052248792398
53313642649,6 TOLHURST ST TARNEIT 3029,-37.826337836602,144.68023170935,-37.826337336602,144.68023280935
53313672786,8 TOLHURST ST TARNEIT 3029,-37.826354265132,144.680380739588,-37.826353765132,144.680381839588
53313535126,23 TOLHURST ST TARNEIT 3029,-37.826067771682,144.681743804683,-37.826067271682,144.681744904683
53313535555,18 TOLHURST ST TARNEIT 3029,-37.826484939003,144.681567533259,-37.826484439003,144.681568633259
53313577597,13 TOLHURST ST TARNEIT 3029,-37.825948581018,144.680661533345,-37.825948081018,144.68066263334498
53314015600,4 TOLHURST ST TARNEIT 3029,-37.826318767772,144.680059042145,-37.826318267772,144.68006014214498
53313671864,5 TOLHURST ST TARNEIT 3029,-37.825890326791,144.680132802893,-37.825889826791,144.680133902893
53313693394,33 TOLHURST ST TARNEIT 3029,-37.82613977223,144.682403041368,-37.82613927223,144.68240414136798
53314061132,26 TOLHURST ST TARNEIT 3029,-37.826547845186,144.682139011418,-37.826547345186,144.682140111418
53313880976,21 TOLKIEN DR MAMBOURIN 3024,-37.892012269186,144.586642731254,-37.892011769186,144.58664383125398
53313970661,28 TOLKIEN DR MAMBOURIN 3024,-37.892874599385,144.586042251711,-37.892874099385004,144.586043351711
53313859045,8 TOLKIEN DR MAMBOURIN 3024,-37.891596568698,144.585856341098,-37.891596068698,144.585857441098
53313972490,34 TOLKIEN DR MAMBOURIN 3024,-37.893125344018,144.586075360228,-37.893124844018004,144.58607646022799
53313945448,20 TOLKIEN DR MAMBOURIN 3024,-37.892081210339,144.585920378839,-37.892080710339,144.585921478839
53314106589,49 TOLKIEN DR MAMBOURIN 3024,-37.893913536283,144.586893685435,-37.893913036283,144.586894785435
53314057963,6 TOLKIEN DR MAMBOURIN 3024,-37.89132285765,144.585808815707,-37.891322357650004,144.585809915707
53313882402,18 TOLKIEN DR MAMBOURIN 3024,-37.892005060749,144.585910320555,-37.892004560749,144.585911420555
53314044061,43 TOLKIEN DR MAMBOURIN 3024,-37.893680477465,144.586862923851,-37.893679977465,144.58686402385098
53314044094,41 TOLKIEN DR MAMBOURIN 3024,-37.893604327875,144.586852865567,-37.893603827875005,144.586853965567
53313972540,33 TOLKIEN DR MAMBOURIN 3024,-37.893075723151,144.586783128132,-37.893075223151,144.586784228132
53314033476,30 TOLKIEN DR MAMBOURIN 3024,-37.892973044837,144.586055243661,-37.892972544837,144.586056343661
53314033542,35 TOLKIEN DR MAMBOURIN 3024,-37.893151872742,144.586793186416,-37.893151372742004,144.586794286416
53313974562,31 TOLKIEN DR MAMBOURIN 3024,-37.892999573561,144.586773069849,-37.892999073561,144.58677416984898
53313975073,9 TOLKIEN DR MAMBOURIN 3024,-37.891530728848,144.586579112609,-37.891530228848,144.586580212609
53314040226,32 TOLKIEN DR MAMBOURIN 3024,-37.893049194428,144.586065301945,-37.893048694428,144.586066401945
53314035052,23 TOLKIEN DR MAMBOURIN 3024,-37.892110756548,144.586655723204,-37.892110256548,144.58665682320398
53313945456,22 TOLKIEN DR MAMBOURIN 3024,-37.89215735993,144.585930437122,-37.892156859930004,144.58593153712198
53313882392,24 TOLKIEN DR MAMBOURIN 3024,-37.892251446793,144.585942842339,-37.892250946793,144.585943942339
53313901089,12 TOLKIEN DR MAMBOURIN 3024,-37.891776611978,144.585880145703,-37.891776111978004,144.58588124570298
53313930524,17 TOLKIEN DR MAMBOURIN 3024,-37.891859970005,144.586622614687,-37.891859470005,144.586623714687
53313973655,36 TOLKIEN DR MAMBOURIN 3024,-37.893201493608,144.586085418512,-37.893200993608,144.586086518512
53313955356,4 TOLKIEN DR MAMBOURIN 3024,-37.891197422469,144.585792219539,-37.891196922469,144.585793319539
53314161122,47 TOLKIEN DR MAMBOURIN 3024,-37.893832776646,144.586883040418,-37.893832276646,144.586884140418
53314006524,29 TOLKIEN DR MAMBOURIN 3024,-37.892923423971,144.586763011565,-37.892922923971,144.586764111565
53313874241,16 TOLKIEN DR MAMBOURIN 3024,-37.891928911159,144.585900262271,-37.891928411159,144.585901362271
53313903595,14 TOLKIEN DR MAMBOURIN 3024,-37.891852761568,144.585890203987,-37.891852261568005,144.58589130398698
53300004907,55 TOLL DR ALTONA NORTH 3025,-37.846421882439,144.831929572314,-37.846421382439004,144.831930672314
53306357220,99999 TOM SAKER CRES WILLIAMSTOWN NORTH 3016,-37.855255808723,144.880063217472,-37.855255308723,144.880064317472
53313666863,6 TOMAGO ST CRAIGIEBURN 3064,-37.571065676199,144.900907857763,-37.571065176199,144.900908957763
53313561221,8 TOMAGO ST CRAIGIEBURN 3064,-37.571048199931,144.900768131437,-37.571047699931,144.90076923143698
53313651642,10 TOMAGO ST CRAIGIEBURN 3064,-37.571030723663,144.900628321292,-37.571030223663,144.900629421292
53313864572,16 TONAL ST MAMBOURIN 3024,-37.886524469539,144.603219034431,-37.886523969539,144.60322013443098
53313968607,14 TONAL ST MAMBOURIN 3024,-37.886626267753,144.603187518475,-37.886625767753,144.603188618475
53314149174,9 TONAL ST MAMBOURIN 3024,-37.886673835053,144.602618219612,-37.886673335053004,144.602619319612
53313958144,7 TONAL ST MAMBOURIN 3024,-37.886775926634,144.602592822445,-37.886775426634,144.60259392244498
53313906657,3 TONAL ST MAMBOURIN 3024,-37.886998885259,144.602538591531,-37.886998385259,144.60253969153098
53313943808,4 TONAL ST MAMBOURIN 3024,-37.887159943528,144.603021975887,-37.887159443528,144.603023075887
53313873995,8 TONAL ST MAMBOURIN 3024,-37.88693467988,144.60309188096,-37.88693417988,144.60309298095999
53313890704,12 TONAL ST MAMBOURIN 3024,-37.886718133412,144.603159020004,-37.886717633412005,144.603160120004
53304690484,4 TONELLI PL BURNSIDE 3023,-37.750873882957,144.748531390824,-37.750873382957,144.748532490824
53313278799,3 TOOHEY CL MELTON SOUTH 3338,-37.698253555083,144.566424155872,-37.698253055083,144.566425255872
53313278865,18 TOOHEY CL MELTON SOUTH 3338,-37.698609911696,144.566978115852,-37.698609411696005,144.566979215852
53313278740,4 TOOHEY CL MELTON SOUTH 3338,-37.698452709102,144.566051077361,-37.698452209102,144.566052177361
53313278773,1 TOOHEY CL MELTON SOUTH 3338,-37.698240730771,144.566318292434,-37.698240230771,144.566319392434
53313278817,5 TOOHEY CL MELTON SOUTH 3338,-37.698266379395,144.566530103128,-37.698265879395,144.566531203128
53313278849,16 TOOHEY CL MELTON SOUTH 3338,-37.698533971654,144.56672121052,-37.698533471654,144.56672231052
53313278880,13 TOOHEY CL MELTON SOUTH 3338,-37.698369728261,144.56702421632,-37.698369228261,144.56702531631998
53308106415,9 TOOHEY DR WARRNAMBOOL 3280,-38.359428932126,142.504791050453,-38.359428432126,142.504792150453
53308442765,12 TOOHEY DR WARRNAMBOOL 3280,-38.359723178837,142.504062160153,-38.359722678837,142.504063260153
53308234526,15 TOOHEY DR WARRNAMBOOL 3280,-38.359964619558,142.50468652812,-38.359964119558,142.50468762812
53309707398,19 TOOHEY DR WARRNAMBOOL 3280,-38.360221315343,142.504520650257,-38.360220815343,142.504521750257
53309761173,7 TOOHEY DR WARRNAMBOOL 3280,-38.359243817795,142.504827176456,-38.359243317795,142.50482827645598
53312325072,8 TOOHEY DR WARRNAMBOOL 3280,-38.359458981249,142.50422946294,-38.359458481249,142.50423056294
53312449105,10 TOOHEY DR WARRNAMBOOL 3280,-38.359590786677,142.504203814317,-38.359590286677005,142.504204914317
53308019161,14 TOOHEY DR WARRNAMBOOL 3280,-38.359890565444,142.504029470731,-38.359890065444,142.504030570731
53308106407,3 TOOHEY DR WARRNAMBOOL 3280,-38.358864913862,142.504901104842,-38.358864413862,142.50490220484198
53308705148,16 TOOHEY DR WARRNAMBOOL 3280,-38.360062436368,142.50411178102,-38.360061936368,142.50411288101998
53309061542,17 TOOHEY DR WARRNAMBOOL 3280,-38.36010208277,142.504543951947,-38.36010158277,142.504545051947
53311694841,13 TOOHEY DR WARRNAMBOOL 3280,-38.359786504116,142.504721313019,-38.359786004116,142.50472241301898
53313755269,25 TOOMEY ST HUNTLY 3551,-36.664742681507,144.354829296635,-36.664742181507,144.35483039663498
53313770748,7 TOOMEY ST HUNTLY 3551,-36.663439169835,144.354843378232,-36.663438669835,144.354844478232
53313789060,23 TOOMEY ST HUNTLY 3551,-36.664609534975,144.354800462888,-36.664609034975,144.35480156288799
53313781448,32 TOOMEY ST HUNTLY 3551,-36.665137846333,144.354358568953,-36.665137346333005,144.35435966895298
53313781646,17 TOOMEY ST HUNTLY 3551,-36.664160139237,144.354733910577,-36.664159639237,144.354735010577
53313873906,12 TOOMEY ST HUNTLY 3551,-36.66369062693,144.354252537877,-36.66369012693,144.35425363787698
53313791209,10 TOOMEY ST HUNTLY 3551,-36.663538621116,144.35427567193,-36.663538121116,144.35427677193
53313770079,28 TOOMEY ST HUNTLY 3551,-36.664862668451,144.354298973621,-36.664862168451,144.354300073621
53313918018,21 TOOMEY ST HUNTLY 3551,-36.664476430353,144.354771629141,-36.664475930353,144.354772729141
53314097309,15 TOOMEY ST HUNTLY 3551,-36.664029297728,144.354753356592,-36.664028797728,144.354754456592
53313873896,22 TOOMEY ST HUNTLY 3551,-36.664427689586,144.35420467721,-36.664427189586,144.35420577720998
53314155296,26 TOOMEY ST HUNTLY 3551,-36.664729563829,144.354270056055,-36.664729063829,144.35427115605498
53313242192,7 TOPAZ ST ALFREDTON 3350,-37.55795223059,143.791967147864,-37.55795173059,143.791968247864
53313177241,17 TOPAZ ST ALFREDTON 3350,-37.558111277203,143.792800895773,-37.558110777203,143.792801995773
53313213129,11 TOPAZ ST ALFREDTON 3350,-37.557990619707,143.792303262182,-37.557990119707,143.792304362182
53313258131,12 TOPAZ ST ALFREDTON 3350,-37.558456402066,143.792219526969,-37.558455902066,143.792220626969
53313220257,14 TOPAZ ST ALFREDTON 3350,-37.558475596625,143.792387500309,-37.558475096625,143.79238860030898
53313253339,10 TOPAZ ST ALFREDTON 3350,-37.558437207508,143.792051553629,-37.558436707508,143.79205265362899
53313541876,44 TOPIARY ST TRUGANINA 3029,-37.847023158263,144.744984090675,-37.847022658263,144.74498519067498
53313817589,48 TOPIARY ST TRUGANINA 3029,-37.847042227093,144.745210066785,-37.847041727093,144.745211166785
53313471959,46 TOPIARY ST TRUGANINA 3029,-37.847033174637,144.745102778424,-37.847032674637,144.745103878424
53313528574,50 TOPIARY ST TRUGANINA 3029,-37.847052201557,144.745328670715,-37.847051701557,144.745329770715
53313510196,73 TOPIARY ST TRUGANINA 3029,-37.846630005095,144.745371083145,-37.846629505095,144.74537218314498
53313917613,42 TOPIARY ST TRUGANINA 3029,-37.847012261789,144.744854254995,-37.847011761789,144.744855354995
53314048609,71 TOPIARY ST TRUGANINA 3029,-37.846619276258,144.745243929674,-37.846618776258,144.74524502967398
53314100971,65 TOPIARY ST TRUGANINA 3029,-37.846593082811,144.744933380161,-37.846592582811,144.744934480161
53313613022,3 TOPOGRAPHICAL CRES GREENVALE 3059,-37.611354173911,144.904121898536,-37.611353673911005,144.904122998536
53314038830,29 TOPOGRAPHICAL CRES GREENVALE 3059,-37.609868691121,144.901269620704,-37.609868191121,144.901270720704
53314018940,33 TOPOGRAPHICAL CRES GREENVALE 3059,-37.609571301197,144.901133750054,-37.609570801197,144.90113485005398
53313980370,25 TOPOGRAPHICAL CRES GREENVALE 3059,-37.610438618628,144.901655020612,-37.610438118628004,144.901656120612
53314067137,11 TOPOGRAPHICAL CRES GREENVALE 3059,-37.611141860304,144.903119674373,-37.611141360304,144.90312077437298
53314202261,12 TORENIA DR TARNEIT 3029,-37.808774354779,144.679519163761,-37.808773854779,144.679520263761
53312984975,500-540 TORQUAY RD ARMSTRONG CREEK 3217,-38.228941642786,144.336324820452,-38.228941142786,144.336325920452
53312867345,500 TORQUAY RD ARMSTRONG CREEK 3217,-38.228166400561,144.336490614496,-38.228165900561,144.336491714496
53313310042,478 TORQUAY RD ARMSTRONG CREEK 3217,-38.226687120379,144.339541543433,-38.226686620379,144.339542643433
53302353010,159 TORQUAY RD GROVEDALE 3216,-38.195543195212,144.341947401102,-38.195542695212,144.341948501102
53302225398,159 TORQUAY RD GROVEDALE 3216,-38.195543195212,144.341947401102,-38.195542695212,144.341948501102
53302697027,147 TORQUAY RD GROVEDALE 3216,-38.19465517448,144.342253508206,-38.19465467448,144.342254608206
53302697051,147 TORQUAY RD GROVEDALE 3216,-38.19465517448,144.342253508206,-38.19465467448,144.342254608206
53302274395,147 TORQUAY RD GROVEDALE 3216,-38.19465517448,144.342253508206,-38.19465467448,144.342254608206
53302543262,147 TORQUAY RD GROVEDALE 3216,-38.19465517448,144.342253508206,-38.19465467448,144.342254608206
53302756947,234 TORQUAY RD GROVEDALE 3216,-38.201977605094,144.341741038646,-38.201977105094,144.341742138646
53302759577,120 TORQUAY RD GROVEDALE 3216,-38.189586972906,144.343805166121,-38.189586472906,144.343806266121
53313253883,19 TOSCANA ST TRUGANINA 3029,-37.83130097102,144.720964825117,-37.83130047102,144.72096592511699
53313396759,4 TOSCANA ST TRUGANINA 3029,-37.832294310365,144.721378974952,-37.832293810365,144.72138007495198
53313130572,9 TOSCANA ST TRUGANINA 3029,-37.831860840242,144.72088922035,-37.831860340242,144.72089032034998
53313291309,16 TOSCANA ST TRUGANINA 3029,-37.831602342348,144.721472433173,-37.831601842348,144.721473533173
53313356464,15 TOSCANA ST TRUGANINA 3029,-37.831524935473,144.720934650265,-37.831524435473,144.720935750265
53313159101,13 TOSCANA ST TRUGANINA 3029,-37.831636875789,144.72091947902,-37.831636375789,144.72092057902
53313406442,18 TOSCANA ST TRUGANINA 3029,-37.831490360122,144.721487604418,-37.831489860122,144.721488704418
53313204440,11 TOSCANA ST TRUGANINA 3029,-37.831748858016,144.720904391595,-37.831748358016,144.720905491595
53313319776,12 TOSCANA ST TRUGANINA 3029,-37.831826264892,144.721442258321,-37.831825764892,144.72144335832098
53313353701,14 TOSCANA ST TRUGANINA 3029,-37.831714282665,144.721457345747,-37.831713782665,144.721458445747
53313047009,2 TOTTERDOWN WAY WERRIBEE 3030,-37.912203435745,144.60267286962,-37.912202935745,144.60267396961999
53314080652,13 TOTTORI RD TRUGANINA 3029,-37.766470763724,144.684256447798,-37.766470263724,144.68425754779798
53314145363,6 TOTTORI RD TRUGANINA 3029,-37.76582007658,144.683938270753,-37.76581957658,144.683939370753
53314139794,46 TOTTORI RD TRUGANINA 3029,-37.767185823883,144.683743140047,-37.767185323883,144.683744240047
53314141406,10 TOTTORI RD TRUGANINA 3029,-37.765918522033,144.683924189156,-37.765918022033,144.68392528915598
53314141967,16 TOTTORI RD TRUGANINA 3029,-37.766097559485,144.683898624351,-37.766097059485,144.683899724351
53314065173,19 TOTTORI RD TRUGANINA 3029,-37.766822677928,144.684206156379,-37.766822177928,144.68420725637898
53314076766,60 TOTTORI RD TRUGANINA 3029,-37.767579312328,144.683686897477,-37.767578812328004,144.683687997477
53314076799,66 TOTTORI RD TRUGANINA 3029,-37.767713548507,144.683667702919,-37.767713048507,144.683668802919
53314023072,21 TOTTORI RD TRUGANINA 3029,-37.766943503063,144.684188889658,-37.766943003063,144.684189989658
53314023909,23 TOTTORI RD TRUGANINA 3029,-37.76705540147,144.684172880223,-37.767054901470004,144.684173980223
53314139812,50 TOTTORI RD TRUGANINA 3029,-37.767295081991,144.683727465888,-37.767294581991,144.683728565888
53314139844,56 TOTTORI RD TRUGANINA 3029,-37.767445034239,144.683706092035,-37.767444534239004,144.683707192035
53314141396,4 TOTTORI RD TRUGANINA 3029,-37.765766348581,144.683945898285,-37.765765848581005,144.683946998285
53314141420,14 TOTTORI RD TRUGANINA 3029,-37.766043831485,144.683906251883,-37.766043331485,144.683907351883
53314141454,2 TOTTORI RD TRUGANINA 3029,-37.765692881199,144.683956459483,-37.765692381199,144.683957559483
53314065166,17 TOTTORI RD TRUGANINA 3029,-37.766693722348,144.684224596566,-37.766693222348,144.684225696566
53313970876,29 TOTTORI RD TRUGANINA 3029,-37.767328441966,144.684133904373,-37.767327941966,144.684135004373
53314141414,12 TOTTORI RD TRUGANINA 3029,-37.765981176759,144.68391522052,-37.765980676759,144.68391632051998
53314141446,22 TOTTORI RD TRUGANINA 3029,-37.766269472319,144.683874065375,-37.766268972319004,144.68387516537499
53314141974,18 TOTTORI RD TRUGANINA 3029,-37.766142318848,144.683892170286,-37.766141818848,144.68389327028598
53314023098,9 TOTTORI RD TRUGANINA 3029,-37.766291726272,144.684282012602,-37.766291226272,144.684283112602
53313986244,27 TOTTORI RD TRUGANINA 3029,-37.767243407558,144.684146058133,-37.767242907558,144.684147158133
53313994395,5 TOTTORI RD TRUGANINA 3029,-37.766103762093,144.684308834693,-37.766103262093004,144.684309934693
53314100245,7 TOTTORI RD TRUGANINA 3029,-37.766206691864,144.684294166362,-37.766206191864,144.684295266362
53313078052,36 TOULOUSE CRES HOPPERS CROSSING 3029,-37.85488295269,144.671857266068,-37.85488245269,144.671858366068
53313424385,19 TOUR LANE TARNEIT 3029,-37.82390633031,144.67170220086,-37.823905830310004,144.67170330086
53313440129,6 TOUR LANE TARNEIT 3029,-37.824624617502,144.672092965186,-37.824624117502005,144.672094065186
53313457724,17 TOUR LANE TARNEIT 3029,-37.824024598964,144.671681497559,-37.824024098964,144.671682597559
53313525399,11 TOUR LANE TARNEIT 3029,-37.824379321106,144.671619471475,-37.824378821106,144.671620571475
53314145711,7 TOURIGA CCT SUNBURY 3429,-37.597624323143,144.755339680591,-37.597623823143,144.75534078059098
53314121885,13 TOURIGA CCT SUNBURY 3429,-37.597436107508,144.755577223727,-37.597435607508004,144.75557832372698
53314158877,17 TOURIGA CCT SUNBURY 3429,-37.597264278493,144.755760200674,-37.597263778493,144.75576130067398
53313168471,3 TOURMALINE ST TARNEIT 3029,-37.843432811947,144.668534931107,-37.843432311947,144.66853603110698
53313168464,5 TOURMALINE ST TARNEIT 3029,-37.843454814443,144.668472988842,-37.843454314443,144.668474088842
53313277684,32B TOVA AVE BELL POST HILL 3215,-38.101752338978,144.321791438536,-38.101751838978004,144.321792538536
53313317531,9A TOVA AVE BELL POST HILL 3215,-38.103559058208,144.321531012804,-38.103558558208,144.321532112804
53313910412,70 TOVA AVE BELL POST HILL 3215,-38.099395263986,144.322320755721,-38.099394763986,144.322321855721
53314041547,17 TOWAMBA WAY TARNEIT 3029,-37.85913689428,144.636852342932,-37.85913639428,144.636853442932
53314107414,7 TOWAMBA WAY TARNEIT 3029,-37.859482941152,144.637557680084,-37.859482441152004,144.637558780084
53314102653,11 TOWAMBA WAY TARNEIT 3029,-37.85934547794,144.637277473061,-37.859344977940005,144.637278573061
53314181212,3 TOWAMBA WAY TARNEIT 3029,-37.85964416706,144.637840569316,-37.85964366706,144.637841669316
53313971819,16 TOWAMBA WAY TARNEIT 3029,-37.858833343656,144.637226930185,-37.858832843656,144.63722803018499
53313977846,6 TOWAMBA WAY TARNEIT 3029,-37.859134379709,144.637840401678,-37.859133879709,144.637841501678
53314031993,8 TOWAMBA WAY TARNEIT 3029,-37.859071557344,144.637712410017,-37.859071057344,144.637713510017
53314036629,10 TOWAMBA WAY TARNEIT 3029,-37.85900873498,144.637584334536,-37.85900823498,144.637585434536
53314105839,4 TOWAMBA WAY TARNEIT 3029,-37.859217234822,144.637952886819,-37.859216734822,144.63795398681899
53314051026,14 TOWAMBA WAY TARNEIT 3029,-37.858887867936,144.637337990402,-37.858887367936,144.63733909040198
53305742521,150 TOWER RD PORTARLINGTON 3223,-38.124882787524,144.644250378313,-38.124882287524,144.64425147831298
53303963816,49 TOWER RD WERRIBEE 3030,-37.904283668801,144.671955082878,-37.904283168801,144.67195618287798
53313396683,41 TOWER ST THORNHILL PARK 3335,-37.716447942758,144.628233148078,-37.716447442758,144.628234248078
53313518923,42 TOWER ST THORNHILL PARK 3335,-37.71668582117,144.627458660224,-37.716685321170004,144.62745976022399
53313566312,45 TOWER ST THORNHILL PARK 3335,-37.716625722925,144.628161566624,-37.716625222925,144.62816266662398
53313443008,49 TOWER ST THORNHILL PARK 3335,-37.716944528612,144.62799141399,-37.716944028612,144.62799251399
53314072532,35 TOWER ST THORNHILL PARK 3335,-37.716011371331,144.62834462739,-37.716010871331,144.62834572738998
53313907927,97 TOWER ST THORNHILL PARK 3335,-37.719063264187,144.627095053264,-37.719062764187,144.62709615326398
53314064309,79 TOWER ST THORNHILL PARK 3335,-37.718415971714,144.627398561978,-37.718415471714,144.627399661978
53314064794,83 TOWER ST THORNHILL PARK 3335,-37.718518943395,144.627357071558,-37.718518443395,144.627358171558
53314068639,59 TOWER ST THORNHILL PARK 3335,-37.717296317088,144.627858728463,-37.717295817088,144.627859828463
53313479605,61 TOWER ST THORNHILL PARK 3335,-37.717528286258,144.627702657426,-37.717527786258,144.627703757426
53313448618,51 TOWER ST THORNHILL PARK 3335,-37.717013176399,144.62796375371,-37.717012676399,144.62796485370998
53313520708,38 TOWER ST THORNHILL PARK 3335,-37.716462401541,144.627548681864,-37.716461901541,144.627549781864
53313530481,31 TOWER ST THORNHILL PARK 3335,-37.715849432962,144.628408832768,-37.715848932962004,144.628409932768
53313530517,29 TOWER ST THORNHILL PARK 3335,-37.715776468495,144.628438169429,-37.715775968495,144.62843926942898
53313539201,50 TOWER ST THORNHILL PARK 3335,-37.717110490295,144.627287501761,-37.717109990295,144.627288601761
53313500592,33 TOWER ST THORNHILL PARK 3335,-37.71592235552,144.628379412288,-37.71592185552,144.628380512288
53313548945,40 TOWER ST THORNHILL PARK 3335,-37.716578574719,144.627501827026,-37.716578074719,144.627502927026
53313818174,89 TOWER ST THORNHILL PARK 3335,-37.718863397706,144.627198821226,-37.718862897706,144.62719992122598
53314064753,73 TOWER ST THORNHILL PARK 3335,-37.718261535148,144.627460839519,-37.718261035148004,144.62746193951898
53313739972,103 TOWER ST THORNHILL PARK 3335,-37.719197961371,144.627347600007,-37.719197461371,144.627348700007
53313748552,105 TOWER ST THORNHILL PARK 3335,-37.719240541439,144.627472155088,-37.719240041439,144.62747325508798
53313985592,99 TOWER ST THORNHILL PARK 3335,-37.71911322033,144.627069069365,-37.71911272033,144.627070169365
53313907943,95 TOWER ST THORNHILL PARK 3335,-37.719013308044,144.627120953345,-37.719012808044,144.627122053345
53313595039,54 TOWER ST THORNHILL PARK 3335,-37.717288521918,144.627215836489,-37.717288021918,144.627216936489
53313701736,56 TOWER ST THORNHILL PARK 3335,-37.717417226041,144.627163952509,-37.717416726041,144.62716505250899
53314108576,37 TOWER ST THORNHILL PARK 3335,-37.716281520071,144.628300203303,-37.716281020071,144.628301303303
53314109434,65 TOWER ST THORNHILL PARK 3335,-37.717738672028,144.627617916385,-37.717738172028,144.62761901638498
53314064729,81 TOWER ST THORNHILL PARK 3335,-37.7184674366,144.627377858678,-37.7184669366,144.62737895867798
53314064778,71 TOWER ST THORNHILL PARK 3335,-37.718203448559,144.627478273878,-37.718202948559004,144.627479373878
53314064804,85 TOWER ST THORNHILL PARK 3335,-37.718576988074,144.627339637199,-37.718576488074,144.62734073719898
53314064852,77 TOWER ST THORNHILL PARK 3335,-37.718364506829,144.627419349098,-37.718364006829,144.627420449098
53313369517,18 TOWERTREE ST TRUGANINA 3029,-37.81141369036,144.717706527895,-37.81141319036,144.71770762789498
53313223290,7 TOWERTREE ST TRUGANINA 3029,-37.811961950647,144.717073694205,-37.811961450647004,144.717074794205
53313461910,16 TOWERTREE ST TRUGANINA 3029,-37.811533844942,144.717690434641,-37.811533344942,144.717691534641
53313367782,52 TOWNLEY BVD WERRIBEE 3030,-37.914315926802,144.604242045714,-37.914315426802,144.60424314571398
53313228729,72 TOWNLEY BVD WERRIBEE 3030,-37.915187267547,144.605790769963,-37.915186767547,144.60579186996299
53313352578,76 TOWNLEY BVD WERRIBEE 3030,-37.91517834082,144.606323691367,-37.91517784082,144.606324791367
53313480182,90 TOWNLEY BVD WERRIBEE 3030,-37.915268027184,144.607395569145,-37.915267527184,144.607396669145
53313480470,96 TOWNLEY BVD WERRIBEE 3030,-37.915339273361,144.607847437546,-37.915338773361,144.607848537546
53313347124,50 TOWNLEY BVD WERRIBEE 3030,-37.914190826898,144.604265095947,-37.914190326898,144.604266195947
53313180221,93 TOWNLEY BVD WERRIBEE 3030,-37.914735650604,144.607464971304,-37.914735150604,144.607466071304
53313166147,13A TOWNLEY BVD WERRIBEE 3030,-37.911558280658,144.604921398966,-37.911557780658,144.604922498966
53313169289,82 TOWNLEY BVD WERRIBEE 3030,-37.915198666935,144.606826689377,-37.915198166935,144.60682778937698
53313271887,70 TOWNLEY BVD WERRIBEE 3030,-37.915194475984,144.605648948162,-37.915193975984,144.605650048162
53313184362,95 TOWNLEY BVD WERRIBEE 3030,-37.914753545967,144.607605452001,-37.914753045967004,144.607606552001
53313394416,83 TOWNLEY BVD WERRIBEE 3030,-37.914653130767,144.606735661908,-37.914652630767,144.606736761908
53313543518,29 TOWNLEY BVD WERRIBEE 3030,-37.912540513981,144.60472107148,-37.912540013981,144.60472217147998
53313166097,7 TOWNLEY BVD WERRIBEE 3030,-37.91129236478,144.604978731184,-37.911291864780004,144.60497983118398
53313166121,9B TOWNLEY BVD WERRIBEE 3030,-37.911397641483,144.604949310704,-37.911397141483,144.604950410704
53313166163,11A TOWNLEY BVD WERRIBEE 3030,-37.911451201845,144.604940006791,-37.911450701845,144.604941106791
53313468608,92 TOWNLEY BVD WERRIBEE 3030,-37.915287934204,144.60753537929,-37.915287434204004,144.60753647929
53313387559,54 TOWNLEY BVD WERRIBEE 3030,-37.914442912636,144.604226120098,-37.914442412636,144.60422722009798
53313204580,84 TOWNLEY BVD WERRIBEE 3030,-37.915214802099,144.606974546149,-37.915214302099,144.60697564614898
53313343461,99 TOWNLEY BVD WERRIBEE 3030,-37.914795245936,144.607911223829,-37.914794745936,144.607912323829
53313406757,81 TOWNLEY BVD WERRIBEE 3030,-37.914637917613,144.606576405748,-37.914637417613,144.606577505748
53313691094,44 TOWNLEY BVD WERRIBEE 3030,-37.913647972938,144.604376491441,-37.913647472938,144.604377591441
53305052998,166 TOWNSEND RD MOOLAP 3224,-38.182597052391,144.399103934131,-38.182596552391004,144.399105034131
53305019881,149 TOWNSEND RD MOOLAP 3224,-38.181914472106,144.398468082956,-38.181913972106,144.39846918295598
53305045324,162 TOWNSEND RD MOOLAP 3224,-38.182548856448,144.398704787902,-38.182548356448,144.398705887902
53305004751,157 TOWNSEND RD MOOLAP 3224,-38.18202838217,144.399283139221,-38.182027882170004,144.399284239221
53305050481,163 TOWNSEND RD MOOLAP 3224,-38.182114799592,144.399891162477,-38.182114299592,144.39989226247698
53305076602,120 TOWNSEND RD MOOLAP 3224,-38.182605774085,144.401255299393,-38.182605274085,144.401256399393
53305102331,162 TOWNSEND RD MOOLAP 3224,-38.182548856448,144.398704787902,-38.182548356448,144.398705887902
53305150570,120 TOWNSEND RD MOOLAP 3224,-38.182605774085,144.401255299393,-38.182605274085,144.401256399393
53305001899,11 TOWNSEND RD MOOLAP 3224,-38.180228326554,144.383993039086,-38.180227826554,144.38399413908598
53305053007,156 TOWNSEND RD MOOLAP 3224,-38.182504893366,144.398222157917,-38.182504393366,144.39822325791698
53305105039,167 TOWNSEND RD MOOLAP 3224,-38.182160732421,144.400274718367,-38.182160232421005,144.400275818367
53302235348,24 TOWNSEND RD WHITTINGTON 3219,-38.18093500481,144.385189891041,-38.180934504810004,144.385190991041
53302350651,36B TOWNSEND RD WHITTINGTON 3219,-38.180997449989,144.386356568144,-38.180996949989,144.386357668144
53302389847,2 TOWNSEND RD WHITTINGTON 3219,-38.180563435043,144.382539197981,-38.180562935043,144.382540297981
53302391143,12 TOWNSEND RD WHITTINGTON 3219,-38.180707310411,144.383680645555,-38.180706810411,144.38368174555498
53302511080,32 TOWNSEND RD WHITTINGTON 3219,-38.181027247655,144.385945184336,-38.181026747655004,144.385946284336
53302635639,110 TOWNSEND RD WHITTINGTON 3219,-38.182115260596,144.394340833833,-38.182114760596,144.394341933833
53302224715,76 TOWNSEND RD WHITTINGTON 3219,-38.181594367224,144.390953287664,-38.181593867224,144.39095438766398
53302554079,26 TOWNSEND RD WHITTINGTON 3219,-38.18101383661,144.385369515226,-38.18101333661,144.38537061522598
53302591734,14B TOWNSEND RD WHITTINGTON 3219,-38.180815646509,144.384237455383,-38.180815146509,144.38423855538298
53302399104,4 TOWNSEND RD WHITTINGTON 3219,-38.180583174425,144.382730724468,-38.180582674425004,144.38273182446798
53302632362,110 TOWNSEND RD WHITTINGTON 3219,-38.182115260596,144.394340833833,-38.182114760596,144.394341933833
53302714087,20 TOWNSEND RD WHITTINGTON 3219,-38.180888778614,144.384810861379,-38.180888278614,144.384811961379
53302767638,6 TOWNSEND RD WHITTINGTON 3219,-38.180783124725,144.383091481581,-38.180782624725,144.383092581581
53302247609,38 TOWNSEND RD WHITTINGTON 3219,-38.181096733632,144.386514147924,-38.181096233632005,144.386515247924
53302377289,90 TOWNSEND RD WHITTINGTON 3219,-38.181794527071,144.392648611401,-38.181794027071,144.392649711401
53302257763,110 TOWNSEND RD WHITTINGTON 3219,-38.182115260596,144.394340833833,-38.182114760596,144.394341933833
53302252764,84 TOWNSEND RD WHITTINGTON 3219,-38.181706181812,144.391898263428,-38.181705681812,144.391899363428
53302265858,30 TOWNSEND RD WHITTINGTON 3219,-38.181004365059,144.385757429705,-38.181003865059004,144.385758529705
53302448882,58 TOWNSEND RD WHITTINGTON 3219,-38.181589757177,144.388532091113,-38.181589257177,144.388533191113
53302438529,14A TOWNSEND RD WHITTINGTON 3219,-38.180792428637,144.384048694924,-38.180791928637,144.38404979492398
53302439262,14 TOWNSEND RD WHITTINGTON 3219,-38.180769336494,144.383860940292,-38.180768836494,144.383862040292
53302626852,60 TOWNSEND RD WHITTINGTON 3219,-38.18138176025,144.388725796895,-38.18138126025,144.38872689689498
53302733136,98 TOWNSEND RD WHITTINGTON 3219,-38.182404142889,144.393389404003,-38.182403642889,144.39339050400298
53302614602,110 TOWNSEND RD WHITTINGTON 3219,-38.182115260596,144.394340833833,-38.182114760596,144.394341933833
53302614634,110 TOWNSEND RD WHITTINGTON 3219,-38.182115260596,144.394340833833,-38.182114760596,144.394341933833
53302681460,114 TOWNSEND RD WHITTINGTON 3219,-38.181989154863,144.39492622595,-38.181988654863,144.39492732595
53302466984,52 TOWNSEND RD WHITTINGTON 3219,-38.181264665062,144.388034960436,-38.181264165062004,144.38803606043598
53305558845,16 TOWNSEND RD WHITTINGTON 3219,-38.180884336206,144.384517243311,-38.180883836206,144.384518343311
53313711982,5 TRADITION WALK TARNEIT 3029,-37.816787454214,144.686622742883,-37.816786954214,144.686623842883
53313633838,1 TRADITION WALK TARNEIT 3029,-37.816905848597,144.686605140887,-37.816905348597004,144.686606240887
53313635132,7 TRADITION WALK TARNEIT 3029,-37.816729367625,144.686632046796,-37.816728867625,144.686633146796
53313645221,11 TRADITION WALK TARNEIT 3029,-37.816613194447,144.68665073844,-37.816612694447,144.68665183843999
53313748320,9 TRADITION WALK TARNEIT 3029,-37.816671281036,144.686641434527,-37.816670781036,144.68664253452698
53313820171,71 TRAFALGAR AVE ALTONA MEADOWS 3028,-37.877010338882,144.77928191646,-37.877009838882,144.77928301646
53309430943,2 TRAFALGAR CL PORTLAND 3305,-38.367364079863,141.597248698397,-38.367363579863,141.597249798397
53309700593,1 TRAFALGAR CL PORTLAND 3305,-38.367217899471,141.597787403314,-38.367217399471,141.59778850331398
53312989693,18 TRAFALGAR ST STRATHTULLOH 3338,-37.734458347659,144.605871990605,-37.734457847659,144.605873090605
53313339286,9 TRAFALGAR ST STRATHTULLOH 3338,-37.734941396739,144.605265308453,-37.734940896739005,144.605266408453
53313132675,22 TRAFALGAR ST STRATHTULLOH 3338,-37.734222858089,144.605906021132,-37.734222358089,144.605907121132
53313260865,13 TRAFALGAR ST STRATHTULLOH 3338,-37.734532862778,144.605325239061,-37.734532362778005,144.60532633906098
53313169941,15 TRAFALGAR ST STRATHTULLOH 3338,-37.73440893634,144.605343427791,-37.734408436340004,144.605344527791
53313192218,11 TRAFALGAR ST STRATHTULLOH 3338,-37.734816087286,144.60528374864,-37.734815587286,144.60528484864
53313282528,16 TRAFALGAR ST STRATHTULLOH 3338,-37.734583573292,144.605853634237,-37.734583073292,144.605854734237
53313313282,17 TRAFALGAR ST STRATHTULLOH 3338,-37.734297666575,144.605359018131,-37.734297166575004,144.605360118131
53313015997,24 TRAFALGAR ST STRATHTULLOH 3338,-37.733930790673,144.605926221519,-37.733930290673,144.605927321519
53312988299,6 TRAFALGAR ST STRATHTULLOH 3338,-37.735245198819,144.605790937602,-37.735244698819,144.605792037602
53313047949,10 TRAFALGAR ST STRATHTULLOH 3338,-37.73504952329,144.60581960371,-37.73504902329,144.60582070370998
53313170834,26 TRAFALGAR ST STRATHTULLOH 3338,-37.733787669676,144.605947176277,-37.733787169676,144.605948276277
53313498190,1 TRAFFORD DR TRUGANINA 3029,-37.825760533021,144.727158213373,-37.825760033021,144.727159313373
53313528939,1 TRALEE RD ALFREDTON 3350,-37.562974415516,143.801143823099,-37.562973915516004,143.801144923099
53314223224,31 TRAN AVE DIGGERS REST 3427,-37.61495030374,144.698890664009,-37.614949803740004,144.698891764009
53313526265,6 TRAN AVE DIGGERS REST 3427,-37.614753035649,144.700929561956,-37.614752535649004,144.700930661956
53313551677,2 TRAN AVE DIGGERS REST 3427,-37.614777971811,144.701169954939,-37.614777471811,144.70117105493898
53313992589,47 TRAN AVE DIGGERS REST 3427,-37.615016395047,144.697802776796,-37.615015895047,144.697803876796
53314075874,49 TRAN AVE DIGGERS REST 3427,-37.615140656761,144.697812332165,-37.615140156761,144.697813432165
53313942767,57 TRAN AVE DIGGERS REST 3427,-37.615794990033,144.697968989936,-37.615794490033004,144.69797008993598
53314210323,9 TRAN AVE DIGGERS REST 3427,-37.61510272865,144.700384570612,-37.61510222865,144.70038567061198
53313955174,55 TRAN AVE DIGGERS REST 3427,-37.615672404699,144.697970414859,-37.615671904699,144.69797151485898
53314217441,18 TRANQUIL CRES COLAC 3250,-38.345773009744,143.572932762826,-38.345772509744,143.572933862826
53314157747,17 TRANQUIL CRES COLAC 3250,-38.34629109518,143.573276337037,-38.34629059518,143.57327743703698
53314201752,4 TRANQUIL CRES COLAC 3250,-38.345981425767,143.574422478478,-38.345980925767,143.574423578478
53314190237,12 TRANQUIL CRES COLAC 3250,-38.345785875966,143.573374153848,-38.345785375966,143.57337525384798
53314199114,15 TRANQUIL CRES COLAC 3250,-38.346154344429,143.57330206948,-38.346153844429004,143.57330316948
53314202667,20 TRANQUIL CRES COLAC 3250,-38.34604089537,143.572881800855,-38.346040395370004,143.57288290085498
53314087639,24 TRANQUIL RD AINTREE 3336,-37.723459069488,144.672442406729,-37.723458569488,144.672443506729
53314088272,34 TRANQUIL RD AINTREE 3336,-37.723869615106,144.67267953077,-37.723869115106,144.67268063077
53314088876,40 TRANQUIL RD AINTREE 3336,-37.724091064988,144.672807438612,-37.724090564988,144.672808538612
53314087615,42 TRANQUIL RD AINTREE 3336,-37.724172914272,144.672854712546,-37.724172414272005,144.672855812546
53314088298,30 TRANQUIL RD AINTREE 3336,-37.723692798858,144.672577439189,-37.723692298858005,144.672578539189
53314089932,22 TRANQUIL RD AINTREE 3336,-37.723376759199,144.672394881338,-37.723376259199,144.67239598133798
53314174924,17 TRANQUIL ST STRATHFIELDSAYE 3551,-36.802689948493,144.374716870661,-36.802689448493,144.37471797066098
53314134670,19 TRANQUIL ST STRATHFIELDSAYE 3551,-36.802556382866,144.374744028028,-36.802555882866,144.374745128028
53314018669,1 TRANQUIL ST STRATHFIELDSAYE 3551,-36.803944006937,144.374748554255,-36.803943506937,144.374749654255
53313757001,3 TRANQUIL ST STRATHFIELDSAYE 3551,-36.803792126851,144.37475852872,-36.803791626851,144.37475962872
53314142343,21 TRANQUIL ST STRATHFIELDSAYE 3551,-36.802431953513,144.374769341375,-36.802431453513,144.374770441375
53313976155,9 TRANQUIL ST STRATHFIELDSAYE 3551,-36.803300821596,144.374699855398,-36.803300321596,144.374700955398
53314206924,20 TRANQUIL ST STRATHFIELDSAYE 3551,-36.802588234098,144.375390943315,-36.802587734098005,144.375392043315
53314004215,59 TRANQUILITY CCT ARMSTRONG CREEK 3217,-38.224661926844,144.37870858441,-38.224661426844,144.37870968440998
53313943533,24 TRANQUILITY CRES ARMSTRONG CREEK 3217,-38.227525981249,144.37820567022,-38.227525481249,144.37820677022
53313905542,62 TRANQUILITY CRES ARMSTRONG CREEK 3217,-38.225218988129,144.379063222734,-38.225218488129,144.379064322734
53313859152,36 TRANQUILITY CRES ARMSTRONG CREEK 3217,-38.226872737625,144.378746302975,-38.226872237625,144.378747402975
53313866264,72 TRANQUILITY CRES ARMSTRONG CREEK 3217,-38.224622322351,144.379177468074,-38.224621822351004,144.379178568074
53313866604,45 TRANQUILITY CRES ARMSTRONG CREEK 3217,-38.225451124937,144.378528205854,-38.225450624937004,144.378529305854
53313874184,46 TRANQUILITY CRES ARMSTRONG CREEK 3217,-38.22623600635,144.378868343485,-38.22623550635,144.378869443485
53313983695,43 TRANQUILITY CRES ARMSTRONG CREEK 3217,-38.225596970052,144.378529044044,-38.225596470052004,144.378530144044
53313791496,38 TRANQUILITY CRES ARMSTRONG CREEK 3217,-38.226754762338,144.378768934113,-38.226754262338,144.378770034113
53313748684,19 TRANQUILITY CRES ARMSTRONG CREEK 3217,-38.227163086751,144.378159066838,-38.227162586751,144.378160166838
53313938285,64 TRANQUILITY CRES ARMSTRONG CREEK 3217,-38.225094307319,144.379087027339,-38.225093807319,144.379088127339
53313889728,9 TRANQUILITY CRES ARMSTRONG CREEK 3217,-38.226983546385,144.377325654206,-38.226983046385,144.377326754206
53313832002,12 TRANQUILITY CRES ARMSTRONG CREEK 3217,-38.227419111984,144.377311237332,-38.227418611984,144.377312337332
53314070280,41 TRANQUILITY CRES ARMSTRONG CREEK 3217,-38.225737450749,144.378502054316,-38.225736950749,144.37850315431598
53313752075,20 TRANQUILITY CRES ARMSTRONG CREEK 3217,-38.227488556051,144.377892689955,-38.227488056051,144.37789378995498
53313988133,55 TRANQUILITY CRES ARMSTRONG CREEK 3217,-38.224901230179,144.378633817834,-38.224900730179,144.37863491783398
53313893127,60 TRANQUILITY CRES ARMSTRONG CREEK 3217,-38.225337005325,144.379040591595,-38.225336505325004,144.37904169159498
53313760015,25 TRANQUILITY CRES ARMSTRONG CREEK 3217,-38.22698920417,144.378192426813,-38.226988704170004,144.378193526813
53313895585,53 TRANQUILITY CRES ARMSTRONG CREEK 3217,-38.225003615126,144.378614120362,-38.225003115126,144.37861522036198
53314022810,8 TRANQUILITY CRES ARMSTRONG CREEK 3217,-38.227385374823,144.377029018652,-38.227384874823,144.377030118652
53314191178,27 TRANQUILITY CRES ARMSTRONG CREEK 3217,-38.226913515584,144.378206927505,-38.226913015584,144.378208027505
53313939418,6 TRANQUILITY CRES ARMSTRONG CREEK 3217,-38.22736747946,144.3768794855,-38.22736697946,144.3768805855
53313970280,17 TRANQUILITY CRES ARMSTRONG CREEK 3217,-38.227055337386,144.377926217568,-38.227054837386,144.37792731756798
53313881735,34 TRANQUILITY CRES ARMSTRONG CREEK 3217,-38.226990754822,144.378723755655,-38.226990254822,144.37872485565498
53313887665,70 TRANQUILITY CRES ARMSTRONG CREEK 3217,-38.224740297638,144.379154920755,-38.224739797638,144.379156020755
53313883616,5 TRANQUILITY CRES ARMSTRONG CREEK 3217,-38.226945450635,144.37700672279,-38.226944950635,144.37700782278998
53313899990,58 TRANQUILITY CRES ARMSTRONG CREEK 3217,-38.225448316999,144.379019217742,-38.225447816999,144.379020317742
53313920590,18 TRANQUILITY CRES ARMSTRONG CREEK 3217,-38.227471708426,144.377751538706,-38.227471208426,144.377752638706
53313936661,37 TRANQUILITY CRES ARMSTRONG CREEK 3217,-38.226158809022,144.378351850611,-38.226158309022004,144.378352950611
53314200358,32 TRANQUILITY CRES ARMSTRONG CREEK 3217,-38.227102066496,144.378702465621,-38.227101566496,144.37870356562098
53314146634,47 TRANQUILITY CRES ARMSTRONG CREEK 3217,-38.22531755931,144.378553854478,-38.22531705931,144.378554954478
53313878367,30 TRANQUILITY CRES ARMSTRONG CREEK 3217,-38.22721337817,144.378681091768,-38.22721287817,144.37868219176798
53313885355,51 TRANQUILITY CRES ARMSTRONG CREEK 3217,-38.225097157166,144.378596183089,-38.225096657166,144.378597283089
53313927215,68 TRANQUILITY CRES ARMSTRONG CREEK 3217,-38.224851651222,144.379133546901,-38.224851151222,144.37913464690098
53313923602,66 TRANQUILITY CRES ARMSTRONG CREEK 3217,-38.224969626509,144.379110915763,-38.224969126509,144.37911201576298
53313994684,27 TRAPANI GR DEANSIDE 3336,-37.721358019729,144.710849879641,-37.721357519729004,144.71085097964098
53314072178,20 TRAPANI GR DEANSIDE 3336,-37.7208818019,144.711196638975,-37.7208813019,144.711197738975
53314063250,6 TRAPANI GR DEANSIDE 3336,-37.720169759225,144.711337790224,-37.720169259225,144.711338890224
53314083903,10 TRAPANI GR DEANSIDE 3336,-37.72031216776,144.711309375573,-37.72031166776,144.711310475573
53314124301,31 TRAPANI GR DEANSIDE 3336,-37.721322690007,144.710569840255,-37.721322190007,144.710570940255
53313990362,28 TRAPANI GR DEANSIDE 3336,-37.720947138835,144.710847448889,-37.720946638835,144.710848548889
53314001016,26 TRAPANI GR DEANSIDE 3336,-37.72096486656,144.710987510491,-37.720964366560004,144.710988610491
53314010701,30 TRAPANI GR DEANSIDE 3336,-37.720936577637,144.710720463056,-37.720936077637,144.71072156305598
53314063242,4 TRAPANI GR DEANSIDE 3336,-37.720098596867,144.711352123279,-37.720098096867,144.711353223279
53314063275,12 TRAPANI GR DEANSIDE 3336,-37.720394561868,144.711292863223,-37.720394061868,144.711293963223
53314099551,3 TRAPDOOR ST WYNDHAM VALE 3024,-37.877402653861,144.62271852634,-37.877402153861,144.62271962634
53314100766,6 TRAPDOOR ST WYNDHAM VALE 3024,-37.877011679987,144.622927654825,-37.877011179987,144.62292875482498
53314103528,8 TRAPDOOR ST WYNDHAM VALE 3024,-37.876899278665,144.622885912947,-37.876898778665,144.622887012947
53314103504,20 TRAPDOOR ST WYNDHAM VALE 3024,-37.876437519619,144.622553905762,-37.876437019619004,144.622555005762
53314132916,15 TRAPDOOR ST WYNDHAM VALE 3024,-37.876817052195,144.622238159469,-37.876816552195,144.62223925946898
53314142450,18 TRAPDOOR ST WYNDHAM VALE 3024,-37.87651970418,144.622612998179,-37.87651920418,144.62261409817899
53314142468,11 TRAPDOOR ST WYNDHAM VALE 3024,-37.877012727725,144.622378807805,-37.877012227725004,144.622379907805
53314197792,21 TRAPDOOR ST WYNDHAM VALE 3024,-37.876300224045,144.621899362943,-37.876299724045005,144.621900462943
53314101748,4 TRAPDOOR ST WYNDHAM VALE 3024,-37.877107778507,144.623041648708,-37.877107278507005,144.623042748708
53314103512,10 TRAPDOOR ST WYNDHAM VALE 3024,-37.876817136014,144.622826820529,-37.876816636014,144.622827920529
53314198246,19 TRAPDOOR ST WYNDHAM VALE 3024,-37.876389197948,144.621956611342,-37.876388697948,144.621957711342
53314100625,14 TRAPDOOR ST WYNDHAM VALE 3024,-37.876668399142,144.622719951264,-37.876667899142,144.622721051264
53304250478,1 TRAVANCORE CRES TRAVANCORE 3032,-37.782506392236,144.936686011467,-37.782505892236,144.936687111467
53313581328,33 TRAVANCORE ST TARNEIT 3029,-37.815161616455,144.66978383468,-37.815161116455,144.66978493468
53313617023,27 TRAVANCORE ST TARNEIT 3029,-37.81565032332,144.669691969021,-37.81564982332,144.66969306902098
53313581740,37 TRAVANCORE ST TARNEIT 3029,-37.814937526274,144.669825911834,-37.814937026274,144.669827011834
53313716493,23 TRAVANCORE ST TARNEIT 3029,-37.815874455411,144.669649891867,-37.815873955411,144.669650991867
53314110519,29 TRAVANCORE ST TARNEIT 3029,-37.815538969736,144.669712923779,-37.815538469736,144.669714023779
53313929863,35 TRAVANCORE ST TARNEIT 3029,-37.815048921767,144.669805040895,-37.815048421767,144.669806140895
53313952411,39 TRAVANCORE ST TARNEIT 3029,-37.81482617269,144.669846866592,-37.81482567269,144.669847966592
53313713152,13 TRAVERSE AVE TARNEIT 3029,-37.821523900061,144.669049328505,-37.821523400061004,144.669050428505
53313708104,14 TRAVERSE AVE TARNEIT 3029,-37.82157326947,144.66950505258,-37.82157276947,144.66950615258
53313764996,19 TRAVERSE AVE TARNEIT 3029,-37.821206980302,144.669103894694,-37.821206480302,144.66910499469398
53313309356,10 TRAVERSE AVE TARNEIT 3029,-37.821785457349,144.66946867512,-37.821784957349,144.66946977511998
53313477006,5 TRAVERSE AVE TARNEIT 3029,-37.821956992998,144.668974981023,-37.821956492998,144.668976081023
53313390142,7 TRAVERSE AVE TARNEIT 3029,-37.821854356593,144.668992666839,-37.821853856593,144.66899376683898
53313754056,17 TRAVERSE AVE TARNEIT 3029,-37.821318585342,144.669084700136,-37.821318085342,144.669085800136
53313762041,11 TRAVERSE AVE TARNEIT 3029,-37.821626536465,144.669031642689,-37.821626036465,144.66903274268898
53314104213,15 TRAVERSE AVE TARNEIT 3029,-37.821421221747,144.66906701432,-37.821420721747,144.66906811432
53313926804,12 TRAVERSE AVE TARNEIT 3029,-37.821675947784,144.669487450584,-37.821675447784,144.669488550584
53313874607,16 TRAVERSE AVE TARNEIT 3029,-37.821470633066,144.669522738396,-37.821470133066,144.669523838396
53313981917,7 TRAVERSE WAY FRASER RISE 3336,-37.702951276537,144.715758741235,-37.702950776537,144.71575984123498
53313916929,18 TRAYNOR ST TARNEIT 3029,-37.819922705097,144.679017339218,-37.819922205097,144.679018439218
53313897242,7 TRAYNOR ST TARNEIT 3029,-37.820344566284,144.679627206493,-37.820344066284,144.679628306493
53313897283,13 TRAYNOR ST TARNEIT 3029,-37.82029813054,144.679205345306,-37.820297630540004,144.679206445306
53313921608,16 TRAYNOR ST TARNEIT 3029,-37.819938169708,144.679157987553,-37.819937669708004,144.679159087553
53313929938,14 TRAYNOR ST TARNEIT 3029,-37.819953676229,144.679298552069,-37.819953176229,144.679299652069
53313966238,4 TRAYNOR ST TARNEIT 3029,-37.82002894572,144.679981928635,-37.82002844572,144.67998302863498
53313909551,6 TRAYNOR ST TARNEIT 3029,-37.820013145832,144.679838514272,-37.820012645832,144.679839614272
53313935184,10 TRAYNOR ST TARNEIT 3029,-37.8199821747,144.679557301421,-37.8199816747,144.679558401421
53313894190,8 TRAYNOR ST TARNEIT 3029,-37.819997639311,144.679697865937,-37.819997139311,144.67969896593698
53314200829,12 TRAYNOR ST TARNEIT 3029,-37.819967925465,144.679427884835,-37.819967425465,144.679428984835
53313938195,9 TRAYNOR ST TARNEIT 3029,-37.820329101673,144.679486558158,-37.820328601673005,144.679487658158
53313964043,3 TRAYNOR ST TARNEIT 3029,-37.820376459425,144.679916801248,-37.820375959425,144.679917901248
53300987270,10 TREACEY ST HORSHAM 3400,-36.715867052188,142.173753400414,-36.715866552188004,142.173754500414
53308062961,2 TREE CHANGE WAY WOODEND 3442,-37.338244820637,144.536260368552,-37.338244320637,144.536261468552
53314189253,4 TREEMARTIN ST DEANSIDE 3336,-37.735816928435,144.683502914702,-37.735816428435,144.68350401470198
53314200449,12 TREEMARTIN ST DEANSIDE 3336,-37.735292305115,144.683610370701,-37.735291805115004,144.68361147070098
53313883333,55 TREEVE PKWY WERRIBEE 3030,-37.904159448996,144.610641544969,-37.904158948996,144.610642644969
53314056362,18 TREFOIL RD TARNEIT 3029,-37.831616172489,144.638735169842,-37.831615672489,144.63873626984198
53314008181,23 TREFOIL RD TARNEIT 3029,-37.831594086174,144.638133852108,-37.831593586174,144.638134952108
53313994379,20 TREFOIL RD TARNEIT 3029,-37.831522798087,144.6386557094,-37.831522298087,144.6386568094
53313953847,12 TREFOIL RD TARNEIT 3029,-37.831907359805,144.638983022719,-37.831906859805,144.638984122719
53313973805,17 TREFOIL RD TARNEIT 3029,-37.831872239631,144.638370640873,-37.831871739631,144.638371740873
53314176821,22 TREFOIL RD TARNEIT 3029,-37.831436967399,144.638582619204,-37.831436467399,144.63858371920398
53314155247,26 TREFOIL RD TARNEIT 3029,-37.831267443407,144.638438282832,-37.831266943407,144.638439382832
53313957402,15 TREFOIL RD TARNEIT 3029,-37.831950610425,144.638437360822,-37.831950110425,144.638438460822
53313983547,19 TREFOIL RD TARNEIT 3029,-37.831786367033,144.638297550677,-37.831785867033,144.638298650677
53313983570,4 TREFOIL RD TARNEIT 3029,-37.832243390303,144.639269097075,-37.832242890303,144.63927019707498
53313953657,11 TREFOIL RD TARNEIT 3029,-37.832114895728,144.638577170967,-37.832114395728,144.638578270967
53313953672,10 TREFOIL RD TARNEIT 3029,-37.831993232403,144.639056112915,-37.831992732403,144.639057212915
53313953888,7 TREFOIL RD TARNEIT 3029,-37.832301560711,144.638736091852,-37.832301060711,144.638737191852
53313953938,6 TREFOIL RD TARNEIT 3029,-37.832157517705,144.639196006879,-37.832157017705,144.63919710687898
53314070595,21 TREFOIL RD TARNEIT 3029,-37.831693034541,144.638218090235,-37.831692534541,144.638219190235
53313981394,14 TREFOIL RD TARNEIT 3029,-37.831814027313,144.638903562277,-37.831813527313,144.63890466227699
53314063961,16 TREFOIL RD TARNEIT 3029,-37.831715078946,144.63881932415,-37.831714578946,144.63882042415
53313969613,8 TREFOIL RD TARNEIT 3029,-37.832071645107,144.639122832864,-37.832071145107,144.63912393286398
53313774518,6 TREGONING ST MADDINGLEY 3340,-37.684387288841,144.402381090635,-37.684386788841,144.402382190635
53314217292,4 TREGONING ST MADDINGLEY 3340,-37.68440895606,144.402571862751,-37.68440845606,144.40257296275098
53313731964,14 TRELLIS GR ROCKBANK 3335,-37.743525597147,144.66072274589,-37.743525097147,144.66072384589
53314003190,10 TRELLIS GR ROCKBANK 3335,-37.743537206083,144.660422506118,-37.743536706083,144.660423606118
53313921862,16 TRELLIS GR ROCKBANK 3335,-37.743519520268,144.660881415317,-37.743519020268,144.66088251531698
53301745389,10 TRELOAR CRES BRAYBROOK 3019,-37.786318272253,144.847202992461,-37.786317772253,144.847204092461
53301819565,4 TRELOAR CRES BRAYBROOK 3019,-37.784968115289,144.848381655686,-37.784967615289,144.848382755686
53313010387,10 TRELOAR CRES BRAYBROOK 3019,-37.786318272253,144.847202992461,-37.786317772253,144.847204092461
53301880718,17 TRELOAR CT BRAYBROOK 3019,-37.78570563895,144.846821951143,-37.78570513895,144.846823051143
53312922496,29 TREMAIN DR LUCAS 3350,-37.544384318192,143.781206879663,-37.544383818192,143.78120797966298
53312892021,40 TREMAIN DR LUCAS 3350,-37.543826167259,143.780406910824,-37.543825667259,143.780408010824
53312747705,24 TREMAIN DR LUCAS 3350,-37.544009940486,143.781973572346,-37.544009440486,143.781974672346
53312731031,35 TREMAIN DR LUCAS 3350,-37.544270450037,143.780701953816,-37.544269950037,143.78070305381598
53312895041,46 TREMAIN DR LUCAS 3350,-37.543756555553,143.779813723536,-37.543756055553004,143.779814823536
53312968136,37 TREMAIN DR LUCAS 3350,-37.544238305438,143.78041068268,-37.544237805438,143.78041178268
53313053567,28 TREMAIN DR LUCAS 3350,-37.543966606047,143.781604265692,-37.543966106047,143.781605365692
53312755260,31 TREMAIN DR LUCAS 3350,-37.544307204683,143.781015353175,-37.544306704683,143.781016453175
53312772132,22 TREMAIN DR LUCAS 3350,-37.544086383443,143.782159566778,-37.544085883443,143.782160666778
53312873574,34 TREMAIN DR LUCAS 3350,-37.543894437861,143.780988782542,-37.543893937861,143.780989882542
53312782801,39 TREMAIN DR LUCAS 3350,-37.544162574943,143.779898716034,-37.544162074943,143.779899816034
53313561429,38 TREMAIN DR LUCAS 3350,-37.543849804226,143.780608327957,-37.543849304226,143.780609427957
53313187828,33 TREMAIN DR LUCAS 3350,-37.544604678426,143.780672030421,-37.544604178426,143.78067313042098
53313187852,33 TREMAIN DR LUCAS 3350,-37.544604678426,143.780672030421,-37.544604178426,143.78067313042098
53313188776,33 TREMAIN DR LUCAS 3350,-37.544604678426,143.780672030421,-37.544604178426,143.78067313042098
53313188802,33 TREMAIN DR LUCAS 3350,-37.544604678426,143.780672030421,-37.544604178426,143.78067313042098
53303379716,3 TRENTHAM DR GLADSTONE PARK 3043,-37.697993616457,144.891082110858,-37.697993116457,144.891083210858
53314003926,15 TRENTINO GR FRASER RISE 3336,-37.69395829071,144.713884631504,-37.69395779071,144.71388573150398
53314004445,1 TRENTINO GR FRASER RISE 3336,-37.695116544,144.713611297642,-37.695116044,144.71361239764198
53314020848,28 TRENTINO GR FRASER RISE 3336,-37.693624649054,144.714365166013,-37.693624149054,144.714366266013
53314071405,22 TRENTINO GR FRASER RISE 3336,-37.693906239091,144.714321161022,-37.693905739091,144.714322261022
53313998578,19 TRENTINO GR FRASER RISE 3336,-37.693734787262,144.713919667859,-37.693734287262004,144.71392076785898
53314051249,5 TRENTINO GR FRASER RISE 3336,-37.694858968116,144.713651782234,-37.694858468116,144.713652882234
53314014049,18 TRENTINO GR FRASER RISE 3336,-37.694120773903,144.714287465771,-37.694120273903,144.714288565771
53313993101,8 TRENTINO GR FRASER RISE 3336,-37.694724187113,144.714192750265,-37.694723687113004,144.714193850265
53314077565,10 TRENTINO GR FRASER RISE 3336,-37.694612456343,144.714210268443,-37.694611956343,144.714211368443
53314020567,4 TRENTINO GR FRASER RISE 3336,-37.694954396083,144.714156540443,-37.694953896083,144.714157640443
53313988308,16 TRENTINO GR FRASER RISE 3336,-37.694239252105,144.714268857946,-37.694238752105,144.714269957946
53314049381,26 TRENTINO GR FRASER RISE 3336,-37.69371852637,144.714350581502,-37.69371802637,144.714351681502
53314054340,3 TRENTINO GR FRASER RISE 3336,-37.69498410993,144.713632084762,-37.69498360993,144.713633184762
53314059984,21 TRENTINO GR FRASER RISE 3336,-37.693607424243,144.713939700608,-37.693606924243,144.713940800608
53313993091,11 TRENTINO GR FRASER RISE 3336,-37.694197426408,144.713847080578,-37.694196926408004,144.713848180578
53314020871,14 TRENTINO GR FRASER RISE 3336,-37.694373320646,144.714247819369,-37.694372820646,144.714248919369
53314068274,13 TRENTINO GR FRASER RISE 3336,-37.694070021479,144.713867029508,-37.694069521479,144.713868129508
53308716821,709 TRESS ST GOLDEN POINT 3350,-37.576192467276,143.859221778744,-37.576191967276,143.859222878744
53308717142,709 TRESS ST GOLDEN POINT 3350,-37.576192467276,143.859221778744,-37.576191967276,143.859222878744
53307802813,802 TRESS ST GOLDEN POINT 3350,-37.577483154637,143.856578210302,-37.577482654637,143.85657931030198
53308716815,709 TRESS ST GOLDEN POINT 3350,-37.576192467276,143.859221778744,-37.576191967276,143.859222878744
53308716896,709 TRESS ST GOLDEN POINT 3350,-37.576192467276,143.859221778744,-37.576191967276,143.859222878744
53309249549,709 TRESS ST GOLDEN POINT 3350,-37.576192467276,143.859221778744,-37.576191967276,143.859222878744
53312857750,6 TREVANNION ST GLENROY 3046,-37.701728356863,144.918435255493,-37.701727856863,144.918436355493
53313220119,19 TREVANNION ST GLENROY 3046,-37.698988522263,144.918175667952,-37.698988022263,144.918176767952
53313468234,20 TREVISO ST FRASER RISE 3336,-37.712784841523,144.718977727331,-37.712784341523005,144.718978827331
53303202594,99999 TREWIN ST WENDOUREE 3355,-37.53200271221,143.808856923651,-37.53200221221,143.808858023651
53300003444,99999 TREWIN ST WENDOUREE 3355,-37.53200271221,143.808856923651,-37.53200221221,143.808858023651
53309349547,192 TREWIN ST WENDOUREE 3355,-37.53200271221,143.808856923651,-37.53200221221,143.808858023651
53314051926,36 TREZISE LANE MOUNT CLEAR 3350,-37.611582790321,143.874720001535,-37.611582290321,143.874721101535
53313048666,24 TRIBE ST SUNSHINE 3020,-37.780464183437,144.843085382526,-37.780463683437,144.843086482526
53313048658,24 TRIBE ST SUNSHINE 3020,-37.780464183437,144.843085382526,-37.780463683437,144.843086482526
53313467673,5 TRIBUTARY ST TARNEIT 3029,-37.849586386164,144.64896335483,-37.849585886164,144.64896445482998
53313403258,7 TRIBUTARY ST TARNEIT 3029,-37.849435302359,144.648994954605,-37.849434802359,144.648996054605
53314089702,3 TRIBUTARY ST TARNEIT 3029,-37.849719742243,144.648935443093,-37.849719242243005,144.648936543093
53313342520,5 TRIBUTARY WAY WEIR VIEWS 3338,-37.726646246261,144.576556870982,-37.726645746261,144.57655797098198
53313084141,3 TRIBUTARY WAY WEIR VIEWS 3338,-37.72667927096,144.576706571773,-37.72667877096,144.576707671773
53313429277,8 TRIBUTARY WAY WEIR VIEWS 3338,-37.726160221606,144.57635620822,-37.726159721606,144.57635730822
53313531076,19 TRIBUTE RD CRAIGIEBURN 3064,-37.599252172559,144.893953476517,-37.599251672559,144.893954576517
53313531142,23 TRIBUTE RD CRAIGIEBURN 3064,-37.599326100945,144.893692380234,-37.599325600945,144.893693480234
53313532295,17 TRIBUTE RD CRAIGIEBURN 3064,-37.599302631616,144.893948363556,-37.599302131616,144.893949463556
53313531092,13 TRIBUTE RD CRAIGIEBURN 3064,-37.599417086504,144.893927492618,-37.599416586504,144.89392859261798
53313531126,23 TRIBUTE RD CRAIGIEBURN 3064,-37.599326100945,144.893692380234,-37.599325600945,144.893693480234
53313496055,11 TRICKETT DR TRUGANINA 3029,-37.766523946899,144.689725136706,-37.766523446899,144.68972623670598
53313864862,41 TRICKETT DR TRUGANINA 3029,-37.765869529809,144.687397398375,-37.765869029809004,144.687398498375
53313416276,29 TRICKETT DR TRUGANINA 3029,-37.766405929703,144.688414290868,-37.766405429703,144.688415390868
53313580486,23 TRICKETT DR TRUGANINA 3029,-37.766444737914,144.688845623605,-37.766444237914,144.688846723605
53313341419,15 TRICKETT DR TRUGANINA 3029,-37.766497837271,144.68943478758,-37.766497337271,144.68943588758
53313559835,61 TRICKETT DR TRUGANINA 3029,-37.764912735561,144.68751985798,-37.764912235561,144.68752095797998
53313466750,25 TRICKETT DR TRUGANINA 3029,-37.76643128496,144.688696174272,-37.76643078496,144.688697274272
53313654711,67 TRICKETT DR TRUGANINA 3029,-37.764886835481,144.687232274882,-37.764886335481,144.687233374882
53313598593,43 TRICKETT DR TRUGANINA 3029,-37.765766600038,144.687412150524,-37.765766100038,144.687413250524
53314068093,33 TRICKETT DR TRUGANINA 3029,-37.76637927525,144.688118242048,-37.766378775250004,144.688119342048
53313595709,49 TRICKETT DR TRUGANINA 3029,-37.765466737452,144.68745498205,-37.765466237452,144.68745608205
53303659371,36 TRICKEY AVE SYDENHAM 3037,-37.697980472677,144.768398266643,-37.697979972677004,144.768399366643
53314115029,2 TRIESTE CRES DEANSIDE 3336,-37.725213862828,144.711131930682,-37.725213362828,144.711133030682
53314123567,47 TRIESTE CRES DEANSIDE 3336,-37.724753780162,144.713500907977,-37.724753280162,144.71350200797698
53314184452,31 TRIESTE CRES DEANSIDE 3336,-37.724604875652,144.712321993295,-37.724604375652,144.712323093295
53314170643,17 TRIESTE CRES DEANSIDE 3336,-37.724477596453,144.711291019205,-37.724477096453,144.71129211920498
53314113353,23 TRIESTE CRES DEANSIDE 3336,-37.724530486262,144.711728303093,-37.724529986262,144.711729403093
53314114970,12 TRIESTE CRES DEANSIDE 3336,-37.724798036611,144.7112152468,-37.724797536611,144.7112163468
53314115005,6 TRIESTE CRES DEANSIDE 3336,-37.725029460958,144.711168894875,-37.725028960958,144.71116999487498
53314144331,45 TRIESTE CRES DEANSIDE 3336,-37.724736094347,144.713360930194,-37.724735594347,144.713362030194
53314122701,21 TRIESTE CRES DEANSIDE 3336,-37.724512507079,144.711579775769,-37.724512007079,144.711580875769
53314170669,42 TRIESTE CRES DEANSIDE 3336,-37.725160805381,144.713543990959,-37.725160305381,144.713545090959
53314186061,33 TRIESTE CRES DEANSIDE 3336,-37.724624656944,144.712478818704,-37.724624156944,144.712479918704
53314100619,19 TRIESTE CRES DEANSIDE 3336,-37.724495575635,144.711439546529,-37.724495075635,144.71144064652898
53314156700,30 TRIESTE CRES DEANSIDE 3336,-37.725049326068,144.712661963288,-37.725048826068004,144.712663063288
53314125309,38 TRIESTE CRES DEANSIDE 3336,-37.725122206716,144.713238805865,-37.725121706716,144.71323990586498
53314142244,32 TRIESTE CRES DEANSIDE 3336,-37.725068101531,144.712810322974,-37.725067601531,144.712811422974
53314142772,41 TRIESTE CRES DEANSIDE 3336,-37.724699633068,144.713072508906,-37.724699133068,144.713073608906
53314110162,37 TRIESTE CRES DEANSIDE 3336,-37.724661076313,144.712767239992,-37.724660576313,144.71276833999198
53314158794,40 TRIESTE CRES DEANSIDE 3336,-37.725142029917,144.713395631273,-37.725141529917,144.71339673127298
53313141488,5 TRIFT ST CRAIGIEBURN 3064,-37.576828863275,144.900898218574,-37.576828363275,144.900899318574
53313067434,7 TRIFT ST CRAIGIEBURN 3064,-37.576893864934,144.900949180546,-37.576893364934,144.900950280546
53313091098,9 TRIFT ST CRAIGIEBURN 3064,-37.576966452215,144.901006093668,-37.576965952215,144.901007193668
53313180117,11 TRIFT ST CRAIGIEBURN 3064,-37.577053246823,144.901092259633,-37.577052746823,144.901093359633
53304449708,107 TRIHOLM AVE LAVERTON 3028,-37.869137803963,144.753661875033,-37.869137303963,144.753662975033
53314035985,13 TRILLER ST GREENVALE 3059,-37.630507702767,144.884988863433,-37.630507202767,144.884989963433
53314208268,14 TRILLER ST GREENVALE 3059,-37.630932246163,144.88519774046,-37.630931746163,144.88519884046
53314036298,15 TRILLER ST GREENVALE 3059,-37.630527651697,144.885136804024,-37.630527151697,144.885137904024
53314060126,6 TRILLER ST GREENVALE 3059,-37.630856473758,144.884631039987,-37.630855973758,144.884632139987
53314034095,16 TRILLER ST GREENVALE 3059,-37.630951063536,144.885337299148,-37.630950563536004,144.885338399148
53313974942,10 TRILLER ST GREENVALE 3059,-37.630894653327,144.884918455447,-37.630894153327,144.884919555447
53314034350,19 TRILLER ST GREENVALE 3059,-37.630567507646,144.885432852844,-37.630567007646,144.88543395284398
53313974968,17 TRILLER ST GREENVALE 3059,-37.630547558717,144.885284828434,-37.630547058717,144.885285928434
53313999404,3 TRILLER ST GREENVALE 3059,-37.630428032777,144.884209262619,-37.630427532777,144.884210362619
53314045515,8 TRILLER ST GREENVALE 3059,-37.630875835955,144.88477881294,-37.630875335955004,144.88477991294
53313909592,4 TRIM PL LARA 3212,-38.013804800815,144.371197560975,-38.013804300815,144.37119866097498
53313722755,6 TRIM ST MAMBOURIN 3024,-37.890689604865,144.593270385914,-37.890689104865004,144.593271485914
53313764723,4 TRIM ST MAMBOURIN 3024,-37.890801964277,144.593260495268,-37.890801464277004,144.593261595268
53314062970,10 TRIM ST MAMBOURIN 3024,-37.890432154709,144.593292933234,-37.890431654709005,144.593294033234
53314132139,2 TRIM ST MAMBOURIN 3024,-37.890938337842,144.593248592966,-37.890937837842,144.593249692966
53305664560,23 TRIMBLE ST DAYLESFORD 3460,-37.335082789573,144.142848450757,-37.335082289573,144.14284955075698
53312923221,13 TRINCA CT WERRIBEE 3030,-37.904288739853,144.669649137496,-37.904288239853,144.669650237496
53300957969,1 TRINITY DR HORSHAM 3400,-36.708508254376,142.215615354435,-36.708507754376,142.21561645443498
53313385190,33 TRINITY WAY ARMSTRONG CREEK 3217,-38.232456132878,144.371102007279,-38.232455632878,144.371103107279
53314019667,11 TRITONES WAY ARMSTRONG CREEK 3217,-38.224555183307,144.375242835085,-38.224554683307,144.375243935085
53313981527,6 TRITONES WAY ARMSTRONG CREEK 3217,-38.224973943189,144.375716664072,-38.224973443189,144.375717764072
53314127948,13 TRITONES WAY ARMSTRONG CREEK 3217,-38.224443871632,144.375264208939,-38.224443371632,144.375265308939
53314126495,10 TRITONES WAY ARMSTRONG CREEK 3217,-38.224744656228,144.375760752883,-38.224744156228,144.375761852883
53314203054,9 TRITONES WAY ARMSTRONG CREEK 3217,-38.22466653689,144.375221461232,-38.22466603689,144.375222561232
53313971338,16 TRITONES WAY ARMSTRONG CREEK 3217,-38.224410679296,144.375824874442,-38.224410179296,144.375825974442
53314019659,14 TRITONES WAY ARMSTRONG CREEK 3217,-38.22452199097,144.375803500589,-38.22452149097,144.375804600589
53313985668,8 TRITONES WAY ARMSTRONG CREEK 3217,-38.224855925993,144.375739295211,-38.224855425993,144.37574039521098
53314032560,12 TRITONES WAY ARMSTRONG CREEK 3217,-38.224633302644,144.375782126736,-38.224632802644,144.375783226736
53313542674,2 TRIUMPH AVE TARNEIT 3029,-37.824244372465,144.67081573078,-37.824243872465004,144.67081683077998
53313542732,12 TRIUMPH AVE TARNEIT 3029,-37.824190434918,144.670325221806,-37.824189934918,144.670326321806
53313542690,6 TRIUMPH AVE TARNEIT 3029,-37.82422224424,144.670614313647,-37.82422174424,144.670615413647
53313997011,4 TRONDHEIM ST ROCKBANK 3335,-37.723127607127,144.639673859179,-37.723127107127,144.639674959179
53313812193,9 TRONDHEIM ST ROCKBANK 3335,-37.72268504264,144.639193576127,-37.72268454264,144.639194676127
53313813422,16 TRONDHEIM ST ROCKBANK 3335,-37.722441464533,144.639768407047,-37.722440964533,144.639769507047
53313722707,3 TRONDHEIM ST ROCKBANK 3335,-37.722975685132,144.63915091224,-37.722975185132,144.63915201224
53313792385,6 TRONDHEIM ST ROCKBANK 3335,-37.723006991541,144.639659274667,-37.723006491541,144.639660374667
53313799992,17 TRONDHEIM ST ROCKBANK 3335,-37.722284261939,144.639270857274,-37.722283761939,144.639271957274
53313812616,7 TRONDHEIM ST ROCKBANK 3335,-37.72277854277,144.639175471216,-37.72277804277,144.63917657121598
53313815998,12 TRONDHEIM ST ROCKBANK 3335,-37.722677457017,144.639722893312,-37.722676957017,144.639723993312
53313870093,18 TRONDHEIM ST ROCKBANK 3335,-37.722323447337,144.639791205823,-37.722322947337,144.639792305823
53313957717,5 TRONDHEIM ST ROCKBANK 3335,-37.722863116173,144.639159210324,-37.722862616173,144.639160310324
53313978507,15 TRONDHEIM ST ROCKBANK 3335,-37.722395573613,144.639249399602,-37.722395073613,144.63925049960199
53314148324,4 TROOKFIELD ST STRATHTULLOH 3338,-37.729405149691,144.598349148686,-37.729404649691,144.598350248686
53313377476,11 TROOPER AVE SUNBURY 3429,-37.593983811137,144.70498581636,-37.593983311137,144.70498691635999
53313215704,8 TROOPER AVE SUNBURY 3429,-37.593682607447,144.704255501136,-37.593682107447,144.704256601136
53313412103,56 TROOPER AVE SUNBURY 3429,-37.593353994933,144.703015733838,-37.593353494933,144.70301683383798
53313184750,20 TROOPER AVE SUNBURY 3429,-37.594546865483,144.704433197484,-37.594546365483,144.704434297484
53313294945,4 TROOPER AVE SUNBURY 3429,-37.59336375985,144.704265056506,-37.59336325985,144.70426615650598
53313625538,42 TROOPER AVE SUNBURY 3429,-37.594268125293,144.702788500443,-37.594267625293,144.702789600443
53313215167,3 TROOPER AVE SUNBURY 3429,-37.593491290507,144.704801079214,-37.593490790507,144.704802179214
53313465389,50 TROOPER AVE SUNBURY 3429,-37.593702346829,144.702957647249,-37.593701846829,144.702958747249
53313285457,16 TROOPER AVE SUNBURY 3429,-37.594460950976,144.704709800288,-37.594460450976,144.70471090028798
53313293988,13 TROOPER AVE SUNBURY 3429,-37.594112808627,144.705034179941,-37.594112308627004,144.705035279941
53313427703,52 TROOPER AVE SUNBURY 3429,-37.593583952446,144.70297742854,-37.593583452446,144.70297852854
53313295092,14 TROOPER AVE SUNBURY 3429,-37.594295115021,144.704582479179,-37.594294615021,144.704583579179
53313352594,22 TROOPER AVE SUNBURY 3429,-37.594572891292,144.704294644624,-37.594572391292004,144.704295744624
53313624201,36 TROOPER AVE SUNBURY 3429,-37.594340293479,144.703085052177,-37.594339793479,144.70308615217698
53313624571,38 TROOPER AVE SUNBURY 3429,-37.594317871888,144.70299301888,-37.594317371888,144.70299411887999
53313632007,46 TROOPER AVE SUNBURY 3429,-37.593979159181,144.702911462962,-37.593978659181005,144.70291256296198
53313981386,20 TROOPER DR AINTREE 3336,-37.721986117643,144.67392952399,-37.721985617643,144.67393062399
53314023569,36 TROOPER DR AINTREE 3336,-37.722118300256,144.675188737304,-37.722117800256,144.675189837304
53314205629,28 TROOPER DR AINTREE 3336,-37.72205220895,144.674559172557,-37.72205170895,144.674560272557
53313937917,34 TROOPER DR AINTREE 3336,-37.722101787907,144.675031325163,-37.722101287907,144.67503242516298
53313749443,6 TROPHY DR TARNEIT 3029,-37.81267235885,144.674867375137,-37.81267185885,144.674868475137
53313942626,11 TROPHY DR TARNEIT 3029,-37.81306890669,144.675342629047,-37.81306840669,144.675343729047
53313773550,20 TROPHY DR TARNEIT 3029,-37.813471238042,144.674741143675,-37.813470738042,144.67474224367498
53313701869,10 TROPHY DR TARNEIT 3029,-37.812895820389,144.674832087324,-37.812895320389,144.674833187324
53313749435,8 TROPHY DR TARNEIT 3029,-37.81276070411,144.674853377358,-37.81276020411,144.674854477358
53313932073,12 TROPHY DR TARNEIT 3029,-37.813014256681,144.67481339568,-37.813013756681,144.67481449567998
53304079299,6 TROTT PL KEILOR EAST 3033,-37.736114192631,144.857292205495,-37.736113692631,144.857293305495
53311670704,1-11 TROWARD HARVEY WAY CRAIGIEBURN 3064,-37.576003916364,144.93197999193,-37.576003416364,144.93198109193
53311670835,1-11 TROWARD HARVEY WAY CRAIGIEBURN 3064,-37.576003916364,144.93197999193,-37.576003416364,144.93198109193
53311670645,1-11 TROWARD HARVEY WAY CRAIGIEBURN 3064,-37.576003916364,144.93197999193,-37.576003416364,144.93198109193
53311670613,1-11 TROWARD HARVEY WAY CRAIGIEBURN 3064,-37.576003916364,144.93197999193,-37.576003416364,144.93198109193
53311670678,1-11 TROWARD HARVEY WAY CRAIGIEBURN 3064,-37.576003916364,144.93197999193,-37.576003416364,144.93198109193
53311670744,1-11 TROWARD HARVEY WAY CRAIGIEBURN 3064,-37.576003916364,144.93197999193,-37.576003416364,144.93198109193
53311670876,1-11 TROWARD HARVEY WAY CRAIGIEBURN 3064,-37.576003916364,144.93197999193,-37.576003416364,144.93198109193
53311670637,1-11 TROWARD HARVEY WAY CRAIGIEBURN 3064,-37.576003916364,144.93197999193,-37.576003416364,144.93198109193
53311670661,1-11 TROWARD HARVEY WAY CRAIGIEBURN 3064,-37.576003916364,144.93197999193,-37.576003416364,144.93198109193
53311670694,1-11 TROWARD HARVEY WAY CRAIGIEBURN 3064,-37.576003916364,144.93197999193,-37.576003416364,144.93198109193
53311670728,1-11 TROWARD HARVEY WAY CRAIGIEBURN 3064,-37.576003916364,144.93197999193,-37.576003416364,144.93198109193
53311670760,1-11 TROWARD HARVEY WAY CRAIGIEBURN 3064,-37.576003916364,144.93197999193,-37.576003416364,144.93198109193
53311670793,1-11 TROWARD HARVEY WAY CRAIGIEBURN 3064,-37.576003916364,144.93197999193,-37.576003416364,144.93198109193
53311670827,1-11 TROWARD HARVEY WAY CRAIGIEBURN 3064,-37.576003916364,144.93197999193,-37.576003416364,144.93198109193
53311670851,1-11 TROWARD HARVEY WAY CRAIGIEBURN 3064,-37.576003916364,144.93197999193,-37.576003416364,144.93198109193
53311670892,1-11 TROWARD HARVEY WAY CRAIGIEBURN 3064,-37.576003916364,144.93197999193,-37.576003416364,144.93198109193
53311670605,1-11 TROWARD HARVEY WAY CRAIGIEBURN 3064,-37.576003916364,144.93197999193,-37.576003416364,144.93198109193
53311670629,1-11 TROWARD HARVEY WAY CRAIGIEBURN 3064,-37.576003916364,144.93197999193,-37.576003416364,144.93198109193
53311670653,1-11 TROWARD HARVEY WAY CRAIGIEBURN 3064,-37.576003916364,144.93197999193,-37.576003416364,144.93198109193
53311670686,1-11 TROWARD HARVEY WAY CRAIGIEBURN 3064,-37.576003916364,144.93197999193,-37.576003416364,144.93198109193
53311670712,1-11 TROWARD HARVEY WAY CRAIGIEBURN 3064,-37.576003916364,144.93197999193,-37.576003416364,144.93198109193
53311670736,1-11 TROWARD HARVEY WAY CRAIGIEBURN 3064,-37.576003916364,144.93197999193,-37.576003416364,144.93198109193
53311670785,1-11 TROWARD HARVEY WAY CRAIGIEBURN 3064,-37.576003916364,144.93197999193,-37.576003416364,144.93198109193
53311670811,1-11 TROWARD HARVEY WAY CRAIGIEBURN 3064,-37.576003916364,144.93197999193,-37.576003416364,144.93198109193
53311670843,1-11 TROWARD HARVEY WAY CRAIGIEBURN 3064,-37.576003916364,144.93197999193,-37.576003416364,144.93198109193
53311670910,1-11 TROWARD HARVEY WAY CRAIGIEBURN 3064,-37.576003916364,144.93197999193,-37.576003416364,144.93198109193
53313616010,31 TRUFFLE CCT MOUNT DUNEED 3217,-38.229958116184,144.318292413055,-38.229957616184,144.31829351305498
53313746094,21 TRUFFLE CCT MOUNT DUNEED 3217,-38.229866376254,144.31751717083,-38.229865876254,144.31751827083
53313735328,28 TRUFFLE CCT MOUNT DUNEED 3217,-38.230304037328,144.317945150807,-38.230303537328,144.31794625080698
53313629852,37 TRUFFLE CCT MOUNT DUNEED 3217,-38.230015867497,144.318780742734,-38.230015367497,144.31878184273398
53313808471,38 TRUFFLE CCT MOUNT DUNEED 3217,-38.230385425608,144.318633388876,-38.230384925608,144.318634488876
53313681038,35 TRUFFLE CCT MOUNT DUNEED 3217,-38.229997175853,144.31862266004,-38.229996675853,144.31862376004
53313781778,36 TRUFFLE CCT MOUNT DUNEED 3217,-38.230364219393,144.318454016148,-38.230363719393004,144.318455116148
53313745907,16-18 TRUFFLE CCT MOUNT DUNEED 3217,-38.230580723952,144.317635104208,-38.230580223952,144.317636204208
53313764442,23 TRUFFLE CCT MOUNT DUNEED 3217,-38.229885654631,144.317679863571,-38.229885154631,144.31768096357098
53314098919,6 TRUFFLE CCT MOUNT DUNEED 3217,-38.230623136382,144.318497266769,-38.230622636382,144.31849836676898
53313647144,32 TRUFFLE CCT MOUNT DUNEED 3217,-38.230333457808,144.318193925693,-38.230332957808,144.318195025693
53313704556,14 TRUFFLE CCT MOUNT DUNEED 3217,-38.23054455604,144.317898212149,-38.23054405604,144.317899312149
53313658942,33 TRUFFLE CCT MOUNT DUNEED 3217,-38.229977143104,144.318453345596,-38.229976643104,144.318454445596
53312835384,4 TRUMAN ST SOUTH KINGSVILLE 3015,-37.826807851822,144.868961491095,-37.826807351822,144.868962591095
53312835376,4 TRUMAN ST SOUTH KINGSVILLE 3015,-37.826807851822,144.868961491095,-37.826807351822,144.868962591095
53313847585,17 TRUNCATA DR TARNEIT 3029,-37.831077216114,144.640606345907,-37.831076716114,144.640607445907
53313849979,57 TRUNCATA DR TARNEIT 3029,-37.831027846705,144.640201164708,-37.831027346705,144.640202264708
53314041126,26 TRUNCATA DR TARNEIT 3029,-37.830515125687,144.640710365326,-37.830514625687,144.64071146532598
53313712864,8 TRUNCATA DR TARNEIT 3029,-37.831321548592,144.641396843196,-37.831321048592,144.64139794319598
53314095328,45 TRUNCATA DR TARNEIT 3029,-37.830458505932,144.639716523066,-37.830458005932,144.639717623066
53313849954,80 TRUNCATA DR TARNEIT 3029,-37.831375905234,144.639914922714,-37.831375405234,144.639916022714
53313851282,20 TRUNCATA DR TARNEIT 3029,-37.830780203375,144.640936006159,-37.830779703375,144.640937106159
53313961396,66 TRUNCATA DR TARNEIT 3029,-37.830733767632,144.639368254989,-37.830733267632,144.639369354989
53314082953,33 TRUNCATA DR TARNEIT 3029,-37.830324898395,144.639965968505,-37.830324398395,144.639967068505
53314000585,70 TRUNCATA DR TARNEIT 3029,-37.830926048491,144.639531953558,-37.830925548491,144.63953305355798
53313852081,82 TRUNCATA DR TARNEIT 3029,-37.831454317938,144.639981642663,-37.831453817938,144.639982742663
53314003803,51 TRUNCATA DR TARNEIT 3029,-37.830755309123,144.639969153628,-37.830754809123,144.63997025362798
53313847603,23 TRUNCATA DR TARNEIT 3029,-37.83081959832,144.64038707532,-37.83081909832,144.64038817532
53313902516,4 TRUNCATA DR TARNEIT 3029,-37.831525019292,144.641570097134,-37.831524519292,144.641571197134
53313855779,18 TRUNCATA DR TARNEIT 3029,-37.83085857417,144.641002726108,-37.83085807417,144.641003826108
53314192308,39 TRUNCATA DR TARNEIT 3029,-37.830266727987,144.639714259952,-37.830266227987,144.639715359952
53314201514,43 TRUNCATA DR TARNEIT 3029,-37.8303729267,144.639542598575,-37.8303724267,144.63954369857498
53314102141,36 TRUNCATA DR TARNEIT 3029,-37.830085762697,144.640344914347,-37.830085262697004,144.640346014347
53314172366,37 TRUNCATA DR TARNEIT 3029,-37.83021882541,144.639803694859,-37.83021832541,144.639804794859
53314023122,68 TRUNCATA DR TARNEIT 3029,-37.830827100124,144.639447715431,-37.830826600124,144.639448815431
53314041430,53 TRUNCATA DR TARNEIT 3029,-37.830848641615,144.64004861407,-37.830848141615,144.64004971407
53314041456,55 TRUNCATA DR TARNEIT 3029,-37.830942016016,144.640128074512,-37.830941516016004,144.640129174512
53314037602,25 TRUNCATA DR TARNEIT 3029,-37.830720649953,144.640302837193,-37.830720149953,144.64030393719298
53314003793,27 TRUNCATA DR TARNEIT 3029,-37.830616127621,144.640213821381,-37.830615627621,144.640214921381
53313966668,21 TRUNCATA DR TARNEIT 3029,-37.830912930812,144.640466535762,-37.830912430812,144.64046763576198
53313966858,76 TRUNCATA DR TARNEIT 3029,-37.831211661841,144.639775112569,-37.831211161841004,144.639776212569
53313889910,74 TRUNCATA DR TARNEIT 3029,-37.83111828744,144.639695652127,-37.83111778744,144.63969675212698
53313973861,22 TRUNCATA DR TARNEIT 3029,-37.830694330777,144.640862915963,-37.830693830777,144.640864015963
53313949093,61 TRUNCATA DR TARNEIT 3029,-37.831192132007,144.640340974853,-37.831191632007,144.64034207485298
53313962228,31 TRUNCATA DR TARNEIT 3029,-37.830423846762,144.640050206631,-37.830423346762004,144.640051306631
53314006540,14 TRUNCATA DR TARNEIT 3029,-37.83103777926,144.641155360565,-37.83103727926,144.64115646056499
53314041134,28 TRUNCATA DR TARNEIT 3029,-37.830436712983,144.640643645376,-37.830436212983,144.640644745376
53314045175,5 TRUNK LANE FRASER RISE 3336,-37.704779621076,144.699955752445,-37.704779121076,144.69995685244498
53314045168,3 TRUNK LANE FRASER RISE 3336,-37.704888166722,144.699995231209,-37.704887666722,144.69999633120898
53313518460,38 TRUSCOTT AVE ROXBURGH PARK 3064,-37.620184592726,144.926569641068,-37.620184092726,144.926570741068
53313518551,36 TRUSCOTT AVE ROXBURGH PARK 3064,-37.620257766741,144.926642060711,-37.620257266741,144.926643160711
53312913554,2A TRUSCOTT ST HADFIELD 3046,-37.710895518638,144.937163779948,-37.710895018638,144.937164879948
53304028247,13 TRYTHALL CT ALTONA MEADOWS 3028,-37.876619574556,144.780273411786,-37.876619074556004,144.780274511786
53305848667,8 TRYTHALL CT ALTONA MEADOWS 3028,-37.875980328711,144.780024385443,-37.875979828711,144.780025485443
53314205803,4 TUAN CL GREENVALE 3059,-37.637700674887,144.879076268933,-37.637700174887,144.879077368933
53302273554,59 TUCKER PL LARA 3212,-38.025089985703,144.409395737764,-38.025089485703,144.40939683776398
53308420359,57 TUCKER PL LARA 3212,-38.025460507733,144.409301357534,-38.025460007733,144.40930245753398
53314188066,10 TUCKEROO ST MICKLEHAM 3064,-37.580828833199,144.890325453547,-37.580828333199,144.890326553547
53314196498,6 TUCKEROO ST MICKLEHAM 3064,-37.581064658044,144.890278766346,-37.581064158044,144.890279866346
53313575345,4 TUCKEROO ST WINTER VALLEY 3358,-37.576833892417,143.79818568183,-37.576833392417,143.79818678183
53313905121,8 TUCKEROO ST WINTER VALLEY 3358,-37.576537675958,143.798242175858,-37.576537175958,143.798243275858
53313530854,2 TUCKEROO ST WINTER VALLEY 3358,-37.576989753906,143.798155926074,-37.576989253906,143.798157026074
53314031085,43 TUFF ST WERRIBEE 3030,-37.90153788305,144.592406295516,-37.90153738305,144.592407395516
53314031176,10 TUFF ST WERRIBEE 3030,-37.903470205098,144.592456922211,-37.903469705098004,144.592458022211
53314031300,73 TUFF ST WERRIBEE 3030,-37.899752160488,144.592727154769,-37.899751660488,144.59272825476899
53314134894,23 TUFF ST WERRIBEE 3030,-37.903007607862,144.592520373218,-37.903007107862,144.592521473218
53314139860,95 TUFF ST WERRIBEE 3030,-37.898559667123,144.59294701209,-37.898559167123004,144.59294811209
53314031052,57 TUFF ST WERRIBEE 3030,-37.900779614179,144.592537807577,-37.900779114179,144.592538907577
53314031111,87 TUFF ST WERRIBEE 3030,-37.898987102275,144.5928682222,-37.898986602275,144.5928693222
53314031225,67 TUFF ST WERRIBEE 3030,-37.900244010566,144.592636630215,-37.900243510566,144.592637730215
53314031267,51 TUFF ST WERRIBEE 3030,-37.901108687697,144.592477038779,-37.901108187697,144.592478138779
53314031324,45 TUFF ST WERRIBEE 3030,-37.901426068461,144.592422975503,-37.901425568461,144.592424075503
53314096698,53 TUFF ST WERRIBEE 3030,-37.900990167587,144.592498915546,-37.900989667587,144.592500015546
53314167597,6 TUFF ST WERRIBEE 3030,-37.903363126285,144.592143187575,-37.903362626285,144.592144287575
53314167754,35 TUFF ST WERRIBEE 3030,-37.902248207434,144.592410067372,-37.902247707434,144.59241116737198
53314127443,71 TUFF ST WERRIBEE 3030,-37.900017028628,144.592678539731,-37.900016528628,144.592679639731
53314162319,93 TUFF ST WERRIBEE 3030,-37.898670559702,144.592926644065,-37.898670059702,144.59292774406498
53314168520,29 TUFF ST WERRIBEE 3030,-37.902751163534,144.592488605805,-37.902750663534,144.59248970580498
53314153480,59 TUFF ST WERRIBEE 3030,-37.900676265313,144.592556834497,-37.900675765313004,144.592557934497
53314158110,27 TUFF ST WERRIBEE 3030,-37.902839718341,144.592486845605,-37.902839218341,144.592487945605
53314158539,75 TUFF ST WERRIBEE 3030,-37.899631335353,144.592749450632,-37.899630835353,144.592750550632
53314172498,13 TUFF ST WERRIBEE 3030,-37.903027808249,144.59213321311,-37.903027308249,144.59213431311
53314119368,8 TUFF ST WERRIBEE 3030,-37.90345184873,144.59229942625,-37.90345134873,144.59230052625
53314125911,37 TUFF ST WERRIBEE 3030,-37.902128471947,144.59241895219,-37.902127971947,144.59242005219
53314132880,17 TUFF ST WERRIBEE 3030,-37.903051109939,144.592335636072,-37.903050609939,144.59233673607199
53314150217,12 TUFF ST WERRIBEE 3030,-37.903488393828,144.592614334353,-37.903487893828,144.59261543435298
53314031060,49 TUFF ST WERRIBEE 3030,-37.901220460376,144.592456922211,-37.901219960376004,144.592458022211
53314031093,89 TUFF ST WERRIBEE 3030,-37.89888454969,144.592887165301,-37.898884049690004,144.59288826530099
53314031135,33 TUFF ST WERRIBEE 3030,-37.902361321218,144.592402607478,-37.902360821218004,144.59240370747798
53314031192,91 TUFF ST WERRIBEE 3030,-37.89878237429,144.592905940764,-37.89878187429,144.592907040764
53314031259,61 TUFF ST WERRIBEE 3030,-37.900574257551,144.592575693779,-37.900573757551,144.592576793779
53314031274,83 TUFF ST WERRIBEE 3030,-37.899212407833,144.592826899417,-37.899211907833,144.59282799941698
53314031318,77 TUFF ST WERRIBEE 3030,-37.899522035336,144.592769567199,-37.899521535336,144.592770667199
53314155603,31 TUFF ST WERRIBEE 3030,-37.902476698115,144.592395315223,-37.902476198115004,144.592396415223
53313949103,4 TUFT ST TARNEIT 3029,-37.831981874924,144.641924735458,-37.831981374924,144.64192583545798
53313836457,9 TUFT ST TARNEIT 3029,-37.832026885744,144.642518174202,-37.832026385744,144.642519274202
53313887855,7 TUFT ST TARNEIT 3029,-37.831942060884,144.642425386534,-37.831941560884005,144.642426486534
53313823321,5 TUFT ST TARNEIT 3029,-37.83186364818,144.642358666585,-37.83186314818,144.642359766585
53313884638,6 TUFT ST TARNEIT 3029,-37.832060287628,144.641991539226,-37.832059787628005,144.641992639226
53313738933,3 TUGBOAT ALLY RIPPLESIDE 3215,-38.124789999856,144.358136376533,-38.124789499856,144.358137476533
53313740009,1 TUGBOAT ALLY RIPPLESIDE 3215,-38.12484242866,144.358259590509,-38.124841928660004,144.35826069050898
53313819461,10 TUITION DR TARNEIT 3029,-37.824140269227,144.669425256862,-37.824139769227,144.669426356862
53313784905,16 TUITION DR TARNEIT 3029,-37.823810064152,144.669483008175,-37.823809564152,144.669484108175
53313743636,22 TUITION DR TARNEIT 3029,-37.823453120805,144.669545369535,-37.823452620805,144.669546469535
53303182145,99999 TULIP CRES WENDOUREE 3355,-37.533091909771,143.821356819418,-37.533091409771004,143.821357919418
53312988380,10 TULIP ST NORLANE 3214,-38.087527997833,144.365998014978,-38.087527497833,144.365999114978
53314178810,17 TULIPWOOD ST MICKLEHAM 3064,-37.580408983669,144.890832558689,-37.580408483669004,144.890833658689
53314181088,11 TULIPWOOD ST MICKLEHAM 3064,-37.580762741892,144.890762569798,-37.580762241892,144.890763669798
53314183166,16 TULIPWOOD ST MICKLEHAM 3064,-37.580571760228,144.891167080445,-37.580571260228,144.891168180445
53314187803,18 TULIPWOOD ST MICKLEHAM 3064,-37.58045382685,144.891190465955,-37.58045332685,144.89119156595498
53314186697,3 TULIPWOOD ST MICKLEHAM 3064,-37.581234433493,144.890669279215,-37.581233933493,144.89067037921498
53314198279,6 TULIPWOOD ST MICKLEHAM 3064,-37.581181376046,144.891046464858,-37.581180876046,144.89104756485798
53314133855,4 TULKARA ST EYNESBURY 3338,-37.787407332932,144.539316913364,-37.787406832932,144.53931801336398
53313982226,8 TULKARA ST EYNESBURY 3338,-37.787644792249,144.539288331074,-37.787644292249,144.539289431074
53314018750,10 TULKARA ST EYNESBURY 3338,-37.787773496373,144.539272656915,-37.787772996373,144.53927375691498
53314024808,5 TULKARA ST EYNESBURY 3338,-37.787947127497,144.53974749173,-37.787946627497,144.53974859173
53314085818,43 TULLA CCT BURNSIDE 3023,-37.739981896123,144.756486660222,-37.739981396123,144.756487760222
53313776777,54 TULLA CCT BURNSIDE 3023,-37.740681156395,144.756517924721,-37.740680656395,144.756519024721
53313812128,44 TULLA CCT BURNSIDE 3023,-37.740181594966,144.755987014974,-37.740181094966005,144.755988114974
53313797392,48 TULLA CCT BURNSIDE 3023,-37.740392190283,144.756210225055,-37.740391690283005,144.756211325055
53313825970,50 TULLA CCT BURNSIDE 3023,-37.740487953527,144.756312484274,-37.740487453527,144.75631358427398
53313704861,53 TULLA CCT BURNSIDE 3023,-37.74049809563,144.75703567488,-37.74049759563,144.75703677488
53313874589,46 TULLA CCT BURNSIDE 3023,-37.740295295483,144.756107546741,-37.740294795483,144.75610864674098
53313800125,47 TULLA CCT BURNSIDE 3023,-37.740195257468,144.75671364216,-37.740194757468004,144.75671474216
53314046396,41 TULLA CCT BURNSIDE 3023,-37.739878672985,144.75637685729,-37.739878172985,144.75637795729
53313916913,32 TULLA CCT BURNSIDE 3023,-37.739605632489,144.75522987766,-37.739605132489004,144.75523097766
53313749403,56 TULLA CCT BURNSIDE 3023,-37.740777087277,144.756619764844,-37.740776587277004,144.756620864844
53313912969,40 TULLA CCT BURNSIDE 3023,-37.739999372391,144.755792806277,-37.739998872391,144.75579390627698
53314102968,3 TULLA ST BONSHAW 3352,-37.595274456588,143.812697270798,-37.595273956588,143.812698370798
53313899230,14 TULLA ST BONSHAW 3352,-37.595835373549,143.813692873257,-37.595834873549,143.813693973257
53314055843,24 TULLAMORE ST GISBORNE 3437,-37.511161890585,144.613548556628,-37.511161390585,144.61354965662798
53314200597,15 TULLAMORE ST GISBORNE 3437,-37.510638901736,144.613278491708,-37.510638401736,144.613279591708
53313904073,7 TULLAMORE ST GISBORNE 3437,-37.510550849843,144.61252001329,-37.510550349843,144.61252111329
53313960027,25 TULLAMORE ST GISBORNE 3437,-37.510745477635,144.614196142468,-37.510744977635,144.61419724246798
53313953896,21 TULLAMORE ST GISBORNE 3437,-37.510701305005,144.613815687883,-37.510700805005,144.613816787883
53313909569,26 TULLAMORE ST GISBORNE 3437,-37.511185276094,144.613749973762,-37.511184776094,144.613751073762
53313931480,19 TULLAMORE ST GISBORNE 3437,-37.510683116275,144.613658946293,-37.510682616275,144.61366004629298
53314127880,1 TULLAMORE ST GISBORNE 3437,-37.510163103002,144.612691255572,-37.510162603002,144.612692355572
53314122800,33 TULLAMORE ST GISBORNE 3437,-37.510828416567,144.614912376094,-37.510827916567,144.614913476094
53314187125,38 TULLAMORE ST GISBORNE 3437,-37.511214445117,144.615483435157,-37.511213945117,144.61548453515698
53313903760,9 TULLAMORE ST GISBORNE 3437,-37.510573941986,144.612718999671,-37.510573441986004,144.61272009967098
53313904081,18 TULLAMORE ST GISBORNE 3437,-37.51109215315,144.612943802314,-37.511091653150004,144.61294490231398
53313926489,14 TULLAMORE ST GISBORNE 3437,-37.511048776801,144.612569801795,-37.511048276801,144.61257090179498
53314018165,22 TULLAMORE ST GISBORNE 3437,-37.51113980427,144.613358287426,-37.51113930427,144.613359387426
53304467682,18 TULLOCH ST DEER PARK 3023,-37.772731835848,144.772759706142,-37.772731335848,144.772760806142
53313105590,15 TULLOCH ST DEER PARK 3023,-37.772995656251,144.772677479672,-37.772995156251,144.772678579672
53313105624,15 TULLOCH ST DEER PARK 3023,-37.772995656251,144.772677479672,-37.772995156251,144.772678579672
53304467147,18 TULLOCH ST DEER PARK 3023,-37.772731835848,144.772759706142,-37.772731335848,144.772760806142
53304467583,18 TULLOCH ST DEER PARK 3023,-37.772731835848,144.772759706142,-37.772731335848,144.772760806142
53304550508,18 TULLOCH ST DEER PARK 3023,-37.772731835848,144.772759706142,-37.772731335848,144.772760806142
53307427818,43 TULLOH ST ELLIMINYT 3250,-38.36570999509,143.58775196764,-38.36570949509,143.58775306764
53313190691,4 TULLOONA ST FRASER RISE 3336,-37.694685756087,144.719765374772,-37.694685256087,144.719766474772
53313707970,22 TULLOONA ST FRASER RISE 3336,-37.694451062798,144.717806775457,-37.694450562798,144.717807875457
53313649388,14 TULLOONA ST FRASER RISE 3336,-37.694532199621,144.718491744585,-37.694531699621,144.718492844585
53313649751,15 TULLOONA ST FRASER RISE 3336,-37.694936961725,144.718409518114,-37.694936461725,144.71841061811398
53313731724,3 TULLOONA ST FRASER RISE 3336,-37.69510874883,144.719681807198,-37.69510824883,144.71968290719798
53313915114,19 TULLOONA ST FRASER RISE 3336,-37.694868733033,144.717898976392,-37.694868233033,144.717900076392
53314180972,16 TULLOONA ST FRASER RISE 3336,-37.694507305368,144.718324274159,-37.694506805368,144.71832537415898
53313935813,6 TULLOONA ST FRASER RISE 3336,-37.694671003937,144.719616260715,-37.694670503937004,144.71961736071498
53313867229,100 TULSI AVE WERRIBEE 3030,-37.92339277357,144.643305486368,-37.92339227357,144.643306586368
53313844402,78 TULSI AVE WERRIBEE 3030,-37.923516197094,144.641423078553,-37.923515697094004,144.641424178553
53313898489,117 TULSI AVE WERRIBEE 3030,-37.92281626627,144.643683007287,-37.92281576627,144.643684107287
53314017002,99 TULSI AVE WERRIBEE 3030,-37.92316688128,144.642096899749,-37.92316638128,144.64209799974898
53314034178,108 TULSI AVE WERRIBEE 3030,-37.923194415832,144.6438896212,-37.923193915832,144.6438907212
53313919997,107 TULSI AVE WERRIBEE 3030,-37.923143076675,144.642742893027,-37.923142576675,144.64274399302698
53313936728,80 TULSI AVE WERRIBEE 3030,-37.923532332258,144.641572360248,-37.923531832258,144.641573460248
53313895973,118 TULSI AVE WERRIBEE 3030,-37.922908341476,144.644732170107,-37.922907841476004,144.644733270107
53313825303,89 TULSI AVE WERRIBEE 3030,-37.92309756294,144.641369099096,-37.92309706294,144.641370199096
53313833263,124 TULSI AVE WERRIBEE 3030,-37.922817858831,144.644998714628,-37.922817358831004,144.644999814628
53313834659,54 TULSI AVE WERRIBEE 3030,-37.923273540998,144.639180919453,-37.923273040998,144.639182019453
53313840204,127 TULSI AVE WERRIBEE 3030,-37.922516990417,144.644572997766,-37.922516490417,144.644574097766
53313848107,92 TULSI AVE WERRIBEE 3030,-37.923614684457,144.642534938009,-37.923614184457,144.64253603800898
53313905213,84 TULSI AVE WERRIBEE 3030,-37.923563722485,144.641862541736,-37.923563222485,144.641863641736
53313921005,65 TULSI AVE WERRIBEE 3030,-37.922915927099,144.639690287709,-37.922915427099,144.63969138770898
53313875595,62 TULSI AVE WERRIBEE 3030,-37.923337285371,144.639769580513,-37.923336785371,144.63977068051298
53313993506,75 TULSI AVE WERRIBEE 3030,-37.922993878798,144.640410879925,-37.922993378798004,144.640411979925
53313821138,88 TULSI AVE WERRIBEE 3030,-37.923598465474,144.642183652447,-37.923597965474,144.64218475244698
53313846471,131 TULSI AVE WERRIBEE 3030,-37.922356854157,144.64506174654,-37.922356354157,144.64506284654
53314068597,63 TULSI AVE WERRIBEE 3030,-37.922903060877,144.639571432322,-37.922902560877,144.63957253232198
53313830773,119 TULSI AVE WERRIBEE 3030,-37.922771884092,144.643813681157,-37.922771384092,144.643814781157
53313831847,91 TULSI AVE WERRIBEE 3030,-37.923107914591,144.64146482043,-37.923107414591,144.64146592043
53313971627,145 TULSI AVE WERRIBEE 3030,-37.922040940226,144.646280475262,-37.922040440226,144.64628157526198
53313885693,101 TULSI AVE WERRIBEE 3030,-37.923183686996,144.642252384053,-37.923183186996,144.642253484053
53313765104,86 TULSI AVE WERRIBEE 3030,-37.923581073025,144.642023055182,-37.923580573025,144.64202415518199
53313998140,141 TULSI AVE WERRIBEE 3030,-37.922069396787,144.645987695384,-37.922068896787,144.645988795384
53313959408,105 TULSI AVE WERRIBEE 3030,-37.923178490216,144.642616158651,-37.923177990216004,144.642617258651
53314016549,104 TULSI AVE WERRIBEE 3030,-37.923332465777,144.643483182715,-37.923331965777,144.64348428271498
53314010017,106 TULSI AVE WERRIBEE 3030,-37.923307655343,144.643585022839,-37.923307155343004,144.643586122839
53314103791,122 TULSI AVE WERRIBEE 3030,-37.922848033683,144.644909866454,-37.922847533683004,144.64491096645398
53313883029,87 TULSI AVE WERRIBEE 3030,-37.923084696719,144.641250243709,-37.923084196719,144.641251343709
53313895966,102 TULSI AVE WERRIBEE 3030,-37.923362598719,144.643394250722,-37.923362098719004,144.643395350722
53314097646,74 TULSI AVE WERRIBEE 3030,-37.923483549582,144.641121665314,-37.923483049582,144.64112276531398
53313968259,76 TULSI AVE WERRIBEE 3030,-37.923500942031,144.641282262579,-37.923500442031,144.641283362579
53313931944,129 TULSI AVE WERRIBEE 3030,-37.922467830555,144.644717753234,-37.922467330555,144.644718853234
53313948038,97 TULSI AVE WERRIBEE 3030,-37.92314177748,144.641777549238,-37.92314127748,144.64177864923798
53313922271,73 TULSI AVE WERRIBEE 3030,-37.922960099728,144.640098737851,-37.922959599728,144.64009983785098
53313892194,125 TULSI AVE WERRIBEE 3030,-37.922558438928,144.644442323895,-37.922557938928,144.64444342389498
53302600750,4 TUMBLETREE CT HIGHTON 3216,-38.182186632502,144.310198595892,-38.182186132502004,144.31019969589198
53302464731,3 TUMBLETREE CT HIGHTON 3216,-38.182100047442,144.309962477679,-38.182099547442,144.30996357767899
53302586543,6 TUMBLETREE CT HIGHTON 3216,-38.182684643279,144.309851417462,-38.182684143279005,144.309852517462
53302758119,5 TUMBLETREE CT HIGHTON 3216,-38.182516837578,144.310116117965,-38.182516337578,144.310117217965
53314136099,15 TUNBRIDGE ST LUCAS 3350,-37.545895198149,143.783412577484,-37.545894698149,143.783413677484
53313933633,14 TUPPAL DR WYNDHAM VALE 3024,-37.858293171906,144.596275382022,-37.858292671906,144.59627648202198
53314130597,22 TUPPAL DR WYNDHAM VALE 3024,-37.857777601042,144.596843842695,-37.857777101042004,144.596844942695
53313891338,10 TUPPAL DR WYNDHAM VALE 3024,-37.858596764439,144.595949409807,-37.858596264439,144.59595050980698
53307736571,1 TUPPEN ST SEBASTOPOL 3356,-37.589039249704,143.832224933715,-37.589038749704,143.832226033715
53314064877,12 TURIA GR ROXBURGH PARK 3064,-37.616792855606,144.931255208762,-37.616792355606,144.931256308762
53313390860,10 TURIN AVE DEANSIDE 3336,-37.720314514693,144.712987013493,-37.720314014693,144.712988113493
53313422249,7 TURIN AVE DEANSIDE 3336,-37.719918721225,144.713175271038,-37.719918221225,144.713176371038
53313924600,33 TURIN AVE DEANSIDE 3336,-37.719686374869,144.711230585683,-37.719685874869,144.711231685683
53314047030,32 TURIN AVE DEANSIDE 3336,-37.720073618796,144.71118230592,-37.720073118796,144.71118340592
53313411312,13 TURIN AVE DEANSIDE 3336,-37.719879829194,144.712867319916,-37.719879329194,144.712868419916
53313411758,14 TURIN AVE DEANSIDE 3336,-37.720289075617,144.712785344903,-37.720288575617005,144.712786444903
53313422330,11 TURIN AVE DEANSIDE 3336,-37.719891857225,144.712962454517,-37.719891357225,144.712963554517
53313434921,4 TURIN AVE DEANSIDE 3336,-37.720351646524,144.713280966838,-37.720351146524,144.713282066838
53313978126,37 TURIN AVE DEANSIDE 3336,-37.719637466464,144.710943337861,-37.719636966464,144.710944437861
53314044862,19 TURIN AVE DEANSIDE 3336,-37.719831507523,144.712487954978,-37.719831007523,144.712489054978
53313937569,34 TURIN AVE DEANSIDE 3336,-37.720045120325,144.711000921536,-37.720044620325,144.711002021536
53314032825,22 TURIN AVE DEANSIDE 3336,-37.720212004017,144.712277653027,-37.720211504017,144.712278753027
53313987615,35 TURIN AVE DEANSIDE 3336,-37.719670113977,144.711101755831,-37.719669613977004,144.711102855831
53314005690,26 TURIN AVE DEANSIDE 3336,-37.720172525253,144.711965175677,-37.720172025253,144.71196627567699
53314045317,18 TURIN AVE DEANSIDE 3336,-37.720248842482,144.712565990497,-37.720248342482,144.712567090497
53314045620,31 TURIN AVE DEANSIDE 3336,-37.719701252747,144.711348183784,-37.719700752747,144.711349283784
53314004874,10 TURKEY RD TARNEIT 3029,-37.850472437148,144.629233109126,-37.850471937148,144.629234209126
53314064596,11 TURKEY RD TARNEIT 3029,-37.85067398001,144.629666034425,-37.85067348001,144.62966713442498
53314067979,12 TURKEY RD TARNEIT 3029,-37.850574947824,144.629213663111,-37.850574447824,144.62921476311098
53314045992,1 TURKEY RD TARNEIT 3029,-37.850043409434,144.629744991953,-37.850042909434,144.629746091953
53314046025,3 TURKEY RD TARNEIT 3029,-37.850137161021,144.629727306138,-37.850136661021004,144.62972840613799
53314012349,20 TURKEY RD TARNEIT 3029,-37.850993707707,144.629134537945,-37.850993207707,144.62913563794498
53313991304,6 TURKEY RD TARNEIT 3029,-37.850285353069,144.629268396939,-37.850284853069,144.629269496939
53313968431,16 TURKEY RD TARNEIT 3029,-37.850797654991,144.629171585957,-37.850797154991,144.629172685957
53313984933,4 TURKEY RD TARNEIT 3029,-37.850182884303,144.629287842954,-37.850182384303004,144.629288942954
53314046019,5 TURKEY RD TARNEIT 3029,-37.850226260652,144.629710458512,-37.850225760652,144.62971155851199
53314046033,7 TURKEY RD TARNEIT 3029,-37.850315360283,144.629693610887,-37.850314860283,144.62969471088698
53314012357,22 TURKEY RD TARNEIT 3029,-37.851116963593,144.629118193234,-37.851116463593,144.629119293234
53303262169,1 TURNBERRY DR SUNBURY 3429,-37.580743924519,144.757684601824,-37.580743424519,144.757685701824
53300443894,1 TURNER ST COLAC 3250,-38.34937575485,143.587701683098,-38.34937525485,143.587702783098
53314000270,5 TURNING LOOP FRASER RISE 3336,-37.703677652266,144.705449000329,-37.703677152266,144.705450100329
53314096914,12 TURNING LOOP FRASER RISE 3336,-37.704036984455,144.704980787218,-37.704036484455,144.704981887218
53314102506,13 TURNING LOOP FRASER RISE 3336,-37.70412398861,144.705486299799,-37.70412348861,144.70548739979898
53314000296,11 TURNING LOOP FRASER RISE 3336,-37.703979191232,144.705465345041,-37.703978691232,144.705466445041
53314038939,25 TURNING LOOP FRASER RISE 3336,-37.704537928898,144.705335928456,-37.704537428898,144.705337028456
53314038963,29 TURNING LOOP FRASER RISE 3336,-37.704608378794,144.705494262607,-37.704607878794,144.705495362607
53314039367,27 TURNING LOOP FRASER RISE 3336,-37.704573132891,144.705415053622,-37.704572632891,144.705416153622
53314019089,3 TURNING LOOP FRASER RISE 3336,-37.703601167399,144.705444893197,-37.703600667399,144.705445993197
53314030433,4 TURNING LOOP FRASER RISE 3336,-37.703760046374,144.70501087825,-37.703759546374,144.70501197824998
53314010840,18 TURNING LOOP FRASER RISE 3336,-37.704160785165,144.704893531606,-37.704160285165,144.70489463160598
53314010873,8 TURNING LOOP FRASER RISE 3336,-37.703887367483,144.705017751411,-37.703886867483,144.70501885141098
53314010899,6 TURNING LOOP FRASER RISE 3336,-37.703816917587,144.705013895736,-37.703816417587,144.70501499573598
53314011007,20 TURNING LOOP FRASER RISE 3336,-37.704196156796,144.704868553535,-37.704195656796,144.70486965353498
53314061850,17 TURNING LOOP FRASER RISE 3336,-37.704263044384,144.705373730839,-37.704262544384,144.705374830839
53313968688,19 TURNING LOOP FRASER RISE 3336,-37.704353443209,144.705310028375,-37.704352943209,144.705311128375
53314000263,9 TURNING LOOP FRASER RISE 3336,-37.703866664182,144.705459226251,-37.703866164182,144.705460326251
53314005667,21 TURNING LOOP FRASER RISE 3336,-37.704458007451,144.705156304271,-37.704457507451,144.70515740427098
53314038955,31 TURNING LOOP FRASER RISE 3336,-37.704650581677,144.70560305971,-37.704650081677,144.70560415971
53314034518,2 TURNMILL ST DEANSIDE 3336,-37.741113830237,144.694520507331,-37.741113330237,144.69452160733098
53314035127,4 TURNMILL ST DEANSIDE 3336,-37.741126696459,144.694643302213,-37.741126196459,144.694644402213
53302312080,18 TURQUOISE PL GROVEDALE 3216,-38.193996524529,144.332042338481,-38.193996024529,144.33204343848098
53302217494,11 TURQUOISE PL GROVEDALE 3216,-38.193996524529,144.332042338481,-38.193996024529,144.33204343848098
53302520116,16 TURQUOISE PL GROVEDALE 3216,-38.193996524529,144.332042338481,-38.193996024529,144.33204343848098
53302762103,15 TURQUOISE PL GROVEDALE 3216,-38.193996524529,144.332042338481,-38.193996024529,144.33204343848098
53302312072,19 TURQUOISE PL GROVEDALE 3216,-38.193996524529,144.332042338481,-38.193996024529,144.33204343848098
53302329397,3 TURQUOISE PL GROVEDALE 3216,-38.193996524529,144.332042338481,-38.193996024529,144.33204343848098
53302762093,1 TURQUOISE PL GROVEDALE 3216,-38.193996524529,144.332042338481,-38.193996024529,144.33204343848098
53302762111,12 TURQUOISE PL GROVEDALE 3216,-38.193996524529,144.332042338481,-38.193996024529,144.33204343848098
53302688785,8 TURQUOISE PL GROVEDALE 3216,-38.193996524529,144.332042338481,-38.193996024529,144.33204343848098
53314183586,9 TURQUOISE WAY MICKLEHAM 3064,-37.573035046259,144.887529502105,-37.573034546259,144.887530602105
53314183578,15 TURQUOISE WAY MICKLEHAM 3064,-37.573304063442,144.88747451682,-37.573303563442,144.88747561681998
53314216361,17 TURQUOISE WAY MICKLEHAM 3064,-37.573415207478,144.887451718043,-37.573414707478,144.887452818043
53314211776,11 TURQUOISE WAY MICKLEHAM 3064,-37.573135084274,144.887509050261,-37.573134584274,144.887510150261
53313503612,2 TURRET PL ARMSTRONG CREEK 3217,-38.24618824676,144.380082294522,-38.24618774676,144.380083394522
53313833958,3 TURRET ST WYNDHAM VALE 3024,-37.857884889402,144.597191272582,-37.857884389402,144.597192372582
53313857881,4 TURRET ST WYNDHAM VALE 3024,-37.858111116969,144.597552700246,-37.858110616969,144.597553800246
53313992423,1 TURRET ST WYNDHAM VALE 3024,-37.857961919093,144.597086163516,-37.857961419093,144.597087263516
53314131629,16 TUSCALEE TCE THORNHILL PARK 3335,-37.721401563716,144.623731479339,-37.721401063716,144.623732579339
53314111763,6 TUSCALEE TCE THORNHILL PARK 3335,-37.721325162668,144.623029243491,-37.721324662668,144.623030343491
53313542781,2 TUSCAN PL INDENTED HEAD 3223,-38.137600984488,144.702262116923,-38.137600484488004,144.702263216923
53314066197,3 TUSCANY AVE TARNEIT 3029,-37.849829335627,144.633731006008,-37.849828835627,144.63373210600798
53314103445,4 TUSCANY AVE TARNEIT 3029,-37.849749707547,144.633194899481,-37.849749207547,144.633195999481
53313726590,3 TUSK LANE TARNEIT 3029,-37.815582220357,144.692135772059,-37.815581720357,144.692136872059
53313884737,7 TUSK LANE TARNEIT 3029,-37.815363285046,144.692170976052,-37.815362785046,144.692172076052
53314087381,5 TUSK LANE TARNEIT 3029,-37.815472752701,144.692153374055,-37.815472252701,144.692154474055
53307379026,27 TUSMORE RISE CRAIGIEBURN 3064,-37.610500393254,144.913855048322,-37.610499893254,144.913856148322
53306937601,23 TUSMORE RISE CRAIGIEBURN 3064,-37.610552947787,144.914303312504,-37.610552447787,144.91430441250398
53307021795,25 TUSMORE RISE CRAIGIEBURN 3064,-37.61052667052,144.914079180413,-37.610526170520004,144.914080280413
53313981683,34 TWAIN RD MAMBOURIN 3024,-37.893969862672,144.585038183529,-37.893969362672,144.585039283529
53314155593,54 TWAIN RD MAMBOURIN 3024,-37.894226265091,144.582163274559,-37.894225765091,144.582164374559
53314093463,11 TWAIN RD MAMBOURIN 3024,-37.894263019736,144.587182777276,-37.894262519736,144.587183877276
53313991667,30 TWAIN RD MAMBOURIN 3024,-37.893942663397,144.585366083582,-37.893942163397,144.58536718358198
53313844798,4 TWAIN RD MAMBOURIN 3024,-37.893737264859,144.587843690341,-37.893736764859,144.587844790341
53314159414,9 TWAIN RD MAMBOURIN 3024,-37.89425224899,144.587312780594,-37.89425174899,144.587313880594
53314168167,44 TWAIN RD MAMBOURIN 3024,-37.894104392218,144.584015926618,-37.894103892218,144.584017026618
53314192042,36 TWAIN RD MAMBOURIN 3024,-37.89398390236,144.584868617628,-37.89398340236,144.58486971762798
53314157268,28 TWAIN RD MAMBOURIN 3024,-37.8939277017,144.585546965052,-37.8939272017,144.585548065052
53314180353,38 TWAIN RD MAMBOURIN 3024,-37.894063320893,144.584511548553,-37.894062820893,144.584512648553
53313903736,3 TWAIN RD MAMBOURIN 3024,-37.894219936754,144.587702790549,-37.894219436754,144.587703890549
53313941935,8 TWAIN RD MAMBOURIN 3024,-37.893765511873,144.587502798339,-37.893765011873,144.58750389833898
53314195863,29 TWAIN RD MAMBOURIN 3024,-37.894513135727,144.584165878866,-37.894512635727004,144.584166978866
53314206825,19 TWAIN RD MAMBOURIN 3024,-37.894442853469,144.585013792191,-37.894442353469,144.585014892191
53313938475,7 TWAIN RD MAMBOURIN 3024,-37.894242400254,144.587431468343,-37.894241900254,144.587432568343
53309597781,1 TWAIN WAY FRASER RISE 3336,-37.70255845306,144.726263356095,-37.70255795306,144.72626445609498
53313892609,14 TWEED ST LARA 3212,-38.017030031428,144.359194843266,-38.017029531428,144.359195943266
53313797582,18 TWEED ST LARA 3212,-38.016798607082,144.359175564888,-38.016798107082,144.359176664888
53313909329,9 TWEED ST LARA 3212,-38.017243853778,144.358684050086,-38.017243353778,144.358685150086
53314107074,10 TWEED ST LARA 3212,-38.017261455775,144.359214037824,-38.017260955775,144.35921513782398
53313774368,16 TWEED ST LARA 3212,-38.016917672016,144.359185455534,-38.016917172016,144.359186555534
53313780572,12 TWEED ST LARA 3212,-38.01714239084,144.359204147178,-38.01714189084,144.35920524717798
53313929609,13 TWEED ST LARA 3212,-38.01699180995,144.358663933519,-38.01699130995,144.358665033519
53302776689,99999 TWENTIETH ST HEPBURN 3461,-37.301235116739,144.126388036201,-37.301234616739,144.126389136201
53302334050,1 TWITT ST MOOLAP 3224,-38.171762897713,144.407507797893,-38.171762397713,144.407508897893
53313194057,16 TYALLA ST WYNDHAM VALE 3024,-37.873079729207,144.623627292283,-37.873079229207,144.623628392283
53313310686,7 TYALLA ST WYNDHAM VALE 3024,-37.873177378379,144.624225173436,-37.873176878379,144.624226273436
53313404166,5 TYALLA ST WYNDHAM VALE 3024,-37.873081615136,144.62432868994,-37.873081115136,144.62432978994
53313360631,6 TYALLA ST WYNDHAM VALE 3024,-37.872715493605,144.624021157913,-37.872714993605,144.624022257913
53313119491,14 TYALLA ST WYNDHAM VALE 3024,-37.873002741427,144.623710440762,-37.873002241427,144.623711540762
53313119525,10 TYALLA ST WYNDHAM VALE 3024,-37.872859117516,144.623865841247,-37.872858617516,144.623866941247
53313304273,3 TYALLA ST WYNDHAM VALE 3024,-37.872985893801,144.624432290264,-37.872985393801,144.624433390264
53300298231,7 TYERS ST HAMILTON 3300,-37.735048266004,142.028047508573,-37.735047766004,142.028048608573
53300416843,42 TYERS ST HAMILTON 3300,-37.737070316326,142.033107160606,-37.737069816326,142.03310826060599
53300343839,99999 TYERS ST HAMILTON 3300,-37.735333822351,142.029309092997,-37.735333322351,142.029310192997
53314076188,13 TYQUIN DR SUNBURY 3429,-37.588144684019,144.71220037188,-37.588144184019,144.71220147187998
53313991344,10 TYQUIN DR SUNBURY 3429,-37.588157424511,144.712706219737,-37.588156924511004,144.71270731973698
53314023824,12 TYQUIN DR SUNBURY 3429,-37.58802335597,144.712727509771,-37.58802285597,144.712728609771
53314040937,17 TYQUIN DR SUNBURY 3429,-37.587883252459,144.712241694663,-37.587882752459,144.71224279466298
53314201463,15 TYQUIN DR SUNBURY 3429,-37.588017321,144.71222032081,-37.588016821000004,144.71222142080998
53314056032,5 TYQUIN DR SUNBURY 3429,-37.58864751439,144.712120827619,-37.58864701439,144.712121927619
53314037957,21 TYQUIN DR SUNBURY 3429,-37.587621862808,144.712283687998,-37.587621362808,144.712284787998
53313995328,3 TYQUIN DR SUNBURY 3429,-37.588770393091,144.712101381604,-37.588769893091005,144.71210248160398
53314069488,8 TYQUIN DR SUNBURY 3429,-37.58844236731,144.71267822418,-37.58844186731,144.71267932418
53314037965,11 TYQUIN DR SUNBURY 3429,-37.588265383424,144.71218134496,-37.588264883424,144.71218244495998
53313056636,6 TYQUIN ST LAVERTON 3028,-37.847247080806,144.779330112403,-37.847246580806,144.77933121240298
53313046661,6 TYQUIN ST LAVERTON 3028,-37.847247080806,144.779330112403,-37.847246580806,144.77933121240298
53313152392,30 TYRRELL CRES FAWKNER 3060,-37.713824323245,144.972595341956,-37.713823823245,144.972596441956
53302453149,3 TYRRELL CT CORIO 3214,-38.072181236032,144.346769929094,-38.072180736032,144.346771029094
53302613703,6 TYRRELL CT CORIO 3214,-38.071740264106,144.347094979299,-38.071739764106,144.34709607929898
53302429215,2 TYRRELL CT CORIO 3214,-38.072246614877,144.346924239931,-38.072246114877004,144.346925339931
53302429247,4 TYRRELL CT CORIO 3214,-38.071910877746,144.346844276575,-38.071910377746,144.346845376575
53302453117,1 TYRRELL CT CORIO 3214,-38.072258056175,144.347168572409,-38.072257556175,144.347169672409
53302453180,5 TYRRELL CT CORIO 3214,-38.071762308512,144.346889371214,-38.071761808512,144.34689047121398
53301539675,11 ULEY ST BENDIGO 3550,-36.75133461447,144.282775858549,-36.75133411447,144.282776958549
53308292227,2 ULEY ST BENDIGO 3550,-36.751484375982,144.282890437783,-36.751483875982004,144.282891537783
53313195154,44 ULM ST LAVERTON 3028,-37.858320329272,144.767498636976,-37.858319829272,144.767499736976
53313195138,44 ULM ST LAVERTON 3028,-37.858320329272,144.767498636976,-37.858319829272,144.767499736976
53313958202,32 ULMUS ST TARNEIT 3029,-37.81484180494,144.691212421605,-37.81484130494,144.691213521605
53313963210,34 ULMUS ST TARNEIT 3029,-37.814825208771,144.69103195923,-37.814824708771,144.69103305923
53313791728,4 ULMUS ST TARNEIT 3029,-37.815092381935,144.693691201831,-37.815091881935004,144.693692301831
53313794036,5 ULMUS ST TARNEIT 3029,-37.815478871491,144.693471679787,-37.815478371491004,144.693472779787
53313934227,23 ULMUS ST TARNEIT 3029,-37.815311484884,144.691815834815,-37.815310984884,144.691816934815
53313685716,13 ULMUS ST TARNEIT 3029,-37.815420240078,144.692891568268,-37.815419740078,144.692892668268
53313694808,10 ULMUS ST TARNEIT 3029,-37.815047999758,144.693251906286,-37.815047499758,144.693253006286
53313810140,11 ULMUS ST TARNEIT 3029,-37.815434447404,144.693032384241,-37.815433947404,144.693033484241
53313827415,17 ULMUS ST TARNEIT 3029,-37.81538805357,144.692573391224,-37.81538755357,144.69257449122398
53313746325,30 ULMUS ST TARNEIT 3029,-37.814856054175,144.691353237578,-37.814855554175004,144.691354337578
53313762388,9 ULMUS ST TARNEIT 3029,-37.815448696639,144.693173200215,-37.815448196639004,144.693174300215
53313669428,25 ULMUS ST TARNEIT 3029,-37.815297235649,144.691675018841,-37.815296735649,144.691676118841
53313743321,8 ULMUS ST TARNEIT 3029,-37.815063087184,144.693401104162,-37.815062587184,144.693402204162
53314169504,15 ULMUS ST TARNEIT 3029,-37.815405152652,144.692742370392,-37.815404652652,144.692743470392
53314192835,31 ULMUS ST TARNEIT 3029,-37.81524606413,144.691168751889,-37.81524556413,144.691169851889
53313878037,5 UMBRA PL LARA 3212,-38.014277456335,144.374674709688,-38.014276956335,144.374675809688
53313628013,6 UMBRA PL LARA 3212,-38.014388935647,144.374654844578,-38.014388435647,144.374655944578
53313877955,4 UMBRA PL LARA 3212,-38.014163671999,144.374695077713,-38.014163171999,144.374696177713
53313810074,11 UNGUD WAY ARMSTRONG CREEK 3217,-38.226287345507,144.377597898421,-38.226286845507,144.37759899842098
53313836282,10 UNGUD WAY ARMSTRONG CREEK 3217,-38.226698603587,144.377380304214,-38.226698103587005,144.377381404214
53313845862,8 UNGUD WAY ARMSTRONG CREEK 3217,-38.226680708223,144.377230771062,-38.226680208223,144.37723187106198
53313809370,12 UNGUD WAY ARMSTRONG CREEK 3217,-38.226715451212,144.377521455464,-38.226714951212,144.377522555464
53313759047,13 UNGUD WAY ARMSTRONG CREEK 3217,-38.226305198961,144.377747431573,-38.226304698961,144.377748531573
53314207871,7 UNGUD WAY ARMSTRONG CREEK 3217,-38.226250590862,144.377290282574,-38.226250090862,144.377291382574
53313702510,3 UNICO CCT MOUNT DUNEED 3217,-38.229803931075,144.319087604209,-38.229803431075,144.31908870420898
53313705141,8 UNICO CCT MOUNT DUNEED 3217,-38.229411155092,144.318989452123,-38.229410655092,144.31899055212298
53313735674,53 UNICO CCT MOUNT DUNEED 3217,-38.228829534831,144.319385077953,-38.228829034831,144.319386177953
53313750048,51 UNICO CCT MOUNT DUNEED 3217,-38.228812812934,144.319243926704,-38.228812312934004,144.31924502670398
53313965941,24 UNICO CCT MOUNT DUNEED 3217,-38.229323983299,144.317822188287,-38.229323483299,144.317823288287
53313664314,45 UNICO CCT MOUNT DUNEED 3217,-38.228758707749,144.318786610066,-38.228758207749,144.318787710066
53313780193,33 UNICO CCT MOUNT DUNEED 3217,-38.228656197073,144.317920005097,-38.228655697073,144.31792110509699
53313686548,28 UNICO CCT MOUNT DUNEED 3217,-38.229089709105,144.317869629859,-38.229089209105,144.31787072985898
53313713045,10 UNICO CCT MOUNT DUNEED 3217,-38.229393469277,144.318839835151,-38.229392969277,144.318840935151
53313812144,4 UNICO CCT MOUNT DUNEED 3217,-38.229447616371,144.319297654703,-38.229447116371,144.319298754703
53313774062,19 UNICO CCT MOUNT DUNEED 3217,-38.229657960231,144.317803915738,-38.229657460231,144.317805015738
53313667729,47 UNICO CCT MOUNT DUNEED 3217,-38.228776435474,144.318936227038,-38.228775935474005,144.318937327038
53313867601,31 UNICO CCT MOUNT DUNEED 3217,-38.228637295882,144.317760329842,-38.228636795882004,144.317761429842
53313789340,50 UNICO CCT MOUNT DUNEED 3217,-38.229200811232,144.319251302778,-38.229200311232,144.319252402778
53313797212,34 UNICO CCT MOUNT DUNEED 3217,-38.229062635558,144.318083452209,-38.229062135558,144.318084552209
53313719231,5 UNICO CCT MOUNT DUNEED 3217,-38.229788550283,144.318907728567,-38.229788050283,144.318908828567
53313720199,13 UNICO CCT MOUNT DUNEED 3217,-38.229711059588,144.318252766653,-38.229710559588,144.31825386665298
53313726780,17 UNICO CCT MOUNT DUNEED 3217,-38.229674682128,144.317945066988,-38.229674182128,144.31794616698798
53313785679,49 UNICO CCT MOUNT DUNEED 3217,-38.228795127118,144.319094309732,-38.228794627118,144.319095409732
53313687553,22 UNICO CCT MOUNT DUNEED 3217,-38.229296323019,144.318018660097,-38.229295823019,144.318019760097
53313751946,11 UNICO CCT MOUNT DUNEED 3217,-38.229731134246,144.318422164916,-38.229730634246,144.318423264916
53314102397,52 UNICO CCT MOUNT DUNEED 3217,-38.229214348006,144.319422042146,-38.229213848006005,144.31942314214598
53314203716,41 UNICO CCT MOUNT DUNEED 3217,-38.228724341946,144.318495841845,-38.228723841946,144.31849694184498
53313878697,40 UNICO CCT MOUNT DUNEED 3217,-38.229112298335,144.31850321792,-38.229111798335,144.31850431792
53312858476,135 UNION RD ASCOT VALE 3032,-37.775006893917,144.91543595908,-37.775006393917,144.91543705908
53305940517,236 UNION RD ASCOT VALE 3032,-37.776061295427,144.915463367903,-37.776060795427,144.91546446790298
53312399521,199-203 UNION RD ASCOT VALE 3032,-37.772952279902,144.915581133643,-37.772951779902,144.915582233643
53312858451,135 UNION RD ASCOT VALE 3032,-37.775006893917,144.91543595908,-37.775006393917,144.91543705908
53312858492,135 UNION RD ASCOT VALE 3032,-37.775006893917,144.91543595908,-37.775006393917,144.91543705908
53313409973,36 UNISON RD STRATHTULLOH 3338,-37.73026404331,144.614940287832,-37.73026354331,144.614941387832
53313525571,7 UNISON RD STRATHTULLOH 3338,-37.731497063176,144.614599228191,-37.731496563176,144.614600328191
53313729109,68 UNISON RD STRATHTULLOH 3338,-37.73001212521,144.612274507346,-37.730011625210004,144.612275607346
53313570199,37 UNISON RD STRATHTULLOH 3338,-37.730604390488,144.614115340921,-37.730603890488,144.61411644092098
53313646849,11 UNISON RD STRATHTULLOH 3338,-37.731542870277,144.615099795449,-37.731542370277005,144.615100895449
53313810420,82 UNISON RD STRATHTULLOH 3338,-37.729934718334,144.61144654295,-37.729934218334,144.61144764295
53313765879,88 UNISON RD STRATHTULLOH 3338,-37.729896915951,144.611042116122,-37.729896415951,144.611043216122
53313658645,40 UNISON RD STRATHTULLOH 3338,-37.730239903429,144.614681370843,-37.730239403429,144.61468247084298
53313361639,8 UNISON RD STRATHTULLOH 3338,-37.731962133074,144.614921596188,-37.731961633074,144.614922696188
53313376438,4 UNISON RD STRATHTULLOH 3338,-37.73193308978,144.614606101352,-37.73193258978,144.614607201352
53313526686,64 UNISON RD STRATHTULLOH 3338,-37.730041210414,144.61254683538,-37.730040710414,144.61254793537998
53313473325,5 UNISON RD STRATHTULLOH 3338,-37.731488304088,144.614503423038,-37.731487804088005,144.614504523038
53313536792,14 UNISON RD STRATHTULLOH 3338,-37.732005635152,144.615394754622,-37.732005135152,144.615395854622
53313543888,62 UNISON RD STRATHTULLOH 3338,-37.730054370002,144.612688741001,-37.730053870002,144.61268984100099
53313574769,48 UNISON RD STRATHTULLOH 3338,-37.730195772708,144.614208128589,-37.730195272708,144.614209228589
53313436596,17 UNISON RD STRATHTULLOH 3338,-37.731577990452,144.6154831837,-37.731577490452004,144.6154842837
53313834121,61 UNISON RD STRATHTULLOH 3338,-37.73035234666,144.611644607322,-37.73035184666,144.611645707322
53313444657,34 UNISON RD STRATHTULLOH 3338,-37.730277160988,144.615081103805,-37.730276660988004,144.615082203805
53313547525,15 UNISON RD STRATHTULLOH 3338,-37.731564076492,144.615331555072,-37.731563576492,144.615332655072
53313547590,47 UNISON RD STRATHTULLOH 3338,-37.730502885641,144.613025022956,-37.730502385641,144.613026122956
53313515815,10 UNISON RD STRATHTULLOH 3338,-37.731976633767,144.615079343605,-37.731976133767,144.615080443605
53313851012,23 UNISON RD STRATHTULLOH 3338,-37.731098000766,144.615492319975,-37.731097500766005,144.615493419975
53313653812,33 UNISON RD STRATHTULLOH 3338,-37.730653676079,144.614644071373,-37.730653176079,144.61464517137298
53313806261,55 UNISON RD STRATHTULLOH 3338,-37.730396561199,144.612117681937,-37.730396061199,144.612118781937
53313717113,50 UNISON RD STRATHTULLOH 3338,-37.730186887891,144.614112491074,-37.730186387891,144.614113591074
53313823628,59 UNISON RD STRATHTULLOH 3338,-37.730367098809,144.611802270921,-37.730366598809,144.611803370921
53313727688,86 UNISON RD STRATHTULLOH 3338,-37.729910494634,144.611187458323,-37.729909994634,144.611188558323
53313685987,52 UNISON RD STRATHTULLOH 3338,-37.730175907598,144.613994138601,-37.730175407598004,144.61399523860098
53313686012,38 UNISON RD STRATHTULLOH 3338,-37.730250925631,144.614799388039,-37.730250425631,144.61480048803898
53313868764,43 UNISON RD STRATHTULLOH 3338,-37.730463532605,144.613370608824,-37.730463032605,144.613371708824
53313869373,53 UNISON RD STRATHTULLOH 3338,-37.730411606715,144.612278614478,-37.730411106715,144.61227971447798
53313735213,54 UNISON RD STRATHTULLOH 3338,-37.730162789919,144.613853406447,-37.730162289919,144.61385450644698
53313787188,78 UNISON RD STRATHTULLOH 3338,-37.729954751083,144.611660532938,-37.729954251083,144.611661632938
53313751334,39 UNISON RD STRATHTULLOH 3338,-37.730586159849,144.613920377853,-37.730585659849,144.61392147785298
53314110624,35 UNISON RD STRATHTULLOH 3338,-37.730639007748,144.614486323956,-37.730638507748004,144.61448742395598
53314001229,66 UNISON RD STRATHTULLOH 3338,-37.730025284798,144.612415323319,-37.730024784798005,144.612416423319
53314009668,63 UNISON RD STRATHTULLOH 3338,-37.73033759451,144.611486859904,-37.73033709451,144.611487959904
53313949861,25 UNISON RD STRATHTULLOH 3338,-37.730958148712,144.615515705485,-37.730957648712,144.615516805485
53313993298,65 UNISON RD STRATHTULLOH 3338,-37.730322842361,144.611329196306,-37.730322342361,144.611330296306
53305240924,99999 UNITT ST MELTON 3337,-37.681779346579,144.583052422124,-37.681778846579,144.583053522124
53305059449,31 UNITT ST MELTON 3337,-37.682106447258,144.584784630958,-37.682105947258,144.584785730958
53305233175,20 UNITT ST MELTON 3337,-37.681785336547,144.582947653058,-37.681784836547,144.582948753058
53307724980,99999 UNITT ST MELTON 3337,-37.681779346579,144.583052422124,-37.681778846579,144.583053522124
53313702377,135 UNITY DR MOUNT DUNEED 3217,-38.22615030139,144.325819362107,-38.22614980139,144.325820462107
53312024881,101 UNITY DR MOUNT DUNEED 3217,-38.225715532073,144.328087086011,-38.225715032073005,144.328088186011
53312092251,101 UNITY DR MOUNT DUNEED 3217,-38.225715532073,144.328087086011,-38.225715032073005,144.328088186011
53313702261,135 UNITY DR MOUNT DUNEED 3217,-38.22615030139,144.325819362107,-38.22614980139,144.325820462107
53314148480,161 UNITY DR MOUNT DUNEED 3217,-38.226079055213,144.323351310717,-38.226078555213,144.32335241071698
53314144969,135 UNITY DR MOUNT DUNEED 3217,-38.22615030139,144.325819362107,-38.22614980139,144.325820462107
53314059043,6 UNITY WAY STRATHFIELDSAYE 3551,-36.803863037752,144.376126622956,-36.803862537752,144.376127722956
53313765013,2 UNITY WAY STRATHFIELDSAYE 3551,-36.804120865094,144.376074152242,-36.804120365094,144.376075252242
53314018973,8 UNITY WAY STRATHFIELDSAYE 3551,-36.803746655026,144.376150259923,-36.803746155026005,144.376151359923
53311582519,1 UNIVERSAL CT LEOPOLD 3224,-38.195577309558,144.462349668361,-38.195576809558,144.462350768361
53313290978,22 UNIVERSAL RD TARNEIT 3029,-37.821219930342,144.672825627342,-37.821219430342,144.672826727342
53313625728,26 UNIVERSAL RD TARNEIT 3029,-37.820983476853,144.672866950125,-37.820982976853,144.672868050125
53314043640,38 UNIVERSAL RD TARNEIT 3029,-37.819968218831,144.673044311196,-37.819967718831,144.673045411196
53313409999,16 UNIVERSAL RD TARNEIT 3029,-37.821583160116,144.672762092516,-37.821582660116,144.672763192516
53313286851,20 UNIVERSAL RD TARNEIT 3029,-37.821338157086,144.672804924041,-37.821337657086,144.672806024041
53313261920,24 UNIVERSAL RD TARNEIT 3029,-37.821101745507,144.672846246824,-37.821101245507,144.672847346824
53313667761,28 UNIVERSAL RD TARNEIT 3029,-37.820856281473,144.672889162168,-37.820855781473,144.67289026216798
53313684898,34 UNIVERSAL RD TARNEIT 3029,-37.820202576844,144.673003407509,-37.820202076844,144.67300450750898
53314050480,39 UNIVERSAL RD TARNEIT 3029,-37.820227848282,144.672471491933,-37.820227348282,144.672472591933
53305571009,26 UNIVERSITY DR MOUNT HELEN 3350,-37.624559503608,143.884654125004,-37.624559003608,143.884655225004
53302853919,99999 UNIVERSITY DR MOUNT HELEN 3350,-37.624327815239,143.886707783682,-37.624327315239,143.886708883682
53305496632,99999 UNIVERSITY DR MOUNT HELEN 3350,-37.624327815239,143.886707783682,-37.624327315239,143.886708883682
53306347387,99999 UNIVERSITY DR MOUNT HELEN 3350,-37.624327815239,143.886707783682,-37.624327315239,143.886708883682
53313709258,46 UPLANDS CRES MELTON SOUTH 3338,-37.718490654472,144.580561492862,-37.718490154472,144.58056259286198
53314179279,22 UPLANDS CRES MELTON SOUTH 3338,-37.716682007404,144.579738557609,-37.716681507404004,144.579739657609
53314006334,30 UPLANDS CRES MELTON SOUTH 3338,-37.717399540226,144.580481697144,-37.717399040226,144.580482797144
53314007380,2 UPLANDS CRES MELTON SOUTH 3338,-37.715315924825,144.579972245069,-37.715315424825,144.579973345069
53313873161,72 UPLANDS CRES MELTON SOUTH 3338,-37.720069846939,144.581320641833,-37.720069346939,144.581321741833
53313928155,56 UPLANDS CRES MELTON SOUTH 3338,-37.719266734887,144.581465648758,-37.719266234887,144.581466748758
53313798037,70 UPLANDS CRES MELTON SOUTH 3338,-37.719960505012,144.581341428953,-37.719960005012,144.581342528953
53314051968,8 UPLANDS CRES MELTON SOUTH 3338,-37.715668761039,144.579874428259,-37.715668261039,144.57987552825898
53313994453,16 UPLANDS CRES MELTON SOUTH 3338,-37.716132280285,144.579737719418,-37.716131780285004,144.579738819418
53314002894,42 UPLANDS CRES MELTON SOUTH 3338,-37.718275616746,144.580484211715,-37.718275116746,144.580485311715
53313917546,32 UPLANDS CRES MELTON SOUTH 3338,-37.717544002327,144.58048379262,-37.717543502327004,144.58048489261998
53313870530,58 UPLANDS CRES MELTON SOUTH 3338,-37.719389906954,144.581448884952,-37.719389406954,144.581449984952
53313794714,68 UPLANDS CRES MELTON SOUTH 3338,-37.719858078156,144.581360958787,-37.719857578156,144.581362058787
53314184108,52 UPLANDS CRES MELTON SOUTH 3338,-37.718993233386,144.581379147517,-37.718992733386,144.581380247517
53314133014,54 UPLANDS CRES MELTON SOUTH 3338,-37.719098887275,144.581473946842,-37.719098387275004,144.581475046842
53314021242,10 UPLANDS CRES MELTON SOUTH 3338,-37.715780659446,144.579859089376,-37.715780159446,144.57986018937598
53313995139,44 UPLANDS CRES MELTON SOUTH 3338,-37.718386174048,144.580523941936,-37.718385674048,144.580525041936
53314009592,64 UPLANDS CRES MELTON SOUTH 3338,-37.719671035986,144.581396581876,-37.719670535986005,144.58139768187598
53314098594,28 UPLANDS CRES MELTON SOUTH 3338,-37.717252144458,144.580423862012,-37.717251644458,144.580424962012
53314203649,38 UPLANDS CRES MELTON SOUTH 3338,-37.718054879325,144.580420425432,-37.718054379325004,144.580421525432
53314210852,90 UPLANDS CRES WEIR VIEWS 3338,-37.721949027722,144.581749711457,-37.721948527722,144.581750811457
53314151255,102 UPLANDS CRES WEIR VIEWS 3338,-37.723114447539,144.581460116702,-37.723113947539,144.581461216702
53313886009,112 UPLANDS CRES WEIR VIEWS 3338,-37.723642758896,144.580988047915,-37.723642258896,144.580989147915
53301540214,110 UPPER CALIFORNIA GULLY RD CALIFORNIA GULLY 3556,-36.735602829948,144.254344442978,-36.735602329948,144.254345542978
53301540057,15 UPPER CALIFORNIA GULLY RD EAGLEHAWK 3556,-36.727340013762,144.24629524439,-36.727339513762004,144.24629634439
53313257415,4 URANA DR KEILOR EAST 3033,-37.735493554611,144.860057060076,-37.735493054611,144.860058160076
53314004958,37 URQUHART RD TARNEIT 3029,-37.818784358827,144.678986158538,-37.818783858827004,144.678987258538
53313994544,30 URQUHART RD TARNEIT 3029,-37.818858873946,144.678138999584,-37.818858373946,144.678140099584
53314059150,4 URQUHART RD TARNEIT 3029,-37.820048936559,144.676448537352,-37.820048436559,144.676449637352
53314106944,24 URQUHART RD TARNEIT 3029,-37.819066745145,144.677824762034,-37.819066245145,144.67782586203398
53314162202,2B URQUHART RD TARNEIT 3029,-37.820150189949,144.676259525435,-37.820149689949,144.676260625435
53314053995,26 URQUHART RD TARNEIT 3029,-37.818991433745,144.677930290195,-37.818990933745,144.677931390195
53314004354,49 URQUHART RD TARNEIT 3029,-37.818881588904,144.67982912654,-37.818881088904,144.67983022654
53313990040,36 URQUHART RD TARNEIT 3029,-37.819092854773,144.678501852173,-37.819092354773,144.678502952173
53314005048,39 URQUHART RD TARNEIT 3029,-37.818800577809,144.679126639235,-37.818800077809,144.67912773923499
53314160166,51 URQUHART RD TARNEIT 3029,-37.818898729896,144.67997807296,-37.818898229896,144.67997917296
53314024138,50 URQUHART RD TARNEIT 3029,-37.819204040719,144.679511536229,-37.819203540719,144.679512636229
53314024162,56 URQUHART RD TARNEIT 3029,-37.819252362391,144.679950245041,-37.819251862391,144.679951345041
53314025432,52 URQUHART RD TARNEIT 3029,-37.819220469249,144.679660566468,-37.819219969249,144.67966166646798
53314025499,54 URQUHART RD TARNEIT 3029,-37.81923593386,144.679801214803,-37.81923543386,144.679802314803
53314141925,31 URQUHART RD TARNEIT 3029,-37.818741192025,144.678547365907,-37.818740692025,144.678548465907
53314024120,58 URQUHART RD TARNEIT 3029,-37.819269671021,144.680107741002,-37.819269171021,144.68010884100198
53314024154,38 URQUHART RD TARNEIT 3029,-37.819108319385,144.678642500508,-37.819107819385,144.678643600508
53314069520,20 URQUHART RD TARNEIT 3029,-37.819327380424,144.677459646332,-37.819326880424,144.677460746332
53314003752,35 URQUHART RD TARNEIT 3029,-37.818768181754,144.678845677841,-37.818767681754004,144.678846777841
53314055223,28 URQUHART RD TARNEIT 3029,-37.818925132891,144.678023161682,-37.818924632891004,144.678024261682
53314060224,42 URQUHART RD TARNEIT 3029,-37.819139290517,144.678923713359,-37.819138790517,144.678924813359
53314025458,48 URQUHART RD TARNEIT 3029,-37.819187612189,144.679362422172,-37.819187112189,144.679363522172
53314106952,34 URQUHART RD TARNEIT 3029,-37.819088244726,144.678318204674,-37.819087744726,144.678319304674
53314004918,45 URQUHART RD TARNEIT 3029,-37.818849192848,144.679548165146,-37.818848692848,144.679549265146
53314004932,41 URQUHART RD TARNEIT 3029,-37.818816796792,144.679267203752,-37.818816296792,144.679268303752
53314004966,47 URQUHART RD TARNEIT 3029,-37.818865369921,144.679688645843,-37.818864869921,144.67968974584298
53314040630,22 URQUHART RD TARNEIT 3029,-37.819256595252,144.677581770661,-37.819256095252,144.67758287066098
53314058755,33 URQUHART RD TARNEIT 3029,-37.818751962771,144.678705197144,-37.818751462771004,144.678706297144
53303035757,108 URQUHART ST BALLARAT CENTRAL 3350,-37.567510911062,143.851447060635,-37.567510411062,143.851448160635
53302887023,903 URQUHART ST BALLARAT CENTRAL 3350,-37.566253531959,143.838469589963,-37.566253031959,143.838470689963
53303277752,16 URQUHART ST CASTLEMAINE 3450,-37.066110125986,144.222073320812,-37.066109625986,144.222074420812
53314045976,9 URQUHART ST ROCKBANK 3335,-37.735628838528,144.643675463574,-37.735628338528,144.643676563574
53313950169,1 URQUHART ST ROCKBANK 3335,-37.73558189987,144.643210603224,-37.73558139987,144.64321170322398
53314032981,3 URQUHART ST ROCKBANK 3335,-37.735593927901,144.643329374792,-37.735593427901,144.64333047479198
53314033344,5 URQUHART ST ROCKBANK 3335,-37.735605830204,144.643447559627,-37.735605330204,144.64344865962698
53314185864,2 URQUHART ST ROCKBANK 3335,-37.735912398312,144.64315553412,-37.735911898312004,144.64315663412
53314127107,8 URQUHART ST ROCKBANK 3335,-37.735948440496,144.643512854652,-37.735947940496004,144.64351395465198
53314028008,10 URQUHART ST ROCKBANK 3335,-37.735960636165,144.643633805515,-37.735960136165,144.643634905515
53313969811,6 URQUHART ST ROCKBANK 3335,-37.735936538193,144.643394669817,-37.735936038193,144.643395769817
53301762558,17 URWIN ST YARRAVILLE 3013,-37.815090328369,144.866014749215,-37.815089828369004,144.866015849215
53301760209,17 URWIN ST YARRAVILLE 3013,-37.815090328369,144.866014749215,-37.815089828369004,144.866015849215
53313713104,4 USHER RD DEANSIDE 3336,-37.735651427757,144.692925012062,-37.735650927757,144.692926112062
53313883268,3 USHER WAY MADDINGLEY 3340,-37.688009067293,144.406439021419,-37.688008567293004,144.406440121419
53314018651,5 USHER WAY MADDINGLEY 3340,-37.688026166376,144.406596265923,-37.688025666376,144.406597365923
53313903272,2 USHER WAY MADDINGLEY 3340,-37.688447231282,144.406020010079,-37.688446731282,144.406021110079
53314044319,6 USTICA ST DEANSIDE 3336,-37.720689101946,144.710899081412,-37.720688601946,144.710900181412
53314047948,9 USTICA ST DEANSIDE 3336,-37.720306258518,144.711118100542,-37.720305758518,144.711119200542
53314020244,8 USTICA ST DEANSIDE 3336,-37.720706787762,144.711039143014,-37.720706287762,144.711040243014
53314069265,3 USTICA ST DEANSIDE 3336,-37.720258858856,144.710742675099,-37.720258358856,144.710743775099
53314055463,7 USTICA ST DEANSIDE 3336,-37.720289997626,144.71098927069,-37.720289497626,144.71099037068998
53313960729,4 USTICA ST DEANSIDE 3336,-37.720671248492,144.71075818162,-37.720670748492005,144.71075928162
53313666807,16 UTOPIA WAY WEIR VIEWS 3338,-37.72357059071,144.579120643707,-37.72357009071,144.579121743707
53313681054,14 UTOPIA WAY WEIR VIEWS 3338,-37.723553701175,144.578971948744,-37.723553201175,144.578973048744
53313825154,6 UTOPIA WAY WEIR VIEWS 3338,-37.723486478312,144.578377923266,-37.723485978312,144.578379023266
53313682902,20 UTOPIA WAY WEIR VIEWS 3338,-37.723607093898,144.579442257331,-37.723606593898005,144.579443357331
53314016242,17 UTOPIA WAY WEIR VIEWS 3338,-37.723186364269,144.579263303699,-37.723185864269,144.579264403699
53313748651,5 UTOPIA WAY WEIR VIEWS 3338,-37.723089637106,144.578408181937,-37.723089137106,144.57840928193698
53313659263,12 UTOPIA WAY WEIR VIEWS 3338,-37.723535847721,144.57881478806,-37.723535347721004,144.57881588805998
53313809406,3 UTOPIA WAY WEIR VIEWS 3338,-37.723070484457,144.578239705683,-37.723069984457,144.57824080568298
53313998677,5 UTTAR WAY ROCKBANK 3335,-37.742930314384,144.664477419418,-37.742929814384,144.664478519418
53313887623,16 UTTAR WAY ROCKBANK 3335,-37.743356492251,144.663867468323,-37.743355992251004,144.66386856832298
53313946685,11 UTTAR WAY ROCKBANK 3335,-37.74318256776,144.664417153534,-37.74318206776,144.664418253534
53314198642,9 UTTAR WAY ROCKBANK 3335,-37.743089612454,144.664439365577,-37.743089112454,144.664440465577
53313865258,14 UTTAR WAY ROCKBANK 3335,-37.743272421762,144.663887584891,-37.743271921762,144.663888684891
53314016887,12 UTTAR WAY ROCKBANK 3335,-37.743188309364,144.663907701459,-37.743187809364,144.663908801459
53313944806,13 UTTAR WAY ROCKBANK 3335,-37.743266638249,144.664397036966,-37.743266138249,144.66439813696599
53314037535,7 UTTAR WAY ROCKBANK 3335,-37.743005541965,144.664459398326,-37.743005041965,144.66446049832598
53313951869,24 UTTAR WAY ROCKBANK 3335,-37.743681290999,144.6637898519,-37.743680790999,144.66379095189998
53313919237,15 UTTAR WAY ROCKBANK 3335,-37.74334186583,144.664379099693,-37.74334136583,144.664380199693
53313891692,1 UTTAR WAY ROCKBANK 3335,-37.742749432913,144.664520670038,-37.742748932913,144.664521770038
53313958152,18 UTTAR WAY ROCKBANK 3335,-37.743431719832,144.663849531051,-37.743431219832004,144.663850631051
53313918867,3 UTTAR WAY ROCKBANK 3335,-37.742855086803,144.66449535669,-37.742854586803,144.66449645669
53313919008,19 UTTAR WAY ROCKBANK 3335,-37.743510006808,144.664338866558,-37.743509506808,144.664339966558
53313925473,23 UTTAR WAY ROCKBANK 3335,-37.743662725083,144.664302405279,-37.743662225083,144.66430350527898
53313908059,17 UTTAR WAY ROCKBANK 3335,-37.743425936319,144.664358983126,-37.743425436319,144.66436008312598
53313938780,4 UTTAR WAY ROCKBANK 3335,-37.742860870316,144.663985988434,-37.742860370316,144.663987088434
53313980446,6 UTTAR WAY ROCKBANK 3335,-37.742953783713,144.663963776391,-37.742953283713,144.663964876391
53313956900,20 UTTAR WAY ROCKBANK 3335,-37.743506947413,144.663831593778,-37.743506447413004,144.663832693778
53313921994,22 UTTAR WAY ROCKBANK 3335,-37.743591017902,144.66381147721,-37.743590517902,144.66381257721
53313586680,26 UXBRIDGE ST WERRIBEE 3030,-37.906883316071,144.596824815775,-37.906882816071004,144.59682591577499
53313361192,4 UXBRIDGE ST WERRIBEE 3030,-37.906660441266,144.594891948902,-37.906659941266,144.59489304890198
53313573662,22 UXBRIDGE ST WERRIBEE 3030,-37.906857625538,144.596602192426,-37.906857125538004,144.59660329242598
53313439847,6 UXBRIDGE ST WERRIBEE 3030,-37.906676660248,144.595032597238,-37.906676160248004,144.595033697238
53313452592,12 UXBRIDGE ST WERRIBEE 3030,-37.906709936404,144.595715889985,-37.906709436404,144.595716989985
53313667150,14 UXBRIDGE ST WERRIBEE 3030,-37.906727747948,144.595870619917,-37.906727247948,144.595871719917
53313663083,20 UXBRIDGE ST WERRIBEE 3030,-37.906846603335,144.596506554911,-37.906846103335,144.596507654911
53314110351,18 UXBRIDGE ST WERRIBEE 3030,-37.906832018824,144.596379988173,-37.906831518824,144.596381088173
53313510849,6 VAIGAI LANE DEANSIDE 3336,-37.736493515659,144.701188814221,-37.736493015659,144.701189914221
53313510880,10 VAIGAI LANE DEANSIDE 3336,-37.736387610313,144.701158974646,-37.736387110313004,144.701160074646
53313539340,12 VAIGAI LANE DEANSIDE 3336,-37.736334846232,144.701144054859,-37.736334346232,144.70114515485898
53313509534,8 VAIGAI LANE DEANSIDE 3336,-37.736440332484,144.701173810615,-37.736439832484,144.70117491061498
53305531043,2 VAINS ST GOLDEN GULLY 3555,-36.781837768331,144.270813619152,-36.781837268331,144.27081471915199
53313833040,9 VALAIS WAY ROCKBANK 3335,-37.743313576907,144.656007087164,-37.743313076907,144.656008187164
53313771225,3 VALAIS WAY ROCKBANK 3335,-37.743274852514,144.655617328666,-37.743274352514,144.655618428666
53313704267,6 VALAIS WAY ROCKBANK 3335,-37.743697509982,144.655758228458,-37.743697009982,144.655759328458
53313933476,4 VALAIS WAY ROCKBANK 3335,-37.743681877732,144.655600648679,-37.743681377732,144.655601748679
53313960043,3 VALANCE ST TARNEIT 3029,-37.814203062008,144.67070148544,-37.814202562008,144.67070258543998
53313613278,7 VALANCE ST TARNEIT 3029,-37.814169869672,144.670420691683,-37.814169369672,144.670421791683
53313664109,18 VALANCE ST TARNEIT 3029,-37.813688874158,144.669628098919,-37.813688374158,144.66962919891898
53313619656,10 VALANCE ST TARNEIT 3029,-37.813757815312,144.670210976466,-37.813757315312,144.670212076466
53313681161,1 VALANCE ST TARNEIT 3029,-37.814220161091,144.670846660003,-37.814219661091,144.670847760003
53313699276,17 VALANCE ST TARNEIT 3029,-37.814086846921,144.669718791111,-37.814086346921,144.669719891111
53313655404,14 VALANCE ST TARNEIT 3029,-37.813724622975,144.669930182709,-37.813724122975,144.669931282709
53313815818,6 VALANCE ST TARNEIT 3029,-37.813787068154,144.670458074971,-37.813786568154,144.670459174971
53313711100,11 VALANCE ST TARNEIT 3029,-37.814136635426,144.670139981746,-37.814136135426004,144.67014108174598
53314101771,8 VALANCE ST TARNEIT 3029,-37.813773112285,144.670340141594,-37.813772612285,144.670341241594
53313500444,26 VALBERG ST WINTER VALLEY 3358,-37.586570562602,143.798907363694,-37.586570062602,143.798908463694
53313384912,13 VALBERG ST WINTER VALLEY 3358,-37.587197906145,143.800061551761,-37.587197406145,143.80006265176098
53313387871,25 VALBERG ST WINTER VALLEY 3358,-37.587095102103,143.799188241269,-37.587094602103,143.799189341269
53313402136,33 VALBERG ST WINTER VALLEY 3358,-37.587028214516,143.798620032053,-37.587027714516005,143.798621132053
53313378722,31 VALBERG ST WINTER VALLEY 3358,-37.587044684955,143.798759926017,-37.587044184955005,143.798761026017
53313355301,19 VALBERG ST WINTER VALLEY 3358,-37.587147488998,143.799633236509,-37.587146988998,143.799634336509
53313513577,15 VALBERG ST WINTER VALLEY 3358,-37.587180429877,143.799913192075,-37.587179929877,143.799914292075
53313406311,27 VALBERG ST WINTER VALLEY 3358,-37.587077625835,143.799039881583,-37.587077125835,143.799040981583
53313436555,21 VALBERG ST WINTER VALLEY 3358,-37.587130976649,143.799493342545,-37.587130476649,143.79949444254498
53313532017,20 VALBERG ST WINTER VALLEY 3358,-37.586628481553,143.799400051962,-37.586627981553,143.799401151962
53313500626,35 VALBERG ST WINTER VALLEY 3358,-37.587011744076,143.79848005427,-37.587011244076,143.79848115426998
53313781804,5 VALBERG ST WINTER VALLEY 3358,-37.587328454287,143.801170812827,-37.587327954287,143.801171912827
53314079074,16 VALBERG ST WINTER VALLEY 3358,-37.586664439918,143.79970582379,-37.586663939918004,143.79970692378998
53313996797,32 VALDA CRES DARLEY 3340,-37.661662901594,144.425499636878,-37.661662401594,144.42550073687798
53314070803,25 VALDA CRES DARLEY 3340,-37.662102364778,144.424958082114,-37.662101864778,144.42495918211398
53314042972,22 VALDA CRES DARLEY 3340,-37.662240163266,144.425614217494,-37.662239663266,144.425615317494
53314080347,29 VALDA CRES DARLEY 3340,-37.661748899921,144.424976103206,-37.661748399921,144.424977203206
53314161305,27 VALDA CRES DARLEY 3340,-37.661891643732,144.424950873677,-37.661891143732,144.424951973677
53314049904,26 VALDA CRES DARLEY 3340,-37.662048636778,144.425498211955,-37.662048136778004,144.42549931195498
53313779895,1 VALDES AVE WINTER VALLEY 3358,-37.585204312385,143.797726940269,-37.585203812385004,143.797728040269
53313751797,10 VALENCIA ST WEIR VIEWS 3338,-37.737918020104,144.572370361803,-37.737917520104,144.572371461803
53313650479,21 VALENCIA ST WEIR VIEWS 3338,-37.737153380987,144.571655134005,-37.737152880987004,144.571656234005
53313767882,11 VALENCIA ST WEIR VIEWS 3338,-37.737642465037,144.571789160637,-37.737641965037,144.571790260637
53313675780,19 VALENCIA ST WEIR VIEWS 3338,-37.737265782308,144.571691343827,-37.737265282308,144.571692443827
53313737266,13 VALENCIA ST WEIR VIEWS 3338,-37.737525579397,144.571758818148,-37.737525079397,144.571759918148
53313751815,8 VALENCIA ST WEIR VIEWS 3338,-37.737985955429,144.572388047619,-37.737985455429,144.572389147619
53313751870,14 VALENCIA ST WEIR VIEWS 3338,-37.737773096998,144.572337672381,-37.737772596998,144.572338772381
53313764618,3 VALENCIA ST WEIR VIEWS 3338,-37.73801969259,144.571887145085,-37.73801919259,144.57188824508498
53313491238,2 VALENTINA PL TRUGANINA 3029,-37.748916753451,144.673828605876,-37.748916253451,144.673829705876
53301541146,99999 VALENTINE ST BENDIGO 3550,-36.754536165328,144.269822710009,-36.754535665328,144.269823810009
53311585612,24-26 VALERIAN AVE ALTONA NORTH 3025,-37.82923026375,144.850109501206,-37.82922976375,144.85011060120598
53311585652,24 VALERIAN AVE ALTONA NORTH 3025,-37.829284075568,144.850091983029,-37.829283575568,144.85009308302898
53311585685,24 VALERIAN AVE ALTONA NORTH 3025,-37.829284075568,144.850091983029,-37.829283575568,144.85009308302898
53311585604,24 VALERIAN AVE ALTONA NORTH 3025,-37.829284075568,144.850091983029,-37.829283575568,144.85009308302898
53311585644,24 VALERIAN AVE ALTONA NORTH 3025,-37.829284075568,144.850091983029,-37.829283575568,144.85009308302898
53313033116,61 VALIANT RD SMYTHES CREEK 3351,-37.593301230852,143.799751253705,-37.593300730852,143.799752353705
53313163274,90 VALIANT RD SMYTHES CREEK 3351,-37.592629714679,143.797482104878,-37.592629214679,143.79748320487798
53313391553,69 VALIANT RD SMYTHES CREEK 3351,-37.593326334652,143.799017418082,-37.593325834652,143.799018518082
53313544103,52 VALIANT RD SMYTHES CREEK 3351,-37.592915872854,143.801034439262,-37.592915372854,143.801035539262
53313156156,72 VALIANT RD SMYTHES CREEK 3351,-37.592863988873,143.799090843554,-37.592863488873,143.799091943554
53313791447,54 VALIANT RD SMYTHES CREEK 3351,-37.592897265029,143.800854815077,-37.592896765029,143.800855915077
53312885843,58 VALIANT RD SMYTHES CREEK 3351,-37.592868976105,143.800493974146,-37.592868476105004,143.800495074146
53313335442,84 VALIANT RD SMYTHES CREEK 3351,-37.592779457379,143.798063725139,-37.592778957379004,143.798064825139
53313413910,73 VALIANT RD SMYTHES CREEK 3351,-37.593338404593,143.798655403684,-37.593337904593,143.798656503684
53313399712,76 VALIANT RD SMYTHES CREEK 3351,-37.592876058814,143.798728829156,-37.592875558814,143.798729929156
53313849698,67 VALIANT RD SMYTHES CREEK 3351,-37.593320257772,143.799198383372,-37.593319757772,143.79919948337198
53314146238,11 VALIANT RD SMYTHES CREEK 3351,-37.594300311801,143.804508905767,-37.594299811801,143.80451000576699
53313478886,40 VALIANT ST DEANSIDE 3336,-37.729338848837,144.7065336186,-37.729338348837004,144.70653471859998
53313324338,27 VALIANT ST DEANSIDE 3336,-37.729785981462,144.706747273312,-37.729785481462,144.706748373312
53313450531,9 VALIANT ST DEANSIDE 3336,-37.730189486281,144.707135355429,-37.730188986281,144.70713645542898
53313451828,22 VALIANT ST DEANSIDE 3336,-37.729505774439,144.707835328164,-37.729505274439,144.707836428164
53313454185,26 VALIANT ST DEANSIDE 3336,-37.729466672861,144.707530226888,-37.729466172861,144.707531326888
53313369037,36 VALIANT ST DEANSIDE 3336,-37.729374723383,144.706813574166,-37.729374223383005,144.706814674166
53313427420,13 VALIANT ST DEANSIDE 3336,-37.730040414133,144.7071656141,-37.730039914133,144.7071667141
53313393374,38 VALIANT ST DEANSIDE 3336,-37.72935678611,144.706673596383,-37.729356286110004,144.706674696383
53313462188,31 VALIANT ST DEANSIDE 3336,-37.729750106917,144.706467317746,-37.729749606917004,144.70646841774598
53313310637,34 VALIANT ST DEANSIDE 3336,-37.729392702565,144.706953551949,-37.729392202565,144.706954651949
53313427446,21 VALIANT ST DEANSIDE 3336,-37.729746879884,144.70722529325,-37.729746379884,144.70722639324998
53313427479,19 VALIANT ST DEANSIDE 3336,-37.729826927059,144.707209032358,-37.729826427059,144.707210132358
53313437940,12 VALIANT ST DEANSIDE 3336,-37.730238729962,144.707573393689,-37.730238229962,144.70757449368898
53313450517,11 VALIANT ST DEANSIDE 3336,-37.730111576491,144.707151197226,-37.730111076491,144.707152297226
53313453915,20 VALIANT ST DEANSIDE 3336,-37.729784388901,144.707665846081,-37.729783888901004,144.707666946081
53313625744,23 VALIANT ST DEANSIDE 3336,-37.729822358922,144.707030916916,-37.729821858922,144.707032016916
53313977689,7 VALIANT ST DEANSIDE 3336,-37.730446056337,144.707014236928,-37.730445556337,144.70701533692798
53306508412,13 VALMAI AVE PORTLAND 3305,-38.328396150995,141.594406311211,-38.328395650995,141.594407411211
53313362750,14 VALROSE RD CHARLEMONT 3217,-38.215217826988,144.355438912453,-38.215217326988004,144.355440012453
53313367189,33 VALROSE RD CHARLEMONT 3217,-38.215442378174,144.353846518488,-38.215441878174,144.353847618488
53313330023,35 VALROSE RD CHARLEMONT 3217,-38.215424105625,144.353695811868,-38.215423605625,144.35369691186798
53313351820,19 VALROSE RD CHARLEMONT 3217,-38.215563245218,144.354842204766,-38.215562745218,144.35484330476598
53313304168,21 VALROSE RD CHARLEMONT 3217,-38.215545098398,144.354692671613,-38.215544598398004,144.354693771613
53313289367,5 VALROSE RD CHARLEMONT 3217,-38.215684531357,144.356102843003,-38.215684031357,144.35610394300298
53313392021,28 VALROSE RD CHARLEMONT 3217,-38.215104838933,144.354508018286,-38.215104338933,144.354509118286
53313624516,1 VALROSE RD CHARLEMONT 3217,-38.215709635157,144.356337620111,-38.215709135157,144.35633872011098
53313241344,9 VALROSE RD CHARLEMONT 3217,-38.215659218009,144.355876783075,-38.215658718009,144.35587788307498
53313315552,30 VALROSE RD CHARLEMONT 3217,-38.215091805074,144.354400813745,-38.215091305074004,144.354401913745
53313456001,15 VALROSE RD CHARLEMONT 3217,-38.215607292119,144.35519759746,-38.215606792119004,144.35519869746
53313356398,20 VALROSE RD CHARLEMONT 3217,-38.215165607731,144.355008837001,-38.215165107731,144.355009937001
53313319230,31 VALROSE RD CHARLEMONT 3217,-38.215459477257,144.353987502099,-38.215458977257,144.35398860209898
53313321312,6 VALROSE RD CHARLEMONT 3217,-38.215291755374,144.356048276814,-38.215291255374,144.35604937681398
53313600039,29 VALROSE RD CHARLEMONT 3217,-38.215476618249,144.354128569529,-38.215476118249,144.354129669529
53313630422,7 VALROSE RD CHARLEMONT 3217,-38.215672880512,144.356006954031,-38.215672380512004,144.35600805403098
53303425115,8 VAN CT TULLAMARINE 3043,-37.7048,144.854,-37.7047995,144.8540011
53303634854,4 VAN CT TULLAMARINE 3043,-37.7048,144.854,-37.7047995,144.8540011
53303446738,7 VAN CT TULLAMARINE 3043,-37.7048,144.854,-37.7047995,144.8540011
53303678975,9 VAN CT TULLAMARINE 3043,-37.7048,144.854,-37.7047995,144.8540011
53303691434,3 VAN CT TULLAMARINE 3043,-37.7048,144.854,-37.7047995,144.8540011
53303843363,12 VAN CT TULLAMARINE 3043,-37.7048,144.854,-37.7047995,144.8540011
53303527199,10 VAN CT TULLAMARINE 3043,-37.7048,144.854,-37.7047995,144.8540011
53303767217,5 VAN CT TULLAMARINE 3043,-37.7048,144.854,-37.7047995,144.8540011
53313228927,33 VANBURN RD TRUGANINA 3029,-37.836163522599,144.720817974173,-37.836163022599,144.720819074173
53313344542,26 VANBURN RD TRUGANINA 3029,-37.835078317595,144.720441878177,-37.835077817595,144.720442978177
53313261062,28 VANBURN RD TRUGANINA 3029,-37.835203752776,144.720424946733,-37.835203252776004,144.720426046733
53313281738,31 VANBURN RD TRUGANINA 3029,-37.836069477646,144.720830714666,-37.836068977646,144.72083181466598
53313335955,37 VANBURN RD TRUGANINA 3029,-37.836365107371,144.720790816807,-37.836364607371,144.720791916807
53313349021,44 VANBURN RD TRUGANINA 3029,-37.836542677989,144.720240377225,-37.836542177989,144.720241477225
53313207196,25 VANBURN RD TRUGANINA 3029,-37.835787300875,144.720868768506,-37.835786800875,144.72086986850599
53313329361,40 VANBURN RD TRUGANINA 3029,-37.836291849537,144.720274240114,-37.836291349537,144.720275340114
53314024501,19 VANBURN RD TRUGANINA 3029,-37.835130285395,144.720946133472,-37.835129785395004,144.720947233472
53314153663,7 VANDA RD THORNHILL PARK 3335,-37.730663315268,144.632707743269,-37.730662815268005,144.632708843269
53314153960,8 VANDA RD THORNHILL PARK 3335,-37.730708451816,144.633123569485,-37.730707951816,144.633124669485
53313631751,8 VANDELAY AVE CHARLEMONT 3217,-38.216598200713,144.363811008802,-38.216597700713,144.363812108802
53313654132,5 VANDELAY AVE CHARLEMONT 3217,-38.216540910404,144.364352647385,-38.216540410404,144.364353747385
53313644308,10 VANDELAY AVE CHARLEMONT 3217,-38.216709596206,144.363790054044,-38.216709096206,144.36379115404398
53313725800,7 VANDELAY AVE CHARLEMONT 3217,-38.216658969511,144.36433051916,-38.216658469511,144.36433161916
53314184238,19 VANDELAY AVE CHARLEMONT 3217,-38.217365354401,144.364195570519,-38.217364854401,144.364196670519
53314154125,12 VANDELAY AVE CHARLEMONT 3217,-38.216821243156,144.36376700381,-38.216820743156,144.36376810381
53314215181,16 VANDELAY AVE CHARLEMONT 3217,-38.217017253962,144.363730123436,-38.217016753962,144.363731223436
53314220118,20 VANDELAY AVE CHARLEMONT 3217,-38.217231076312,144.36368997412,-38.217230576312,144.36369107412
53300020259,99999 VANESSA RD CAMPBELLFIELD 3061,-37.657626566005,144.957240175481,-37.657626066005,144.95724127548098
53313024312,15 VANGUARD CRES POINT COOK 3030,-37.912044472951,144.748077264404,-37.912043972951004,144.748078364404
53313115383,25 VANGUARD CRES POINT COOK 3030,-37.912135165144,144.747239241724,-37.912134665144,144.747240341724
53313592828,72 VANTAGE BVD CRAIGIEBURN 3064,-37.597791416383,144.893197680308,-37.597790916383,144.89319878030798
53313593033,64 VANTAGE BVD CRAIGIEBURN 3064,-37.597576085291,144.893230118273,-37.597575585291004,144.893231218273
53314009543,76 VANTAGE BVD CRAIGIEBURN 3064,-37.598033779114,144.892707422791,-37.598033279114,144.892708522791
53314227754,13 VARIA ST TARNEIT 3029,-37.834353743975,144.637121569662,-37.834353243975,144.637122669662
53314188627,4 VARIA ST TARNEIT 3029,-37.834987667312,144.637318292929,-37.834987167312,144.637319392929
53314190809,3 VARIA ST TARNEIT 3029,-37.834913152193,144.636821497528,-37.834912652193005,144.63682259752798
53313995732,7 VARNA WAY MANOR LAKES 3024,-37.879767985027,144.586666703497,-37.879767485027,144.586667803497
53314149026,6 VARNA WAY MANOR LAKES 3024,-37.88009756146,144.586285326903,-37.88009706146,144.586286426903
53314078860,28 VARNISH RD TARNEIT 3029,-37.849685711716,144.629377780775,-37.849685211716,144.629378880775
53314017280,6 VARNISH RD TARNEIT 3029,-37.849859259021,144.630838578861,-37.849858759021004,144.63083967886098
53314071066,48 VARNISH RD TARNEIT 3029,-37.849510865216,144.627906002397,-37.849510365216,144.627907102397
53314140745,36 VARNISH RD TARNEIT 3029,-37.849626954575,144.628883416126,-37.849626454575,144.628884516126
53314141901,23 VARNISH RD TARNEIT 3029,-37.850023292867,144.629228918175,-37.850022792867,144.62923001817498
53314093777,44 VARNISH RD TARNEIT 3029,-37.849541584891,144.628164667929,-37.849541084891,144.628165767929
53314051002,20 VARNISH RD TARNEIT 3029,-37.849749791366,144.629917156245,-37.849749291366,144.629918256245
53313985031,22 VARNISH RD TARNEIT 3029,-37.849734410574,144.629787907298,-37.849733910574,144.629789007298
53314001724,34 VARNISH RD TARNEIT 3029,-37.849642293458,144.629012581254,-37.849641793458,144.62901368125398
53314060951,60 VARNISH RD TARNEIT 3029,-37.849422645685,144.627164203966,-37.849422145685004,144.627165303966
53313963671,15 VARNISH RD TARNEIT 3029,-37.850154972565,144.630068617235,-37.850154472565,144.630069717235
53314071486,39 VARNISH RD TARNEIT 3029,-37.849856828269,144.627674913326,-37.849856328269,144.62767601332598
53314092233,10 VARNISH RD TARNEIT 3029,-37.849825899047,144.630557617466,-37.849825399047,144.630558717466
53313996938,35 VARNISH RD TARNEIT 3029,-37.849896768038,144.628164248834,-37.849896268038,144.628165348834
53314112158,40 VARNISH RD TARNEIT 3029,-37.849597240728,144.628633132497,-37.849596740728,144.62863423249698
53314089635,46 VARNISH RD TARNEIT 3029,-37.849526204099,144.628035251344,-37.849525704099,144.62803635134398
53314095286,32 VARNISH RD TARNEIT 3029,-37.84965767425,144.629141830201,-37.84965717425,144.629142930201
53314068960,33 VARNISH RD TARNEIT 3029,-37.849914453854,144.628313111434,-37.849913953854,144.628314211434
53314048722,25 VARNISH RD TARNEIT 3029,-37.850006612879,144.629088437478,-37.850006112879,144.629089537478
53314048920,58 VARNISH RD TARNEIT 3029,-37.849436685373,144.627282137343,-37.849436185373,144.627283237343
53314112594,37 VARNISH RD TARNEIT 3029,-37.849874220719,144.627821261356,-37.849873720719,144.62782236135598
53314097456,56 VARNISH RD TARNEIT 3029,-37.849450725061,144.62740015454,-37.849450225061,144.62740125454
53314032395,12 VARNISH RD TARNEIT 3029,-37.849810518254,144.630428452338,-37.849810018254004,144.630429552338
53314067987,38 VARNISH RD TARNEIT 3029,-37.849612914887,144.628765398929,-37.849612414887,144.628766498929
53314051803,30 VARNISH RD TARNEIT 3029,-37.849671672028,144.629259847398,-37.849671172028,144.629260947398
53314051851,4 VARNISH RD TARNEIT 3029,-37.849869317305,144.630985010709,-37.849868817305,144.630986110709
53314100773,62 VARNISH RD TARNEIT 3029,-37.849408647907,144.627046186769,-37.849408147907,144.627047286769
53314101375,45 VARNISH RD TARNEIT 3029,-37.849782103603,144.627045935312,-37.849781603603,144.627047035312
53313964349,14 VARNISH RD TARNEIT 3029,-37.849796520476,144.630310435142,-37.849796020476,144.630311535142
53313969637,21 VARNISH RD TARNEIT 3029,-37.850040685316,144.629375266204,-37.850040185316004,144.62937636620399
53304509569,8 VARSITY CT ST ALBANS 3021,-37.749542504432,144.765773138388,-37.749542004432,144.765774238388
53304720125,5 VARSITY CT ST ALBANS 3021,-37.749616600456,144.765175760149,-37.749616100456,144.76517686014898
53304553433,9 VARSITY CT ST ALBANS 3021,-37.749576702597,144.766031384825,-37.749576202597,144.766032484825
53304638301,10 VARSITY CT ST ALBANS 3021,-37.74981709558,144.766033061205,-37.74981659558,144.766034161205
53304844360,6 VARSITY CT ST ALBANS 3021,-37.749489614623,144.765359072371,-37.749489114623,144.765360172371
53304720415,3 VARSITY CT ST ALBANS 3021,-37.749992780271,144.765071070178,-37.749992280271,144.765072170178
53304553609,11 VARSITY CT ST ALBANS 3021,-37.750030666473,144.765968520551,-37.750030166473,144.765969620551
53304856606,13 VARSITY CT ST ALBANS 3021,-37.749915541033,144.765539031832,-37.749915041033,144.76554013183198
53304652137,14 VARSITY CT ST ALBANS 3021,-37.750192353386,144.765554286896,-37.750191853386,144.76555538689598
53304692613,13A VARSITY CT ST ALBANS 3021,-37.750062727253,144.765525956063,-37.750062227253004,144.76552705606298
53313623425,25 VASSE CCT MOUNT DUNEED 3217,-38.231340417746,144.320958864093,-38.231339917746,144.320959964093
53314016806,36 VASSE CCT MOUNT DUNEED 3217,-38.231056396957,144.321469489635,-38.231055896957,144.321470589635
53313685227,52 VASSE CCT MOUNT DUNEED 3217,-38.23059815831,144.320338938534,-38.23059765831,144.320340038534
53313654751,11 VASSE CCT MOUNT DUNEED 3217,-38.231171522397,144.319882543906,-38.231171022397,144.319883643906
53313694070,17 VASSE CCT MOUNT DUNEED 3217,-38.231222610097,144.320314463377,-38.231222110097,144.320315563377
53313697882,43 VASSE CCT MOUNT DUNEED 3217,-38.230986701432,144.320351679027,-38.230986201432,144.320352779027
53313715264,51 VASSE CCT MOUNT DUNEED 3217,-38.230917927917,144.319770142585,-38.230917427917,144.319771242585
53313579504,21 VASSE CCT MOUNT DUNEED 3217,-38.231259029466,144.320622163043,-38.231258529466004,144.320623263043
53313668644,14 VASSE CCT MOUNT DUNEED 3217,-38.231565765213,144.320058731511,-38.231565265213,144.320059831511
53313641932,18 VASSE CCT MOUNT DUNEED 3217,-38.23160151403,144.320360815302,-38.23160101403,144.320361915302
53313682506,42 VASSE CCT MOUNT DUNEED 3217,-38.230679630409,144.321027763337,-38.230679130409,144.321028863337
53313683109,12 VASSE CCT MOUNT DUNEED 3217,-38.231548079397,144.31990911454,-38.231547579397,144.31991021454
53313636122,19 VASSE CCT MOUNT DUNEED 3217,-38.231240337822,144.320464080349,-38.231239837822,144.320465180349
53313730560,58 VASSE CCT MOUNT DUNEED 3217,-38.230549417543,144.319926800355,-38.230548917543004,144.319927900355
53313731948,41 VASSE CCT MOUNT DUNEED 3217,-38.231004429157,144.320501295999,-38.231003929157,144.320502395999
53313697932,34 VASSE CCT MOUNT DUNEED 3217,-38.231174414154,144.321446942315,-38.231173914154,144.32144804231498
53313645109,9 VASSE CCT MOUNT DUNEED 3217,-38.231153836581,144.319732926935,-38.231153336581,144.31973402693498
53313705934,49 VASSE CCT MOUNT DUNEED 3217,-38.230935613732,144.319919759557,-38.230935113732,144.319920859557
53313708359,39 VASSE CCT MOUNT DUNEED 3217,-38.231023120801,144.320659378693,-38.231022620801,144.320660478693
53313718465,53 VASSE CCT MOUNT DUNEED 3217,-38.23090120602,144.319628991335,-38.23090070602,144.319630091335
53313663415,28 VASSE CCT MOUNT DUNEED 3217,-38.231515096608,144.321382066385,-38.231514596608,144.321383166385
53313814933,56 VASSE CCT MOUNT DUNEED 3217,-38.230565426979,144.32006233573,-38.230564926979,144.32006343573
53313616249,30 VASSE CCT MOUNT DUNEED 3217,-38.231403784934,144.3214032726,-38.231403284934004,144.3214043726
53313625280,4 VASSE CCT MOUNT DUNEED 3217,-38.231477294225,144.319310646653,-38.231476794225,144.319311746653
53313727508,2 VASSE CCT MOUNT DUNEED 3217,-38.231458602581,144.319152563959,-38.231458102581,144.31915366395899
53313741709,37 VASSE CCT MOUNT DUNEED 3217,-38.231040806617,144.320808995664,-38.231040306617004,144.320810095664
53313603477,23 VASSE CCT MOUNT DUNEED 3217,-38.231276715282,144.320771863833,-38.231276215282,144.32077296383298
53313751401,54 VASSE CCT MOUNT DUNEED 3217,-38.230581478323,144.320197871104,-38.230580978323005,144.320198971104
53314188528,8 VASSE CCT MOUNT DUNEED 3217,-38.231511701938,144.319601414874,-38.231511201938,144.319602514874
53313963913,6 VASSE CCT MOUNT DUNEED 3217,-38.231494980041,144.319460263625,-38.231494480041,144.31946136362498
53313474614,2 VASTU ST WERRIBEE 3030,-37.917419955096,144.648653308232,-37.917419455096,144.648654408232
53313420115,3 VASTU ST WERRIBEE 3030,-37.91777191121,144.648899233271,-37.91777141121,144.648900333271
53314217095,60 VAUGHAN DR ARMSTRONG CREEK 3217,-38.23009520221,144.359105408359,-38.23009470221,144.359106508359
53306489157,61 VAUGHAN ST ESSENDON FIELDS 3041,-37.724071489569,144.896542621741,-37.724070989569,144.89654372174098
53306303787,61 VAUGHAN ST ESSENDON FIELDS 3041,-37.724071489569,144.896542621741,-37.724070989569,144.89654372174098
53303599783,54 VAYNOR ST NIDDRIE 3042,-37.744536706127,144.886301804747,-37.744536206127,144.886302904747
53312679824,19 VAYNOR ST NIDDRIE 3042,-37.745284204253,144.889370503318,-37.745283704253,144.88937160331798
53303343119,54 VAYNOR ST NIDDRIE 3042,-37.744536706127,144.886301804747,-37.744536206127,144.886302904747
53303343209,54 VAYNOR ST NIDDRIE 3042,-37.744536706127,144.886301804747,-37.744536206127,144.886302904747
53314125218,22 VECOT ST TARNEIT 3029,-37.816825717602,144.662125708844,-37.816825217602,144.662126808844
53314208565,19 VECOT ST TARNEIT 3029,-37.816749526102,144.66167501391,-37.816749026102,144.66167611391
53313539324,3 VEDA ST WERRIBEE 3030,-37.920972834304,144.635405207349,-37.920972334304004,144.635406307349
53313280129,12 VEDA ST WERRIBEE 3030,-37.921444903091,144.635734113229,-37.921444403091,144.635735213229
53313416375,13 VEDA ST WERRIBEE 3030,-37.921059125998,144.63620241016,-37.921058625998,144.63620351016
53313446439,1 VEDA ST WERRIBEE 3030,-37.920968224258,144.635215189604,-37.920967724258,144.635216289604
53313157649,7 VEDA ST WERRIBEE 3030,-37.921006026641,144.635712236462,-37.921005526641004,144.635713336462
53313111657,9 VEDA ST WERRIBEE 3030,-37.921022203714,144.635861601977,-37.921021703714004,144.635862701977
53313133574,21 VEDA ST WERRIBEE 3030,-37.921132300012,144.636878578289,-37.921131800012,144.63687967828898
53313260484,5 VEDA ST WERRIBEE 3030,-37.920988969468,144.635554489044,-37.920988469468,144.635555589044
53313553887,6 VEDA ST WERRIBEE 3030,-37.921390923635,144.635235473809,-37.921390423635,144.63523657380898
53313162896,26 VEDA ST WERRIBEE 3030,-37.921565686316,144.636849744542,-37.921565186316,144.63685084454198
53313752968,17 VEDA ST WERRIBEE 3030,-37.921094497629,144.636529220565,-37.921093997629,144.636530320565
53313925796,28 VEDA ST WERRIBEE 3030,-37.921585174241,144.63702995546,-37.921584674241004,144.63703105546
53313414081,21 VEL ST DEANSIDE 3336,-37.735702599276,144.702428330063,-37.735702099276004,144.70242943006298
53313366811,38 VEL ST DEANSIDE 3336,-37.73531011666,144.701869173302,-37.735309616660004,144.70187027330198
53313306668,32 VEL ST DEANSIDE 3336,-37.735269171063,144.702318443312,-37.735268671063004,144.702319543312
53313400019,19 VEL ST DEANSIDE 3336,-37.735714417759,144.702587753862,-37.735713917759,144.70258885386198
53313961513,14 VELVET AVE ROCKBANK 3335,-37.743924701467,144.644013924824,-37.743924201467,144.644015024824
53313948716,20 VELVET AVE ROCKBANK 3335,-37.744265174374,144.643947288694,-37.744264674374,144.64394838869399
53313928809,5 VELVET AVE ROCKBANK 3335,-37.743648601577,144.644555982502,-37.743648101577,144.644557082502
53313936125,3 VELVET AVE ROCKBANK 3335,-37.743546216629,144.644576015251,-37.743545716629,144.644577115251
53313912620,16 VELVET AVE ROCKBANK 3335,-37.744042634845,144.64399087459,-37.744042134845,144.64399197459
53313936119,11 VELVET AVE ROCKBANK 3335,-37.743955672599,144.644495800438,-37.743955172599,144.64449690043799
53313908289,10 VELVET AVE ROCKBANK 3335,-37.743695498325,144.644058851825,-37.743694998325005,144.644059951825
53313926852,17 VELVET AVE ROCKBANK 3335,-37.744243297607,144.644439474048,-37.744242797607,144.644440574048
53313941011,13 VELVET AVE ROCKBANK 3335,-37.744058057547,144.644475767689,-37.744057557547,144.64447686768898
53313977136,18 VELVET AVE ROCKBANK 3335,-37.744153904609,144.643969081642,-37.744153404609,144.643970181642
53313930474,4 VELVET AVE ROCKBANK 3335,-37.743370573848,144.64412247047,-37.743370073848,144.64412357047
53313973706,9 VELVET AVE ROCKBANK 3335,-37.743844402835,144.644517593386,-37.743843902835,144.644518693386
53313913677,7 VELVET AVE ROCKBANK 3335,-37.743742059797,144.644537626134,-37.743741559797,144.644538726134
53313917562,15 VELVET AVE ROCKBANK 3335,-37.744151515767,144.64445749514,-37.744151015767,144.64445859513998
53313987052,8 VELVET WAY TARNEIT 3029,-37.813797210256,144.69127780045,-37.813796710256,144.69127890045
53314188603,20 VELVET WAY TARNEIT 3029,-37.813140404324,144.691383328611,-37.813139904324004,144.691384428611
53314192280,23 VELVET WAY TARNEIT 3029,-37.812862334686,144.690878570402,-37.812861834686004,144.69087967040198
53313927750,30 VELVET WAY TARNEIT 3029,-37.812577433797,144.691473769346,-37.812576933797004,144.691474869346
53313978620,21 VELVET WAY TARNEIT 3029,-37.812956170092,144.690863482976,-37.812955670092,144.690864582976
53313973639,5 VELVET WAY TARNEIT 3029,-37.813854249108,144.690719146603,-37.813853749108,144.69072024660298
53313885933,9 VELVET WAY TARNEIT 3029,-37.813630829478,144.690755021149,-37.813630329478,144.69075612114898
53313975239,3 VELVET WAY TARNEIT 3029,-37.813972685399,144.690700119683,-37.813972185399,144.69070121968298
53314048500,28 VELVET WAY TARNEIT 3029,-37.812695828179,144.691454742426,-37.812695328179004,144.691455842426
53314149843,6 VELVET WAY TARNEIT 3029,-37.813908941026,144.691259863177,-37.813908441026,144.691260963177
53314195914,33 VELVET WAY TARNEIT 3029,-37.812309212895,144.690967418575,-37.812308712895,144.690968518575
53314015963,11 VELVET WAY TARNEIT 3029,-37.813512435096,144.690774048069,-37.813511935096,144.69077514806898
53313996920,12 VELVET WAY TARNEIT 3029,-37.813567127014,144.691314764643,-37.813566627014,144.691315864643
53314102811,24 VELVET WAY TARNEIT 3029,-37.812925953331,144.691417778233,-37.812925453331005,144.69141887823298
53313938212,13 VELVET WAY TARNEIT 3029,-37.813394040714,144.690793074989,-37.813393540714,144.69079417498898
53313985493,4 VELVET WAY TARNEIT 3029,-37.814027335408,144.691240836257,-37.814026835408,144.691241936257
53307622920,2 VENETIAN PL GROVEDALE 3216,-38.194553334357,144.330243833517,-38.194552834357005,144.33024493351698
53307622954,5 VENETIAN PL GROVEDALE 3216,-38.194765606054,144.33057684653,-38.194765106054,144.33057794652998
53307622914,4 VENETIAN PL GROVEDALE 3216,-38.194745321849,144.330439048042,-38.194744821849,144.330440148042
53307622946,1 VENETIAN PL GROVEDALE 3216,-38.194690546112,144.330183735271,-38.194690046112,144.33018483527098
53313716404,3 VENETIAN WAY TARNEIT 3029,-37.817196910184,144.680520633552,-37.817196410184,144.68052173355198
53313405108,13 VENICE DR WINTER VALLEY 3358,-37.569345374391,143.787880131876,-37.569344874391,143.78788123187599
53313421789,25 VENICE DR WINTER VALLEY 3358,-37.570235616327,143.787718528783,-37.570235116327,143.78771962878298
53313832223,24 VENICE DR WINTER VALLEY 3358,-37.569791794554,143.787210920727,-37.569791294554,143.787212020727
53313273361,16 VENICE DR WINTER VALLEY 3358,-37.569267003596,143.787305217137,-37.569266503596005,143.787306317137
53313434244,17 VENICE DR WINTER VALLEY 3358,-37.569582791799,143.787838725274,-37.569582291799,143.787839825274
53313286249,10 VENICE DR WINTER VALLEY 3358,-37.568839233168,143.787384007027,-37.568838733168,143.78738510702698
53313528541,8 VENICE DR WINTER VALLEY 3358,-37.568696656995,143.787410242384,-37.568696156995,143.787411342384
53313394547,6 VENICE DR WINTER VALLEY 3358,-37.568562965639,143.787434885179,-37.568562465639005,143.787435985179
53313476535,21 VENICE DR WINTER VALLEY 3358,-37.57001286725,143.787759516289,-37.57001236725,143.78776061628898
53313546040,20 VENICE DR WINTER VALLEY 3358,-37.56953333857,143.787258529937,-37.56953283857,143.78725962993698
53313805387,22 VENICE DR WINTER VALLEY 3358,-37.569667029925,143.787233887141,-37.569666529925,143.787234987141
53314007372,27 VENICE DR WINTER VALLEY 3358,-37.570364823365,143.787694640359,-37.570364323365,143.787695740359
53313757264,4 VENITA WALK TARNEIT 3029,-37.845262413772,144.635788260324,-37.845261913772,144.635789360324
53313757216,6 VENITA WALK TARNEIT 3029,-37.845315722677,144.635777112393,-37.845315222677,144.63577821239298
53313757248,8 VENITA WALK TARNEIT 3029,-37.845362367968,144.635767389385,-37.845361867968,144.635768489385
53313757289,16 VENITA WALK TARNEIT 3029,-37.845529000203,144.635732520668,-37.845528500203,144.635733620668
53314166501,16 VERBECK RD TRUGANINA 3029,-37.826816946187,144.706269923926,-37.826816446187,144.70627102392598
53314166525,12 VERBECK RD TRUGANINA 3029,-37.826587910683,144.70630076933,-37.826587410683004,144.70630186933
53314166559,20 VERBECK RD TRUGANINA 3029,-37.827050675557,144.706238575609,-37.827050175557,144.706239675609
53313261251,6 VERBENA GR WENDOUREE 3355,-37.528523242813,143.818725284105,-37.528522742813,143.818726384105
53313970595,5 VERBIER AVE WINTER VALLEY 3358,-37.585176735923,143.794229758808,-37.585176235923,143.794230858808
53313939961,4 VERBIER AVE WINTER VALLEY 3358,-37.585269858868,143.794750191176,-37.585269358868004,143.794751291176
53313834155,3 VERBIER AVE WINTER VALLEY 3358,-37.585294795029,143.794207798221,-37.585294295029,143.794208898221
53313804811,7 VERBIER AVE WINTER VALLEY 3358,-37.585058676817,143.794251719394,-37.585058176817,143.794252819394
53314033766,6 VERBIER AVE WINTER VALLEY 3358,-37.585145136148,143.794773325229,-37.585144636148,143.79477442522898
53313577201,38 VERDALE DR ALFREDTON 3350,-37.564464298805,143.787633703923,-37.564463798805,143.787634803923
53313377948,87 VERDALE DR ALFREDTON 3350,-37.56071205603,143.787748871272,-37.56071155603,143.78774997127198
53313378764,83 VERDALE DR ALFREDTON 3350,-37.561159272474,143.787666309526,-37.561158772474,143.787667409526
53313340700,85 VERDALE DR ALFREDTON 3350,-37.560852662456,143.787722887372,-37.560852162456,143.787723987372
53313320018,79 VERDALE DR ALFREDTON 3350,-37.561437258293,143.787614760821,-37.561436758293,143.78761586082098
53313523196,43 VERDALE DR ALFREDTON 3350,-37.563914487867,143.787161802774,-37.563913987867004,143.78716290277399
53313311684,78 VERDALE DR ALFREDTON 3350,-37.561717507225,143.788142653083,-37.561717007225,143.788143753083
53313560637,9 VERDALE DR ALFREDTON 3350,-37.566203753262,143.786739103397,-37.566203253262,143.786740203397
53313533501,31 VERDALE DR ALFREDTON 3350,-37.564683066478,143.787019980972,-37.564682566478,143.78702108097198
53313394737,69 VERDALE DR ALFREDTON 3350,-37.562176835519,143.787478051981,-37.562176335519,143.787479151981
53313568713,14 VERDALE DR ALFREDTON 3350,-37.565968054145,143.787355927651,-37.565967554145004,143.78735702765098
53313572905,57 VERDALE DR ALFREDTON 3350,-37.563079105487,143.78731619743,-37.563078605487,143.78731729742998
53313606349,48 VERDALE DR ALFREDTON 3350,-37.56375145985,143.787765718898,-37.563750959850005,143.78776681889798
53313768435,92 VERDALE DR ALFREDTON 3350,-37.560911084321,143.788291683322,-37.560910584321,143.788292783322
53313416888,94 VERDALE DR ALFREDTON 3350,-37.560786319692,143.788314733556,-37.560785819692,143.788315833556
53313417183,53 VERDALE DR ALFREDTON 3350,-37.563337519562,143.787268420582,-37.563337019562,143.787269520582
53313362585,80 VERDALE DR ALFREDTON 3350,-37.561599448119,143.788164446032,-37.561598948119,143.788165546032
53313378756,72 VERDALE DR ALFREDTON 3350,-37.562091801112,143.788073502382,-37.562091301112,143.78807460238198
53313527220,10 VERDALE DR ALFREDTON 3350,-37.56621087788,143.787311168289,-37.566210377880005,143.78731226828899
53313473517,5 VERDALE DR ALFREDTON 3350,-37.566426502339,143.786698032071,-37.566426002339,143.786699132071
53313434055,25 VERDALE DR ALFREDTON 3350,-37.565265860206,143.786912441154,-37.565265360206,143.78691354115398
53313391173,34 VERDALE DR ALFREDTON 3350,-37.564693753405,143.787591207674,-37.564693253405004,143.787592307674
53313454291,32 VERDALE DR ALFREDTON 3350,-37.564811812511,143.787569330906,-37.564811312511004,143.787570430906
53313454994,23 VERDALE DR ALFREDTON 3350,-37.565390582925,143.786889390921,-37.565390082925,143.786890490921
53313449630,26 VERDALE DR ALFREDTON 3350,-37.565194991215,143.787498503824,-37.565194491215,143.787499603824
53313308615,88 VERDALE DR ALFREDTON 3350,-37.56114053892,143.788249270892,-37.56114003892,143.788250370892
53313568606,44 VERDALE DR ALFREDTON 3350,-37.564036612196,143.787712912908,-37.564036112196,143.787714012908
53313426465,46 VERDALE DR ALFREDTON 3350,-37.563885151206,143.787740908464,-37.563884651206,143.787742008464
53313387007,76 VERDALE DR ALFREDTON 3350,-37.561842271854,143.78811960285,-37.561841771854,143.78812070285
53313388565,73 VERDALE DR ALFREDTON 3350,-37.561864944902,143.787535635656,-37.561864444902,143.787536735656
53313436349,70 VERDALE DR ALFREDTON 3350,-37.562209860218,143.788051709434,-37.562209360218,143.788052809434
53313442859,12 VERDALE DR ALFREDTON 3350,-37.56608615516,143.787334134703,-37.56608565516,143.787335234703
53313533590,41 VERDALE DR ALFREDTON 3350,-37.564032546973,143.787140009826,-37.564032046973004,143.787141109826
53313539813,6 VERDALE DR ALFREDTON 3350,-37.566460407137,143.78726515164,-37.566459907137,143.78726625164
53313618658,61 VERDALE DR ALFREDTON 3350,-37.562791187113,143.787369422516,-37.562790687113,143.787370522516
53313625119,96 VERDALE DR ALFREDTON 3350,-37.560661596973,143.788337783789,-37.560661096973,143.78833888378898
53313594675,89 VERDALE DR ALFREDTON 3350,-37.560569479857,143.787775190448,-37.560568979857,143.787776290448
53313933510,17 VERDALE DR ALFREDTON 3350,-37.565738138541,143.786825185542,-37.565737638541,143.786826285542
53313426837,3 VERDANT CT KANGAROO FLAT 3555,-36.818323874296,144.230016388106,-36.818323374296,144.230017488106
53313400321,5 VERDANT CT KANGAROO FLAT 3555,-36.818781693847,144.229769038143,-36.818781193847,144.22977013814298
53313467871,4-6 VERDANT ST LARA 3212,-38.017206973404,144.37438888679,-38.017206473404,144.37438998679
53313454608,2 VERDANT ST LARA 3212,-38.017091135502,144.37455250154,-38.017090635502,144.37455360154
53313943402,48 VERDANT ST LARA 3212,-38.016718098902,144.370329195806,-38.016717598902,144.37033029580599
53313333256,1-3 VERDANT ST LARA 3212,-38.017454407186,144.374760456558,-38.017453907186,144.37476155655798
53313745187,26 VERDANT ST LARA 3212,-38.016950570986,144.372449482033,-38.016950070986,144.372450582033
53313752785,38 VERDANT ST LARA 3212,-38.016889886007,144.371240643957,-38.016889386007,144.371241743957
53313669305,42 VERDANT ST LARA 3212,-38.016857322313,144.370993629271,-38.016856822313,144.370994729271
53313784806,8 VERDANT ST LARA 3212,-38.017193813816,144.37417330424,-38.017193313816,144.37417440424
53314164735,12 VERDANT ST LARA 3212,-38.017115107745,144.373753706167,-38.017114607745,144.373754806167
53314179220,50 VERDANT ST LARA 3212,-38.016768516049,144.37015309202,-38.016768016049,144.37015419201998
53313877293,46 VERDANT ST LARA 3212,-38.016737712555,144.370509742,-38.016737212555,144.370510842
53313901956,20 VERDANT ST LARA 3212,-38.017020056963,144.373000424529,-38.017019556963,144.373001524529
53314029474,68 VERDAY BVD TARNEIT 3029,-37.861835070821,144.64199640073,-37.861834570821,144.64199750072999
53314099072,8 VERDAY BVD TARNEIT 3029,-37.858998928153,144.643568594308,-37.858998428153,144.64356969430798
53314099148,20 VERDAY BVD TARNEIT 3029,-37.859318907307,144.643501622902,-37.859318407307,144.64350272290199
53314104964,58 VERDAY BVD TARNEIT 3029,-37.861936659488,144.643023351507,-37.861936159488,144.643024451507
53314142402,66 VERDAY BVD TARNEIT 3029,-37.861856947589,144.642164541707,-37.861856447589,144.64216564170698
53313999998,26 VERDAY BVD TARNEIT 3029,-37.859744791807,144.643389556857,-37.859744291807004,144.64339065685698
53314005476,38 VERDAY BVD TARNEIT 3029,-37.860649157251,144.643200461121,-37.860648657251,144.643201561121
53314029459,50 VERDAY BVD TARNEIT 3029,-37.861380226846,144.643047575207,-37.861379726846,144.64304867520698
53314029490,59 VERDAY BVD TARNEIT 3029,-37.862330231751,144.642153309957,-37.862329731751004,144.642154409957
53314097069,52 VERDAY BVD TARNEIT 3029,-37.861491287063,144.643024357335,-37.861490787063,144.643025457335
53314099065,4 VERDAY BVD TARNEIT 3029,-37.858878941209,144.643593656199,-37.858878441209,144.64359475619898
53314099098,18 VERDAY BVD TARNEIT 3029,-37.859265556493,144.643512770833,-37.859265056493,144.643513870833
53314099122,12 VERDAY BVD TARNEIT 3029,-37.859105587871,144.643546298446,-37.859105087871,144.643547398446
53314123856,42 VERDAY BVD TARNEIT 3029,-37.860878025117,144.643152600454,-37.860877525117004,144.64315370045398
53314158638,46 VERDAY BVD TARNEIT 3029,-37.861129105026,144.643100045921,-37.861128605026,144.64310114592098
53314158911,54 VERDAY BVD TARNEIT 3029,-37.861602389189,144.643001139463,-37.861601889189004,144.643002239463
53314171908,64 VERDAY BVD TARNEIT 3029,-37.861872873205,144.642532758714,-37.861872373205,144.642533858714
53314029441,61 VERDAY BVD TARNEIT 3029,-37.862310911465,144.642004782633,-37.862310411465,144.642005882633
53314029467,48 VERDAY BVD TARNEIT 3029,-37.861262419196,144.643072218002,-37.861261919196004,144.643073318002
53314029482,63 VERDAY BVD TARNEIT 3029,-37.862292680825,144.641864553393,-37.862292180825,144.64186565339298
53314071263,28 VERDAY BVD TARNEIT 3029,-37.859855893934,144.643366338985,-37.859855393934,144.643367438985
53314112578,40 VERDAY BVD TARNEIT 3029,-37.86076692299,144.643175818326,-37.860766422990004,144.643176918326
53314099057,6 VERDAY BVD TARNEIT 3029,-37.85894557734,144.64357974224,-37.85894507734,144.64358084224
53314099080,16 VERDAY BVD TARNEIT 3029,-37.859212247589,144.643524002583,-37.859211747589,144.643525102583
53314099116,10 VERDAY BVD TARNEIT 3029,-37.859052237058,144.643557446377,-37.859051737058,144.643558546377
53314099130,22 VERDAY BVD TARNEIT 3029,-37.859383364143,144.643490977885,-37.859382864143,144.64349207788499
53313570612,14 VERDE ST DIGGERS REST 3427,-37.62244535965,144.698649600474,-37.62244485965,144.698650700474
53313881090,16 VERDE ST DIGGERS REST 3427,-37.622431655239,144.698508952138,-37.622431155239,144.698510052138
53313597934,18 VERDE ST DIGGERS REST 3427,-37.622417112637,144.6983599219,-37.622416612637004,144.69836102189998
53313878580,20 VERDE ST DIGGERS REST 3427,-37.622401773754,144.698202509758,-37.622401273754,144.698203609758
53300516362,50-52 VERDON ST WARRNAMBOOL 3280,-38.385504949086,142.511118213884,-38.385504449086,142.511119313884
53313740980,89 VERE CT DEANSIDE 3336,-37.722131585573,144.68828688594,-37.722131085573004,144.68828798593998
53313741244,107 VERE CT DEANSIDE 3336,-37.723042866086,144.688100137137,-37.723042366086,144.688101237137
53313741285,97 VERE CT DEANSIDE 3336,-37.722641666291,144.688170461305,-37.722641166291,144.68817156130498
53313918918,87 VERE CT DEANSIDE 3336,-37.722055729349,144.688300129347,-37.722055229349,144.688301229347
53314100510,8 VERMENTINO ST MOUNT DUNEED 3217,-38.240001103021,144.326010134223,-38.240000603021,144.326011234223
53314112388,9 VERMENTINO ST MOUNT DUNEED 3217,-38.23958741419,144.326209958795,-38.23958691419,144.326211058795
53313491444,35 VERNAL CCT MOUNT DUNEED 3217,-38.21803548756,144.318886941447,-38.21803498756,144.318888041447
53313356976,9 VERNAL CCT MOUNT DUNEED 3217,-38.218672721749,144.317491522207,-38.218672221749,144.317492622207
53313520391,17 VERNAL CCT MOUNT DUNEED 3217,-38.21874706923,144.318123852982,-38.21874656923,144.318124952982
53313433279,14 VERNAL CCT MOUNT DUNEED 3217,-38.219134732252,144.317703584357,-38.219134232252,144.31770468435698
53313532824,45 VERNAL CCT MOUNT DUNEED 3217,-38.21778524584,144.318662641718,-38.21778474584,144.31866374171798
53313548656,53 VERNAL CCT MOUNT DUNEED 3217,-38.217711778459,144.318050343691,-38.217711278459,144.318051443691
53313677835,51 VERNAL CCT MOUNT DUNEED 3217,-38.217731056836,144.318211192413,-38.217730556836,144.318212292413
53313778915,59 VERNAL CCT MOUNT DUNEED 3217,-38.21765624835,144.317587662636,-38.217655748350005,144.31758876263598
53313369400,20 VERNAL CCT MOUNT DUNEED 3217,-38.219187538242,144.318152519091,-38.219187038242,144.318153619091
53313376271,39 VERNAL CCT MOUNT DUNEED 3217,-38.217750419033,144.318940837085,-38.217749919033004,144.318941937085
53313464912,33 VERNAL CCT MOUNT DUNEED 3217,-38.218176052076,144.318860370814,-38.218175552076,144.318861470814
53313558714,61 VERNAL CCT MOUNT DUNEED 3217,-38.217639316906,144.317446511387,-38.217638816906,144.317447611387
53313519179,18 VERNAL CCT MOUNT DUNEED 3217,-38.219170942073,144.318011284023,-38.219170442073,144.31801238402298
53313404776,37 VERNAL CCT MOUNT DUNEED 3217,-38.217892995206,144.318913931176,-38.217892495206,144.318915031176
53313405917,5 VERNAL CCT MOUNT DUNEED 3217,-38.218636176651,144.317180637418,-38.218635676651004,144.317181737418
53313442981,31 VERNAL CCT MOUNT DUNEED 3217,-38.218461120603,144.318789543732,-38.218460620603004,144.318790643732
53304537098,2 VERNON CRES SUNSHINE WEST 3020,-37.78617805232,144.801785196151,-37.78617755232,144.801786296151
53313191559,59 VERNON ST SOUTH KINGSVILLE 3015,-37.832179436382,144.871705055643,-37.832178936382,144.87170615564298
53312874671,14 VERNON ST SOUTH KINGSVILLE 3015,-37.828899807217,144.871807817776,-37.828899307217,144.87180891777598
53313550240,114 VERONA CRES FRASER RISE 3336,-37.691589942058,144.717130523509,-37.691589442058,144.717131623509
53313568142,70 VERONA CRES FRASER RISE 3336,-37.689965068218,144.716631045899,-37.689964568218,144.71663214589898
53313736350,52 VERONA CRES FRASER RISE 3336,-37.690082582501,144.715744156724,-37.690082082501,144.715745256724
53313736906,60 VERONA CRES FRASER RISE 3336,-37.689804638592,144.71578774262,-37.689804138592,144.71578884262
53313634258,92 VERONA CRES FRASER RISE 3336,-37.690437095096,144.717337137422,-37.690436595096,144.71733823742198
53313634471,86 VERONA CRES FRASER RISE 3336,-37.690177633283,144.717377873472,-37.690177133283,144.717378973472
53313634687,80 VERONA CRES FRASER RISE 3336,-37.689930911963,144.717416597864,-37.689930411963005,144.717417697864
53313635578,82 VERONA CRES FRASER RISE 3336,-37.690025669378,144.717401761896,-37.690025169378,144.717402861896
53313639316,96 VERONA CRES FRASER RISE 3336,-37.690759505001,144.717260862103,-37.690759005001,144.71726196210298
53313674866,18 VERONA CRES FRASER RISE 3336,-37.691621877109,144.715508206149,-37.691621377109,144.715509306149
53313573695,78 VERONA CRES FRASER RISE 3336,-37.690017077927,144.717237308955,-37.690016577927004,144.71723840895498
53313554317,44 VERONA CRES FRASER RISE 3336,-37.690520075937,144.715652626341,-37.690519575937,144.715653726341
53313554349,34 VERONA CRES FRASER RISE 3336,-37.690884940182,144.715595294123,-37.690884440182,144.715596394123
53313555019,30 VERONA CRES FRASER RISE 3336,-37.691036904087,144.715571489518,-37.691036404087,144.715572589518
53313674858,26 VERONA CRES FRASER RISE 3336,-37.69136300203,144.71554885838,-37.69136250203,144.71554995838
53313634662,90 VERONA CRES FRASER RISE 3336,-37.690337643814,144.717352811581,-37.690337143814,144.717353911581
53313634705,110 VERONA CRES FRASER RISE 3336,-37.691433577655,144.717154998666,-37.691433077655,144.71715609866598
53313858146,68 VERONA CRES FRASER RISE 3336,-37.689950567526,144.716461982912,-37.689950067526,144.716463082912
53313677415,62 VERONA CRES FRASER RISE 3336,-37.68990777791,144.715963092035,-37.68990727791,144.715964192035
53313631735,16 VERONA CRES FRASER RISE 3336,-37.69169974499,144.715495968571,-37.69169924499,144.71549706857098
53313900270,112 VERONA CRES FRASER RISE 3336,-37.691520875176,144.717141336164,-37.691520375176005,144.71714243616398
53313639190,104 VERONA CRES FRASER RISE 3336,-37.691045579357,144.717215935102,-37.691045079357,144.71721703510198
53313639330,108 VERONA CRES FRASER RISE 3336,-37.691195866881,144.717192381954,-37.691195366881004,144.71719348195398
53313639364,106 VERONA CRES FRASER RISE 3336,-37.691117076991,144.717204703352,-37.691116576991,144.717205803352
53313736302,58 VERONA CRES FRASER RISE 3336,-37.689885943052,144.715775002127,-37.689885443052,144.715776102127
53313736375,48 VERONA CRES FRASER RISE 3336,-37.690207766225,144.715724459251,-37.690207266225,144.71572555925098
53313736401,50 VERONA CRES FRASER RISE 3336,-37.690145153408,144.715734266078,-37.690144653408,144.71573536607798
53314140951,64 VERONA CRES FRASER RISE 3336,-37.689920602222,144.716112457549,-37.689920102222004,144.716113557549
53313926365,66 VERONA CRES FRASER RISE 3336,-37.689935102914,144.716281604355,-37.689934602914,144.716282704355
53313943442,45 VERONA CRES FRASER RISE 3336,-37.689704432939,144.715317936947,-37.689703932939004,144.715319036947
53313975900,18 VERONA GR ARMSTRONG CREEK 3217,-38.229883726793,144.351852379903,-38.229883226793,144.35185347990299
53314016509,28 VERONA GR ARMSTRONG CREEK 3217,-38.230044114511,144.352595770896,-38.230043614511004,144.35259687089598
53314055389,22 VERONA GR ARMSTRONG CREEK 3217,-38.230004007104,144.352308523074,-38.230003507104,144.35230962307398
53313941507,36 VERONA GR ARMSTRONG CREEK 3217,-38.230125460881,144.353385597632,-38.230124960881,144.353386697632
53313956123,24 VERONA GR ARMSTRONG CREEK 3217,-38.230018675434,144.352403825313,-38.230018175434004,144.35240492531298
53314139027,38 VERONA GR ARMSTRONG CREEK 3217,-38.230146206091,144.35355801338,-38.230145706091,144.35355911338
53313941555,34 VERONA GR ARMSTRONG CREEK 3217,-38.23010647587,144.353227598757,-38.23010597587,144.353228698757
53313941687,40 VERONA GR ARMSTRONG CREEK 3217,-38.230208483632,144.353924554006,-38.230207983632,144.353925654006
53313945943,14 VERONA GR ARMSTRONG CREEK 3217,-38.229835866126,144.351524144575,-38.229835366126004,144.351525244575
53313951686,10 VERONA GR ARMSTRONG CREEK 3217,-38.229810343231,144.350995330303,-38.229809843231,144.35099643030298
53313977531,26 VERONA GR ARMSTRONG CREEK 3217,-38.230032589394,144.352499798104,-38.230032089394,144.35250089810398
53313952633,8 VERONA GR ARMSTRONG CREEK 3217,-38.229791316311,144.350836996152,-38.229790816311,144.350838096152
53313995089,12 VERONA GR ARMSTRONG CREEK 3217,-38.229816210563,144.351360613644,-38.229815710563,144.351361713644
53314095758,4 VERONA GR ARMSTRONG CREEK 3217,-38.229757411512,144.350554861292,-38.229756911512,144.350555961292
53313956247,30 VERONA GR ARMSTRONG CREEK 3217,-38.230058740932,144.352717308492,-38.230058240932,144.352718408492
53314146361,32 VERONA GR ARMSTRONG CREEK 3217,-38.230086778398,144.353063900188,-38.230086278398,144.353065000188
53313586906,7 VERONA ST WINTER VALLEY 3358,-37.571499858783,143.787729257619,-37.571499358783,143.78773035761898
53313489370,5 VERONA ST WINTER VALLEY 3358,-37.571521735551,143.787916760793,-37.571521235551,143.787917860793
53313490925,6 VERONA ST WINTER VALLEY 3358,-37.571088852161,143.788029413572,-37.571088352161,143.78803051357198
53313802524,12 VERONICA CRES DEANSIDE 3336,-37.723829842975,144.689718263545,-37.723829342975,144.68971936354498
53313951496,30 VERONICA CRES DEANSIDE 3336,-37.724851345515,144.689026672714,-37.724850845515,144.68902777271398
53314116588,6 VERONICA CRES DEANSIDE 3336,-37.723281373141,144.689883973771,-37.723280873141,144.689885073771
53314214273,20 VERONICA CRES DEANSIDE 3336,-37.724295038602,144.689468315192,-37.724294538602,144.68946941519198
53313211470,39 VETRANO AVE ALFREDTON 3350,-37.562393633445,143.78829964613,-37.562393133445,143.78830074613
53313175305,47 VETRANO AVE ALFREDTON 3350,-37.562501466629,143.789240347123,-37.562500966629,143.789241447123
53313731089,14 VETRANO AVE ALFREDTON 3350,-37.562480889057,143.785853303869,-37.562480389057,143.785854403869
53313737035,18 VETRANO AVE ALFREDTON 3350,-37.562520200183,143.786189166729,-37.562519700183,143.786190266729
53313361977,35 VETRANO AVE ALFREDTON 3350,-37.562350885739,143.787934195152,-37.562350385739,143.78793529515198
53313242012,41 VETRANO AVE ALFREDTON 3350,-37.562415258755,143.788484383276,-37.562414758755004,143.788485483276
53313174166,49 VETRANO AVE ALFREDTON 3350,-37.562520032545,143.789427347383,-37.562519532545004,143.789428447383
53313243316,43 VETRANO AVE ALFREDTON 3350,-37.562459179928,143.788879003277,-37.562458679928,143.788880103277
53313832752,10 VETRANO AVE ALFREDTON 3350,-37.562446607073,143.785560356353,-37.562446107073,143.78556145635298
53313724059,27 VETRANO AVE ALFREDTON 3350,-37.562262289022,143.787218296801,-37.562261789022,143.787219396801
53313782980,3 VETRANO AVE ALFREDTON 3350,-37.56201485524,143.785060711105,-37.56201435524,143.78506181110498
53314028773,23 VETRANO AVE ALFREDTON 3350,-37.562200346758,143.786645058443,-37.562199846758,143.786646158443
53313966543,6 VETRANO AVE ALFREDTON 3350,-37.562407295947,143.785224577312,-37.562406795947,143.78522567731198
53313895453,8 VETRANO AVE ALFREDTON 3350,-37.56242695151,143.785392466833,-37.56242645151,143.785393566833
53313877343,17 VETRANO AVE ALFREDTON 3350,-37.56214561293,143.786177264427,-37.562145112930004,143.786178364427
53314199039,9 VETRANO AVE ALFREDTON 3350,-37.562070888263,143.785539233957,-37.562070388263,143.785540333957
53305130086,38 VICARAGE RD LEOPOLD 3224,-38.1868519579,144.462165015034,-38.1868514579,144.462166115034
53313839830,15 VICEROY CRES WYNDHAM VALE 3024,-37.860365890833,144.598081179242,-37.860365390833,144.598082279242
53313941951,7 VICEROY CRES WYNDHAM VALE 3024,-37.860117409313,144.59766233554,-37.860116909313,144.59766343554
53314008289,6 VICEROY CRES WYNDHAM VALE 3024,-37.859889086271,144.597307697217,-37.859888586271,144.59730879721698
53314012266,13 VICEROY CRES WYNDHAM VALE 3024,-37.860298709879,144.597981602232,-37.860298209879,144.597982702232
53313927320,11 VICEROY CRES WYNDHAM VALE 3024,-37.860237396257,144.597890826221,-37.860236896257,144.597891926221
53313934748,8 VICEROY CRES WYNDHAM VALE 3024,-37.85999478207,144.597194290067,-37.85999428207,144.597195390067
53303027266,22 VICKERS ST SEBASTOPOL 3356,-37.592754503752,143.843993623955,-37.592754003752,143.84399472395498
53307452907,320 VICKERS ST SEBASTOPOL 3356,-37.592794134597,143.831859581145,-37.592793634597,143.831860681145
53313882055,4 VICKERS WAY SUNSHINE NORTH 3020,-37.768282134909,144.81948923544,-37.768281634909,144.81949033543998
53313882114,10 VICKERS WAY SUNSHINE NORTH 3020,-37.768191400807,144.819679504642,-37.768190900807,144.819680604642
53313881776,15 VICKERS WAY SUNSHINE NORTH 3020,-37.767823477168,144.819722922901,-37.767822977168,144.819724022901
53313882070,14 VICKERS WAY SUNSHINE NORTH 3020,-37.768130757738,144.819806658113,-37.768130257738,144.819807758113
53313882106,12 VICKERS WAY SUNSHINE NORTH 3020,-37.768161225956,144.819742788011,-37.768160725956,144.819743888011
53313881769,9 VICKERS WAY SUNSHINE NORTH 3020,-37.767899291482,144.819398543248,-37.767898791482004,144.819399643248
53313881802,11 VICKERS WAY SUNSHINE NORTH 3020,-37.767873139944,144.819453444713,-37.767872639944,144.81945454471298
53313882047,16 VICKERS WAY SUNSHINE NORTH 3020,-37.767980973128,144.819952922324,-37.767980473128,144.819954022324
53313882063,6 VICKERS WAY SUNSHINE NORTH 3020,-37.76825175051,144.819552937904,-37.76825125051,144.819554037904
53313882096,3 VICKERS WAY SUNSHINE NORTH 3020,-37.767969950926,144.819250435019,-37.767969450926,144.819251535019
53313882120,8 VICKERS WAY SUNSHINE NORTH 3020,-37.768221575659,144.819616221273,-37.768221075659,144.819617321273
53313767296,14 VICKSBURG AVE WYNDHAM VALE 3024,-37.8657740624,144.625885628455,-37.8657735624,144.625886728455
53313785976,10 VICKSBURG AVE WYNDHAM VALE 3024,-37.865756083217,144.626123171591,-37.865755583217,144.62612427159098
53314050878,8 VICKSBURG AVE WYNDHAM VALE 3024,-37.865747114581,144.626241943159,-37.865746614581,144.62624304315898
53313979100,5 VICKSBURG AVE WYNDHAM VALE 3024,-37.866122079019,144.626549391368,-37.866121579019,144.626550491368
53313807202,7 VICKSBURG AVE WYNDHAM VALE 3024,-37.866132765946,144.626407988661,-37.866132265946,144.62640908866098
53313785893,12 VICKSBURG AVE WYNDHAM VALE 3024,-37.865765093763,144.626004400023,-37.865764593763004,144.62600550002298
53313808860,3 VICKSBURG AVE WYNDHAM VALE 3024,-37.866111392093,144.626690877893,-37.866110892093005,144.626691977893
53313987060,6 VICKSBURG AVE WYNDHAM VALE 3024,-37.865738104035,144.626360714727,-37.865737604035004,144.626361814727
53314127964,18 VICOSA DR ARMSTRONG CREEK 3217,-38.224022136174,144.376338517469,-38.224021636174,144.376339617469
53314074308,30 VICOSA DR ARMSTRONG CREEK 3217,-38.224100255512,144.377568477941,-38.224099755512,144.377569577941
53314168091,31 VICOSA DR ARMSTRONG CREEK 3217,-38.222947660006,144.377310147685,-38.222947160006,144.377311247685
53314168496,10 VICOSA DR ARMSTRONG CREEK 3217,-38.224086802557,144.375746671285,-38.224086302557,144.37574777128498
53314183256,38 VICOSA DR ARMSTRONG CREEK 3217,-38.224268438399,144.37841865438,-38.224267938399,144.37841975438
53314193073,2 VICOSA DR ARMSTRONG CREEK 3217,-38.2240883113,144.374922478746,-38.2240878113,144.37492357874598
53314110138,12 VICOSA DR ARMSTRONG CREEK 3217,-38.22407008066,144.375899808656,-38.22406958066,144.37590090865598
53314126529,13 VICOSA DR ARMSTRONG CREEK 3217,-38.223692350194,144.375778438698,-38.223691850194,144.375779538698
53314126594,26 VICOSA DR ARMSTRONG CREEK 3217,-38.224054029316,144.377280056652,-38.224053529316,144.377281156652
53314133113,40 VICOSA DR ARMSTRONG CREEK 3217,-38.224301840283,144.378584616062,-38.224301340283,144.378585716062
53313972087,15 VICOSA DR ARMSTRONG CREEK 3217,-38.223671311617,144.375970719557,-38.223670811617,144.37597181955698
53313960646,14 VICOSA DR ARMSTRONG CREEK 3217,-38.224054616049,144.376041127544,-38.224054116049004,144.376042227544
53314052484,24 VICOSA DR ARMSTRONG CREEK 3217,-38.224030224711,144.377131613147,-38.224029724711,144.37713271314698
53314063112,6 VICOSA DR ARMSTRONG CREEK 3217,-38.224122425646,144.375207882549,-38.224121925646,144.375208982549
53304586015,20 VICTORIA CRES ST ALBANS 3021,-37.741505307025,144.800502213091,-37.741504807025,144.80050331309099
53312768023,32A VICTORIA CRES ST ALBANS 3021,-37.740109091504,144.798972348123,-37.740108591504004,144.79897344812298
53304441341,39 VICTORIA ST ALTONA MEADOWS 3028,-37.867948202355,144.787573797995,-37.867947702355,144.787574897995
53308795832,132 VICTORIA ST ALTONA MEADOWS 3028,-37.8763889884,144.785682421543,-37.8763884884,144.78568352154298
53308795824,132 VICTORIA ST ALTONA MEADOWS 3028,-37.8763889884,144.785682421543,-37.8763884884,144.78568352154298
53308795840,132 VICTORIA ST ALTONA MEADOWS 3028,-37.8763889884,144.785682421543,-37.8763884884,144.78568352154298
53303283536,78 VICTORIA ST BALLARAT EAST 3350,-37.560186217334,143.879829022977,-37.560185717334,143.87983012297698
53303260215,151 VICTORIA ST BALLARAT EAST 3350,-37.560186217334,143.879829022977,-37.560185717334,143.87983012297698
53302781350,261 VICTORIA ST BALLARAT EAST 3350,-37.55802842209,143.886872252397,-37.55802792209,143.886873352397
53303289402,100 VICTORIA ST BALLARAT EAST 3350,-37.561792385061,143.873100241776,-37.561791885061,143.873101341776
53307218713,9000 VICTORIA ST CRESWICK 3363,-37.42253104516,143.891126562425,-37.42253054516,143.891127662425
53307849332,9001 VICTORIA ST CRESWICK 3363,-37.42253104516,143.891126562425,-37.42253054516,143.891127662425
53309582958,99999 VICTORIA ST CRESWICK 3363,-37.42253104516,143.891126562425,-37.42253054516,143.891127662425
53301541921,99999 VICTORIA ST EAGLEHAWK 3556,-36.718489742708,144.253899144838,-36.718489242708,144.25390024483798
53301542713,93 VICTORIA ST EAGLEHAWK 3556,-36.71986542955,144.253260495259,-36.71986492955,144.253261595259
53301543074,143 VICTORIA ST EAGLEHAWK 3556,-36.727456709709,144.247801277902,-36.727456209709004,144.247802377902
53304070399,33 VICTORIA ST FLEMINGTON 3031,-37.787358424527,144.933646062824,-37.787357924527,144.933647162824
53304156288,33 VICTORIA ST FLEMINGTON 3031,-37.787358424527,144.933646062824,-37.787357924527,144.933647162824
53304381588,33 VICTORIA ST FLEMINGTON 3031,-37.787358424527,144.933646062824,-37.787357924527,144.933647162824
53301702102,69 VICTORIA ST FOOTSCRAY 3011,-37.803807699961,144.89257163596,-37.803807199961,144.89257273596
53301823079,166 VICTORIA ST FOOTSCRAY 3011,-37.80550801093,144.891760267733,-37.80550751093,144.89176136773298
53301916560,160 VICTORIA ST FOOTSCRAY 3011,-37.805275957941,144.891817264674,-37.805275457941,144.89181836467398
53301932128,124 VICTORIA ST FOOTSCRAY 3011,-37.803773711344,144.892022872759,-37.803773211344,144.89202397275898
53301621963,164 VICTORIA ST FOOTSCRAY 3011,-37.805423102251,144.891776193349,-37.805422602251,144.89177729334898
53301888683,89 VICTORIA ST FOOTSCRAY 3011,-37.805304917416,144.892265947951,-37.805304417416004,144.89226704795098
53301727452,148 VICTORIA ST FOOTSCRAY 3011,-37.804786161429,144.89192153555,-37.804785661429,144.89192263555
53301939742,85 VICTORIA ST FOOTSCRAY 3011,-37.805000360964,144.8922859807,-37.804999860964,144.8922870807
53301900820,99 VICTORIA ST FOOTSCRAY 3011,-37.80578767313,144.892186655147,-37.80578717313,144.89218775514698
53301852557,168 VICTORIA ST FOOTSCRAY 3011,-37.805574730879,144.891747778697,-37.805574230879,144.891748878697
53313043427,21 VICTORIA ST FOOTSCRAY 3011,-37.800659918133,144.893061558201,-37.800659418133,144.893062658201
53308011549,53 VICTORIA ST GLENROY 3046,-37.713188052975,144.911596376873,-37.713187552975,144.911597476873
53302973285,99999 VICTORIA ST KYNETON 3444,-37.246066629558,144.458682447657,-37.246066129558,144.458683547657
53302854818,59 VICTORIA ST MARYBOROUGH 3465,-37.050835978749,143.741631083104,-37.050835478749,143.741632183104
53303283131,38 VICTORIA ST MARYBOROUGH 3465,-37.053267656385,143.738009232906,-37.053267156385004,143.738010332906
53303280724,59 VICTORIA ST MARYBOROUGH 3465,-37.050835978749,143.741631083104,-37.050835478749,143.741632183104
53309492388,3A VICTORIA ST NORTH GEELONG 3215,-38.123037595359,144.354385726319,-38.123037095359,144.354386826319
53302624624,60-66 VICTORIA ST RIPPLESIDE 3215,-38.123953360191,144.357531873676,-38.123952860191004,144.357532973676
53303151935,74 VICTORIA ST SEBASTOPOL 3356,-37.598297976702,143.831996267583,-37.598297476702,143.831997367583
53313076858,38 VICTORIA WAY CAROLINE SPRINGS 3023,-37.75095640577,144.733308853923,-37.75095590577,144.733309953923
53302830248,37 VICTORY AVE ALFREDTON 3350,-37.555945100056,143.808898173184,-37.555944600056,143.80889927318398
53312834279,14 VICTORY AVE ALFREDTON 3350,-37.553165158049,143.808859951705,-37.553164658049,143.80886105170498
53303637205,22 VICTORY RD AIRPORT WEST 3042,-37.718484284225,144.890106015322,-37.718483784225,144.890107115322
53301543321,40 VIEW ST BENDIGO 3550,-36.757667393776,144.27655673785,-36.757666893776005,144.27655783785
53313531422,15 VIEW ST ESSENDON WEST 3040,-37.754363607501,144.88371229958,-37.754363107501,144.88371339958
53302035831,112 VIEW ST GLENROY 3046,-37.695511038273,144.926124226733,-37.695510538273,144.926125326733
53302006890,159 VIEW ST GLENROY 3046,-37.69552088701,144.920242729094,-37.69552038701,144.920243829094
53312818051,159 VIEW ST GLENROY 3046,-37.69552088701,144.920242729094,-37.69552038701,144.920243829094
53312776309,6 VIEW ST PASCOE VALE 3044,-37.726184654853,144.927650319844,-37.726184154853,144.92765141984398
53313073160,21 VIEW ST PASCOE VALE 3044,-37.723553198261,144.926827887505,-37.723552698261,144.926828987505
53313062872,52 VIEW ST PASCOE VALE 3044,-37.723105939908,144.927928096116,-37.723105439908004,144.927929196116
53313071901,21 VIEW ST PASCOE VALE 3044,-37.723553198261,144.926827887505,-37.723552698261,144.926828987505
53312776281,6 VIEW ST PASCOE VALE 3044,-37.726184654853,144.927650319844,-37.726184154853,144.92765141984398
53312776323,6 VIEW ST PASCOE VALE 3044,-37.726184654853,144.927650319844,-37.726184154853,144.92765141984398
53312776372,6 VIEW ST PASCOE VALE 3044,-37.726184654853,144.927650319844,-37.726184154853,144.92765141984398
53300209684,55A VIEWPOINT ST ARARAT 3377,-37.283115576619,142.925441890455,-37.283115076619,142.925442990455
53300221665,37 VIEWPOINT ST ARARAT 3377,-37.286265202466,142.926122920088,-37.286264702466,142.926124020088
53300221789,53 VIEWPOINT ST ARARAT 3377,-37.28409110442,142.92572016964,-37.28409060442,142.92572126963998
53300222182,20 VIEWPOINT ST ARARAT 3377,-37.286256611015,142.926774277783,-37.286256111015,142.926775377783
53300259993,18 VIEWPOINT ST ARARAT 3377,-37.286643854942,142.926864802338,-37.286643354942,142.926865902338
53300266207,75 VIEWPOINT ST ARARAT 3377,-37.280965744183,142.925667615107,-37.280965244183,142.92566871510698
53300267830,6 VIEWPOINT ST ARARAT 3377,-37.288418974396,142.927246681846,-37.288418474396,142.92724778184598
53300223859,4 VIEWPOINT ST ARARAT 3377,-37.288632503379,142.927301918588,-37.288632003379,142.927303018588
53300292193,19 VIEWPOINT ST ARARAT 3377,-37.288101928908,142.926496501512,-37.288101428908,142.92649760151198
53300281801,40 VIEWPOINT ST ARARAT 3377,-37.281709135176,142.926042872912,-37.281708635176,142.926043972912
53300200067,14 VIEWPOINT ST ARARAT 3377,-37.287139895971,142.926973431803,-37.287139395971,142.92697453180298
53300200082,71 VIEWPOINT ST ARARAT 3377,-37.281367614531,142.92550894568,-37.281367114531,142.92551004568
53300206996,15 VIEWPOINT ST ARARAT 3377,-37.288603837271,142.926612926147,-37.288603337271,142.92661402614698
53300257403,18 VIEWPOINT ST ARARAT 3377,-37.286643854942,142.926864802338,-37.286643354942,142.926865902338
53300258227,18 VIEWPOINT ST ARARAT 3377,-37.286643854942,142.926864802338,-37.286643354942,142.926865902338
53300220139,34 VIEWPOINT ST ARARAT 3377,-37.282419669108,142.92598763617,-37.282419169108,142.92598873616998
53300252295,55 VIEWPOINT ST ARARAT 3377,-37.283929920422,142.925624699763,-37.283929420422,142.925625799763
53300259052,61A VIEWPOINT ST ARARAT 3377,-37.282129194253,142.925208119175,-37.282128694253004,142.925209219175
53300270687,73 VIEWPOINT ST ARARAT 3377,-37.281205676161,142.925572815782,-37.281205176161,142.925573915782
53300233428,3 VIEWPOINT ST ARARAT 3377,-37.289832666186,142.926831861458,-37.289832166186,142.926832961458
53300282326,17 VIEWPOINT ST ARARAT 3377,-37.288445209753,142.926578392706,-37.288444709753,142.926579492706
53300271875,26 VIEWPOINT ST ARARAT 3377,-37.284118638972,142.926240182913,-37.284118138972,142.926241282913
53300283530,27 VIEWPOINT ST ARARAT 3377,-37.287453127693,142.926352248958,-37.287452627693,142.926353348958
53300289982,69 VIEWPOINT ST ARARAT 3377,-37.281539317817,142.925441219902,-37.281538817817,142.925442319902
53300983980,24 VIEWPOINT ST ARARAT 3377,-37.285588070418,142.926612087957,-37.285587570418,142.926613187957
53300857283,21 VIEWPOINT ST ARARAT 3377,-37.287793977786,142.926428021363,-37.287793477786,142.926429121363
53300857359,21 VIEWPOINT ST ARARAT 3377,-37.287793977786,142.926428021363,-37.287793477786,142.926429121363
53300865873,47A VIEWPOINT ST ARARAT 3377,-37.285031889232,142.925866936765,-37.285031389232,142.925868036765
53300876079,16 VIEWPOINT ST ARARAT 3377,-37.286942753609,142.926927666611,-37.286942253609,142.92692876661098
53313182036,14 VIGNETTE RD DIGGERS REST 3427,-37.623274162236,144.70303886789,-37.623273662236,144.70303996789
53313978729,16 VILANA DR SUNBURY 3429,-37.591046917993,144.752560828232,-37.591046417993,144.75256192823198
53314211792,67 VILANA DR SUNBURY 3429,-37.59488817658,144.752828965314,-37.59488767658,144.752830065314
53314206528,60 VILANA DR SUNBURY 3429,-37.594165740346,144.752261929564,-37.594165240346,144.752263029564
53314165759,75 VILANA DR SUNBURY 3429,-37.595648331379,144.752464101069,-37.595647831379004,144.752465201069
53314187869,56 VILANA DR SUNBURY 3429,-37.593750417043,144.752294618987,-37.593749917043,144.752295718987
53314196548,52 VILANA DR SUNBURY 3429,-37.59351522084,144.752313142993,-37.59351472084,144.75231424299298
53313986187,21 VILANA DR SUNBURY 3429,-37.591824884336,144.753015714117,-37.591824384336,144.753016814117
53314096609,17 VILANA DR SUNBURY 3429,-37.591453146931,144.753045050778,-37.591452646931,144.753046150778
53314076700,9 VILANA DR SUNBURY 3429,-37.590886781733,144.753129288905,-37.590886281733,144.753130388905
53314135330,18 VILANA DR SUNBURY 3429,-37.591141340132,144.752553452157,-37.591140840132,144.752554552157
53314091170,29 VILANA DR SUNBURY 3429,-37.592291588705,144.752979001381,-37.592291088705004,144.75298010138098
53314116456,8 VILANA DR SUNBURY 3429,-37.590678281891,144.752589913436,-37.590677781891,144.752591013436
53314197578,68 VILANA DR SUNBURY 3429,-37.594958123562,144.752176853247,-37.594957623562,144.75217795324698
53314203839,62 VILANA DR SUNBURY 3429,-37.594291636531,144.752252038919,-37.594291136531,144.752253138919
53314047534,30 VILANA DR SUNBURY 3429,-37.591745172437,144.752505842947,-37.591744672437,144.75250694294698
53314068423,25 VILANA DR SUNBURY 3429,-37.592057817426,144.752997441568,-37.592057317426004,144.752998541568
53314155461,71 VILANA DR SUNBURY 3429,-37.595134185439,144.752809603118,-37.595133685439,144.752810703118
53314056354,14 VILANA DR SUNBURY 3429,-37.5909615064,144.752567617573,-37.5909610064,144.75256871757298
53305689996,99999 VILLAGE DR WERRIBEE 3030,-37.895821837339,144.667131876954,-37.895821337339,144.66713297695398
53305686332,2A VILLAGE DR WERRIBEE 3030,-37.895324824953,144.666127788644,-37.895324324953,144.66612888864398
53305689970,99999 VILLAGE DR WERRIBEE 3030,-37.895821837339,144.667131876954,-37.895821337339,144.66713297695398
53313876768,3 VILLAGE WALK SOUTH KINGSVILLE 3015,-37.833905856979,144.878118636496,-37.833905356979,144.878119736496
53313876791,7 VILLAGE WALK SOUTH KINGSVILLE 3015,-37.833916711544,144.878220811895,-37.833916211544,144.878221911895
53313876750,1 VILLAGE WALK SOUTH KINGSVILLE 3015,-37.833873586652,144.878049988708,-37.833873086652,144.878051088708
53313876783,9 VILLAGE WALK SOUTH KINGSVILLE 3015,-37.833922117871,144.87827143859,-37.833921617871,144.87827253858998
53313876801,11 VILLAGE WALK SOUTH KINGSVILLE 3015,-37.833929368217,144.87833983492,-37.833928868217,144.87834093492
53313970455,5 VILLANDRY ST ROXBURGH PARK 3064,-37.615604008369,144.915592449212,-37.615603508369,144.915593549212
53313795562,7 VILLANDRY ST ROXBURGH PARK 3064,-37.615589884862,144.915469151417,-37.615589384862,144.915470251417
53313770698,19 VILLANDRY ST ROXBURGH PARK 3064,-37.615500617593,144.914689969697,-37.615500117593,144.914691069697
53313778369,13 VILLANDRY ST ROXBURGH PARK 3064,-37.615546215147,144.91508794246,-37.615545715147,144.91508904245998
53313469654,50 VILLETTE AVE TARNEIT 3029,-37.828498607422,144.678710310105,-37.828498107422,144.678711410105
53313384977,52 VILLETTE AVE TARNEIT 3029,-37.828569979327,144.678697821069,-37.828569479327,144.67869892106899
53313618392,46 VILLETTE AVE TARNEIT 3029,-37.82832908343,144.678739982042,-37.82832858343,144.678741082042
53313619005,40 VILLETTE AVE TARNEIT 3029,-37.828061365442,144.678786753062,-37.828060865442,144.678787853062
53313729940,68 VILLETTE AVE TARNEIT 3029,-37.829320620666,144.678649541307,-37.829320120666004,144.678650641307
53313566971,48 VILLETTE AVE TARNEIT 3029,-37.828427235516,144.67872279914,-37.828426735516004,144.67872389913998
53314124037,53 VILLETTE AVE TARNEIT 3029,-37.829283279287,144.679146336708,-37.829282779287,144.67914743670798
53313581115,45 VILLETTE AVE TARNEIT 3029,-37.828636364,144.679259492401,-37.828635864,144.679260592401
53313292116,49 VILLETTE AVE TARNEIT 3029,-37.829026373955,144.679191263709,-37.829025873955004,144.67919236370898
53313410577,35 VILLETTE AVE TARNEIT 3029,-37.827874951916,144.679323949236,-37.827874451916,144.67932504923598
53313524771,39 VILLETTE AVE TARNEIT 3029,-37.828300291592,144.679318333361,-37.828299791592,144.679319433361
53313298756,60 VILLETTE AVE TARNEIT 3029,-37.828882289039,144.67864317106,-37.828881789039,144.67864427106
53313500080,66 VILLETTE AVE TARNEIT 3029,-37.829181061978,144.678679213244,-37.829180561978,144.678680313244
53313570513,62 VILLETTE AVE TARNEIT 3029,-37.828980441126,144.678625988159,-37.828979941126,144.678627088159
53306441745,28 VILLIERS ST PORT FAIRY 3284,-38.381789377137,142.227597824404,-38.381788877137,142.227598924404
53304332274,9 VINCENT PL KENSINGTON 3031,-37.792374321044,144.920617182692,-37.792373821044,144.920618282692
53300296434,99999 VINCENT ST ARARAT 3377,-37.286489133965,142.929956515551,-37.286488633965,142.929957615551
53302881111,7 VINCENT ST CASTLEMAINE 3450,-37.070846896186,144.223354786738,-37.070846396186,144.223355886738
53306134936,130 VINCENT ST DAYLESFORD 3460,-37.346630327934,144.141796699937,-37.346629827934,144.141797799937
53303138583,96 VINCENT ST DAYLESFORD 3460,-37.343996734053,144.14197991795,-37.343996234053,144.14198101795
53313423207,27 VINCENT ST DEER PARK 3023,-37.773997126042,144.769160181642,-37.773996626042,144.769161281642
53313184940,73 VINCENT ST OAK PARK 3046,-37.718037654514,144.912995484151,-37.718037154514,144.912996584151
53303224052,54 VINCENT ST N DAYLESFORD 3460,-37.332821394006,144.144026946344,-37.332820894006,144.144028046344
53313525135,3 VINCENZA AVE TRUGANINA 3029,-37.750892409939,144.674946667941,-37.750891909939,144.67494776794098
53313609095,4 VINCENZA AVE TRUGANINA 3029,-37.750723430771,144.674497900845,-37.750722930771,144.674499000845
53314121076,7 VINCENZA AVE TRUGANINA 3029,-37.751141562011,144.67491640927,-37.751141062011,144.67491750927
53314121357,60 VINCENZA AVE TRUGANINA 3029,-37.754477810932,144.674639052094,-37.754477310932,144.67464015209399
53314122361,53 VINCENZA AVE TRUGANINA 3029,-37.753951888417,144.674511144252,-37.753951388417,144.67451224425199
53314151198,51 VINCENZA AVE TRUGANINA 3029,-37.753857927282,144.674524722935,-37.753857427282,144.67452582293498
53314138697,23 VINCENZA AVE TRUGANINA 3029,-37.75206788804,144.674782801734,-37.752067388040004,144.674783901734
53313487359,6 VINCENZA AVE TRUGANINA 3029,-37.750835287269,144.674481723772,-37.750834787269,144.674482823772
53313934145,2 VINCENZA AVE TRUGANINA 3029,-37.750613124925,144.674513742642,-37.750612624925004,144.674514842642
53314023049,17 VINCENZA AVE TRUGANINA 3029,-37.751730013523,144.674831500591,-37.751729513523,144.674832600591
53314117461,47 VINCENZA AVE TRUGANINA 3029,-37.753669963104,144.674551796482,-37.753669463104,144.674552896482
53314179031,5 VINCENZA AVE TRUGANINA 3029,-37.751022958081,144.674933508353,-37.751022458081,144.674934608353
53314134779,31 VINCENZA AVE TRUGANINA 3029,-37.75270935509,144.674690349342,-37.75270885509,144.674691449342
53314141959,33 VINCENZA AVE TRUGANINA 3029,-37.752837598209,144.674671825336,-37.752837098209,144.67467292533598
53314094750,58 VINCENZA AVE TRUGANINA 3029,-37.754463855063,144.674485160352,-37.754463355063,144.67448626035198
53314197727,11 VINCENZA AVE TRUGANINA 3029,-37.751372022439,144.674883133115,-37.751371522439,144.674884233115
53314030178,15 VINCENZA AVE TRUGANINA 3029,-37.751602482866,144.674849940778,-37.751601982866,144.67485104077798
53314151180,43 VINCENZA AVE TRUGANINA 3029,-37.753455134925,144.674582725705,-37.753454634925,144.67458382570499
53314198444,55 VINCENZA AVE TRUGANINA 3029,-37.754094925595,144.674419194774,-37.754094425595,144.674420294774
53314067105,57 VINCENZA AVE TRUGANINA 3029,-37.754110557844,144.674574679078,-37.754110057844,144.674575779078
53314064084,13 VINCENZA AVE TRUGANINA 3029,-37.751490626368,144.674866034032,-37.751490126368004,144.67486713403198
53312861779,16A VINE ST BRAYBROOK 3019,-37.784137678232,144.856743442294,-37.784137178232,144.856744542294
53312636611,38A VINE ST MOONEE PONDS 3039,-37.76914341737,144.931658210667,-37.769142917370004,144.931659310667
53313215538,2B VINE ST WEST FOOTSCRAY 3012,-37.794809517355,144.865874771432,-37.794809017355,144.865875871432
53313119889,123 VINES RD HAMLYN HEIGHTS 3215,-38.11994186515,144.328674825061,-38.11994136515,144.328675925061
53313152717,123 VINES RD HAMLYN HEIGHTS 3215,-38.11994186515,144.328674825061,-38.11994136515,144.328675925061
53312992094,13 VINKO CT FRASER RISE 3336,-37.710741668805,144.725501614029,-37.710741168805,144.725502714029
53312992160,13 VINKO CT FRASER RISE 3336,-37.710741668805,144.725501614029,-37.710741168805,144.725502714029
53312994438,13 VINKO CT FRASER RISE 3336,-37.710741668805,144.725501614029,-37.710741168805,144.725502714029
53312992086,13 VINKO CT FRASER RISE 3336,-37.710741668805,144.725501614029,-37.710741168805,144.725502714029
53312992112,13 VINKO CT FRASER RISE 3336,-37.710741668805,144.725501614029,-37.710741168805,144.725502714029
53314022604,6 VINOUS CL BROOKFIELD 3338,-37.688485327032,144.543957134962,-37.688484827032,144.543958234962
53312787214,23 VINTAGE WAY CAROLINE SPRINGS 3023,-37.730559086302,144.733404575257,-37.730558586302,144.733405675257
53307464439,1 VIOGNER PL WAURN PONDS 3216,-38.216102830235,144.302201505891,-38.216102330235,144.30220260589098
53313351424,8 VIOLA DR ROCKBANK 3335,-37.740428148648,144.656561885335,-37.740427648648,144.656562985335
53313406335,54 VIOLA DR ROCKBANK 3335,-37.7409577592,144.659384742686,-37.7409572592,144.659385842686
53313437314,30 VIOLA DR ROCKBANK 3335,-37.740805334291,144.657976918229,-37.740804834291,144.657978018229
53313534160,22 VIOLA DR ROCKBANK 3335,-37.740705631553,144.657389765911,-37.740705131553,144.657390865911
53314080727,50 VIOLA DR ROCKBANK 3335,-37.740935128062,144.65916538828,-37.740934628062,144.65916648828
53313423669,46 VIOLA DR ROCKBANK 3335,-37.740917735612,144.65899657675,-37.740917235612,144.65899767675
53313497135,68 VIOLA DR ROCKBANK 3335,-37.741265626504,144.660058647702,-37.741265126504004,144.66005974770198
53313394911,18 VIOLA DR ROCKBANK 3335,-37.740647628783,144.657210477003,-37.740647128783,144.65721157700298
53313412688,74 VIOLA DR ROCKBANK 3335,-37.741600609264,144.660003243322,-37.741600109264,144.660004343322
53313531200,34 VIOLA DR ROCKBANK 3335,-37.740824738397,144.658182442495,-37.740824238397,144.65818354249498
53313720868,36 VIOLA DR ROCKBANK 3335,-37.740834587133,144.65827808001,-37.740834087133,144.65827918001
53313655023,20 VIOLA DR ROCKBANK 3335,-37.740675750068,144.657297397338,-37.740675250068,144.657298497338
53303118652,35 VIOLET GR WENDOUREE 3355,-37.528138472837,143.820897434326,-37.528137972837,143.820898534326
53302921641,27 VIOLET GR WENDOUREE 3355,-37.528512330197,143.82082586206,-37.528511830197004,143.82082696205998
53302921674,25 VIOLET GR WENDOUREE 3355,-37.528852276393,143.820581297636,-37.528851776393005,143.820582397636
53302921700,27 VIOLET GR WENDOUREE 3355,-37.528512330197,143.82082586206,-37.528511830197004,143.82082696205998
53302921732,23-29 VIOLET GR WENDOUREE 3355,-37.528507233378,143.820563267833,-37.528506733378,143.820564367833
53303218154,33 VIOLET GR WENDOUREE 3355,-37.528239230439,143.820864720476,-37.528238730439,143.820865820476
53313850789,17 VIOLETTA BVD DIGGERS REST 3427,-37.616799686857,144.700381553127,-37.616799186857,144.70038265312698
53313851192,27 VIOLETTA BVD DIGGERS REST 3427,-37.617293841959,144.70028692144,-37.617293341959,144.70028802144
53314037551,33 VIOLETTA BVD DIGGERS REST 3427,-37.617643409231,144.700220117672,-37.617642909231,144.70022121767198
53314056247,30 VIOLETTA BVD DIGGERS REST 3427,-37.617481806137,144.699795574276,-37.617481306137,144.699796674276
53313680575,13 VIOLETTA BVD DIGGERS REST 3427,-37.616623876438,144.700415248377,-37.616623376438,144.700416348377
53313775480,28 VIOLETTA BVD DIGGERS REST 3427,-37.617372296572,144.699816529034,-37.617371796572,144.699817629034
53314009527,40 VIOLETTA BVD DIGGERS REST 3427,-37.618031742805,144.699650483532,-37.618031242805,144.699651583532
53314025061,35 VIOLETTA BVD DIGGERS REST 3427,-37.617719013997,144.700205616979,-37.617718513997,144.70020671697898
53314161313,31 VIOLETTA BVD DIGGERS REST 3427,-37.617543287397,144.700239228411,-37.617542787397,144.70024032841098
53314055835,34 VIOLETTA BVD DIGGERS REST 3427,-37.617804551319,144.699693817971,-37.617804051319,144.699694917971
53313646526,15 VIOLETTA BVD DIGGERS REST 3427,-37.616699565024,144.700400747685,-37.616699065024,144.700401847685
53313919336,11 VIOLETTA BVD DIGGERS REST 3427,-37.616523796514,144.700434442936,-37.616523296514,144.700435542936
53313794282,29 VIOLETTA BVD DIGGERS REST 3427,-37.617418564678,144.700263033016,-37.617418064678,144.700264133016
53314085511,43 VIOLETTA BVD DIGGERS REST 3427,-37.618146868245,144.700123893423,-37.618146368245,144.700124993423
53314104435,38 VIOLETTA BVD DIGGERS REST 3427,-37.61795601231,144.699664900405,-37.617955512310004,144.699666000405
53314010774,42 VIOLETTA BVD DIGGERS REST 3427,-37.618112418623,144.69963506083,-37.618111918623,144.69963616082998
53313992779,36 VIOLETTA BVD DIGGERS REST 3427,-37.617880281814,144.699679401098,-37.617879781814004,144.699680501098
53314038618,41 VIOLETTA BVD DIGGERS REST 3427,-37.61803300009,144.700145686371,-37.61803250009,144.700146786371
53314038907,32 VIOLETTA BVD DIGGERS REST 3427,-37.617722157211,144.699709575949,-37.617721657211,144.69971067594898
53313886957,5 VIOLETTA BVD DIGGERS REST 3427,-37.616073311128,144.700520105986,-37.616072811128,144.70052120598598
53301593524,99999 VIPONT ST FOOTSCRAY 3011,-37.797031368334,144.90677269332,-37.797030868334,144.90677379331999
53302762795,42 VIRGINIA ST NEWTOWN 3220,-38.149455635878,144.349016279145,-38.149455135878,144.34901737914498
53314205975,19 VIRIDIS DR TARNEIT 3029,-37.8411,144.671,-37.8410995,144.67100109999998
53313947352,8 VIRIDIS DR TARNEIT 3029,-37.835595313383,144.636361833958,-37.835594813383004,144.636362933958
53314219843,32 VIRIDIS DR TARNEIT 3029,-37.8411,144.671,-37.8410995,144.67100109999998
53314205257,30 VIRIDIS DR TARNEIT 3029,-37.8411,144.671,-37.8410995,144.67100109999998
53314141355,6 VIRIDIS DR TARNEIT 3029,-37.835690238437,144.636343812866,-37.835689738437004,144.63634491286598
53313876215,3 VIRIDIS DR TARNEIT 3029,-37.835963278932,144.635794714389,-37.835962778932,144.63579581438898
53314205249,28 VIRIDIS DR TARNEIT 3029,-37.8411,144.671,-37.8410995,144.67100109999998
53313825632,32 VISION ST AINTREE 3336,-37.711698965967,144.667726161269,-37.711698465967004,144.667727261269
53313782305,10 VISION ST AINTREE 3336,-37.713029802643,144.667505884854,-37.713029302643,144.667506984854
53313886790,6 VISION ST AINTREE 3336,-37.713253096544,144.667468920661,-37.713252596544,144.667470020661
53313796354,24 VISION ST AINTREE 3336,-37.712183523789,144.667645946456,-37.712183023789,144.66764704645598
53314214547,16 VISION ST AINTREE 3336,-37.712643480726,144.667569838775,-37.712642980726,144.667570938775
53313887350,8 VISION ST AINTREE 3336,-37.713141449594,144.667487360848,-37.713140949594,144.667488460848
53314065414,28 VISION ST AINTREE 3336,-37.711922259867,144.667689197076,-37.711921759867,144.66769029707598
53313998685,40 VISION ST AINTREE 3336,-37.710899541951,144.66787670025,-37.710899041951,144.66787780024998
53313886800,26 VISION ST AINTREE 3336,-37.712049539067,144.667668158499,-37.712049039067004,144.667669258499
53313911618,4 VISOR ST MANOR LAKES 3024,-37.861790646735,144.576620321989,-37.861790146735004,144.576621421989
53314065059,2 VISOR ST MANOR LAKES 3024,-37.861746264557,144.576757617563,-37.861745764557,144.576758717563
53313979438,10 VISOR ST MANOR LAKES 3024,-37.86193737195,144.5761883187,-37.86193687195,144.57618941869998
53313884713,6 VISOR ST MANOR LAKES 3024,-37.861833226803,144.576488893748,-37.861832726803,144.576489993748
53313916879,9 VISOR ST MANOR LAKES 3024,-37.862395820144,144.576133501053,-37.862395320144,144.57613460105298
53312413515,97 VISTA DR MELTON 3337,-37.683093583995,144.572673199965,-37.683093083995004,144.572674299965
53314005492,4 VITALES WAY DIGGERS REST 3427,-37.62096503173,144.69395791399,-37.62096453173,144.69395901399
53314016820,6 VITALES WAY DIGGERS REST 3427,-37.620974796648,144.694076266463,-37.620974296648,144.69407736646298
53313929235,8 VITALES WAY DIGGERS REST 3427,-37.620988794426,144.694245664726,-37.620988294426,144.694246764726
53313928534,5 VITALES WAY DIGGERS REST 3427,-37.620583026493,144.694269720788,-37.620582526493,144.69427082078798
53313576666,21 VIVERO RD WYNDHAM VALE 3024,-37.86576534522,144.626749383577,-37.86576484522,144.62675048357698
53313505096,15 VIVERO RD WYNDHAM VALE 3024,-37.866286909145,144.626793640026,-37.866286409145005,144.62679474002599
53313543235,29 VIVERO RD WYNDHAM VALE 3024,-37.865113358882,144.62669372774,-37.865112858882,144.62669482773998
53313574545,37 VIVERO RD WYNDHAM VALE 3024,-37.86444347718,144.626635976428,-37.86444297718,144.62663707642798
53313738158,33 VIVERO RD WYNDHAM VALE 3024,-37.864857752745,144.626662966156,-37.864857252745004,144.626664066156
53313761664,39 VIVERO RD WYNDHAM VALE 3024,-37.864322400589,144.626621391916,-37.864321900589005,144.62662249191598
53313768700,28 VIVERO RD WYNDHAM VALE 3024,-37.865363013868,144.627226062411,-37.865362513868,144.627227162411
53313898687,18 VIVERO RD WYNDHAM VALE 3024,-37.865923595552,144.627293536732,-37.865923095552,144.627294636732
53313852018,41 VIVERO RD WYNDHAM VALE 3024,-37.86421926127,144.626608986699,-37.86421876127,144.626610086699
53313730198,13 VIVERO RD WYNDHAM VALE 3024,-37.866416786735,144.626821551764,-37.866416286735,144.626822651764
53313866802,4 VIVERO RD WYNDHAM VALE 3024,-37.866739406188,144.627426054621,-37.866738906188004,144.627427154621
53313683999,38 VIVERO RD WYNDHAM VALE 3024,-37.864609648411,144.627135370219,-37.864609148411,144.627136470219
53313922479,32 VIVERO RD WYNDHAM VALE 3024,-37.865138797958,144.627199072683,-37.865138297958,144.627200172683
53313623243,35 VIVERO RD WYNDHAM VALE 3024,-37.864729006712,144.626647459635,-37.864728506712,144.626648559635
53313784879,40 VIVERO RD WYNDHAM VALE 3024,-37.864497540456,144.627121959174,-37.864497040456,144.62712305917398
53313884309,23 VIVERO RD WYNDHAM VALE 3024,-37.865639784311,144.626734296152,-37.865639284311,144.626735396152
53313801099,22 VIVERO RD WYNDHAM VALE 3024,-37.865699337733,144.627266547003,-37.865698837733,144.62726764700298
53314086369,11 VIVERO RD WYNDHAM VALE 3024,-37.866526589667,144.626871340269,-37.866526089667,144.62687244026898
53314194476,16 VIVERO RD WYNDHAM VALE 3024,-37.866035703507,144.627307031596,-37.866035203507,144.62730813159598
53314054762,8 VIVERO RD WYNDHAM VALE 3024,-37.866488284369,144.627390012437,-37.866487784369,144.62739111243698
53313920063,36 VIVERO RD WYNDHAM VALE 3024,-37.864736131329,144.627150625283,-37.864735631329005,144.627151725283
53302692904,16 VIVIAN ST BELMONT 3216,-38.169062877153,144.333866072974,-38.169062377153004,144.33386717297398
53313579512,12 VIVID ST WINTER VALLEY 3358,-37.588491610991,143.805436782448,-37.588491110991,143.805437882448
53313536967,15 VIVID ST WINTER VALLEY 3358,-37.58888732064,143.805366206824,-37.58888682064,143.805367306824
53313972698,17 VIVID ST WINTER VALLEY 3358,-37.588869886281,143.805217847137,-37.588869386281004,143.80521894713698
53313807185,19 VIVID ST WINTER VALLEY 3358,-37.588852410013,143.805069487451,-37.588851910013,143.80507058745098
53314191087,36 VIVID ST WINTER VALLEY 3358,-37.588256791974,143.803422108201,-37.588256291974,143.803423208201
53313543821,8 VIVID ST WINTER VALLEY 3358,-37.5885220373,143.805695615618,-37.588521537300004,143.80569671561798
53314032918,11 VIVID ST WINTER VALLEY 3358,-37.588921225438,143.805654544293,-37.588920725438,143.80565564429298
53313975338,18 VIVID ST WINTER VALLEY 3358,-37.588418059791,143.804831189944,-37.588417559791004,143.804832289944
53313887518,30 VIVID ST WINTER VALLEY 3358,-37.58830473646,143.803829720152,-37.588304236460004,143.803830820152
53313767314,20 VIVID ST WINTER VALLEY 3358,-37.588402427541,143.804698252959,-37.588401927541,143.804699352959
53314146881,33 VIVID ST WINTER VALLEY 3358,-37.588727603475,143.804008589966,-37.588727103475,143.804009689966
53314141487,28 VIVID ST WINTER VALLEY 3358,-37.588320075343,143.80395980729,-37.588319575343,143.80396090729
53314143664,29 VIVID ST WINTER VALLEY 3358,-37.588761550183,143.804296927435,-37.588761050183,143.80429802743498
53314018494,3 VIVID ST WINTER VALLEY 3358,-37.588989076945,143.806231135412,-37.588988576945,143.80623223541198
53313915244,26 VIVID ST WINTER VALLEY 3358,-37.588356746169,143.804310254662,-37.588356246169,143.804311354662
53314146873,31 VIVID ST WINTER VALLEY 3358,-37.588745079743,143.804156949652,-37.588744579743,143.804158049652
53313804562,47 VOGUE DR WYNDHAM VALE 3024,-37.873355368093,144.62110492616,-37.873354868093,144.62110602616
53313804694,17 VOGUE DR WYNDHAM VALE 3024,-37.871828981616,144.6198618061,-37.871828481616,144.6198629061
53313683270,23 VOGUE DR WYNDHAM VALE 3024,-37.872101142012,144.620078981211,-37.872100642012,144.620080081211
53313804209,43 VOGUE DR WYNDHAM VALE 3024,-37.873169792757,144.62093183986,-37.873169292757,144.62093293985998
53313848898,41 VOGUE DR WYNDHAM VALE 3024,-37.873087985382,144.620866461015,-37.873087485382,144.620867561015
53313804546,33 VOGUE DR WYNDHAM VALE 3024,-37.872731125854,144.620585248163,-37.872730625854004,144.620586348163
53313758444,29 VOGUE DR WYNDHAM VALE 3024,-37.872398070932,144.620315937614,-37.872397570932,144.620317037614
53313832356,8 VOLANT DR ARMSTRONG CREEK 3217,-38.229270632486,144.376796923753,-38.229270132486,144.376798023753
53313683149,14 VOLANT DR ARMSTRONG CREEK 3217,-38.229323564204,144.377239991155,-38.229323064204,144.37724109115499
53313804316,32 VOLANT DR ARMSTRONG CREEK 3217,-38.228858368578,144.378366854218,-38.228857868578004,144.378367954218
53313721790,23 VOLANT DR ARMSTRONG CREEK 3217,-38.229038076582,144.37784122507,-38.229037576582,144.37784232507
53313896831,11 VOLANT DR ARMSTRONG CREEK 3217,-38.228914150143,144.377053745267,-38.228913650143,144.377054845267
53313827736,5 VOLANT DR ARMSTRONG CREEK 3217,-38.228867630581,144.376664322045,-38.228867130581,144.376665422045
53313865507,3 VOLANT DR ARMSTRONG CREEK 3217,-38.228849022756,144.376508670103,-38.228848522756,144.37650977010298
53313872245,24 VOLANT DR ARMSTRONG CREEK 3217,-38.229259107369,144.378290075985,-38.229258607369005,144.378291175985
53313805040,16 VOLANT DR ARMSTRONG CREEK 3217,-38.229341794843,144.377392374155,-38.229341294843,144.37739347415499
53313901865,39 VOLANT DR ARMSTRONG CREEK 3217,-38.228118162708,144.377977514815,-38.228117662708,144.377978614815
53313693189,27 VOLANT DR ARMSTRONG CREEK 3217,-38.228922112951,144.377863520932,-38.228921612951,144.377864620932
53313875752,18 VOLANT DR ARMSTRONG CREEK 3217,-38.229358642469,144.377533525404,-38.229358142469,144.377534625404
53313932453,26 VOLANT DR ARMSTRONG CREEK 3217,-38.229156722421,144.378309689638,-38.229156222421004,144.378310789638
53312948236,23 VOLGA ST HADFIELD 3046,-37.707221520928,144.940719550914,-37.707221020928,144.940720650914
53313853948,34 VOLLEY ST TARNEIT 3029,-37.812980854797,144.674485495628,-37.812980354797,144.674486595628
53313962442,31 VOLLEY ST TARNEIT 3029,-37.812781407411,144.673990544246,-37.812780907411,144.673991644246
53313903678,38 VOLLEY ST TARNEIT 3029,-37.812793142075,144.674515167565,-37.812792642075,144.674516267565
53314086293,24 VOLLEY ST TARNEIT 3029,-37.813426981593,144.674415003822,-37.813426481593,144.67441610382198
53314044458,33 VOLLEY ST TARNEIT 3029,-37.812662971119,144.674009319709,-37.812662471119005,144.674010419709
53313963598,27 VOLLEY ST TARNEIT 3029,-37.81300482704,144.673955256433,-37.81300432704,144.673956356433
53313673660,2 VOLT ST WINTER VALLEY 3358,-37.586988693842,143.805876161813,-37.586988193842004,143.80587726181298
53314200318,3 VOLT ST WINTER VALLEY 3358,-37.587198744336,143.806346218943,-37.587198244336,143.80634731894298
53313544696,1 VOLT ST WINTER VALLEY 3358,-37.587053737411,143.806373208671,-37.587053237411,143.806374308671
53313540787,8 VOLT ST WINTER VALLEY 3358,-37.587389600271,143.805801646694,-37.587389100271004,143.80580274669398
53313563103,14 VOLT ST WINTER VALLEY 3358,-37.58775936793,143.805732998907,-37.58775886793,143.80573409890698
53313653951,16 VOLT ST WINTER VALLEY 3358,-37.587893017376,143.805708104654,-37.587892517376,143.805709204654
53313701605,24 VOLT ST WINTER VALLEY 3358,-37.588358590188,143.805621603413,-37.588358090188,143.80562270341298
53313878045,6 VOLT ST WINTER VALLEY 3358,-37.587264877552,143.805824864565,-37.587264377552,143.805825964565
53313878747,18 VOLT ST WINTER VALLEY 3358,-37.588017782005,143.805684970601,-37.588017282005,143.80568607060098
53314003496,10 VOLTAGE ST SUNBURY 3429,-37.576395393152,144.763150776161,-37.576394893152,144.763151876161
53313907323,4 VOLTAGE ST SUNBURY 3429,-37.576399081189,144.763788890449,-37.576398581189004,144.763789990449
53313962757,2 VOLTAGE ST SUNBURY 3429,-37.576399961289,144.763947392238,-37.576399461289,144.763948492238
53313915822,5 VOLTAGE ST SUNBURY 3429,-37.576812141378,144.763547491638,-37.576811641378,144.763548591638
53313916616,14 VOLTAGE ST SUNBURY 3429,-37.57639380059,144.762863528339,-37.57639330059,144.762864628339
53313918874,12 VOLTAGE ST SUNBURY 3429,-37.576394513052,144.762993699295,-37.576394013052,144.762994799295
53314033809,16 VOLTAGE ST SUNBURY 3429,-37.57639300431,144.762733441201,-37.57639250431,144.76273454120098
53314034194,6 VOLTAGE ST SUNBURY 3429,-37.576398242999,144.763647403924,-37.576397742999,144.763648503924
53314148465,8 VOLTAGE ST SUNBURY 3429,-37.576397404809,144.763500385342,-37.576396904809,144.763501485342
53313931779,13 VOLTAGE ST SUNBURY 3429,-37.576808872436,144.762981461716,-37.576808372436,144.762982561716
53313963616,18 VOLTAGE ST SUNBURY 3429,-37.57639212421,144.762576531974,-37.576391624210004,144.76257763197398
53313403555,5 VON GUERARD BVD WARRNAMBOOL 3280,-38.397855934872,142.523025377897,-38.397855434872,142.523026477897
53313381389,13 VON GUERARD BVD WARRNAMBOOL 3280,-38.39775832761,142.522104793471,-38.39775782761,142.52210589347098
53313995008,7 VON GUERARD BVD WARRNAMBOOL 3280,-38.397834854386,142.522795294655,-38.397834354386,142.522796394655
53313802186,9 VON GUERARD BVD WARRNAMBOOL 3280,-38.3978093734,142.522565127594,-38.3978088734,142.52256622759398
53313895669,22 VON GUERARD BVD WARRNAMBOOL 3280,-38.397024659625,142.52018567292,-38.397024159625005,142.52018677292
53313879448,17 VON GUERARD BVD WARRNAMBOOL 3280,-38.397707323729,142.521644543168,-38.397706823729,142.521645643168
53313971734,12 VONDEL AVE TARNEIT 3029,-37.839534263052,144.662828615244,-37.839533763052,144.662829715244
53313986624,16 VONDEL AVE TARNEIT 3029,-37.839757640771,144.66279257306,-37.839757140771,144.66279367305998
53314007273,14 VONDEL AVE TARNEIT 3029,-37.839645951912,144.662810594152,-37.839645451912,144.662811694152
53314188131,18 VONDEL AVE TARNEIT 3029,-37.839869329631,144.662774551968,-37.839868829631,144.662775651968
53313979307,8 VONDEL AVE TARNEIT 3029,-37.839310885332,144.662864657428,-37.839310385332,144.662865757428
53314177911,17 VONDEL AVE TARNEIT 3029,-37.840060311295,144.663240753423,-37.840059811295,144.663241853423
53314211132,8 VOYAGE ST MOUNT DUNEED 3217,-38.226475980238,144.323343767004,-38.226475480238,144.32334486700398
53314149736,25 VOYAGE ST MOUNT DUNEED 3217,-38.22703848976,144.323947096394,-38.22703798976,144.32394819639399
53314156393,23 VOYAGE ST MOUNT DUNEED 3217,-38.226927764819,144.323921196314,-38.226927264819004,144.32392229631398
53314169405,33 VOYAGE ST MOUNT DUNEED 3217,-38.227456956276,144.324044913204,-38.227456456276,144.324046013204
53314137146,27 VOYAGE ST MOUNT DUNEED 3217,-38.227149172792,144.323972996475,-38.227148672792,144.32397409647498
53314178363,10 VOYAGE ST MOUNT DUNEED 3217,-38.226593368792,144.323371175827,-38.226592868792004,144.32337227582698
53314172267,29 VOYAGE ST MOUNT DUNEED 3217,-38.227246612416,144.323995711433,-38.227246112416005,144.323996811433
53314173538,6 VOYAGE ST MOUNT DUNEED 3217,-38.226358633594,144.32331635818,-38.226358133594005,144.32331745818
53314142996,21 VOYAGE ST MOUNT DUNEED 3217,-38.226817039878,144.323895296233,-38.226816539878,144.32389639623298
53314153894,4 VOYAGE ST MOUNT DUNEED 3217,-38.226218320535,144.323383832501,-38.226217820535,144.323384932501
53314082961,67 VOYAGER BVD TARNEIT 3029,-37.825565360405,144.667642509876,-37.825564860405,144.667643609876
53313837703,114 VOYAGER BVD TARNEIT 3029,-37.824239552871,144.66832345569,-37.824239052871,144.66832455569
53314077242,63 VOYAGER BVD TARNEIT 3029,-37.825588871644,144.667856248407,-37.825588371644,144.66785734840698
53313642914,110 VOYAGER BVD TARNEIT 3029,-37.824202421039,144.667985916449,-37.824201921039,144.667987016449
53313641768,94 VOYAGER BVD TARNEIT 3029,-37.824112231761,144.666814880756,-37.824111731761,144.66681598075598
53313907003,98 VOYAGER BVD TARNEIT 3029,-37.824095970869,144.667018393365,-37.824095470869004,144.667019493365
53313622542,88 VOYAGER BVD TARNEIT 3029,-37.824446879246,144.666756375072,-37.824446379246,144.666757475072
53314077268,65 VOYAGER BVD TARNEIT 3029,-37.825578352355,144.667760610891,-37.825577852355,144.667761710891
53313787121,104 VOYAGER BVD TARNEIT 3029,-37.824148567312,144.667496580941,-37.824148067312,144.66749768094098
53313703383,90 VOYAGER BVD TARNEIT 3029,-37.824335316114,144.666775904906,-37.824334816114,144.66677700490598
53314198917,80 VOYAGER BVD TARNEIT 3029,-37.825074809522,144.66672972062,-37.825074309522,144.66673082062
53313713806,17 VULCAN DR CRAIGIEBURN 3064,-37.605322179201,144.906961352055,-37.605321679201005,144.90696245205498
53313612900,33 VULCAN DR CRAIGIEBURN 3064,-37.605258309099,144.905422769909,-37.605257809099,144.905423869909
53313360672,31 VULCAN DR CRAIGIEBURN 3064,-37.605259650203,144.905564256434,-37.605259150203004,144.90556535643398
53313291539,29 VULCAN DR CRAIGIEBURN 3064,-37.605260865579,144.9056953494,-37.605260365579,144.90569644939998
53313356232,41 VULCAN DR CRAIGIEBURN 3064,-37.60555599239,144.904935194601,-37.60555549239,144.904936294601
53313389266,19 VULCAN DR CRAIGIEBURN 3064,-37.605269331301,144.90660512117,-37.605268831301004,144.90660622117
53313345391,21 VULCAN DR CRAIGIEBURN 3064,-37.605267948287,144.906455168923,-37.605267448287,144.906456268923
53304712766,5 VULE ST ST ALBANS 3021,-37.745916576938,144.7905651316,-37.745916076938,144.7905662316
53312125953,61 WACKETT ST LAVERTON 3028,-37.85558409889,144.770995986076,-37.85558359889,144.770997086076
53312931177,42 WACKETT ST LAVERTON 3028,-37.854872726768,144.770583764077,-37.854872226768,144.770584864077
53312931202,42 WACKETT ST LAVERTON 3028,-37.854872726768,144.770583764077,-37.854872226768,144.770584864077
53312931078,42 WACKETT ST LAVERTON 3028,-37.854872726768,144.770583764077,-37.854872226768,144.770584864077
53303889639,61 WACKETT ST LAVERTON 3028,-37.85558409889,144.770995986076,-37.85558359889,144.770997086076
53312989868,13 WADE LANE GOLDEN SQUARE 3555,-36.765516375548,144.257486315564,-36.765515875548004,144.257487415564
53301546319,61 WADE ST GOLDEN SQUARE 3555,-36.765411601758,144.256371522442,-36.765411101758,144.256372622442
53301546341,61 WADE ST GOLDEN SQUARE 3555,-36.765411601758,144.256371522442,-36.765411101758,144.256372622442
53301546367,61 WADE ST GOLDEN SQUARE 3555,-36.765411601758,144.256371522442,-36.765411101758,144.256372622442
53313316526,1 WADE ST TARNEIT 3029,-37.822694977663,144.675192257704,-37.822694477663,144.675193357704
53312848818,20 WAGNER WAY AINTREE 3336,-37.72670521295,144.665692543921,-37.72670471295,144.665693643921
53313920996,1 WAGNER WAY AINTREE 3336,-37.725795189722,144.664374573466,-37.725794689722,144.664375673466
53302853891,39 WAINWRIGHT ST GOLDEN POINT 3350,-37.573300255121,143.866152953067,-37.573299755121,143.866154053067
53302700501,67 WAITARA GR NORLANE 3214,-38.092819744764,144.347823366685,-38.092819244764,144.34782446668498
53313496915,11 WALBRIDGE ST DIGGERS REST 3427,-37.619677068489,144.701124273567,-37.619676568489,144.70112537356698
53313557401,5 WALBRIDGE ST DIGGERS REST 3427,-37.619890848929,144.701083286061,-37.619890348929005,144.70108438606098
53313689808,3 WALBRIDGE ST DIGGERS REST 3427,-37.619962095106,144.701069623558,-37.619961595106,144.701070723558
53313690154,7 WALBRIDGE ST DIGGERS REST 3427,-37.619819602752,144.701096948563,-37.619819102752004,144.70109804856298
53313915450,15 WALBRIDGE ST DIGGERS REST 3427,-37.619527870612,144.701152017667,-37.619527370612005,144.701153117667
53313598726,10 WALBRIDGE ST DIGGERS REST 3427,-37.619802671308,144.701598102554,-37.619802171308,144.70159920255398
53313598932,12 WALBRIDGE ST DIGGERS REST 3427,-37.619734987439,144.701611010684,-37.619734487439004,144.70161211068398
53313599435,14 WALBRIDGE ST DIGGERS REST 3427,-37.619667303571,144.701624002634,-37.619666803571,144.70162510263398
53313674057,12 WALCHO ST TRUGANINA 3029,-37.762712527887,144.678432785291,-37.762712027887,144.67843388529099
53313674998,2 WALCHO ST TRUGANINA 3029,-37.762661691645,144.678029280472,-37.762661191645,144.678030380472
53313674017,4 WALCHO ST TRUGANINA 3029,-37.762672965304,144.678118966836,-37.762672465304,144.678120066836
53313674049,10 WALCHO ST TRUGANINA 3029,-37.762702637242,144.678354330677,-37.762702137242,144.678355430677
53313890182,18 WALCHO ST TRUGANINA 3029,-37.762774721609,144.678925976473,-37.762774221609,144.678927076473
53313890496,16 WALCHO ST TRUGANINA 3029,-37.762761268654,144.678819442484,-37.762760768654005,144.678820542484
53313890174,26 WALCHO ST TRUGANINA 3029,-37.762814284192,144.679239794928,-37.762813784192,144.679240894928
53313890190,22 WALCHO ST TRUGANINA 3029,-37.7627945029,144.679082885701,-37.7627940029,144.679083985701
53313890272,24 WALCHO ST TRUGANINA 3029,-37.762804393546,144.679161340315,-37.762803893546,144.679162440315
53313890463,28 WALCHO ST TRUGANINA 3029,-37.762825264485,144.679326799083,-37.762824764485,144.67932789908298
53313890546,20 WALCHO ST TRUGANINA 3029,-37.762784612255,144.679004431087,-37.762784112255,144.679005531087
53313500551,3 WALCOTT PL ARMSTRONG CREEK 3217,-38.246076935086,144.380103668375,-38.246076435086,144.380104768375
53313175569,2 WALDOCK WAY WARRNAMBOOL 3280,-38.356687127779,142.477301006428,-38.356686627779,142.477302106428
53313955546,58 WALDOCK WAY WARRNAMBOOL 3280,-38.352704256937,142.473307532479,-38.352703756937004,142.473308632479
53313901237,50 WALDOCK WAY WARRNAMBOOL 3280,-38.353575513863,142.473514481668,-38.353575013863,142.47351558166798
53313588711,56 WALDOCK WAY WARRNAMBOOL 3280,-38.352871643544,142.4733472627,-38.352871143544,142.4733483627
53313502844,32 WALDOCK WAY WARRNAMBOOL 3280,-38.355290493162,142.474166426097,-38.355289993162,142.474167526097
53313116423,14 WALDOCK WAY WARRNAMBOOL 3280,-38.356509389522,142.475665110385,-38.356508889522004,142.475666210385
53313894605,66 WALDOCK WAY WARRNAMBOOL 3280,-38.351917908691,142.473268640448,-38.351917408691,142.473269740448
53314040715,72 WALDOCK WAY WARRNAMBOOL 3280,-38.351473416365,142.473166465048,-38.351472916365005,142.473167565048
53313969950,58 WALDOCK WAY WARRNAMBOOL 3280,-38.352704256937,142.473307532479,-38.352703756937004,142.473308632479
53313979339,46 WALDOCK WAY WARRNAMBOOL 3280,-38.354034925976,142.473512302373,-38.354034425976,142.473513402373
53301546517,3 WALKER DR SPRING GULLY 3550,-36.791996064965,144.283331411091,-36.791995564965,144.283332511091
53309902346,1-9 WALKER ST CASTLEMAINE 3450,-37.056820493684,144.214122371848,-37.056819993684,144.21412347184798
53309902379,1-9 WALKER ST CASTLEMAINE 3450,-37.056820493684,144.214122371848,-37.056819993684,144.21412347184798
53302843835,16 WALKER ST CASTLEMAINE 3450,-37.055566064421,144.213203236659,-37.055565564421,144.213204336659
53303277934,18 WALKER ST CASTLEMAINE 3450,-37.055524567634,144.212346330384,-37.055524067634,144.212347430384
53309903550,1-9 WALKER ST CASTLEMAINE 3450,-37.056820493684,144.214122371848,-37.056819993684,144.21412347184798
53309902354,1-9 WALKER ST CASTLEMAINE 3450,-37.056820493684,144.214122371848,-37.056819993684,144.21412347184798
53309902413,1-9 WALKER ST CASTLEMAINE 3450,-37.056820493684,144.214122371848,-37.056819993684,144.21412347184798
53312791893,6 WALKER ST MOONEE PONDS 3039,-37.766236070435,144.926457239746,-37.766235570435,144.92645833974598
53312791935,6 WALKER ST MOONEE PONDS 3039,-37.766236070435,144.926457239746,-37.766235570435,144.92645833974598
53307889585,215 WALKER ST SEBASTOPOL 3356,-37.595556256173,143.826983302751,-37.595555756173,143.82698440275098
53314030302,237 WALKER ST SEBASTOPOL 3356,-37.59565520454,143.824962844991,-37.59565470454,143.824963944991
53314003968,233 WALKER ST SEBASTOPOL 3356,-37.595651516503,143.825276914903,-37.595651016503,143.82527801490298
53302501379,99999 WALKERS RD LARA 3212,-38.021061899846,144.40839947989,-38.021061399846005,144.40840057988999
53313792872,109 WALKSIDE BVD FRASER RISE 3336,-37.700698681968,144.719371928237,-37.700698181968,144.719373028237
53313880134,95 WALKSIDE BVD FRASER RISE 3336,-37.700826212624,144.71827398274,-37.700825712624,144.71827508273998
53313929334,91 WALKSIDE BVD FRASER RISE 3336,-37.700862841541,144.717959242276,-37.700862341541004,144.717960342276
53313669881,103 WALKSIDE BVD FRASER RISE 3336,-37.700757942023,144.718860129229,-37.700757442023004,144.718861229229
53313734338,101 WALKSIDE BVD FRASER RISE 3336,-37.700775250653,144.718711518086,-37.700774750653004,144.718712618086
53313702393,97 WALKSIDE BVD FRASER RISE 3336,-37.700808903994,144.718422593883,-37.700808403994,144.71842369388298
53313977697,107 WALKSIDE BVD FRASER RISE 3336,-37.700722318935,144.719165817238,-37.700721818935,144.719166917238
53313883374,111 WALKSIDE BVD FRASER RISE 3336,-37.700682798261,144.719618188552,-37.700682298261,144.719619288552
53306764105,99999 WALLACE AVE POINT COOK 3030,-37.87214265229,144.743454880243,-37.87214215229,144.743455980243
53306490669,5 WALLACE CT ST ALBANS PARK 3219,-38.183177624914,144.3952941915,-38.183177124914,144.3952952915
53306490742,4 WALLACE CT ST ALBANS PARK 3219,-38.183182863604,144.395156812107,-38.183182363604004,144.39515791210698
53306490635,1 WALLACE CT ST ALBANS PARK 3219,-38.182935010727,144.39549066331,-38.182934510727,144.39549176331
53306490651,3 WALLACE CT ST ALBANS PARK 3219,-38.182945194739,144.395202828755,-38.182944694739,144.395203928755
53300373877,32 WALLACE ST COLAC 3250,-38.343065864566,143.596607615983,-38.343065364566,143.596608715983
53300332122,82 WALLACE ST COLAC 3250,-38.341066152016,143.60113191586,-38.341065652016,143.60113301586
53301872224,17 WALLACE ST MAIDSTONE 3012,-37.788091296231,144.877759136668,-37.788090796231,144.877760236668
53314029708,26 WALLAGA RD TRUGANINA 3029,-37.754412893092,144.682032393609,-37.754412393092004,144.682033493609
53314048368,28 WALLAGA RD TRUGANINA 3029,-37.754531497021,144.682015378346,-37.754530997021,144.682016478346
53314201587,19 WALLAGA RD TRUGANINA 3029,-37.754079963897,144.68260538051,-37.754079463897,144.68260648051
53314069579,9 WALLAGA RD TRUGANINA 3029,-37.753507102725,144.682687523161,-37.753506602725004,144.682688623161
53314206040,12 WALLAGA RD TRUGANINA 3029,-37.753582917039,144.682151332815,-37.753582417039,144.682152432815
53313993159,7 WALLAGA RD TRUGANINA 3029,-37.753395204317,144.682703532596,-37.753394704317,144.682704632596
53313956149,11 WALLALOO DR EYNESBURY 3338,-37.791027351185,144.539872801183,-37.791026851185,144.539873901183
53314007232,6 WALLALOO DR EYNESBURY 3338,-37.79080355437,144.539067467926,-37.79080305437,144.539068567926
53313959539,5 WALLALOO DR EYNESBURY 3338,-37.790701295152,144.539550014091,-37.790700795152,144.53955111409098
53313962856,7 WALLALOO DR EYNESBURY 3338,-37.790828993447,144.539610279975,-37.790828493447,144.53961137997499
53314022074,21 WALLALOO DR EYNESBURY 3338,-37.791490786612,144.540618120013,-37.791490286612,144.54061922001299
53314022307,17 WALLALOO DR EYNESBURY 3338,-37.791218123301,144.540266834451,-37.791217623301,144.54026793445098
53313989247,1 WALLALOO DR EYNESBURY 3338,-37.790405916884,144.53949729192,-37.790405416884,144.53949839191998
53314022339,27 WALLALOO DR EYNESBURY 3338,-37.791821829878,144.540483590467,-37.791821329878005,144.540484690467
53313995245,24 WALLALOO DR EYNESBURY 3338,-37.791616389431,144.540019987403,-37.791615889431,144.540021087403
53313972649,13 WALLALOO DR EYNESBURY 3338,-37.791090927921,144.540014371527,-37.791090427921,144.540015471527
53313986541,25 WALLALOO DR EYNESBURY 3338,-37.79168658787,144.540532792239,-37.79168608787,144.54053389223898
53313998339,15 WALLALOO DR EYNESBURY 3338,-37.791152283452,144.540140686808,-37.791151783452,144.540141786808
53314020640,8 WALLALOO DR EYNESBURY 3338,-37.790947136372,144.539113736031,-37.790946636372,144.539114836031
53314007753,4 WALLALOO DR EYNESBURY 3338,-37.790670994572,144.539016086859,-37.790670494572,144.53901718685898
53313585732,56 WALLANGARA BVD HARKNESS 3337,-37.652669957677,144.571175689144,-37.652669457677,144.571176789144
53313524920,29 WALLANGARA BVD HARKNESS 3337,-37.652266117582,144.571304518995,-37.652265617582,144.57130561899498
53313538441,54 WALLANGARA BVD HARKNESS 3337,-37.652655666532,144.571058007223,-37.652655166532,144.571059107223
53313600856,16 WALLANGARA BVD HARKNESS 3337,-37.652406640189,144.569013409581,-37.652406140189,144.569014509581
53313702849,26 WALLANGARA BVD HARKNESS 3337,-37.652475665162,144.569579188046,-37.652475165162,144.56958028804598
53313623987,24 WALLANGARA BVD HARKNESS 3337,-37.652464056226,144.569483969626,-37.652463556226,144.56948506962598
53314141769,45 WALLANGARA BVD HARKNESS 3337,-37.652471558029,144.572826169698,-37.652471058029,144.572827269698
53314188405,108 WALLANGARA BVD HARKNESS 3337,-37.651618280286,144.573082153021,-37.651617780286,144.573083253021
53314197363,72 WALLANGARA BVD HARKNESS 3337,-37.652831141675,144.572500700398,-37.652830641675,144.572501800398
53313480075,42 WALLANGARA BVD HARKNESS 3337,-37.652565686802,144.570318723363,-37.652565186802,144.57031982336298
53313456743,50 WALLANGARA BVD HARKNESS 3337,-37.6526229352,144.570789199588,-37.6526224352,144.570790299588
53313485405,37 WALLANGARA BVD HARKNESS 3337,-37.652358821431,144.571996864198,-37.652358321431,144.571997964198
53313486048,60 WALLANGARA BVD HARKNESS 3337,-37.652702689009,144.571444496778,-37.652702189009,144.571445596778
53313888184,12 WALLANGARA BVD HARKNESS 3337,-37.652373950767,144.568744601947,-37.652373450767,144.568745701947
53313813076,31 WALLANGARA BVD HARKNESS 3337,-37.652313181969,144.571621606393,-37.652312681969,144.571622706393
53314045737,13 WALLANGARA BVD HARKNESS 3337,-37.652025179775,144.569179874179,-37.652024679775,144.569180974179
53313621983,10 WALLANGARA BVD HARKNESS 3337,-37.652359659622,144.568627003845,-37.652359159622,144.568628103845
53313638655,18 WALLANGARA BVD HARKNESS 3337,-37.652422272438,144.569142155614,-37.652421772438004,144.569143255614
53313657151,28 WALLANGARA BVD HARKNESS 3337,-37.652487232188,144.569674406466,-37.652486732188,144.56967550646598
53314160505,41 WALLANGARA BVD HARKNESS 3337,-37.652432372632,144.57250396934,-37.652431872632,144.57250506934
53314114567,51 WALLANGARA BVD HARKNESS 3337,-37.652556718165,144.573526142432,-37.652556218165,144.573527242432
53314121448,53 WALLANGARA BVD HARKNESS 3337,-37.652575786995,144.573682967841,-37.652575286995,144.573684067841
53314162994,122 WALLANGARA BVD HARKNESS 3337,-37.652311044583,144.572948796941,-37.652310544583,144.572949896941
53314122171,79 WALLANGARA BVD HARKNESS 3337,-37.652374076495,144.573466798558,-37.652373576495,144.573467898558
53314107784,76 WALLANGARA BVD HARKNESS 3337,-37.652861106979,144.572746960713,-37.652860606979004,144.572748060713
53314140430,114 WALLANGARA BVD HARKNESS 3337,-37.651910347702,144.573025910451,-37.651909847702,144.573027010451
53314190403,70 WALLANGARA BVD HARKNESS 3337,-37.65281685053,144.572383102296,-37.65281635053,144.57238420229598
53314112321,57 WALLANGARA BVD HARKNESS 3337,-37.652415608825,144.573808361112,-37.652415108825004,144.57380946111198
53314159636,80 WALLANGARA BVD HARKNESS 3337,-37.652891114192,144.572993472485,-37.652890614192,144.572994572485
53314203368,20 WALLANGARA RD GREENVALE 3059,-37.639938,144.881622,-37.6399375,144.88162309999998
53314201968,24 WALLANGARA RD GREENVALE 3059,-37.639938,144.881622,-37.6399375,144.88162309999998
53314201950,18 WALLANGARA RD GREENVALE 3059,-37.639938,144.881622,-37.6399375,144.88162309999998
53304967574,99999 WALLINGTON RD OCEAN GROVE 3226,-38.248021890085,144.504568638458,-38.248021390085,144.504569738458
53313722473,9 WALLOWA RD CARDIGAN 3352,-37.528356862035,143.782896419886,-37.528356362035,143.78289751988598
53313869754,8 WALLOWA RD CARDIGAN 3352,-37.528832996045,143.783758163351,-37.528832496045,143.783759263351
53313852172,1 WALLOWA ST MICKLEHAM 3064,-37.56923381126,144.889154334035,-37.56923331126,144.889155434035
53313765473,11 WALLOWA ST MICKLEHAM 3064,-37.569731863947,144.889052410093,-37.569731363947,144.889053510093
53313893754,4 WALLOWA ST MICKLEHAM 3064,-37.569276768514,144.888675308269,-37.569276268514,144.888676408269
53313826152,7 WALLOWA ST MICKLEHAM 3064,-37.5695273036,144.88909423579,-37.5695268036,144.88909533579
53313856364,12 WALLOWA ST MICKLEHAM 3064,-37.569797997163,144.888591656875,-37.569797497163,144.888592756875
53314058671,5 WALLOWA ST MICKLEHAM 3064,-37.569433929198,144.889113346529,-37.569433429198,144.889114446529
53313789241,15 WALLOWA ST MICKLEHAM 3064,-37.569891916388,144.88901972067,-37.569891416388,144.88902082067
53313786834,17 WALLOWA ST MICKLEHAM 3064,-37.569985290789,144.889000609931,-37.569984790789,144.889001709931
53313914610,21 WALLOWA ST MICKLEHAM 3064,-37.570203136453,144.888956018206,-37.570202636453004,144.88895711820598
53304437842,3 WALLS RD WERRIBEE 3030,-37.898459796746,144.638112310617,-37.898459296746005,144.638113410617
53303924866,5 WALLS RD WERRIBEE 3030,-37.898475387086,144.63810946077,-37.898474887086,144.63811056077
53306496573,50 WALLS ST CAMPERDOWN 3260,-38.235490465646,143.140280630039,-38.235489965646,143.140281730039
53304819082,16A WALMER AVE ST ALBANS 3021,-37.74326999101,144.805482488501,-37.743269491010004,144.805483588501
53308345761,4 WALMER RD DERRIMUT 3026,-37.784490765903,144.760179391485,-37.784490265903,144.760180491485
53312878243,4 WALMER RD DERRIMUT 3026,-37.784490765903,144.760179391485,-37.784490265903,144.760180491485
53302770262,2 WALPOLE PDE NORTH SHORE 3214,-38.091752477033,144.367440121419,-38.091751977033,144.367441221419
53306722952,13 WALSH GR NORTH GEELONG 3215,-38.120970028579,144.34382102243,-38.120969528579,144.34382212243
53308065353,8 WALSH ST BROADMEADOWS 3047,-37.69166508582,144.922191940677,-37.69166458582,144.922193040677
53301968238,82 WALSH ST BROADMEADOWS 3047,-37.688892100793,144.922575161291,-37.688891600793,144.922576261291
53301968386,84 WALSH ST BROADMEADOWS 3047,-37.688892100793,144.922575161291,-37.688891600793,144.922576261291
53302057529,8 WALSH ST BROADMEADOWS 3047,-37.69166508582,144.922191940677,-37.69166458582,144.922193040677
53302177780,86 WALSH ST BROADMEADOWS 3047,-37.688892100793,144.922575161291,-37.688891600793,144.922576261291
53309974568,63 WALSH ST COBURG 3058,-37.748282327199,144.971353395363,-37.748281827199,144.971354495363
53313707822,18 WALSH ST SUNSHINE NORTH 3020,-37.771088270364,144.838882696274,-37.771087770364,144.838883796274
53305241253,1 WALSINGHAM CRES KURUNJANG 3337,-37.671256534731,144.590844452724,-37.671256034731,144.590845552724
53313465330,7 WALTER ST CHARLEMONT 3217,-38.217477043261,144.357907131481,-38.217476543261,144.357908231481
53313616892,13 WALTER ST CHARLEMONT 3217,-38.217549337175,144.358505180273,-38.217548837175,144.358506280273
53313525894,10 WALTER ST CHARLEMONT 3217,-38.217048015547,144.357750641349,-38.217047515547,144.357751741349
53313457659,11 WALTER ST CHARLEMONT 3217,-38.217526161213,144.358313402328,-38.217525661213,144.358314502328
53313491858,20 WALTER ST CHARLEMONT 3217,-38.217161799882,144.358767785299,-38.217161299882,144.35876888529899
53313705803,5 WALTER ST CHARLEMONT 3217,-38.217452484284,144.357704037967,-38.217451984284004,144.357705137967
53313623807,17 WALTER ST CHARLEMONT 3217,-38.21760000578,144.358922515232,-38.21759950578,144.358923615232
53314110939,6 WALTER ST CHARLEMONT 3217,-38.21702178019,144.357527431267,-38.21702128019,144.35752853126698
53313089537,12 WALTER ST HADFIELD 3046,-37.712225056119,144.944460561939,-37.712224556119004,144.944461661939
53313089529,14 WALTER ST HADFIELD 3046,-37.71221118407,144.94433843761,-37.71221068407,144.94433953761
53313587168,50 WALTERS WAY ALFREDTON 3350,-37.559954625349,143.787986582046,-37.559954125349,143.78798768204598
53313524599,35 WALTERS WAY ALFREDTON 3350,-37.560454857331,143.788846481493,-37.560454357331004,143.788847581493
53313430335,34 WALTERS WAY ALFREDTON 3350,-37.560106212068,143.789285190305,-37.560105712068,143.789286290305
53313489347,28 WALTERS WAY ALFREDTON 3350,-37.5601649273,143.789788942686,-37.5601644273,143.78979004268598
53313393978,25 WALTERS WAY ALFREDTON 3350,-37.560622369666,143.789791960171,-37.560621869666,143.78979306017098
53313362981,38 WALTERS WAY ALFREDTON 3350,-37.560063087177,143.788915799832,-37.560062587177,143.788916899832
53313364467,42 WALTERS WAY ALFREDTON 3350,-37.560025159065,143.788591168722,-37.560024659065,143.788592268722
53313590551,39 WALTERS WAY ALFREDTON 3350,-37.560412402991,143.788483880362,-37.560411902991,143.788484980362
53313626387,26 WALTERS WAY ALFREDTON 3350,-37.560187139344,143.789979295707,-37.560186639344,143.789980395707
53313486139,47 WALTON ST MELTON SOUTH 3338,-37.716622873077,144.567255137752,-37.716622373077,144.567256237752
53313668919,71 WALTON ST MELTON SOUTH 3338,-37.716338223646,144.565038794915,-37.716337723646,144.565039894915
53314148274,84 WALTON ST MELTON SOUTH 3338,-37.715722405219,144.563746053988,-37.715721905219,144.563747153988
53313219183,59 WALTON ST MELTON SOUTH 3338,-37.716492450664,144.566170268024,-37.716491950664,144.566171368024
53313226781,45 WALTON ST MELTON SOUTH 3338,-37.716641774269,144.567412130799,-37.716641274269,144.567413230799
53313551033,67 WALTON ST MELTON SOUTH 3338,-37.716374265829,144.565338783229,-37.716373765829005,144.565339883229
53313229208,53 WALTON ST MELTON SOUTH 3338,-37.716570276635,144.566817853864,-37.716569776635,144.566818953864
53313834089,68 WALTON ST MELTON SOUTH 3338,-37.715916781554,144.565322689975,-37.715916281554,144.565323789975
53313546239,48 WALTON ST MELTON SOUTH 3338,-37.716177207286,144.56722420853,-37.716176707286,144.56722530853
53313820511,80 WALTON ST MELTON SOUTH 3338,-37.71576133916,144.564030284325,-37.71576083916,144.564031384325
53313685839,77 WALTON ST MELTON SOUTH 3338,-37.716283615546,144.564584663401,-37.716283115546,144.564585763401
53313788342,31 WALTON ST MELTON SOUTH 3338,-37.71674126746,144.568462047991,-37.71674076746,144.568463147991
53314106894,87 WALTON ST MELTON SOUTH 3338,-37.716132238375,144.563325869182,-37.716131738375005,144.563326969182
53314170768,89 WALTON ST MELTON SOUTH 3338,-37.716113337183,144.563168876135,-37.716112837183005,144.563169976135
53314097563,66 WALTON ST MELTON SOUTH 3338,-37.715934635008,144.565471384938,-37.715934135008,144.565472484938
53314145644,83 WALTON ST MELTON SOUTH 3338,-37.716172681058,144.563662318775,-37.716172181058,144.56366341877498
53313559397,24 WANDERLUST DR MOUNT DUNEED 3217,-38.21897472172,144.311579933535,-38.21897422172,144.311581033535
53313843733,37 WANDERLUST DR MOUNT DUNEED 3217,-38.219420764697,144.310482574771,-38.219420264697,144.31048367477098
53313571733,15 WANDERLUST DR MOUNT DUNEED 3217,-38.218709392575,144.31216121852,-38.218708892575,144.31216231852
53313545421,16 WANDERLUST DR MOUNT DUNEED 3217,-38.218494480578,144.311670709546,-38.218493980578,144.311671809546
53313569307,14 WANDERLUST DR MOUNT DUNEED 3217,-38.218383126994,144.311691748123,-38.218382626994,144.311692848123
53313574990,19 WANDERLUST DR MOUNT DUNEED 3217,-38.218938805265,144.312117884081,-38.218938305265,144.312118984081
53313582861,22 WANDERLUST DR MOUNT DUNEED 3217,-38.2188552796,144.311602564674,-38.2188547796,144.31160366467398
53313585591,20 WANDERLUST DR MOUNT DUNEED 3217,-38.218737220493,144.311624860536,-38.218736720493,144.311625960536
53313681623,9 WANDERLUST DR MOUNT DUNEED 3217,-38.21833409286,144.312232129421,-38.21833359286,144.312233229421
53313783921,38 WANDERLUST DR MOUNT DUNEED 3217,-38.219066252103,144.310735037695,-38.219065752103,144.310736137695
53313984199,31 WANDERLUST DR MOUNT DUNEED 3217,-38.219481575405,144.310938131209,-38.219481075405,144.310939231209
53313614062,11 WANDERLUST DR MOUNT DUNEED 3217,-38.218466652659,144.312207067531,-38.218466152659,144.312208167531
53313704052,26 WANDERLUST DR MOUNT DUNEED 3217,-38.219174336744,144.311648916598,-38.219173836744,144.31165001659798
53314204837,30 WANDERLUST DR MOUNT DUNEED 3217,-38.219155309824,144.311505418416,-38.219154809824005,144.311506518416
53314000981,35 WANDERLUST DR MOUNT DUNEED 3217,-38.219439498251,144.31062297165,-38.219438998251,144.31062407164998
53313917330,40 WANDERLUST DR MOUNT DUNEED 3217,-38.219044542973,144.310572261135,-38.219044042973,144.310573361135
53313024591,9 WANDIN CT MEADOW HEIGHTS 3048,-37.654420895341,144.927718799993,-37.654420395341,144.92771989999298
53302090960,1 WANDIN CT MEADOW HEIGHTS 3048,-37.653870916764,144.928025158554,-37.653870416764,144.92802625855398
53301982395,9 WANDIN CT MEADOW HEIGHTS 3048,-37.654420895341,144.927718799993,-37.654420395341,144.92771989999298
53313396543,6 WANGIM WAY COBURG NORTH 3058,-37.725772600493,144.972185131615,-37.725772100493,144.97218623161498
53313490100,1 WANGIM WAY COBURG NORTH 3058,-37.726026153064,144.971612144714,-37.726025653064,144.97161324471398
53313437775,2 WANGIM WAY COBURG NORTH 3058,-37.726089310705,144.972123021713,-37.726088810705,144.972124121713
53313282669,108 WANGOOM RD WARRNAMBOOL 3280,-38.359225545246,142.516490762362,-38.359225045246,142.516491862362
53313361169,98 WANGOOM RD WARRNAMBOOL 3280,-38.359094200823,142.515399103293,-38.359093700823,142.51540020329298
53313398952,102 WANGOOM RD WARRNAMBOOL 3280,-38.359146000985,142.515829346383,-38.359145500985,142.51583044638298
53313313746,106 WANGOOM RD WARRNAMBOOL 3280,-38.359199016522,142.516270150671,-38.359198516522,142.516271250671
53313684997,122 WANGOOM RD WARRNAMBOOL 3280,-38.35942080168,142.518189271222,-38.359420301680004,142.518190371222
53314046173,2 WARANA WAY TARNEIT 3029,-37.859997296641,144.637110924645,-37.859996796641,144.63711202464498
53313453921,38 WARANGAL WAY DEANSIDE 3336,-37.735024042304,144.700452631666,-37.735023542304,144.700453731666
53313471074,44 WARANGAL WAY DEANSIDE 3336,-37.735019935172,144.700010318635,-37.735019435172,144.700011418635
53313350106,15 WARANGAL WAY DEANSIDE 3336,-37.735752136323,144.700378954737,-37.735751636323,144.700380054737
53313430709,11 WARANGAL WAY DEANSIDE 3336,-37.735738934826,144.700047282828,-37.735738434826004,144.700048382828
53313536776,10 WARANGAL WAY DEANSIDE 3336,-37.736150570091,144.69978744383,-37.736150070091,144.69978854382998
53313537492,25 WARANGAL WAY DEANSIDE 3336,-37.735699833248,144.700877761795,-37.735699333248,144.700878861795
53313542205,50 WARANGAL WAY DEANSIDE 3336,-37.735008745331,144.699556354759,-37.735008245331,144.699557454759
53313564686,48 WARANGAL WAY DEANSIDE 3336,-37.735017294872,144.699726758851,-37.735016794872,144.699727858851
53313378419,12 WARANGAL WAY DEANSIDE 3336,-37.736163017217,144.699928343622,-37.736162517217004,144.69992944362198
53313487549,21 WARANGAL WAY DEANSIDE 3336,-37.735871159349,144.700926125376,-37.735870659349004,144.70092722537598
53313534814,42 WARANGAL WAY DEANSIDE 3336,-37.735021360095,144.700160606159,-37.735020860095,144.70016170615898
53313428650,19 WARANGAL WAY DEANSIDE 3336,-37.735768522944,144.700697383238,-37.735768022944,144.700698483238
53313584387,43 WARANGAL WAY DEANSIDE 3336,-37.735451100271,144.699869335024,-37.735450600271,144.699870435024
53313538334,31 WARANGAL WAY DEANSIDE 3336,-37.735475659247,144.700814562245,-37.735475159247,144.700815662245
53313444815,4 WARANGAL WAY DEANSIDE 3336,-37.736107319471,144.699365498824,-37.736106819471004,144.69936659882399
53313353477,5 WARANGAL WAY DEANSIDE 3336,-37.735711106907,144.699573872937,-37.735710606907,144.699574972937
53313881941,41 WARANGAL WAY DEANSIDE 3336,-37.735452650923,144.700039487658,-37.735452150923,144.70004058765798
53313978943,39 WARANGAL WAY DEANSIDE 3336,-37.735454369213,144.700220955862,-37.735453869213,144.70022205586199
53313821195,36 WARANGAL WAY DEANSIDE 3336,-37.735025383409,144.700594453467,-37.735024883409004,144.700595553467
53313919601,20 WARANGAL WAY DEANSIDE 3336,-37.736219217878,144.700562602235,-37.736218717878,144.700563702235
53314009759,37 WARANGAL WAY DEANSIDE 3336,-37.735456045594,144.700402424066,-37.735455545594,144.700403524066
53312662517,42 WARATAH AVE TULLAMARINE 3043,-37.703460099969,144.881789742448,-37.703459599969,144.881790842448
53313141421,50 WARATAH AVE TULLAMARINE 3043,-37.702983421135,144.881271992289,-37.702982921135,144.88127309228898
53313490289,195 WARATAH RD HUNTLY 3551,-36.66384472822,144.36307792755,-36.66384422822,144.36307902755
53313327943,175 WARATAH RD HUNTLY 3551,-36.663949627738,144.360740633849,-36.663949127738,144.36074173384898
53313370862,173 WARATAH RD HUNTLY 3551,-36.663932277199,144.360562937502,-36.663931777199004,144.360564037502
53313552228,191 WARATAH RD HUNTLY 3551,-36.663960188936,144.362701747735,-36.663959688936,144.362702847735
53313558936,177 WARATAH RD HUNTLY 3551,-36.663966936368,144.360918246378,-36.663966436368,144.36091934637798
53313565131,189 WARATAH RD HUNTLY 3551,-36.664009306889,144.362534612586,-36.664008806889,144.36253571258598
53313872121,148 WARATAH RD HUNTLY 3551,-36.663554043818,144.357017560097,-36.663553543818004,144.357018660097
53313772215,114 WARATAH RD HUNTLY 3551,-36.662847197923,144.352398293257,-36.662846697923,144.352399393257
53313859325,146 WARATAH RD HUNTLY 3551,-36.663483300555,144.356861740517,-36.663482800555,144.35686284051698
53313798978,140 WARATAH RD HUNTLY 3551,-36.663190143492,144.356015838848,-36.663189643492004,144.356016938848
53313845037,150 WARATAH RD HUNTLY 3551,-36.66362922949,144.357183186504,-36.66362872949,144.35718428650398
53313932346,132 WARATAH RD HUNTLY 3551,-36.663096685271,144.355143450366,-36.663096185271,144.355144550366
53314112090,126 WARATAH RD HUNTLY 3551,-36.663002137403,144.354177184568,-36.663001637403,144.35417828456798
53314169825,110 WARATAH RD HUNTLY 3551,-36.662842545967,144.35202923806,-36.662842045967004,144.35203033806
53314122840,155 WARATAH RD HUNTLY 3551,-36.663313986111,144.357808392662,-36.663313486111,144.357809492662
53314156831,159 WARATAH RD HUNTLY 3551,-36.663455975551,144.358119361269,-36.663455475551004,144.35812046126898
53314117900,152 WARATAH RD HUNTLY 3551,-36.663704415161,144.35734881291,-36.663703915161,144.35734991291
53313937009,158 WARATAH RD HUNTLY 3551,-36.663925571676,144.357835885304,-36.663925071676005,144.357836985304
53314018180,136 WARATAH RD HUNTLY 3551,-36.663161393564,144.355713838877,-36.663160893564005,144.355714938877
53313231832,16 WARATAH ST WEST FOOTSCRAY 3012,-37.809239676133,144.867585014956,-37.809239176133,144.867586114956
53312899174,5 WARATAH ST WEST FOOTSCRAY 3012,-37.808531279587,144.86791710596,-37.808530779587,144.86791820596
53313077821,10 WARATAH ST WEST FOOTSCRAY 3012,-37.808650344521,144.867591049926,-37.808649844521,144.867592149926
53313077855,10 WARATAH ST WEST FOOTSCRAY 3012,-37.808650344521,144.867591049926,-37.808649844521,144.867592149926
53313231858,16 WARATAH ST WEST FOOTSCRAY 3012,-37.809239676133,144.867585014956,-37.809239176133,144.867586114956
53313588166,30 WARATAH WAY ELLIMINYT 3250,-38.372544598939,143.59385935757,-38.372544098939,143.59386045757
53314071801,26 WARATAH WAY ELLIMINYT 3250,-38.372515262278,143.593335823898,-38.372514762278,143.593336923898
53314149587,25 WARATAH WAY ELLIMINYT 3250,-38.372097424405,143.59338410366,-38.372096924405,143.59338520365998
53313588370,20 WARATAH WAY ELLIMINYT 3250,-38.372444812382,143.592652698789,-38.372444312382,143.592653798789
53313158028,11 WARATAH WAY ELLIMINYT 3250,-38.37184077053,143.591924395222,-38.37184027053,143.591925495222
53314062187,32 WARATAH WAY ELLIMINYT 3250,-38.372438316407,143.594037808289,-38.372437816407,143.59403890828898
53313679997,24 WARATAH WAY ELLIMINYT 3250,-38.372489404107,143.593109344874,-38.372488904107,143.593110444874
53313410198,4 WARBLER CT WINTER VALLEY 3358,-37.574505986448,143.784648824383,-37.574505486448004,143.784649924383
53313410405,2 WARBLER CT WINTER VALLEY 3358,-37.574469273712,143.784335257385,-37.574468773712,143.784336357385
53313587596,3 WARBLER CT WINTER VALLEY 3358,-37.57448763008,143.784492082794,-37.57448713008,143.784493182794
53303517281,51 WARD GR PASCOE VALE SOUTH 3044,-37.74977468315,144.93919018886,-37.74977418315,144.93919128886
53303784252,61 WARD GR PASCOE VALE SOUTH 3044,-37.749651259626,144.937736263935,-37.749650759626,144.93773736393499
53313328289,33 WARDELL ST TARNEIT 3029,-37.828163959937,144.681289002617,-37.828163459937,144.681290102617
53313301660,14 WARDELL ST TARNEIT 3029,-37.828488255771,144.680269008819,-37.828487755771,144.680270108819
53313414859,4 WARDELL ST TARNEIT 3029,-37.828408082867,144.679540453795,-37.828407582867,144.679541553795
53313446803,10 WARDELL ST TARNEIT 3029,-37.82845636263,144.679979330245,-37.82845586263,144.679980430245
53313542328,22 WARDELL ST TARNEIT 3029,-37.828551078135,144.680839984063,-37.828550578135,144.680841084063
53313301982,16 WARDELL ST TARNEIT 3029,-37.828503720382,144.680409657154,-37.828503220382004,144.680410757154
53313543038,28 WARDELL ST TARNEIT 3029,-37.828538505281,144.681361841355,-37.828538005281004,144.681362941355
53313394844,26 WARDELL ST TARNEIT 3029,-37.828517382885,144.681182049532,-37.828516882885005,144.681183149532
53313342026,21 WARDELL ST TARNEIT 3029,-37.828082529748,144.680549299661,-37.828082029748,144.680550399661
53313558498,27 WARDELL ST TARNEIT 3029,-37.828119703488,144.680886755083,-37.828119203488,144.680887855083
53313505780,29 WARDELL ST TARNEIT 3029,-37.828133324081,144.681010555793,-37.828132824081,144.681011655793
53313363724,35 WARDELL ST TARNEIT 3029,-37.828178209173,144.681418335383,-37.828177709173,144.681419435383
53313328307,37 WARDELL ST TARNEIT 3029,-37.828192458408,144.681547668149,-37.828191958408,144.68154876814899
53314027966,39 WARHAWKE RD AINTREE 3336,-37.711645615153,144.669178242175,-37.711645115153004,144.669179342175
53314099206,51 WARHAWKE RD AINTREE 3336,-37.711070868052,144.66851649092,-37.711070368052,144.66851759092
53314112446,46 WARHAWKE RD AINTREE 3336,-37.710870666295,144.669170447006,-37.710870166295,144.669171547006
53314163043,64 WARHAWKE RD AINTREE 3336,-37.710162521205,144.667840490429,-37.710162021205,144.667841590429
53314059372,22 WARHAWKE RD AINTREE 3336,-37.712124934286,144.670634262576,-37.712124434286004,144.67063536257598
53314009361,40 WARHAWKE RD AINTREE 3336,-37.711118309624,144.669459622665,-37.711117809624,144.66946072266498
53314019336,30 WARHAWKE RD AINTREE 3336,-37.711737438902,144.670182813271,-37.711736938902,144.670183913271
53314019360,24 WARHAWKE RD AINTREE 3336,-37.712030637875,144.670515742465,-37.712030137875004,144.670516842465
53314035960,10 WARHAWKE RD AINTREE 3336,-37.712475297839,144.671726843655,-37.712474797839,144.671727943655
53314159315,21 WARHAWKE RD AINTREE 3336,-37.712609827385,144.670394037231,-37.712609327385,144.670395137231
53314135587,12 WARHAWKE RD AINTREE 3336,-37.712457192928,144.671572616637,-37.712456692928,144.671573716637
53314177456,60 WARHAWKE RD AINTREE 3336,-37.710236617229,144.668137964172,-37.710236117229,144.66813906417198
53314101459,50 WARHAWKE RD AINTREE 3336,-37.710700848936,144.668971460624,-37.710700348936,144.66897256062398
53314180790,54 WARHAWKE RD AINTREE 3336,-37.71052654726,144.668708771779,-37.710526047260004,144.668709871779
53314064349,34 WARHAWKE RD AINTREE 3336,-37.711559155822,144.669974522977,-37.711558655822,144.66997562297698
53314028758,48 WARHAWKE RD AINTREE 3336,-37.710788146458,144.6690739713,-37.710787646458,144.6690750713
53314069777,26 WARHAWKE RD AINTREE 3336,-37.711934832722,144.670415159627,-37.711934332722,144.670416259627
53314112487,20 WARHAWKE RD AINTREE 3336,-37.712194965087,144.670758398562,-37.712194465087,144.67075949856198
53314159307,17 WARHAWKE RD AINTREE 3336,-37.712868451007,144.671014968618,-37.712867951007,144.671016068618
53314200960,58 WARHAWKE RD AINTREE 3336,-37.710275970264,144.668271906985,-37.710275470264,144.668273006985
53313986070,23 WARHAWKE RD AINTREE 3336,-37.71250723289,144.670239055841,-37.71250673289,144.670240155841
53314005213,45 WARHAWKE RD AINTREE 3336,-37.711341813072,144.668823436214,-37.711341313072005,144.668824536214
53314063061,27 WARHAWKE RD AINTREE 3336,-37.712320777454,144.669962620675,-37.712320277454005,144.66996372067499
53314101153,25 WARHAWKE RD AINTREE 3336,-37.71240074081,144.670108046695,-37.71240024081,144.67010914669498
53314106639,9 WARIN LANE BACCHUS MARSH 3340,-37.676379511913,144.411857921822,-37.676379011913,144.41185902182198
53314024963,5 WARIN LANE BACCHUS MARSH 3340,-37.676272265462,144.41187451799,-37.676271765462005,144.41187561798998
53314193172,33 WARIN LANE BACCHUS MARSH 3340,-37.677097254282,144.411494147224,-37.677096754282005,144.411495247224
53314024955,19 WARIN LANE BACCHUS MARSH 3340,-37.676690648159,144.411809809698,-37.676690148159004,144.411810909698
53314024970,11 WARIN LANE BACCHUS MARSH 3340,-37.67644388493,144.411847947357,-37.67644338493,144.41184904735698
53314024996,3 WARIN LANE BACCHUS MARSH 3340,-37.676218579372,144.411882816074,-37.676218079372,144.411883916074
53314106621,7 WARIN LANE BACCHUS MARSH 3340,-37.676325867733,144.411866219906,-37.676325367733,144.41186731990598
53314106647,17 WARIN LANE BACCHUS MARSH 3340,-37.676637003979,144.411818107782,-37.676636503979005,144.411819207782
53314193165,31 WARIN LANE BACCHUS MARSH 3340,-37.677071857116,144.411554161651,-37.677071357116,144.411555261651
53314193198,37 WARIN LANE BACCHUS MARSH 3340,-37.677153790219,144.41136028823,-37.677153290219,144.41136138822998
53303289582,83 WARINGA DR MITCHELL PARK 3355,-37.518878521026,143.809523131004,-37.518878021026,143.809524231004
53305606570,31F WARINGA DR MITCHELL PARK 3355,-37.519090411669,143.81029691304,-37.519089911669,143.81029801303998
53300008809,14 WARINGA DR MITCHELL PARK 3355,-37.516439388281,143.806497679933,-37.516438888281,143.80649877993298
53303084977,1 WARINGA DR MITCHELL PARK 3355,-37.515473911647,143.806790939621,-37.515473411647,143.806792039621
53312761474,2C WARLEIGH RD WEST FOOTSCRAY 3012,-37.798185286949,144.879622098468,-37.798184786949,144.87962319846798
53313162269,54 WARMINGTON RD SUNSHINE WEST 3020,-37.801958526392,144.822862448554,-37.801958026392,144.82286354855398
53302197557,32 WARNE ST COOLAROO 3048,-37.664072656848,144.936925063346,-37.664072156848,144.936926163346
53300986357,4 WARNIES LANE ARARAT 3377,-37.288383938041,142.917054371404,-37.288383438041,142.91705547140398
53314146394,19 WARRACKNABEAL RD EYNESBURY 3338,-37.785787320596,144.540819872423,-37.785786820596,144.54082097242298
53314178208,13 WARRACKNABEAL RD EYNESBURY 3338,-37.785421324794,144.540864464147,-37.785420824794,144.540865564147
53314166574,8 WARRACKNABEAL RD EYNESBURY 3338,-37.785049335931,144.540430700658,-37.785048835931,144.54043180065798
53314166590,16 WARRACKNABEAL RD EYNESBURY 3338,-37.785515537386,144.540373871355,-37.785515037386,144.540374971355
53314146386,17 WARRACKNABEAL RD EYNESBURY 3338,-37.785661801596,144.540835127486,-37.785661301596,144.54083622748598
53314146404,20 WARRACKNABEAL RD EYNESBURY 3338,-37.785750021127,144.540345205246,-37.785749521127,144.540346305246
53303062018,46 WARREEN ST SEBASTOPOL 3356,-37.593485590813,143.845899581837,-37.593485090813004,143.84590068183698
53304044533,12 WARREN CT ALTONA MEADOWS 3028,-37.875878530497,144.776178600628,-37.875878030497,144.77617970062798
53313593842,4 WARREN ST THORNHILL PARK 3335,-37.718358094673,144.627730317706,-37.718357594673,144.627731417706
53313736558,9 WARREN ST THORNHILL PARK 3335,-37.717979609835,144.627970291594,-37.717979109835,144.627971391594
53313510286,11 WARREN ST THORNHILL PARK 3335,-37.718010497148,144.62809182919,-37.718009997148,144.62809292919
53313575130,8 WARREN ST THORNHILL PARK 3335,-37.718416851814,144.627978673497,-37.718416351814,144.627979773497
53314097638,13 WARREN ST THORNHILL PARK 3335,-37.718052406664,144.628256617407,-37.718051906664,144.628257717407
53313080348,25 WARRIGAL DR AINTREE 3336,-37.724851429334,144.677255546989,-37.724850929334,144.67725664698898
53313060787,33 WARRIGAL DR AINTREE 3336,-37.724391681945,144.677347161191,-37.724391181945,144.67734826119099
53313114502,26 WARRIGAL DR AINTREE 3336,-37.724885040766,144.677780254128,-37.724884540766,144.677781354128
53313372287,34 WARRIGAL DR AINTREE 3336,-37.724186492955,144.677907575237,-37.724185992955,144.67790867523698
53313112653,27 WARRIGAL DR AINTREE 3336,-37.724748499563,144.677266275826,-37.724747999563,144.677267375826
53313132949,3 WARRIGAL DR AINTREE 3336,-37.724825361615,144.675840933191,-37.724824861615,144.675842033191
53313146791,32 WARRIGAL DR AINTREE 3336,-37.724327644205,144.677884105909,-37.724327144205,144.67788520590898
53313057823,35 WARRIGAL DR AINTREE 3336,-37.724273329472,144.677366858664,-37.724272829472,144.67736795866398
53313065119,7 WARRIGAL DR AINTREE 3336,-37.72497041045,144.676057940664,-37.72496991045,144.676059040664
53313409362,4 WARRIGAL DR AINTREE 3336,-37.725253173954,144.675670612918,-37.725252673954,144.675671712918
53313422415,10 WARRIGAL DR AINTREE 3336,-37.725509869738,144.676054587903,-37.725509369738,144.676055687903
53313156246,24 WARRIGAL DR AINTREE 3336,-37.725024850911,144.677735662403,-37.725024350911,144.677736762403
53313457916,8 WARRIGAL DR AINTREE 3336,-37.725424290507,144.675926596241,-37.725423790507,144.675927696241
53313105525,1 WARRIGAL DR AINTREE 3336,-37.72473404078,144.675729621516,-37.72473354078,144.675730721516
53313128798,12 WARRIGAL DR AINTREE 3336,-37.725582373201,144.67616304973,-37.725581873201,144.67616414973
53313946256,15 WARRIGAL DR AINTREE 3336,-37.725405179768,144.676782220917,-37.725404679768005,144.676783320917
53304580769,8 WARRINGTON CRES DEER PARK 3023,-37.757248658574,144.761478083563,-37.757248158574,144.76147918356298
53313840970,6 WARRUP CRES BACCHUS MARSH 3340,-37.673189443384,144.410636091796,-37.673188943384,144.41063719179598
53313187614,17 WARWARICK CT LEOPOLD 3224,-38.194705968813,144.465908708268,-38.194705468813,144.46590980826798
53313278451,22 WARWARICK CT LEOPOLD 3224,-38.195134954618,144.466099731841,-38.195134454618,144.466100831841
53313263180,18 WARWARICK CT LEOPOLD 3224,-38.195100085901,144.465815333866,-38.195099585901,144.465816433866
53313366884,25 WARWARICK CT LEOPOLD 3224,-38.194768078716,144.466450598308,-38.194767578716004,144.466451698308
53313387260,15 WARWARICK CT LEOPOLD 3224,-38.19469151003,144.465782476806,-38.19469101003,144.465783576806
53313230264,24 WARWARICK CT LEOPOLD 3224,-38.19516508756,144.466242475652,-38.19516458756,144.466243575652
53313312558,26 WARWARICK CT LEOPOLD 3224,-38.194925658496,144.466487981596,-38.194925158496,144.466489081596
53313262629,21 WARWARICK CT LEOPOLD 3224,-38.194726378748,144.466155806773,-38.194725878748,144.466156906773
53313928016,20 WARWARICK CT LEOPOLD 3224,-38.19511655634,144.465956485116,-38.19511605634,144.465957585116
53313472070,5 WASHINGTON DR THORNHILL PARK 3335,-37.71945859665,144.6190844684,-37.71945809665,144.61908556839998
53313497878,26 WASHINGTON DR THORNHILL PARK 3335,-37.718215979504,144.619440364008,-37.718215479504,144.619441464008
53313497936,82 WASHINGTON DR THORNHILL PARK 3335,-37.718990676905,144.621802300504,-37.718990176905,144.62180340050398
53313498002,72 WASHINGTON DR THORNHILL PARK 3335,-37.718897805418,144.621519243634,-37.718897305418004,144.621520343634
53313486922,56 WASHINGTON DR THORNHILL PARK 3335,-37.718669189009,144.620822120747,-37.718668689009,144.62082322074698
53313486989,64 WASHINGTON DR THORNHILL PARK 3335,-37.718741399105,144.621042229524,-37.718740899105,144.62104332952399
53313487053,42 WASHINGTON DR THORNHILL PARK 3335,-37.718456246759,144.620172858527,-37.718455746759,144.620173958527
53313432181,94 WASHINGTON DR THORNHILL PARK 3335,-37.719323857557,144.622885242395,-37.719323357557,144.622886342395
53313285431,7 WASHINGTON DR THORNHILL PARK 3335,-37.719440282192,144.618915908327,-37.719439782192,144.618917008327
53313486908,52 WASHINGTON DR THORNHILL PARK 3335,-37.7186180594,144.620683903164,-37.7186175594,144.620685003164
53313487037,38 WASHINGTON DR THORNHILL PARK 3335,-37.718417606185,144.620054925149,-37.718417106185,144.62005602514898
53313487078,46 WASHINGTON DR THORNHILL PARK 3335,-37.718489774372,144.620275117746,-37.718489274372004,144.62027621774598
53313586161,8 WASHINGTON DR THORNHILL PARK 3335,-37.719011212568,144.618970642155,-37.719010712568,144.618971742155
53313300786,12 WASHINGTON DR THORNHILL PARK 3335,-37.718692951705,144.619145740112,-37.718692451705,144.619146840112
53313489769,4 WASHINGTON DR THORNHILL PARK 3335,-37.719046668019,144.619310276871,-37.719046168019,144.619311376871
53313497853,30 WASHINGTON DR THORNHILL PARK 3335,-37.718257260378,144.619566092556,-37.718256760378004,144.619567192556
53313497894,22 WASHINGTON DR THORNHILL PARK 3335,-37.718174740541,144.619314551642,-37.718174240541,144.61931565164198
53313497928,86 WASHINGTON DR THORNHILL PARK 3335,-37.719047967214,144.621937500603,-37.719047467214004,144.621938600603
53313497952,78 WASHINGTON DR THORNHILL PARK 3335,-37.718951952513,144.621684367127,-37.718951452513004,144.62168546712698
53313497985,68 WASHINGTON DR THORNHILL PARK 3335,-37.718844999428,144.621384630269,-37.718844499428,144.621385730269
53313498026,76 WASHINGTON DR THORNHILL PARK 3335,-37.718936487901,144.621637177012,-37.718935987901,144.62163827701198
53313311676,3 WASHINGTON DR THORNHILL PARK 3335,-37.719475737642,144.619241796722,-37.719475237642,144.619242896722
53313880737,90 WASHINGTON DR THORNHILL PARK 3335,-37.719250432085,144.62254887662,-37.719249932085,144.62254997661998
53312869887,11 WASHINGTON ST ST ALBANS 3021,-37.746533987926,144.787555441627,-37.746533487926,144.787556541627
53312856778,11 WASHINGTON ST ST ALBANS 3021,-37.746533987926,144.787555441627,-37.746533487926,144.787556541627
53313952048,27 WASIM CCT ROCKBANK 3335,-37.736369798768,144.64653771587,-37.736369298768004,144.64653881587
53314008784,23 WASIM CCT ROCKBANK 3335,-37.736353118781,144.646251892972,-37.736352618781,144.646252992972
53314036851,25 WASIM CCT ROCKBANK 3335,-37.736355256166,144.646390445831,-37.736354756166,144.646391545831
53314191269,7 WATCHEM ST EYNESBURY 3338,-37.781919323738,144.540367584927,-37.781918823738,144.540368684927
53314159355,11 WATCHEM ST EYNESBURY 3338,-37.781899416718,144.54010766211,-37.781898916718,144.54010876210998
53314168231,8 WATCHUPGA ST EYNESBURY 3338,-37.78392490362,144.54320678699,-37.78392440362,144.54320788699
53314130324,14 WATCHUPGA ST EYNESBURY 3338,-37.783561757665,144.543251127258,-37.783561257665,144.543252227258
53314130960,10 WATCHUPGA ST EYNESBURY 3338,-37.783801647734,144.543221790596,-37.783801147734,144.54322289059598
53314156188,11 WATCHUPGA ST EYNESBURY 3338,-37.783615988578,144.542714266359,-37.783615488578,144.542715366359
53314142848,7 WATCHUPGA ST EYNESBURY 3338,-37.78386434437,144.54268392387,-37.78386384437,144.54268502386998
53314142830,17 WATCHUPGA ST EYNESBURY 3338,-37.783266337488,144.542756930246,-37.783265837488,144.54275803024598
53314193215,2 WATER RIBBON VIEW BANNOCKBURN 3331,-38.033361876399,144.158734588026,-38.033361376399,144.15873568802598
53314150050,16 WATER RIBBON VIEW BANNOCKBURN 3331,-38.032556585051,144.157815344705,-38.032556085051,144.157816444705
53306397061,99999 WATER ST CRESWICK 3363,-37.423938298782,143.897515314321,-37.423937798782,143.897516414321
53312957476,4 WATERBIRD CCT WEIR VIEWS 3338,-37.725152423477,144.573548438295,-37.725151923477,144.573549538295
53312904628,22 WATERBIRD CCT WEIR VIEWS 3338,-37.726047568827,144.573471157147,-37.726047068827,144.573472257147
53313100148,24 WATERBIRD CCT WEIR VIEWS 3338,-37.726201544388,144.573626389994,-37.726201044388,144.57362748999398
53313008125,34 WATERBIRD CCT WEIR VIEWS 3338,-37.725922175555,144.57315063317,-37.725921675555,144.57315173317
53313071256,42 WATERBIRD CCT WEIR VIEWS 3338,-37.725404676853,144.573110064759,-37.725404176853004,144.57311116475898
53312902440,36 WATERBIRD CCT WEIR VIEWS 3338,-37.725803320168,144.573115429177,-37.725802820168,144.57311652917699
53313024097,32 WATERBIRD CCT WEIR VIEWS 3338,-37.72603256522,144.573196817456,-37.726032065220004,144.57319791745599
53313084488,10 WATERBIRD CCT WEIR VIEWS 3338,-37.725406604691,144.573502673103,-37.725406104691004,144.573503773103
53313084811,31 WATERBIRD CCT WEIR VIEWS 3338,-37.726651652589,144.573639633401,-37.726651152589,144.573640733401
53313210738,20 WATERBIRD CCT WEIR VIEWS 3338,-37.725867357909,144.573428660898,-37.725866857909004,144.573429760898
53313235733,30 WATERBIRD CCT WEIR VIEWS 3338,-37.726147900208,144.573248701437,-37.726147400208,144.573249801437
53314034764,20 WATERCOURSE AVE LARA 3212,-38.011797460733,144.370230373168,-38.011796960733,144.370231473168
53314118510,90 WATERCOURSE AVE LARA 3212,-38.006786214191,144.369826616892,-38.006785714191004,144.369827716892
53314090651,15 WATERCOURSE AVE LARA 3212,-38.011992256163,144.369532244452,-38.011991756163,144.36953334445198
53314155198,102 WATERCOURSE AVE LARA 3212,-38.00605045073,144.36995838041,-38.00604995073,144.36995948041
53313897721,10 WATERCOURSE AVE LARA 3212,-38.012380799284,144.370118893855,-38.012380299284004,144.37011999385498
53313903884,5 WATERCOURSE AVE LARA 3212,-38.012571110396,144.369421519511,-38.012570610396004,144.369422619511
53313889968,16 WATERCOURSE AVE LARA 3212,-38.012040158739,144.370184021243,-38.012039658739,144.370185121243
53314096474,101 WATERCOURSE AVE LARA 3212,-38.006454458463,144.370851807469,-38.006453958463,144.370852907469
53314021112,8 WATERCOURSE AVE LARA 3212,-38.012505480094,144.37009508925,-38.012504980094,144.37009618924998
53313917348,22 WATERCOURSE AVE LARA 3212,-38.011663895106,144.370255937972,-38.011663395106,144.37025703797198
53314084578,64 WATERCOURSE AVE LARA 3212,-38.008742676121,144.370315198028,-38.008742176121004,144.370316298028
53314108345,100 WATERCOURSE AVE LARA 3212,-38.006175299178,144.369936000728,-38.006174799178,144.36993710072798
53314140464,38 WATERCOURSE AVE LARA 3212,-38.010662592952,144.370568247685,-38.010662092952,144.37056934768498
53314187167,46 WATERCOURSE AVE LARA 3212,-38.009773985487,144.370857842439,-38.009773485487,144.37085894243899
53314104476,97 WATERCOURSE AVE LARA 3212,-38.006224794316,144.370892878795,-38.006224294316,144.37089397879498
53314108262,11 WATERCOURSE AVE LARA 3212,-38.012230469851,144.369486730718,-38.012229969851,144.369487830718
53314070843,104 WATERCOURSE AVE LARA 3212,-38.007032432597,144.370836384767,-38.007031932597,144.37083748476698
53313900058,9 WATERCOURSE AVE LARA 3212,-38.012341781525,144.369465440684,-38.012341281525,144.369466540684
53313950282,3 WATERCOURSE AVE LARA 3212,-38.012704634114,144.369395954706,-38.012704134114,144.36939705470598
53313872294,7 WATERCOURSE AVE LARA 3212,-38.012453135109,144.36944415065,-38.012452635109,144.36944525065
53314046967,12 WATERCOURSE AVE LARA 3212,-38.012262782088,144.370141441175,-38.012262282088,144.370142541175
53313903463,18 WATERCOURSE AVE LARA 3212,-38.011922141543,144.370206568563,-38.011921641543005,144.37020766856298
53313958549,99 WATERFERN ST FRASER RISE 3336,-37.711625037581,144.714360639786,-37.711624537581,144.714361739786
53313995989,101 WATERFERN ST FRASER RISE 3336,-37.711743012868,144.714337924828,-37.711742512868,144.71433902482798
53313834690,18 WATERFERN ST FRASER RISE 3336,-37.712730484881,144.716547478324,-37.712729984881,144.716548578324
53313753073,65 WATERFERN ST FRASER RISE 3336,-37.709956200658,144.715385578906,-37.709955700658,144.715386678906
53313924673,3 WATERFERN ST FRASER RISE 3336,-37.712951096572,144.715719094833,-37.712950596572,144.71572019483298
53313646229,52 WATERFERN ST FRASER RISE 3336,-37.710618706285,144.716954000628,-37.710618206285,144.71695510062798
53313906888,87 WATERFERN ST FRASER RISE 3336,-37.71058631023,144.714518890118,-37.71058581023,144.714519990118
53313923148,1 WATERFERN ST FRASER RISE 3336,-37.712935925328,144.715594204476,-37.712935425328,144.71559530447598
53313688164,51 WATERFERN ST FRASER RISE 3336,-37.710399561427,144.716210022902,-37.710399061427005,144.716211122902
53313697940,56 WATERFERN ST FRASER RISE 3336,-37.710468837857,144.716982834375,-37.710468337857,144.71698393437498
53314198584,49 WATERFERN ST FRASER RISE 3336,-37.710405428759,144.716473801395,-37.710404928759004,144.716474901395
53313665591,16 WATERFERN ST FRASER RISE 3336,-37.712823985011,144.716529457232,-37.712823485011,144.716530557232
53313819643,79 WATERFERN ST FRASER RISE 3336,-37.70998025672,144.714675883164,-37.70997975672,144.714676983164
53313896971,7 WATERFERN ST FRASER RISE 3336,-37.712979678862,144.715954542493,-37.712979178862,144.715955642493
53313673711,91 WATERFERN ST FRASER RISE 3336,-37.711130421474,144.714455942025,-37.711129921474004,144.714457042025
53313635100,14 WATERFERN ST FRASER RISE 3336,-37.712926411868,144.71650975976,-37.712925911868,144.71651085975998
53313676045,59 WATERFERN ST FRASER RISE 3336,-37.710128532588,144.715731416231,-37.710128032588,144.715732516231
53313643952,19 WATERFERN ST FRASER RISE 3336,-37.712514734693,144.716084210536,-37.712514234693,144.716085310536
53313737398,109 WATERFERN ST FRASER RISE 3336,-37.712195006996,144.714250836854,-37.712194506996,144.714251936854
53313598165,46 WATERFERN ST FRASER RISE 3336,-37.710922508366,144.716895494944,-37.710922008366,144.716896594944
53313739767,117 WATERFERN ST FRASER RISE 3336,-37.712599559553,144.714253016149,-37.712599059553,144.714254116149
53313761656,73 WATERFERN ST FRASER RISE 3336,-37.709585469081,144.714751990845,-37.709584969081,144.714753090845
53313937378,63 WATERFERN ST FRASER RISE 3336,-37.710019651665,144.715512900015,-37.710019151665,144.715514000015
53313763329,121 WATERFERN ST FRASER RISE 3336,-37.712637822941,144.714567840432,-37.712637322941,144.714568940432
53314047056,31 WATERFERN ST FRASER RISE 3336,-37.711884541303,144.716205496674,-37.711884041303,144.716206596674
53314002300,15 WATERFERN ST FRASER RISE 3336,-37.712692850136,144.716049928552,-37.712692350136,144.716051028552
53314002480,95 WATERFERN ST FRASER RISE 3336,-37.711382339574,144.714407410805,-37.711381839574,144.714408510805
53313669551,26 WATERFERN ST FRASER RISE 3336,-37.712387623131,144.716613443902,-37.712387123131,144.71661454390198
53313594197,42 WATERFERN ST FRASER RISE 3336,-37.711145173624,144.716852663419,-37.711144673624,144.71685376341898
53313785761,50 WATERFERN ST FRASER RISE 3336,-37.710703321598,144.716937655917,-37.710702821598,144.716938755917
53313743529,36 WATERFERN ST FRASER RISE 3336,-37.711461339012,144.716791810802,-37.711460839012,144.71679291080198
53313932775,9 WATERFERN ST FRASER RISE 3336,-37.712995185383,144.716082031241,-37.712994685383,144.716083131241
53313972046,75 WATERFERN ST FRASER RISE 3336,-37.709747281722,144.714720810165,-37.709746781722004,144.714721910165
53313932207,85 WATERFERN ST FRASER RISE 3336,-37.710468334942,144.714541605075,-37.710467834942,144.714542705075
53313992886,8 WATERFERN ST FRASER RISE 3336,-37.713368641079,144.716117738148,-37.713368141079,144.716118838148
53313874472,22 WATERFERN ST FRASER RISE 3336,-37.712570139073,144.716578323728,-37.712569639073,144.71657942372798
53313874813,77 WATERFERN ST FRASER RISE 3336,-37.709858593396,144.714699352493,-37.709858093396,144.714700452493
53313879380,39 WATERFERN ST FRASER RISE 3336,-37.711138677649,144.716349078676,-37.711138177649,144.71635017867598
53304969893,3 WATERFORD WAY MELTON 3337,-37.679863827154,144.546985013665,-37.679863327154,144.54698611366499
53305127404,14 WATERFORD WAY MELTON 3337,-37.679469877705,144.546181189151,-37.679469377705004,144.546182289151
53305236798,18 WATERFORD WAY MELTON 3337,-37.67953085605,144.545775421218,-37.67953035605,144.545776521218
53305726666,5 WATERFORD WAY MELTON 3337,-37.679884781912,144.546775885181,-37.679884281912,144.546776985181
53305207056,6 WATERFORD WAY MELTON 3337,-37.679427339546,144.546756774442,-37.679426839546004,144.546757874442
53305209738,4 WATERFORD WAY MELTON 3337,-37.679410617649,144.546977972867,-37.679410117649,144.546979072867
53305224554,11 WATERFORD WAY MELTON 3337,-37.679954058342,144.546287555502,-37.679953558342,144.546288655502
53305224587,12 WATERFORD WAY MELTON 3337,-37.679453742541,144.546342876063,-37.679453242541,144.54634397606299
53305223787,7 WATERFORD WAY MELTON 3337,-37.679925224595,144.546575809152,-37.679924724595004,144.54657690915198
53305224579,10 WATERFORD WAY MELTON 3337,-37.679441504962,144.546464832754,-37.679441004962,144.546465932754
53305025532,16 WATERFORD WAY MELTON 3337,-37.679510781392,144.545976838351,-37.679510281392,144.545977938351
53305353980,13 WATERFORD WAY MELTON 3337,-37.679970486872,144.546123605476,-37.679969986872,144.546124705476
53304941135,20 WATERFORD WAY MELTON 3337,-37.679548625685,144.545566795648,-37.679548125685,144.545567895648
53302096874,170 WATERLOO RD GLENROY 3046,-37.718764952253,144.922355052513,-37.718764452253,144.922356152513
53301996933,222 WATERLOO RD GLENROY 3046,-37.716537419575,144.921643177477,-37.716536919575,144.921644277477
53302068898,248 WATERLOO RD GLENROY 3046,-37.714699603484,144.920930128973,-37.714699103484,144.920931228973
53302134916,168 WATERLOO RD GLENROY 3046,-37.718927896451,144.922403499914,-37.718927396451,144.922404599914
53302136399,170 WATERLOO RD GLENROY 3046,-37.718764952253,144.922355052513,-37.718764452253,144.922356152513
53302191684,168 WATERLOO RD GLENROY 3046,-37.718927896451,144.922403499914,-37.718927396451,144.922404599914
53302139582,226 WATERLOO RD GLENROY 3046,-37.716258469837,144.921439664867,-37.716257969837,144.921440764867
53302158988,170 WATERLOO RD GLENROY 3046,-37.718764952253,144.922355052513,-37.718764452253,144.922356152513
53305353998,152 WATERLOO RD GLENROY 3046,-37.720227426719,144.922940276993,-37.720226926719,144.92294137699298
53312441152,206 WATERLOO RD GLENROY 3046,-37.717274356502,144.921878876594,-37.717273856502004,144.921879976594
53302030117,246 WATERLOO RD GLENROY 3046,-37.714816279577,144.921093240809,-37.714815779577,144.921094340809
53302083384,162 WATERLOO RD GLENROY 3046,-37.719398372676,144.92256485155,-37.719397872676,144.92256595154998
53301959526,242 WATERLOO RD GLENROY 3046,-37.715102856846,144.921062311586,-37.715102356846,144.921063411586
53302088186,218 WATERLOO RD GLENROY 3046,-37.716831121462,144.921733953488,-37.716830621462,144.921735053488
53301973774,178 WATERLOO RD GLENROY 3046,-37.718445308375,144.922267461625,-37.718444808375004,144.922268561625
53301974236,178 WATERLOO RD GLENROY 3046,-37.718445308375,144.922267461625,-37.718444808375004,144.922268561625
53302026963,152 WATERLOO RD GLENROY 3046,-37.720227426719,144.922940276993,-37.720226926719,144.92294137699298
53302001538,170 WATERLOO RD GLENROY 3046,-37.718764952253,144.922355052513,-37.718764452253,144.922356152513
53302056111,224 WATERLOO RD GLENROY 3046,-37.716385623308,144.921596071181,-37.716385123308,144.921597171181
53302148163,150 WATERLOO RD GLENROY 3046,-37.720380186904,144.923021329997,-37.720379686904,144.923022429997
53302158392,170 WATERLOO RD GLENROY 3046,-37.718764952253,144.922355052513,-37.718764452253,144.922356152513
53302205764,168 WATERLOO RD GLENROY 3046,-37.718927896451,144.922403499914,-37.718927396451,144.922404599914
53302180372,244 WATERLOO RD GLENROY 3046,-37.714949048923,144.921135485601,-37.714948548923005,144.921136585601
53302424594,7 WATERLOO ST GEELONG WEST 3218,-38.136656930734,144.351245613932,-38.136656430734,144.351246713932
53302716884,7 WATERLOO ST GEELONG WEST 3218,-38.136656930734,144.351245613932,-38.136656430734,144.351246713932
53301790254,5 WATERS DR SEAHOLME 3018,-37.858740933174,144.843906306123,-37.858740433174,144.84390740612298
53313286587,77 WATERS DR SEAHOLME 3018,-37.859667343022,144.849271813803,-37.859666843022,144.849272913803
53307531826,261-269 WATERVIEW BVD CRAIGIEBURN 3064,-37.583138257071,144.906813662921,-37.583137757071,144.906814762921
53305463987,69 WATERVIEW DR CAIRNLEA 3023,-37.760240956098,144.782698966927,-37.760240456098,144.782700066927
53305430236,55 WATERVIEW DR CAIRNLEA 3023,-37.761330477782,144.782527640826,-37.761329977782005,144.782528740826
53305477680,71 WATERVIEW DR CAIRNLEA 3023,-37.760020176768,144.782820504523,-37.760019676768,144.78282160452298
53306117413,53 WATERVIEW DR CAIRNLEA 3023,-37.761487428919,144.782506183154,-37.761486928919,144.782507283154
53303915305,2 WATSON WALK FLEMINGTON 3031,-37.790892863549,144.924991831614,-37.790892363549,144.92499293161399
53303915485,3 WATSON WALK FLEMINGTON 3031,-37.790928067542,144.924945814966,-37.790927567542,144.924946914966
53303915858,4 WATSON WALK FLEMINGTON 3031,-37.790960212141,144.924871970399,-37.790959712141,144.924873070399
53303915361,1 WATSON WALK FLEMINGTON 3031,-37.790841272935,144.925023179932,-37.790840772935,144.925024279932
53304320406,5 WATSON WALK FLEMINGTON 3031,-37.790805775575,144.924769627361,-37.790805275575,144.924770727361
53302875656,35 WATSONS RD DIGGERS REST 3427,-37.61321814154,144.71938466873,-37.613217641540004,144.71938576872998
53302820579,245 WATSONS RD DIGGERS REST 3427,-37.618520056156,144.747163053995,-37.618519556156,144.747164153995
53313054739,33 WATT AVE OAK PARK 3046,-37.717694080303,144.928597642541,-37.717693580303,144.928598742541
53312637640,73 WATT ST LARA 3212,-38.029651903068,144.424170617295,-38.029651403068,144.424171717295
53301776402,78 WATT ST SPOTSWOOD 3015,-37.832539229576,144.873074407164,-37.832538729576,144.873075507164
53301778091,80 WATT ST SPOTSWOOD 3015,-37.832700036388,144.873046746884,-37.832699536388,144.873047846884
53301697250,73 WATT ST SPOTSWOOD 3015,-37.832436551262,144.873686453734,-37.832436051262,144.873687553734
53301780981,82 WATT ST SPOTSWOOD 3015,-37.832822956998,144.873025624488,-37.832822456998,144.873026724488
53301792218,52A WATT ST SPOTSWOOD 3015,-37.830942644659,144.873349165951,-37.830942144659,144.873350265951
53301792240,65 WATT ST SPOTSWOOD 3015,-37.831784984019,144.87379935797,-37.831784484019,144.87380045797
53301886621,70 WATT ST SPOTSWOOD 3015,-37.83207403395,144.87315445434,-37.83207353395,144.87315555434
53301904094,67A WATT ST SPOTSWOOD 3015,-37.831987700347,144.873764237796,-37.831987200347,144.873765337796
53301838012,53 WATT ST SPOTSWOOD 3015,-37.831289948817,144.873790976067,-37.831289448817,144.873792076067
53301860819,64 WATT ST SPOTSWOOD 3015,-37.831747433092,144.873210613091,-37.831746933092,144.873211713091
53301630229,79 WATT ST SPOTSWOOD 3015,-37.832927102145,144.873601461236,-37.832926602145,144.873602561236
53301916750,74 WATT ST SPOTSWOOD 3015,-37.83229217298,144.873116903414,-37.83229167298,144.873118003414
53301776723,68 WATT ST SPOTSWOOD 3015,-37.831965991218,144.873173062165,-37.831965491218,144.873174162165
53301783554,83 WATT ST SPOTSWOOD 3015,-37.833253451545,144.873544967209,-37.833252951545,144.873546067209
53301791567,52 WATT ST SPOTSWOOD 3015,-37.830860921103,144.873363331367,-37.830860421103004,144.87336443136698
53301898682,81 WATT ST SPOTSWOOD 3015,-37.833090633076,144.873573130403,-37.833090133076,144.873574230403
53301920407,67 WATT ST SPOTSWOOD 3015,-37.831905515786,144.873778487031,-37.831905015786,144.87377958703098
53301662436,88 WATT ST SPOTSWOOD 3015,-37.833189623353,144.872962508757,-37.833189123353,144.872963608757
53301774406,62 WATT ST SPOTSWOOD 3015,-37.831638635989,144.873229388554,-37.831638135989,144.873230488554
53302944278,25 WATTLE AVE WENDOUREE 3355,-37.531108934214,143.818210132335,-37.531108434214,143.818211232335
53303892188,6 WATTLE BIRD CT WERRIBEE 3030,-37.880487403777,144.667816015271,-37.880486903777005,144.667817115271
53304299937,7 WATTLE BIRD CT WERRIBEE 3030,-37.880344492328,144.667969068823,-37.880343992328,144.667970168823
53304055449,9 WATTLE BIRD CT WERRIBEE 3030,-37.880092238952,144.668282971097,-37.880091738952004,144.668284071097
53303951318,8 WATTLE BIRD CT WERRIBEE 3030,-37.880236617234,144.668161852596,-37.880236117234,144.668162952596
53304283824,2 WATTLE BIRD CT WERRIBEE 3030,-37.880454630535,144.668606931655,-37.880454130535,144.668608031655
53313181781,92 WATTLE RD MAIDSTONE 3012,-37.777211166815,144.880312515833,-37.777210666815,144.880313615833
53313181857,104 WATTLE RD MAIDSTONE 3012,-37.777176759102,144.879919907488,-37.777176259102,144.87992100748798
53313167608,86 WATTLE RD MAIDSTONE 3012,-37.777299428255,144.880891202428,-37.777298928255,144.88089230242798
53313180918,112 WATTLE RD MAIDSTONE 3012,-37.777154672787,144.879656045176,-37.777154172787,144.879657145176
53313181809,96 WATTLE RD MAIDSTONE 3012,-37.777199683607,144.880181674324,-37.777199183607,144.880182774324
53313181849,102 WATTLE RD MAIDSTONE 3012,-37.777182500706,144.879985370152,-37.777182000706,144.879986470152
53313181872,108 WATTLE RD MAIDSTONE 3012,-37.777165317804,144.87978898216,-37.777164817804,144.87979008215999
53308530026,63 WATTLE ST BENDIGO 3550,-36.761891411972,144.273498684295,-36.761890911972,144.27349978429498
53314211990,12 WATTLE ST DARLEY 3340,-37.661591739236,144.418640474052,-37.661591239236,144.418641574052
53314217243,14 WATTLE ST DARLEY 3340,-37.661694082274,144.418620357485,-37.661693582274005,144.418621457485
53314219075,6 WATTLE ST DARLEY 3340,-37.661093141726,144.418777099074,-37.661092641726,144.41877819907398
53314191888,7 WATTLE ST DARLEY 3340,-37.661184755928,144.419255538108,-37.661184255928,144.41925663810798
53314201777,17 WATTLE ST DARLEY 3340,-37.661792737274,144.419138862015,-37.661792237274,144.41913996201498
53301549908,245 WATTLE ST IRONBARK 3550,-36.753215094448,144.268023876598,-36.753214594448,144.26802497659799
53303755534,99999 WATTLE VALLEY DR HILLSIDE 3037,-37.686248464912,144.742065907057,-37.686247964912,144.742067007057
53313376578,69 WATTLEBIRD CT SUNSHINE NORTH 3020,-37.770568005634,144.850091731572,-37.770567505634,144.850092831572
53313376644,81 WATTLEBIRD CT SUNSHINE NORTH 3020,-37.770246727285,144.850108411559,-37.770246227285,144.850109511559
53313489850,33 WATTLEBIRD CT SUNSHINE NORTH 3020,-37.77119769611,144.849648077437,-37.77119719611,144.849649177437
53313489919,21 WATTLEBIRD CT SUNSHINE NORTH 3020,-37.770835053069,144.849717311957,-37.770834553069,144.84971841195699
53313489982,9 WATTLEBIRD CT SUNSHINE NORTH 3020,-37.770441019801,144.849792497628,-37.770440519801,144.84979359762798
53313370739,53 WATTLEBIRD CT SUNSHINE NORTH 3020,-37.770942131882,144.850020317757,-37.770941631882,144.85002141775698
53313370806,39 WATTLEBIRD CT SUNSHINE NORTH 3020,-37.771258381089,144.849959884235,-37.771257881089,144.849960984235
53313398993,85 WATTLEBIRD CT SUNSHINE NORTH 3020,-37.770134786968,144.850092988857,-37.770134286968,144.850094088857
53313555850,102 WATTLEBIRD CT SUNSHINE NORTH 3020,-37.768918950003,144.850347379618,-37.768918450003,144.850348479618
53313555919,90 WATTLEBIRD CT SUNSHINE NORTH 3020,-37.769348857817,144.850406388217,-37.769348357817,144.850407488217
53313556477,64 WATTLEBIRD CT SUNSHINE NORTH 3020,-37.770253307079,144.850530524203,-37.770252807079004,144.850531624203
53313286496,91 WATTLEBIRD CT SUNSHINE NORTH 3020,-37.769535438982,144.850071782642,-37.769534938982,144.850072882642
53313605721,8 WATTLEBIRD CT SUNSHINE NORTH 3020,-37.770292324838,144.849407852092,-37.770291824838004,144.849408952092
53313605796,42 WATTLEBIRD CT SUNSHINE NORTH 3020,-37.771191870687,144.849236023076,-37.771191370687,144.849237123076
53313605862,26 WATTLEBIRD CT SUNSHINE NORTH 3020,-37.770761166592,144.849318165728,-37.770760666592004,144.84931926572798
53313567721,1 WATTLEBIRD CT SUNSHINE NORTH 3020,-37.770162698706,144.84981831389,-37.770162198706004,144.84981941389
53313370721,55 WATTLEBIRD CT SUNSHINE NORTH 3020,-37.770897582067,144.850028783479,-37.770897082067,144.85002988347898
53313370755,47 WATTLEBIRD CT SUNSHINE NORTH 3020,-37.771075739419,144.849994752952,-37.771075239419,144.849995852952
53313370788,57 WATTLEBIRD CT SUNSHINE NORTH 3020,-37.770848589843,144.85003817121,-37.770848089843,144.85003927121
53313376537,59 WATTLEBIRD CT SUNSHINE NORTH 3020,-37.77079515521,144.850048397132,-37.770794655210004,144.850049497132
53313376561,65 WATTLEBIRD CT SUNSHINE NORTH 3020,-37.770657063355,144.850074716308,-37.770656563355004,144.850075816308
53313376594,71 WATTLEBIRD CT SUNSHINE NORTH 3020,-37.770523497728,144.850100197294,-37.770522997728,144.850101297294
53313376628,77 WATTLEBIRD CT SUNSHINE NORTH 3020,-37.770358080869,144.850121738785,-37.770357580869,144.85012283878498
53313489875,29 WATTLEBIRD CT SUNSHINE NORTH 3020,-37.771077457709,144.849671043851,-37.771076957709,144.849672143851
53313489901,23 WATTLEBIRD CT SUNSHINE NORTH 3020,-37.770903784675,144.849704152369,-37.770903284675,144.84970525236898
53313489933,17 WATTLEBIRD CT SUNSHINE NORTH 3020,-37.770689417501,144.849752851226,-37.770688917501005,144.84975395122598
53313489967,13 WATTLEBIRD CT SUNSHINE NORTH 3020,-37.770556815793,144.849770369404,-37.770556315793,144.849771469404
53313559083,74 WATTLEBIRD CT SUNSHINE NORTH 3020,-37.769846742866,144.850471096509,-37.769846242866,144.850472196509
53313567671,3 WATTLEBIRD CT SUNSHINE NORTH 3020,-37.770248822761,144.849815966957,-37.770248322761,144.849817066957
53313555802,78 WATTLEBIRD CT SUNSHINE NORTH 3020,-37.769738406767,144.850459864759,-37.769737906767,144.85046096475898
53313555834,104 WATTLEBIRD CT SUNSHINE NORTH 3020,-37.768851769049,144.850338159525,-37.768851269049,144.850339259525
53313555875,98 WATTLEBIRD CT SUNSHINE NORTH 3020,-37.769073428479,144.850368585834,-37.769072928479,144.85036968583398
53313555901,92 WATTLEBIRD CT SUNSHINE NORTH 3020,-37.769281634953,144.850397168123,-37.769281134953005,144.850398268123
53313555933,86 WATTLEBIRD CT SUNSHINE NORTH 3020,-37.769498851974,144.850427007699,-37.769498351974,144.850428107699
53313556460,66 WATTLEBIRD CT SUNSHINE NORTH 3020,-37.770186126125,144.850521304109,-37.770185626125,144.850522404109
53313556493,60 WATTLEBIRD CT SUNSHINE NORTH 3020,-37.7704203165,144.850546868914,-37.7704198165,144.850547968914
53313556527,54 WATTLEBIRD CT SUNSHINE NORTH 3020,-37.770649310095,144.85053597244,-37.770648810095004,144.85053707244
53313605689,10 WATTLEBIRD CT SUNSHINE NORTH 3020,-37.770336958473,144.84939930255,-37.770336458473004,144.84940040255
53313605715,6 WATTLEBIRD CT SUNSHINE NORTH 3020,-37.770247523566,144.849416401633,-37.770247023566,144.84941750163298
53313605747,12 WATTLEBIRD CT SUNSHINE NORTH 3020,-37.770381550198,144.849390753009,-37.770381050198004,144.849391853009
53313605770,18 WATTLEBIRD CT SUNSHINE NORTH 3020,-37.770530706165,144.849362170719,-37.770530206165,144.84936327071898
53313605814,22 WATTLEBIRD CT SUNSHINE NORTH 3020,-37.770670767767,144.849335432448,-37.770670267767,144.84933653244798
53313605846,36 WATTLEBIRD CT SUNSHINE NORTH 3020,-37.771028549304,144.849267203756,-37.771028049304,144.849268303756
53313471561,11 WATTLEBIRD DR KURUNJANG 3337,-37.653811028066,144.582129327851,-37.653810528066,144.58213042785098
53313897053,13 WATTLEBIRD DR KURUNJANG 3337,-37.653803316715,144.581970323148,-37.653802816715,144.581971423148
53313843800,53 WATTLEBIRD DR LARA 3212,-38.010308583272,144.376156378713,-38.010308083272,144.376157478713
53313852874,80 WATTLEBIRD DR LARA 3212,-38.009625248615,144.374707734387,-38.009624748615,144.37470883438698
53313859104,31 WATTLEBIRD DR LARA 3212,-38.011477146303,144.376455109742,-38.011476646303,144.376456209742
53314172706,118 WATTLEBIRD DR LARA 3212,-38.010057000448,144.3712923603,-38.010056500448,144.3712934603
53314195441,42 WATTLEBIRD DR LARA 3212,-38.010720721451,144.377228424129,-38.010720221451,144.37722952412898
53313840293,45 WATTLEBIRD DR LARA 3212,-38.01061255299,144.37650372478,-38.01061205299,144.37650482478
53313841104,29 WATTLEBIRD DR LARA 3212,-38.011610921478,144.376431221318,-38.011610421478004,144.376432321318
53314059134,130 WATTLEBIRD DR LARA 3212,-38.009684424852,144.371092703366,-38.009683924852,144.371093803366
53313827902,38 WATTLEBIRD DR LARA 3212,-38.011001724755,144.37718416768,-38.011001224755,144.37718526768
53313913446,82 WATTLEBIRD DR LARA 3212,-38.009606389333,144.374550154607,-38.009605889333,144.37455125460698
53313866703,56 WATTLEBIRD DR LARA 3212,-38.009840537799,144.376671614301,-38.009840037799,144.37667271430098
53313867213,33 WATTLEBIRD DR LARA 3212,-38.011334444401,144.376480590727,-38.011333944401,144.376481690727
53313883013,57 WATTLEBIRD DR LARA 3212,-38.010270906617,144.375841135334,-38.010270406617,144.375842235334
53313883341,75 WATTLEBIRD DR LARA 3212,-38.01006810647,144.374152852397,-38.01006760647,144.374153952397
53313888655,40 WATTLEBIRD DR LARA 3212,-38.010858855215,144.377209648666,-38.010858355215,144.377210748666
53313951298,90 WATTLEBIRD DR LARA 3212,-38.009529694919,144.373908519919,-38.009529194919004,144.373909619919
53313844351,50 WATTLEBIRD DR LARA 3212,-38.010198906069,144.376941427764,-38.010198406069,144.376942527764
53314052922,109 WATTLEBIRD DR LARA 3212,-38.010079924953,144.371447509328,-38.010079424953,144.37144860932798
53314053672,120 WATTLEBIRD DR LARA 3212,-38.009547087368,144.371738864282,-38.009546587368,144.371739964282
53313847131,78 WATTLEBIRD DR LARA 3212,-38.009644107898,144.374865314166,-38.009643607898,144.37486641416598
53313924369,46 WATTLEBIRD DR LARA 3212,-38.010446800855,144.377096241516,-38.010446300855,144.377097341516
53313887054,62 WATTLEBIRD DR LARA 3212,-38.009796197531,144.376137184154,-38.009795697531004,144.376138284154
53314191334,23 WATTLEBIRD DR LARA 3212,-38.012021131819,144.376357879665,-38.012020631819,144.37635897966499
53314199434,35 WATTLEBIRD DR LARA 3212,-38.0111917425,144.376506155532,-38.011191242500004,144.376507255532
53314180313,128 WATTLEBIRD DR LARA 3212,-38.009654627186,144.371232764968,-38.009654127186,144.371233864968
53313945489,65 WATTLEBIRD DR LARA 3212,-38.010195553308,144.375210816215,-38.010195053308,144.375211916215
53314141173,122 WATTLEBIRD DR LARA 3212,-38.009576214482,144.371601149613,-38.009575714482004,144.371602249613
53313947908,61 WATTLEBIRD DR LARA 3212,-38.010233229962,144.375525975775,-38.010232729962,144.37552707577498
53313925112,88 WATTLEBIRD DR LARA 3212,-38.009549853396,144.374077331449,-38.009549353396004,144.374078431449
53313883202,66 WATTLEBIRD DR LARA 3212,-38.009758478966,144.375822024595,-38.009757978966,144.375823124595
53314096797,48 WATTLEBIRD DR LARA 3212,-38.010318809194,144.377016278159,-38.010318309194,144.377017378159
53314199442,44 WATTLEBIRD DR LARA 3212,-38.010562135843,144.37718156929,-38.010561635843004,144.37718266929
53313938088,84 WATTLEBIRD DR LARA 3212,-38.009587530051,144.374392491008,-38.009587030051,144.374393591008
53314046612,107 WATTLEBIRD DR LARA 3212,-38.010050462564,144.37158581073,-38.010049962564004,144.37158691073
53313896568,55 WATTLEBIRD DR LARA 3212,-38.010289765899,144.375998715114,-38.010289265899004,144.375999815114
53313916580,73 WATTLEBIRD DR LARA 3212,-38.010089647961,144.374332979496,-38.010089147961004,144.37433407949598
53313887014,86 WATTLEBIRD DR LARA 3212,-38.009568712679,144.374234911229,-38.009568212679,144.374236011229
53314052948,126 WATTLEBIRD DR LARA 3212,-38.009627679367,144.371359164068,-38.009627179367,144.371360264068
53313887203,36 WATTLEBIRD DR LARA 3212,-38.01113549993,144.377160279256,-38.01113499993,144.377161379256
53305491642,37 WATTLEPARK AVE MOOLAP 3224,-38.1661440051,144.409213515189,-38.1661435051,144.409214615189
53313479496,18 WATTLESEED DR FRASER RISE 3336,-37.715211276764,144.70150145921,-37.715210776764,144.70150255920998
53313427826,23 WATTLESEED DR FRASER RISE 3336,-37.715500536242,144.700882623299,-37.715500036242,144.700883723299
53313422728,36 WATTLESEED DR FRASER RISE 3336,-37.715080267617,144.700425222842,-37.715079767617,144.700426322842
53313543698,16 WATTLESEED DR FRASER RISE 3336,-37.7152228857,144.70159667763,-37.7152223857,144.70159777762998
53313446371,13 WATTLESEED DR FRASER RISE 3336,-37.715591982806,144.701633809461,-37.715591482806,144.70163490946098
53313339781,25 WATTLESEED DR FRASER RISE 3336,-37.715482431331,144.700734095974,-37.715481931331,144.700735195974
53313379508,8 WATTLESEED DR FRASER RISE 3336,-37.715276068875,144.702033961519,-37.715275568875,144.70203506151898
53313437270,10 WATTLESEED DR FRASER RISE 3336,-37.715260394716,144.701905047848,-37.715259894716,144.70190614784798
53313407225,15 WATTLESEED DR FRASER RISE 3336,-37.715573877895,144.701485198318,-37.715573377895,144.701486298318
53313656410,24 WATTLESEED DR FRASER RISE 3336,-37.715158554593,144.701068366273,-37.715158054593005,144.701069466273
53313609284,7 WATTLESEED DR FRASER RISE 3336,-37.715649315024,144.702104956239,-37.715648815024004,144.702106056239
53313851597,21 WATTLESIDE DR OCEAN GROVE 3226,-38.248803652008,144.563340788969,-38.248803152008,144.56334188896898
53313874516,17 WATTLESIDE DR OCEAN GROVE 3226,-38.248950251494,144.563614877203,-38.248949751494,144.563615977203
53313878013,19 WATTLESIDE DR OCEAN GROVE 3226,-38.248879508231,144.563482526952,-38.248879008231,144.56348362695198
53313935259,25 WATTLESIDE DR OCEAN GROVE 3226,-38.248660740558,144.563073741534,-38.248660240558,144.563074841534
53314198116,22 WATTLESIDE DR OCEAN GROVE 3226,-38.248461335082,144.56367749002,-38.248460835082,144.56367859002
53314068670,23 WATTLESIDE DR OCEAN GROVE 3226,-38.248727753874,144.563198967168,-38.248727253874,144.563200067168
53313911963,4 WATTON ST STRATHTULLOH 3338,-37.721922876184,144.605962515159,-37.721922376184004,144.605963615159
53313887425,6 WATTON ST STRATHTULLOH 3338,-37.72190506464,144.605805354475,-37.72190456464,144.605806454475
53313881297,5 WATTON ST STRATHTULLOH 3338,-37.722284136211,144.605737293421,-37.722283636211,144.60573839342098
53314013363,3 WATTON ST STRATHTULLOH 3338,-37.722301947755,144.605894454106,-37.722301447755,144.60589555410598
53304154151,99999 WATTON ST WERRIBEE 3030,-37.905236776226,144.654202786969,-37.905236276226,144.654203886969
53314160132,1 WATTS AVE SUNBURY 3429,-37.586717162089,144.713769212698,-37.586716662089,144.713770312698
53314148332,3 WATTS AVE SUNBURY 3429,-37.586734973633,144.713946741407,-37.586734473633,144.713947841407
53313845622,28 WAUGH ST ROCKBANK 3335,-37.733293095479,144.651170226117,-37.733292595479,144.65117132611698
53313742456,30 WAUGH ST ROCKBANK 3335,-37.733305919791,144.65129461356,-37.733305419791,144.65129571356
53312767735,18 WAVERLEY ST BROADMEADOWS 3047,-37.692915456227,144.918254290204,-37.692914956227,144.918255390204
53303370666,24 WAVERLEY ST ESSENDON 3040,-37.758083118944,144.906550052067,-37.758082618944,144.90655115206698
53303437811,26 WAVERLEY ST ESSENDON 3040,-37.758232903554,144.906520883044,-37.758232403554004,144.906521983044
53303343397,32A WAVERLEY ST ESSENDON 3040,-37.758538046739,144.906554997389,-37.758537546739,144.906556097389
53303639787,14 WAVERLEY ST ESSENDON 3040,-37.757360263615,144.906691538592,-37.757359763615,144.906692638592
53303694023,36 WAVERLEY ST ESSENDON 3040,-37.758643113896,144.906441087325,-37.758642613896,144.90644218732498
53303876653,52 WAVERLEY ST ESSENDON 3040,-37.76000102412,144.906176805918,-37.76000052412,144.90617790591799
53303498472,40 WAVERLEY ST ESSENDON 3040,-37.758914980925,144.906388197516,-37.758914480925,144.906389297516
53303627287,46 WAVERLEY ST ESSENDON 3040,-37.759579875395,144.906258780931,-37.759579375395,144.906259880931
53303639904,30 WAVERLEY ST ESSENDON 3040,-37.758372881337,144.906493641858,-37.758372381337004,144.90649474185798
53303433875,68 WAVERLEY ST ESSENDON 3040,-37.761315725633,144.90590053839,-37.761315225633,144.90590163839
53303305448,66 WAVERLEY ST ESSENDON 3040,-37.761153912992,144.905941609715,-37.761153412992,144.905942709715
53303540617,10 WAVERLEY ST ESSENDON 3040,-37.757086636385,144.906745182773,-37.757086136385,144.90674628277299
53303577617,38 WAVERLEY ST ESSENDON 3040,-37.758778691179,144.90641468433,-37.758778191179005,144.90641578433
53303300473,8 WAVERLEY ST ESSENDON 3040,-37.756954495682,144.906771082853,-37.756953995682004,144.906772182853
53303437613,46A WAVERLEY ST ESSENDON 3040,-37.759444675296,144.906285100107,-37.759444175296004,144.906286200107
53303437704,40A WAVERLEY ST ESSENDON 3040,-37.759051605947,144.906361543064,-37.759051105947,144.906362643064
53303437926,20 WAVERLEY ST ESSENDON 3040,-37.75777185697,144.906610904684,-37.757771356970004,144.90661200468398
53303740628,12 WAVERLEY ST ESSENDON 3040,-37.757222968041,144.906718444501,-37.757222468041,144.906719544501
53303791936,4 WAVERLEY ST ESSENDON 3040,-37.756680658905,144.906824727034,-37.756680158905,144.906825827034
53303855815,18 WAVERLEY ST ESSENDON 3040,-37.757629825621,144.906638732602,-37.757629325621004,144.906639832602
53305772669,56 WAVERLEY ST ESSENDON 3040,-37.76027280733,144.90612383229,-37.76027230733,144.90612493229
53309350596,42 WAVERLEY ST ESSENDON 3040,-37.759187644235,144.90633505625,-37.759187144235,144.90633615624998
53313166690,31 WAVERTREE CRES WERRIBEE 3030,-37.911281719762,144.605387013687,-37.911281219762,144.60538811368698
53313167838,15 WAVERTREE CRES WERRIBEE 3030,-37.911662383895,144.605307217969,-37.911661883895,144.605308317969
53313106715,3 WAVERTREE CRES WERRIBEE 3030,-37.91243498582,144.605325490518,-37.91243448582,144.605326590518
53313169248,25 WAVERTREE CRES WERRIBEE 3030,-37.911408244591,144.605359269588,-37.911407744591,144.605360369588
53303292776,20 WAYUT ST NIDDRIE 3042,-37.735342806082,144.88249340322,-37.735342306082,144.88249450322
53303359278,13 WAYUT ST NIDDRIE 3042,-37.734506208326,144.882633045727,-37.734505708326004,144.882634145727
53303771847,10 WAYUT ST NIDDRIE 3042,-37.734582818921,144.883058511132,-37.734582318921,144.88305961113198
53303799037,12 WAYUT ST NIDDRIE 3042,-37.734728077303,144.882897746229,-37.734727577303,144.88289884622898
53309412165,10 WEBB CRES NEW GISBORNE 3438,-37.470875865533,144.592595894166,-37.470875365533004,144.592596994166
53313056941,8 WEBB RD AIRPORT WEST 3042,-37.716003995257,144.891064905045,-37.716003495257,144.891066005045
53313903712,17 WEBB RD BONSHAW 3352,-37.59594002161,143.812268704089,-37.59593952161,143.812269804089
53314208037,35 WEBB RD BONSHAW 3352,-37.597512382827,143.811995621683,-37.597511882827,143.811996721683
53314133815,23 WEBB RD BONSHAW 3352,-37.596477930246,143.812145322474,-37.596477430246004,143.812146422474
53313875455,19 WEBB RD BONSHAW 3352,-37.596050914189,143.812244145112,-37.596050414189,143.812245245112
53314161189,25 WEBB RD BONSHAW 3352,-37.596617195567,143.812113219785,-37.596616695567,143.812114319785
53313998041,6 WEBB RD BONSHAW 3352,-37.594795430822,143.81193527198,-37.594794930822005,143.81193637197998
53313890645,15 WEBB RD BONSHAW 3352,-37.595827913655,143.812293514522,-37.595827413655,143.812294614522
53313078028,24 WEBB ST ALTONA 3018,-37.868327106288,144.822255850221,-37.868326606288,144.822256950221
53313749385,4 WEBB ST MAMBOURIN 3024,-37.8916595587,144.592420377113,-37.8916590587,144.592421477113
53313648150,15 WEBB ST MAMBOURIN 3024,-37.890869731964,144.591840684689,-37.890869231964004,144.591841784689
53313757792,7 WEBB ST MAMBOURIN 3024,-37.891368539022,144.591846216746,-37.891368039022,144.591847316746
53313903554,3 WEBB ST MAMBOURIN 3024,-37.891611027481,144.591912685238,-37.891610527481,144.59191378523798
53313572112,11 WEBB ST MAMBOURIN 3024,-37.891093235412,144.591807911448,-37.891092735412,144.591809011448
53313681441,2 WEBB ST MAMBOURIN 3024,-37.891766218418,144.592449629955,-37.891765718418,144.592450729955
53313629398,10 WEBB ST MAMBOURIN 3024,-37.891419081898,144.592354495354,-37.891418581898,144.59235559535398
53313702534,23 WEBB ST MAMBOURIN 3024,-37.890354873561,144.591989212014,-37.890354373561,144.591990312014
53313984033,8 WEBB ST MAMBOURIN 3024,-37.89150114073,144.592377042674,-37.89150064073,144.592378142674
53314063707,21 WEBB ST MAMBOURIN 3024,-37.89049866511,144.591976639159,-37.89049816511,144.59197773915898
53314022124,21 WEBBER ST TARNEIT 3029,-37.816062880594,144.668253718255,-37.816062380594,144.66825481825498
53313761523,8 WEBBER ST TARNEIT 3029,-37.815734100442,144.669168183892,-37.815733600442,144.669169283892
53313799804,23 WEBBER ST TARNEIT 3029,-37.816047625531,144.668124553127,-37.816047125531,144.668125653127
53314125753,10 WEBBER ST TARNEIT 3029,-37.815720144573,144.669050250514,-37.815719644573,144.669051350514
53313823307,15 WEBBER ST TARNEIT 3029,-37.816112962466,144.668675076528,-37.816112462466,144.66867617652798
53313836340,30 WEBBER ST TARNEIT 3029,-37.815557493742,144.667677043317,-37.815556993742,144.667678143317
53313921879,16 WEBBER ST TARNEIT 3029,-37.815668553959,144.668615062101,-37.815668053959,144.668616162101
53313883053,26 WEBBER ST TARNEIT 3029,-37.815590686079,144.667957837073,-37.815590186079,144.667958937073
53313808027,25 WEBBER ST TARNEIT 3029,-37.816033669662,144.66800661975,-37.816033169662,144.66800771975
53313891314,32 WEBBER ST TARNEIT 3029,-37.815541358579,144.667540921209,-37.815540858579,144.667542021209
53313870169,29 WEBBER ST TARNEIT 3029,-37.81600177652,144.667737057743,-37.81600127652,144.667738157743
53313802079,14 WEBBER ST TARNEIT 3029,-37.815686784599,144.668768115653,-37.815686284599,144.668769215653
53314064836,19 WEBBER ST TARNEIT 3029,-37.816079518672,144.668394115133,-37.816079018672,144.668395215133
53313975066,4 WEBBER ST TARNEIT 3029,-37.815766999412,144.66944621162,-37.815766499412,144.66944731162
53313985361,6 WEBBER ST TARNEIT 3029,-37.815749397416,144.66929734902,-37.815748897416,144.66929844902
53313987423,17 WEBBER ST TARNEIT 3029,-37.816096240569,144.668534595831,-37.816095740569004,144.668535695831
53303034832,11 WEBBS RD CAMPBELLS CREEK 3451,-37.088457442396,144.208566092052,-37.088456942396,144.208567192052
53302904911,45 WEBSTER ST BALLARAT CENTRAL 3350,-37.557211396078,143.851172385668,-37.557210896078004,143.851173485668
53303150202,136 WEBSTER ST LAKE WENDOUREE 3350,-37.555603872778,143.844216411861,-37.555603372778,143.844217511861
53303057932,128 WEBSTER ST LAKE WENDOUREE 3350,-37.555882696787,143.844823177832,-37.555882196787,143.844824277832
53303112184,128 WEBSTER ST LAKE WENDOUREE 3350,-37.555882696787,143.844823177832,-37.555882196787,143.844824277832
53303109924,128 WEBSTER ST LAKE WENDOUREE 3350,-37.555882696787,143.844823177832,-37.555882196787,143.844824277832
53303249216,128 WEBSTER ST LAKE WENDOUREE 3350,-37.555882696787,143.844823177832,-37.555882196787,143.844824277832
53302234127,66-76 WEDDELL RD NORTH GEELONG 3215,-38.125761252887,144.349518187507,-38.125760752887004,144.34951928750698
53312799837,3 WEDDING CT BROADMEADOWS 3047,-37.690398496431,144.929172054366,-37.690397996431,144.929173154366
53312799829,3 WEDDING CT BROADMEADOWS 3047,-37.690398496431,144.929172054366,-37.690397996431,144.929173154366
53311137140,10 WEDGE AVE MOOLAP 3224,-38.184588131581,144.425133012433,-38.184587631581,144.425134112433
53309964759,9 WEDGE AVE MOOLAP 3224,-38.18436835808,144.425370890845,-38.18436785808,144.42537199084498
53313225032,6 WEDGE CCT INVERMAY PARK 3350,-37.525845224748,143.851485198294,-37.525844724748,143.851486298294
53313276134,7 WEDGE CCT INVERMAY PARK 3350,-37.526280119795,143.851186299627,-37.526279619795,143.85118739962698
53313299417,8 WEDGE CCT INVERMAY PARK 3350,-37.525825401547,143.851306244662,-37.525824901547004,143.851307344662
53313309182,12 WEDGE CCT INVERMAY PARK 3350,-37.527281924862,143.85088564076,-37.527281424862004,143.85088674076
53313295927,3 WEDGE CCT INVERMAY PARK 3350,-37.526323957148,143.851578572696,-37.526323457148,143.851579672696
53314056263,21 WEDGE CCT INVERMAY PARK 3350,-37.525029707479,143.851319152793,-37.525029207479,143.851320252793
53314162359,14 WEDGE CCT INVERMAY PARK 3350,-37.525467494282,143.850979015162,-37.525466994282,143.850980115162
53314149223,22 WEDGE CCT INVERMAY PARK 3350,-37.525556468184,143.851723831078,-37.525555968184,143.851724931078
53314059126,18 WEDGE CCT INVERMAY PARK 3350,-37.525511122088,143.851343795588,-37.525510622088,143.851344895588
53314173364,1 WEDGE CT SUNBURY 3429,-37.589293633396,144.714280089696,-37.589293133396,144.71428118969598
53314052016,3 WEDGE CT SUNBURY 3429,-37.589435706655,144.714257123281,-37.589435206655004,144.71425822328098
53300416678,26 WEDGE ST HAMILTON 3300,-37.746059400287,142.00743653242,-37.746058900287004,142.00743763242
53303190711,78 WEDGE ST KYNETON 3444,-37.240866216477,144.447346480772,-37.240865716477,144.447347580772
53313779862,75 WEDGE ST KYNETON 3444,-37.237813988346,144.447162665635,-37.237813488346,144.447163765635
53302883261,98A WEDGE ST KYNETON 3444,-37.235854257474,144.449183207214,-37.235853757474004,144.44918430721398
53309355370,999 WEDGE ST KYNETON 3444,-37.246754113148,144.445985440675,-37.246753613148,144.445986540675
53313365274,7 WEDGE ST OCEAN GROVE 3226,-38.263854029711,144.531001646319,-38.263853529711,144.531002746319
53303936012,110 WEDGE ST N WERRIBEE 3030,-37.899803499645,144.655531665616,-37.899802999645004,144.655532765616
53304170182,108 WEDGE ST N WERRIBEE 3030,-37.89992771945,144.655641468547,-37.89992721945,144.655642568547
53304408365,109 WEDGE ST N WERRIBEE 3030,-37.900275819888,144.655008467219,-37.900275319888,144.655009567219
53313352132,5-9 WEDGE TAIL CT LARA 3212,-38.01273522806,144.412719916744,-38.01273472806,144.412721016744
53313271086,11 WEDGE TAIL CT LARA 3212,-38.01274910011,144.412487989484,-38.01274860011,144.41248908948398
53313464028,18 WEDGE TAIL CT LARA 3212,-38.012147824286,144.412214571802,-38.012147324286,144.412215671802
53314161840,6 WEDGE TAIL CT LARA 3212,-38.012287257245,144.41346909125,-38.012286757245,144.41347019124998
53313198073,66 WEDGE TAIL DR WINTER VALLEY 3358,-37.573473126429,143.785485589777,-37.573472626429,143.785486689777
53313198611,67 WEDGE TAIL DR WINTER VALLEY 3358,-37.572431130136,143.786307183926,-37.572430630136004,143.786308283926
53313354392,73 WEDGE TAIL DR WINTER VALLEY 3358,-37.572858858655,143.786228394036,-37.572858358655004,143.78622949403598
53313250220,62 WEDGE TAIL DR WINTER VALLEY 3358,-37.573043134796,143.785564798762,-37.573042634796,143.785565898762
53313160803,58 WEDGE TAIL DR WINTER VALLEY 3358,-37.57280475347,143.785608719935,-37.572804253470004,143.785609819935
53313271029,81 WEDGE TAIL DR WINTER VALLEY 3358,-37.573429289075,143.786123955523,-37.573428789075,143.786125055523
53313610391,107 WEDGE TAIL DR WINTER VALLEY 3358,-37.576089830872,143.78552691256,-37.576089330872,143.78552801255998
53313145190,60 WEDGE TAIL DR WINTER VALLEY 3358,-37.572931739303,143.785585334425,-37.572931239303,143.785586434425
53313224605,64 WEDGE TAIL DR WINTER VALLEY 3358,-37.573168150882,143.785541832347,-37.573167650882,143.785542932347
53313410221,105 WEDGE TAIL DR WINTER VALLEY 3358,-37.575890299667,143.785664040495,-37.575889799667,143.78566514049498
53313242912,44 WEDGE TAIL DR WINTER VALLEY 3358,-37.571538666995,143.785836120968,-37.571538166995005,143.785837220968
53313496228,72 WEDGE TAIL DR WINTER VALLEY 3358,-37.573890000383,143.785408811544,-37.573889500383004,143.78540991154398
53313247043,77 WEDGE TAIL DR WINTER VALLEY 3358,-37.57314409482,143.786176426237,-37.57314359482,143.786177526237
53313698865,109 WEDGE TAIL DR WINTER VALLEY 3358,-37.576113048744,143.785726904769,-37.576112548744,143.785728004769
53313807814,69 WEDGE TAIL DR WINTER VALLEY 3358,-37.572573706309,143.78628086475,-37.572573206309,143.78628196475
53313640587,86 WEDGE TAIL DR WINTER VALLEY 3358,-37.575172473479,143.785166993637,-37.575171973479,143.785168093637
53313875554,70 WEDGE TAIL DR WINTER VALLEY 3358,-37.573751615162,143.785434292529,-37.573751115162004,143.785435392529
53313360113,37 WEDGEWOOD RD ROXBURGH PARK 3064,-37.617065267459,144.937942542573,-37.617064767459,144.937943642573
53309968940,20 WEEKS AVE HARKNESS 3337,-37.668005701744,144.540940403482,-37.668005201744,144.540941503482
53313017713,17B WEEMALA AVE DELACOMBE 3356,-37.581313893935,143.820102598434,-37.581313393935,143.820103698434
53302533966,14 WEEROONA AVE HAMLYN HEIGHTS 3215,-38.126725758485,144.325255679118,-38.126725258485,144.32525677911798
53312925716,24 WEEROONA AVE HAMLYN HEIGHTS 3215,-38.126539344958,144.324454620632,-38.126538844958,144.324455720632
53313894421,14 WEEYAN ST WARRNAMBOOL 3280,-38.362064998766,142.516647503952,-38.362064498766,142.51664860395198
53313893663,21 WEEYAN ST WARRNAMBOOL 3280,-38.362417290156,142.515805122683,-38.362416790156004,142.51580622268298
53313599542,2 WEEYAN ST WARRNAMBOOL 3280,-38.362263985147,142.517860281522,-38.362263485147004,142.51786138152198
53314046067,20 WEEYAN ST WARRNAMBOOL 3280,-38.362054269929,142.516060603092,-38.362053769929,142.516061703092
53313995809,12 WEEYAN ST WARRNAMBOOL 3280,-38.362085324881,142.516827882508,-38.362084824881,142.516828982508
53314061578,17 WEEYAN ST WARRNAMBOOL 3280,-38.362458026205,142.516166298891,-38.362457526205,142.51616739889099
53313933849,9 WEEYAN ST WARRNAMBOOL 3280,-38.36254591046,142.516945229153,-38.36254541046,142.516946329153
53313996401,6 WEEYAN ST WARRNAMBOOL 3280,-38.362144082022,142.517412771712,-38.362143582022,142.517413871712
53313935670,11 WEEYAN ST WARRNAMBOOL 3280,-38.362522985955,142.516741884182,-38.362522485955004,142.516742984182
53313995773,3 WEEYAN ST WARRNAMBOOL 3280,-38.362609654834,142.517510337065,-38.362609154834004,142.517511437065
53314041804,16 WEEYAN ST WARRNAMBOOL 3280,-38.36211918777,142.516430245022,-38.36211868777,142.516431345022
53314071198,19 WEEYAN ST WARRNAMBOOL 3280,-38.362437658181,142.515985668877,-38.362437158181,142.51598676887699
53314044887,22 WEEYAN ST WARRNAMBOOL 3280,-38.362033105624,142.515879134888,-38.362032605624,142.515880234888
53314004577,4 WEEYAN ST WARRNAMBOOL 3280,-38.362166252156,142.517600610162,-38.362165752156,142.51760171016198
53312942966,3 WEINSTOCK RD TRUGANINA 3029,-37.824700934731,144.712712506164,-37.824700434731,144.712713606164
53313067501,7 WEINSTOCK RD TRUGANINA 3029,-37.824671849527,144.712350910861,-37.824671349527,144.712352010861
53312808621,11 WEINSTOCK RD TRUGANINA 3029,-37.824627718807,144.711845649738,-37.824627218807,144.711846749738
53313624184,71 WELCOME PDE WYNDHAM VALE 3024,-37.851339964127,144.595040057132,-37.851339464127,144.595041157132
53313507119,110 WELCOME PDE WYNDHAM VALE 3024,-37.849430985679,144.597944470401,-37.849430485679,144.59794557040098
53313656047,106 WELCOME PDE WYNDHAM VALE 3024,-37.849602479418,144.597760319988,-37.849601979418004,144.597761419988
53313624135,81 WELCOME PDE WYNDHAM VALE 3024,-37.851083184523,144.595315737927,-37.851082684523,144.595316837927
53313512595,3 WELHAM CL BONNIE BROOK 3335,-37.707160333035,144.691858750159,-37.707159833035,144.691859850159
53313489735,11 WELHAM CL BONNIE BROOK 3335,-37.707107024131,144.691408390501,-37.707106524131,144.691409490501
53313513073,7 WELHAM CL BONNIE BROOK 3335,-37.707133678583,144.69163361224,-37.707133178583,144.69163471224
53313573317,7 WELLARD BVD INVERMAY PARK 3350,-37.527055068653,143.851726345649,-37.527054568653,143.851727445649
53313263874,3 WELLARD BVD INVERMAY PARK 3350,-37.527375718359,143.851665995946,-37.527375218359005,143.851667095946
53313437306,13 WELLARD BVD INVERMAY PARK 3350,-37.526435939375,143.85184310556,-37.526435439375,143.85184420555998
53314122206,27 WELLARD BVD INVERMAY PARK 3350,-37.525015961158,143.851942431113,-37.525015461158,143.851943531113
53314172977,21 WELLARD BVD INVERMAY PARK 3350,-37.525670084881,143.851988447761,-37.525669584881,143.85198954776098
53302330637,126 WELLER ST GEELONG WEST 3218,-38.141014137371,144.344264913511,-38.141013637371,144.344266013511
53302330546,126 WELLER ST GEELONG WEST 3218,-38.141014137371,144.344264913511,-38.141013637371,144.344266013511
53313445176,5 WELLINGTON CRES TORQUAY 3228,-38.314260155109,144.322746053488,-38.314259655109,144.322747153488
53313483225,7 WELLINGTON CRES TORQUAY 3228,-38.314303489548,144.322595682145,-38.314302989548004,144.32259678214498
53313546413,10 WELLINGTON CRES TORQUAY 3228,-38.313924334158,144.32224464804,-38.313923834158004,144.32224574804
53313626890,6 WELLINGTON CRES TORQUAY 3228,-38.313897051063,144.322512868942,-38.313896551063,144.322513968942
53313836936,9 WELLINGTON CRES TORQUAY 3228,-38.314321343002,144.322445059345,-38.314320843002,144.322446159345
53313747686,20 WELLINGTON CRES TORQUAY 3228,-38.314240331908,144.321187941507,-38.314239831908004,144.32118904150698
53314003182,11 WELLINGTON CRES TORQUAY 3228,-38.314325114858,144.322260322199,-38.314324614858,144.322261422199
53312416179,4-6 WELLINGTON PDE WILLIAMSTOWN 3016,-37.858251136662,144.89722208348,-37.858250636662,144.89722318347998
53306311206,56 WELLINGTON RD PORTLAND 3305,-38.361472188663,141.613404062397,-38.361471688663,141.613405162397
53304357974,85 WELLINGTON ST FLEMINGTON 3031,-37.784435026247,144.931332657547,-37.784434526247004,144.93133375754698
53313146255,131 WEMBLEY AVE STRATHTULLOH 3338,-37.724453875667,144.595043074617,-37.724453375667004,144.595044174617
53313006864,103 WEMBLEY AVE STRATHTULLOH 3338,-37.723507055884,144.593106938802,-37.723506555884,144.593108038802
53313774581,35 WEMBLEY AVE STRATHTULLOH 3338,-37.718345982823,144.59008501125,-37.718345482823004,144.59008611125
53313724711,22 WENACHEE ST TARNEIT 3029,-37.819966458632,144.664767852363,-37.819965958632004,144.664768952363
53313724842,23 WENACHEE ST TARNEIT 3029,-37.81954157996,144.664872374695,-37.819541079960004,144.66487347469499
53313906203,18 WENDOUREE CRES MANOR LAKES 3024,-37.88082297327,144.592910047897,-37.88082247327,144.59291114789698
53314203573,15 WENDOUREE CRES MANOR LAKES 3024,-37.880817315486,144.593462834411,-37.880816815486,144.593463934411
53313831401,13 WENDOUREE CRES MANOR LAKES 3024,-37.880676792879,144.593489488863,-37.880676292879,144.593490588863
53313741963,2 WENDOUREE CRES MANOR LAKES 3024,-37.879422860164,144.593163935744,-37.879422360164,144.593165035744
53314070884,9 WENDOUREE CRES MANOR LAKES 3024,-37.880229324978,144.593574313723,-37.880228824978005,144.593575413723
53313962582,16 WENDOUREE CRES MANOR LAKES 3024,-37.880698250551,144.592933684864,-37.880697750551,144.59293478486398
53314099313,14 WENDOUREE CRES MANOR LAKES 3024,-37.880564601105,144.592958998211,-37.880564101105,144.592960098211
53302874195,99999 WENDOUREE PDE LAKE WENDOUREE 3350,-37.556641853003,143.835081137212,-37.556641353003,143.835082237212
53303290244,27A WENDOUREE PDE LAKE WENDOUREE 3350,-37.556625501046,143.832920037132,-37.556625001046,143.832921137132
53314040747,200 WENDOUREE PDE LAKE WENDOUREE 3350,-37.549299717671,143.845524072575,-37.549299217671,143.84552517257498
53303086973,99999 WENDOUREE PDE LAKE WENDOUREE 3350,-37.556641853003,143.835081137212,-37.556641353003,143.835082237212
53302933420,99999 WENDOUREE PDE LAKE WENDOUREE 3350,-37.556641853003,143.835081137212,-37.556641353003,143.835082237212
53303259215,99999 WENDOUREE PDE LAKE WENDOUREE 3350,-37.556641853003,143.835081137212,-37.556641353003,143.835082237212
53303280155,99999 WENDOUREE PDE LAKE WENDOUREE 3350,-37.556641853003,143.835081137212,-37.556641353003,143.835082237212
53312980983,25 WENLYAN DR GREENVALE 3059,-37.644483688122,144.875606999209,-37.644483188122,144.875608099209
53313030624,8 WENLYAN DR GREENVALE 3059,-37.645867666065,144.875978652796,-37.645867166065,144.87597975279598
53313051786,15 WENLYAN DR GREENVALE 3059,-37.645111199303,144.875532987004,-37.645110699303004,144.87553408700398
53313092937,17 WENLYAN DR GREENVALE 3059,-37.644984297289,144.875512954255,-37.644983797289,144.87551405425498
53313329899,22 WENLYAN DR GREENVALE 3059,-37.645059860146,144.876044283098,-37.645059360146,144.876045383098
53313566849,27 WENLYAN DR GREENVALE 3059,-37.644358797765,144.87563197728,-37.644358297765,144.87563307727999
53313016680,3 WENLYAN DR GREENVALE 3059,-37.646062964409,144.875389907917,-37.646062464409,144.875391007917
53313026787,4 WENLYAN DR GREENVALE 3059,-37.646088864489,144.875925260073,-37.646088364489,144.87592636007298
53312986155,21 WENLYAN DR GREENVALE 3059,-37.644732798284,144.875557126885,-37.644732298284,144.875558226885
53313181971,9 WENLYAN DR GREENVALE 3059,-37.645516087136,144.875532903185,-37.645515587136,144.87553400318498
53313287428,6 WENLYAN DR GREENVALE 3059,-37.645978265277,144.875951914525,-37.645977765277,144.87595301452498
53313312482,13 WENLYAN DR GREENVALE 3059,-37.645247866234,144.875566430798,-37.645247366234,144.87556753079798
53314096839,10 WENLYAN DR GREENVALE 3059,-37.645757066852,144.876005307248,-37.645756566852,144.87600640724798
53313841053,7 WENSLEYDALE DR ROCKBANK 3335,-37.742217140152,144.654734127528,-37.742216640152,144.654735227528
53313836655,24 WENSLEYDALE DR ROCKBANK 3335,-37.74250128667,144.654147981039,-37.74250078667,144.65414908103898
53313776694,9 WENSLEYDALE DR ROCKBANK 3335,-37.742335576444,144.654715435884,-37.742335076444,144.65471653588398
53313720628,38 WENSLEYDALE DR ROCKBANK 3335,-37.743465792268,144.653995933316,-37.743465292268,144.653997033316
53313836670,15 WENSLEYDALE DR ROCKBANK 3335,-37.742670810662,144.654662546075,-37.742670310662,144.654663646075
53313839426,26 WENSLEYDALE DR ROCKBANK 3335,-37.742626554213,144.654128283567,-37.742626054213,144.65412938356698
53313684922,14 WENSLEYDALE DR ROCKBANK 3335,-37.741947075232,144.654235404289,-37.741946575232,144.654236504289
53313693220,32 WENSLEYDALE DR ROCKBANK 3335,-37.743141747892,144.654046979106,-37.743141247892,144.654048079106
53313924996,27 WENSLEYDALE DR ROCKBANK 3335,-37.743323467552,144.65455995158,-37.743322967552004,144.65456105158
53313871605,17 WENSLEYDALE DR ROCKBANK 3335,-37.742782541431,144.654644944079,-37.742782041431,144.654646044079
53313787641,40 WENSLEYDALE DR ROCKBANK 3335,-37.743577523038,144.6539782475,-37.743577023038,144.65397934749998
53313710218,10 WENSLEYDALE DR ROCKBANK 3335,-37.741741509057,144.654267842255,-37.741741009057,144.654268942255
53313794052,28 WENSLEYDALE DR ROCKBANK 3335,-37.742904875308,144.654084362394,-37.742904375308,144.654085462394
53313994900,29 WENSLEYDALE DR ROCKBANK 3335,-37.743437461436,144.654542014308,-37.743436961436004,144.65454311430798
53313894653,34 WENSLEYDALE DR ROCKBANK 3335,-37.743251257456,144.654029712386,-37.743250757456,144.654030812386
53313247408,21 WENTWORTH CT TORQUAY 3228,-38.313560769108,144.345441565078,-38.313560269108,144.345442665078
53313247456,24 WENTWORTH CT TORQUAY 3228,-38.313639181812,144.345830820662,-38.313638681812,144.345831920662
53314071207,17 WERRIBEE ST S WERRIBEE 3030,-37.906939013818,144.657241573863,-37.906938513818,144.65724267386298
53303993318,19 WERRIBEE ST S WERRIBEE 3030,-37.907151662701,144.657312065669,-37.907151162701,144.657313165669
53304433494,11 WERRIBEE ST S WERRIBEE 3030,-37.906468034678,144.656781491198,-37.906467534678,144.65678259119798
53305388671,3-5 WERRIBEE ST S WERRIBEE 3030,-37.905400599309,144.65597448156,-37.905400099309,144.65597558156
53305485024,7D WERRIBEE ST S WERRIBEE 3030,-37.906021530696,144.656456860088,-37.906021030696,144.656457960088
53311623452,23 WERRIBEE ST S WERRIBEE 3030,-37.907444777855,144.657419521668,-37.907444277855,144.657420621668
53311623668,23 WERRIBEE ST S WERRIBEE 3030,-37.907444777855,144.657419521668,-37.907444277855,144.657420621668
53311623701,23 WERRIBEE ST S WERRIBEE 3030,-37.907444777855,144.657419521668,-37.907444277855,144.657420621668
53304403135,15 WERRIBEE ST S WERRIBEE 3030,-37.906803478443,144.65712322139,-37.906802978443004,144.65712432139
53305754773,7E WERRIBEE ST S WERRIBEE 3030,-37.906095794358,144.656524334409,-37.906095294358,144.656525434409
53305836615,7A WERRIBEE ST S WERRIBEE 3030,-37.905798488253,144.656260807373,-37.905797988253,144.656261907373
53305558779,7B WERRIBEE ST S WERRIBEE 3030,-37.905873548196,144.656327192046,-37.905873048196,144.656328292046
53305796437,7F WERRIBEE ST S WERRIBEE 3030,-37.906222654463,144.656508073516,-37.906222154463,144.65650917351599
53314052344,17 WERRIBEE ST S WERRIBEE 3030,-37.906939013818,144.657241573863,-37.906938513818,144.65724267386298
53311623650,23 WERRIBEE ST S WERRIBEE 3030,-37.907444777855,144.657419521668,-37.907444277855,144.657420621668
53311623675,23 WERRIBEE ST S WERRIBEE 3030,-37.907444777855,144.657419521668,-37.907444277855,144.657420621668
53311623691,23 WERRIBEE ST S WERRIBEE 3030,-37.907444777855,144.657419521668,-37.907444277855,144.657420621668
53301551888,4 WESLEY ST KANGAROO FLAT 3555,-36.801493641362,144.232734387849,-36.801493141362,144.232735487849
53312877107,158A WEST FYANS ST NEWTOWN 3220,-38.158287689163,144.33512511865,-38.158287189163,144.33512621865
53305954564,98 WEST ST DAYLESFORD 3460,-37.345362565175,144.136724632297,-37.345362065175,144.13672573229698
53309119150,7 WEST ST DAYLESFORD 3460,-37.331975576157,144.136957565386,-37.331975076157,144.136958665386
53302041921,53 WEST ST GLENROY 3046,-37.711207702621,144.937356312264,-37.711207202621004,144.937357412264
53302152859,44 WEST ST HADFIELD 3046,-37.713399486483,144.937400652532,-37.713398986483,144.937401752532
53313069976,92 WEST ST HADFIELD 3046,-37.709910016372,144.938012363826,-37.709909516372,144.938013463826
53313215562,22A WEST ST WEST FOOTSCRAY 3012,-37.79482552679,144.866047438637,-37.79482502679,144.866048538637
53304110584,30 WESTBOURNE RD KENSINGTON 3031,-37.791841066345,144.923834123148,-37.791840566345,144.923835223148
53313335483,32 WESTBURY AVE ROCKBANK 3335,-37.74219656258,144.665541082931,-37.74219606258,144.66554218293098
53313346449,21 WESTBURY AVE ROCKBANK 3335,-37.741801062479,144.665323656362,-37.741800562479,144.665324756362
53313409413,40 WESTBURY AVE ROCKBANK 3335,-37.742314034953,144.666711699528,-37.742313534953,144.666712799528
53313639101,41 WESTBURY AVE ROCKBANK 3335,-37.741971634208,144.667034570438,-37.741971134208,144.667035670438
53313216149,25 WESTBURY AVE ROCKBANK 3335,-37.741826836831,144.665582573351,-37.741826336831004,144.665583673351
53313714266,31 WESTBURY AVE ROCKBANK 3335,-37.741886348343,144.6661791134,-37.741885848343,144.6661802134
53313146165,34 WESTBURY AVE ROCKBANK 3335,-37.742213661662,144.66570989446,-37.742213161662,144.66571099446
53313186046,35 WESTBURY AVE ROCKBANK 3335,-37.741911033048,144.66642671482,-37.741910533048,144.66642781482
53313249551,23 WESTBURY AVE ROCKBANK 3335,-37.7418139287,144.665453072947,-37.7418134287,144.665454172947
53313221552,48 WESTBURY AVE ROCKBANK 3335,-37.742362691901,144.667204303978,-37.742362191901,144.667205403978
53313227481,44 WESTBURY AVE ROCKBANK 3335,-37.742339348301,144.666967850489,-37.742338848301,144.66696895048898
53313245213,37 WESTBURY AVE ROCKBANK 3335,-37.741923815451,144.666571973202,-37.741923315451004,144.666573073202
53313190980,26 WESTBURY AVE ROCKBANK 3335,-37.742153395779,144.665110588383,-37.742152895779,144.66511168838298
53313290929,45 WESTBURY AVE ROCKBANK 3335,-37.741996318913,144.667282171858,-37.741995818913004,144.667283271858
53313340831,43 WESTBURY BVD MAIDEN GULLY 3551,-36.75860201789,144.233074106385,-36.75860151789,144.233075206385
53313248297,40 WESTBURY BVD MAIDEN GULLY 3551,-36.758995254877,144.232737572972,-36.758994754877,144.232738672972
53313600640,50 WESTBURY BVD MAIDEN GULLY 3551,-36.75930752268,144.234159646665,-36.75930702268,144.234160746665
53313903827,48 WESTBURY BVD MAIDEN GULLY 3551,-36.759284723904,144.233937442412,-36.759284223904004,144.233938542412
53313313878,44 WESTBURY BVD MAIDEN GULLY 3551,-36.759227643143,144.233472330604,-36.759227143143,144.233473430604
53313169703,42 WESTBURY BVD MAIDEN GULLY 3551,-36.759181333128,144.233238643144,-36.759180833128,144.233239743144
53313918172,49 WESTBURY BVD MAIDEN GULLY 3551,-36.75876739284,144.23378958564,-36.75876689284,144.23379068564
53314074950,16 WESTCOTT DR LUCAS 3350,-37.55257901156,143.77626499337,-37.55257851156,143.77626609337
53314074068,14 WESTCOTT DR LUCAS 3350,-37.552445194476,143.776289133251,-37.552444694476,143.776290233251
53314078705,15 WESTCOTT DR LUCAS 3350,-37.552653149493,143.776914339409,-37.552652649493,143.77691543940898
53303235370,99999 WESTCOTTS RD WALLACE 3352,-37.564518471098,144.04995396731,-37.564517971098,144.04995506730998
53303286233,97 WESTCOTTS RD WALLACE 3352,-37.566610736571,144.058694813428,-37.566610236571,144.05869591342798
53303273685,99999 WESTCOTTS RD WALLACE 3352,-37.564518471098,144.04995396731,-37.564517971098,144.04995506730998
53313140332,8 WESTDAHL ST TRUGANINA 3029,-37.757579534202,144.678279145005,-37.757579034202,144.678280245005
53313940879,3 WESTDAHL ST TRUGANINA 3029,-37.757962000444,144.67857653493,-37.757961500444004,144.67857763492998
53314143622,26 WESTDAHL ST TRUGANINA 3029,-37.757437586671,144.677060332465,-37.757437086671004,144.677061432465
53313274021,20 WESTDAHL ST TRUGANINA 3029,-37.757463570571,144.677347831743,-37.757463070571,144.67734893174298
53313409099,12 WESTDAHL ST TRUGANINA 3029,-37.757498732655,144.67773683587,-37.757498232655,144.67773793587
53313480811,11 WESTDAHL ST TRUGANINA 3029,-37.757909026816,144.678012013751,-37.757908526816,144.67801311375098
53314175619,42 WESTDAHL ST TRUGANINA 3029,-37.758294300995,144.67469739014,-37.758293800995,144.67469849014
53314025608,30 WESTDAHL ST TRUGANINA 3029,-37.757419230303,144.67685732277,-37.757418730303,144.67685842276998
53314108378,44 WESTDAHL ST TRUGANINA 3029,-37.758276782817,144.674842313246,-37.758276282817,144.67484341324598
53314118205,46 WESTDAHL ST TRUGANINA 3029,-37.758264587148,144.675006598549,-37.758264087148,144.675007698549
53314140786,38 WESTDAHL ST TRUGANINA 3029,-37.757632843106,144.677137194517,-37.757632343106,144.677138294517
53314055075,24 WESTDAHL ST TRUGANINA 3029,-37.757446220032,144.677156137618,-37.757445720032,144.677157237618
53314151165,21 WESTDAHL ST TRUGANINA 3029,-37.757836062348,144.676954552846,-37.757835562348,144.676955652846
53314096680,36 WESTDAHL ST TRUGANINA 3029,-37.757632843106,144.677137194517,-37.757632343106,144.677138294517
53306731154,44 WESTERFOLDS TCE CAROLINE SPRINGS 3023,-37.723842804023,144.736864776329,-37.723842304023,144.736865876329
53311158402,27 WESTERN AVE SUNSHINE 3020,-37.798674580547,144.834134599582,-37.798674080547,144.834135699582
53303392719,122 WESTERN AVE TULLAMARINE 3043,-37.68058617957,144.873008441587,-37.68058567957,144.87300954158698
53303410760,126 WESTERN AVE TULLAMARINE 3043,-37.680380822942,144.872707112167,-37.680380322942,144.872708212167
53303304895,116 WESTERN AVE TULLAMARINE 3043,-37.681069480107,144.873609004949,-37.681068980107,144.873610104949
53303476792,130 WESTERN AVE TULLAMARINE 3043,-37.68003125567,144.872389521856,-37.68003075567,144.872390621856
53303730843,31-69 WESTERN AVE TULLAMARINE 3043,-37.684593693206,144.877444563842,-37.684593193206,144.877445663842
53302283199,42 WESTERN BEACH RD GEELONG 3220,-38.140048039211,144.356239468025,-38.140047539211004,144.356240568025
53302854634,113B WESTERN HWY CARDIGAN 3352,-37.563600040769,143.937334746093,-37.563599540769005,143.937335846093
53303167293,113B WESTERN HWY CARDIGAN 3352,-37.563600040769,143.937334746093,-37.563599540769005,143.937335846093
53304814736,893 WESTERN HWY DEER PARK 3023,-37.767480589291,144.765194063823,-37.767480089291,144.765195163823
53304746500,836 WESTERN HWY DEER PARK 3023,-37.769534642065,144.771298798192,-37.769534142065,144.77129989819198
53306176276,1312 WESTERN HWY DEER PARK 3023,-37.755954869909,144.741909943867,-37.755954369909,144.741911043867
53303134410,40 WESTERN HWY WALLACE 3352,-37.47119729373,143.64089244153,-37.47119679373,143.64089354153
53312776258,73 WESTGATE ST PASCOE VALE SOUTH 3044,-37.736606252257,144.932781134235,-37.736605752257,144.932782234235
53308635964,135 WESTMEADOWS LANE TRUGANINA 3029,-37.842183656917,144.714693149885,-37.842183156917,144.71469424988499
53305233134,99999 WESTMELTON DR MELTON WEST 3337,-37.677708315979,144.568246842627,-37.677707815979,144.56824794262698
53312990495,76 WESTMINSTER PKWY DERRIMUT 3026,-37.788102150796,144.757341781984,-37.788101650796,144.757342881984
53313314322,94 WESTMORELAND RD SUNSHINE NORTH 3020,-37.769471233603,144.83637432793,-37.769470733603,144.83637542793
53313619333,4 WESTPHALIA WALK BONNIE BROOK 3335,-37.706483620082,144.679868689123,-37.706483120082,144.679869789123
53313619250,12 WESTPHALIA WALK BONNIE BROOK 3335,-37.706715421615,144.679826276693,-37.706714921615,144.679827376693
53313619291,2 WESTPHALIA WALK BONNIE BROOK 3335,-37.706412331996,144.679881681073,-37.706411831996,144.679882781073
53313619325,14 WESTPHALIA WALK BONNIE BROOK 3335,-37.706773382475,144.679815631676,-37.706772882475,144.679816731676
53313619359,6 WESTPHALIA WALK BONNIE BROOK 3335,-37.706541580943,144.679858044106,-37.706541080943,144.679859144106
53303043635,57 WESTWARD HO DR SUNBURY 3429,-37.576695004281,144.744001480166,-37.576694504281,144.74400258016598
53313979454,20 WETHERBY CCT LARA 3212,-38.015906018212,144.353380149395,-38.015905518212,144.353381249395
53314018247,39 WETHERBY CCT LARA 3212,-38.015129015788,144.352641871363,-38.015128515788,144.352642971363
53314115622,55 WETHERBY CCT LARA 3212,-38.015276118189,144.353720706121,-38.015275618189,144.353721806121
53313912992,54 WETHERBY CCT LARA 3212,-38.015673923313,144.353688938708,-38.015673423313004,144.35369003870798
53313935787,43 WETHERBY CCT LARA 3212,-38.015169207014,144.352936662898,-38.015168707014,144.352937762898
53313946495,53 WETHERBY CCT LARA 3212,-38.015254870064,144.353564886541,-38.015254370064,144.35356598654099
53314003975,46 WETHERBY CCT LARA 3212,-38.01559199021,144.353087788612,-38.01559149021,144.35308888861198
53314177713,28 WETHERBY CCT LARA 3212,-38.015861845583,144.352572133929,-38.015861345583,144.35257323392898
53314196522,36-38 WETHERBY CCT LARA 3212,-38.015468734324,144.352496026248,-38.015468234324004,144.35249712624798
53314196655,34 WETHERBY CCT LARA 3212,-38.015609215021,144.352523183614,-38.015608715021,144.352524283614
53313952740,4 WETHERBY CCT LARA 3212,-38.015674510047,144.35476735437,-38.015674010047,144.35476845437
53313943996,49 WETHERBY CCT LARA 3212,-38.015217402957,144.353290043936,-38.015216902957,144.353291143936
53313956478,18 WETHERBY CCT LARA 3212,-38.015925170861,144.353520462454,-38.015924670861004,144.35352156245398
53313963185,45 WETHERBY CCT LARA 3212,-38.015188359663,144.353076892138,-38.015187859663,144.353077992138
53313916432,40-42 WETHERBY CCT LARA 3212,-38.015547985218,144.352765001521,-38.015547485218,144.35276610152098
53313421326,26 WETHERBY RD WYNDHAM VALE 3024,-37.843518810274,144.592718772866,-37.843518310274,144.59271987286598
53313849310,16 WETHERBY RD WYNDHAM VALE 3024,-37.843920345345,144.59225273905,-37.843919845345,144.59225383905
53313382022,2 WETHERBY RD WYNDHAM VALE 3024,-37.844495427722,144.591467270903,-37.844494927722,144.591468370903
53313849334,18 WETHERBY RD WYNDHAM VALE 3024,-37.843882459143,144.592301354088,-37.843881959143005,144.59230245408799
53313849558,22 WETHERBY RD WYNDHAM VALE 3024,-37.843808195481,144.592420377113,-37.843807695481004,144.592421477113
53313745618,4 WETLAND DR WILLIAMSTOWN 3016,-37.85643850819,144.871763393689,-37.856438008190004,144.871764493689
53313679205,14 WETLAND DR WILLIAMSTOWN 3016,-37.856475304745,144.872113505784,-37.856474804745,144.872114605784
53311714896,10 WETLANDS ST MOOLAP 3224,-38.184763271448,144.427720925039,-38.184762771448,144.427722025039
53311714920,11 WETLANDS ST MOOLAP 3224,-38.185043059376,144.427836930579,-38.185042559376,144.42783803057898
53311621418,6 WETLANDS ST MOOLAP 3224,-38.184860166248,144.427404005279,-38.184859666248,144.42740510527898
53311714888,8 WETLANDS ST MOOLAP 3224,-38.184790344995,144.427559657221,-38.184789844995,144.427560757221
53311714914,12 WETLANDS ST MOOLAP 3224,-38.184765786019,144.42788353396,-38.184765286019,144.42788463396
53311714946,9 WETLANDS ST MOOLAP 3224,-38.185039329429,144.427673483467,-38.185038829429004,144.427674583467
53313336531,76 WEXFORD ST ALFREDTON 3350,-37.561938328464,143.80092295995,-37.561937828464,143.80092405994998
53313318200,103 WEXFORD ST ALFREDTON 3350,-37.561502553318,143.801218924951,-37.561502053318,143.801220024951
53313311018,74 WEXFORD ST ALFREDTON 3350,-37.561917834711,143.800746269431,-37.561917334711,143.80074736943098
53313402432,105 WEXFORD ST ALFREDTON 3350,-37.561527196114,143.801431657654,-37.561526696114,143.801432757654
53313425764,84 WEXFORD ST ALFREDTON 3350,-37.562047041749,143.802014702839,-37.562046541749,143.80201580283898
53313320684,82 WEXFORD ST ALFREDTON 3350,-37.562026212719,143.801835581568,-37.562025712719,143.801836681568
53313399514,111 WEXFORD ST ALFREDTON 3350,-37.561596179177,143.802026269865,-37.561595679177,143.802027369865
53313550372,17 WEXFORD WAY ROCKBANK 3335,-37.739641507035,144.649180697579,-37.739641007035004,144.649181797579
53313604590,7 WEXFORD WAY ROCKBANK 3335,-37.739715267783,144.649886370008,-37.739714767783,144.649887470008
53313703558,3 WEXFORD WAY ROCKBANK 3335,-37.739741167864,144.65013380379,-37.739740667864,144.65013490379
53313710309,9 WEXFORD WAY ROCKBANK 3335,-37.739700599452,144.649745805492,-37.739700099452,144.64974690549198
53313957114,4 WEXFORD WAY ROCKBANK 3335,-37.739320647781,144.649936326151,-37.739320147781,144.64993742615098
53313952700,6 WEYBA ST TRUGANINA 3029,-37.753312349205,144.68304082038,-37.753311849205,144.68304192038
53314033022,28 WEYBA ST TRUGANINA 3029,-37.754556517002,144.6828625373,-37.754556017002,144.6828636373
53314006995,24 WEYBA ST TRUGANINA 3029,-37.754332762097,144.68289455617,-37.754332262097,144.68289565617
53314046297,19 WEYBA ST TRUGANINA 3029,-37.754164704938,144.683404008245,-37.754164204938,144.68340510824498
53314112363,9 WEYBA ST TRUGANINA 3029,-37.753585138243,144.683487072905,-37.753584638243,144.683488172905
53314113527,18 WEYBA ST TRUGANINA 3029,-37.753990403262,144.682943674122,-37.753989903262,144.68294477412198
53314136651,23 WEYBA ST TRUGANINA 3029,-37.754395165366,144.683370983546,-37.754394665366,144.683372083546
53314023949,5 WEYBA ST TRUGANINA 3029,-37.753361341429,144.683519175594,-37.753360841429,144.683520275594
53314184980,21 WEYBA ST TRUGANINA 3029,-37.754283308868,144.683386992981,-37.754282808868,144.683388092981
53314064654,4 WEYBA ST TRUGANINA 3029,-37.753200492707,144.683056913634,-37.753199992707,144.683058013634
53314047930,14 WEYBA ST TRUGANINA 3029,-37.753759900925,144.682976698821,-37.753759400925,144.68297779882099
53306446059,40 WHARF RD CORIO 3214,-38.083954876328,144.380784781827,-38.083954376328,144.380785881827
53314199450,7 WHARFEDALE CRES LARA 3212,-38.01546471101,144.36264768446,-38.01546421101,144.36264878446
53314105113,35 WHARFEDALE CRES LARA 3212,-38.015973492533,144.364009995183,-38.015972992533,144.364011095183
53314147730,52 WHARFEDALE CRES LARA 3212,-38.015600204475,144.364824045619,-38.015599704475,144.364825145619
53314170710,5 WHARFEDALE CRES LARA 3212,-38.015371797614,144.362664532085,-38.015371297614,144.362665632085
53314157193,47 WHARFEDALE CRES LARA 3212,-38.015766794801,144.364353234118,-38.015766294801004,144.364354334118
53314124418,19 WHARFEDALE CRES LARA 3212,-38.015813482001,144.362797385251,-38.015812982001,144.362798485251
53314147722,13 WHARFEDALE CRES LARA 3212,-38.015779325746,144.362538552081,-38.015778825746004,144.36253965208098
53314133680,21 WHARFEDALE CRES LARA 3212,-38.015831293546,144.362932166254,-38.015830793546,144.362933266254
53314182191,51 WHARFEDALE CRES LARA 3212,-38.015588260263,144.364385504445,-38.015587760263,144.364386604445
53314156659,37 WHARFEDALE CRES LARA 3212,-38.015990549706,144.364139663225,-38.015990049706,144.36414076322498
53305475660,44 WHARTON AVE BROADMEADOWS 3047,-37.674882336368,144.946512368017,-37.674881836368,144.946513468017
53305475868,44 WHARTON AVE BROADMEADOWS 3047,-37.674882336368,144.946512368017,-37.674881836368,144.946513468017
53305475652,44 WHARTON AVE BROADMEADOWS 3047,-37.674882336368,144.946512368017,-37.674881836368,144.946513468017
53313467907,1 WHATMAN ST LUCAS 3350,-37.546350042124,143.768643161174,-37.546349542124,143.768644261174
53313551628,5 WHATMAN ST LUCAS 3350,-37.546626435382,143.768649112325,-37.546625935382,143.76865021232499
53313405361,23 WHATMAN ST LUCAS 3350,-37.547911884053,143.768353985515,-37.547911384053,143.768355085515
53313578298,6 WHATMAN ST LUCAS 3350,-37.546697178644,143.768087189537,-37.546696678644004,143.768088289537
53313432925,19 WHATMAN ST LUCAS 3350,-37.547642238227,143.768461022418,-37.547641738227,143.768462122418
53313568638,18 WHATMAN ST LUCAS 3350,-37.547579332044,143.767923826244,-37.547578832044,143.76792492624398
53313450820,12 WHATMAN ST LUCAS 3350,-37.547142718708,143.76800462779,-37.547142218708004,143.76800572778998
53313674214,16 WHATMAN ST LUCAS 3350,-37.547445682598,143.767948552858,-37.547445182598004,143.767949652858
53305421914,1 WHATT ST SUNSHINE 3020,-37.78952933745,144.828975957273,-37.78952883745,144.828977057273
53313727706,14 WHEAT ST DIGGERS REST 3427,-37.6243221935,144.702982122406,-37.6243216935,144.702983222406
53313742349,11 WHEAT ST DIGGERS REST 3427,-37.624246630643,144.703478750169,-37.624246130643,144.703479850169
53313843189,12 WHEAT ST DIGGERS REST 3427,-37.624196967866,144.703001400783,-37.624196467866,144.703002500783
53313854211,17 WHEAT ST DIGGERS REST 3427,-37.624734666955,144.703443629995,-37.624734166955,144.703444729995
53313965735,10 WHEAT ST DIGGERS REST 3427,-37.624087751668,144.703017913132,-37.624087251668,144.70301901313198
53313759816,28 WHEAT ST DIGGERS REST 3427,-37.625245292497,144.702840300604,-37.625244792497,144.702841400604
53313300092,3 WHEAT ST DIGGERS REST 3427,-37.623796773899,144.70354790087,-37.623796273899,144.70354900087
53313308688,5 WHEAT ST DIGGERS REST 3427,-37.623908546578,144.703530717969,-37.623908046578,144.70353181796898
53313303291,8 WHEAT ST DIGGERS REST 3427,-37.623993539076,144.703032665282,-37.623993039076,144.703033765282
53313343692,1 WHEAT ST DIGGERS REST 3427,-37.623676870774,144.703566341057,-37.623676370774,144.703567441057
53313841630,19 WHEAT ST DIGGERS REST 3427,-37.62482858618,144.703429213121,-37.62482808618,144.703430313121
53313920947,9 WHEAT ST DIGGERS REST 3427,-37.624132091936,144.703496352166,-37.624131591936,144.703497452166
53313938501,15 WHEAT ST DIGGERS REST 3427,-37.624631862913,144.703459387973,-37.624631362913,144.703460487973
53313769243,18 WHEAT ST DIGGERS REST 3427,-37.62455244438,144.702946750775,-37.62455194438,144.702947850775
53313769566,26 WHEAT ST DIGGERS REST 3427,-37.625126814295,144.702858489334,-37.625126314295,144.702859589334
53313982319,34 WHEAT ST DIGGERS REST 3427,-37.625544903626,144.702794283956,-37.625544403626,144.702795383956
53313990859,21 WHEAT ST DIGGERS REST 3427,-37.624922463496,144.703414880067,-37.624921963496,144.70341598006698
53313949663,13 WHEAT ST DIGGERS REST 3427,-37.624515815463,144.703477241426,-37.624515315463,144.70347834142598
53302042547,101 WHEATSHEAF RD GLENROY 3046,-37.70716511072,144.92043350121,-37.70716461072,144.92043460121
53313352644,1 WHEATSHEAF RD WYNDHAM VALE 3024,-37.863627834182,144.619682936286,-37.863627334182,144.619684036286
53313878905,13 WHEATSHEAF RD WYNDHAM VALE 3024,-37.863409276057,144.620594049162,-37.863408776057,144.620595149162
53313775225,4 WHEATSHEAF RD WYNDHAM VALE 3024,-37.863920404512,144.620053751683,-37.863919904512,144.620054851683
53313814842,25 WHEATSHEAF RD WYNDHAM VALE 3024,-37.863193777326,144.621366441539,-37.863193277326005,144.621367541539
53313699954,12 WHEATSHEAF RD WYNDHAM VALE 3024,-37.863769236889,144.62063403084,-37.863768736889,144.62063513084
53314219050,38 WHEATSHEAF RD WYNDHAM VALE 3024,-37.863177977439,144.622787509404,-37.863177477439,144.62278860940398
53314015848,28 WHEATSHEAF RD WYNDHAM VALE 3024,-37.863387147832,144.622100528619,-37.863386647832,144.622101628619
53313812572,7 WHEATSHEAF RD WYNDHAM VALE 3024,-37.863542254951,144.620027767783,-37.863541754951,144.620028867783
53313987192,34 WHEATSHEAF RD WYNDHAM VALE 3024,-37.863291468408,144.622478552452,-37.863290968408,144.622479652452
53313814826,23 WHEATSHEAF RD WYNDHAM VALE 3024,-37.86321506736,144.621285556174,-37.863214567360004,144.621286656174
53313828918,10 WHEATSHEAF RD WYNDHAM VALE 3024,-37.863808631834,144.620482905125,-37.863808131834,144.62048400512498
53313868609,6 WHEATSHEAF RD WYNDHAM VALE 3024,-37.863885242429,144.620188700324,-37.863884742429,144.620189800324
53313743925,8 WHEATSHEAF RD WYNDHAM VALE 3024,-37.863847984869,144.620331779411,-37.863847484869,144.620332879411
53313749601,16 WHEATSHEAF RD WYNDHAM VALE 3024,-37.863696859155,144.620911974749,-37.863696359155,144.62091307474898
53313878895,17 WHEATSHEAF RD WYNDHAM VALE 3024,-37.86335533851,144.620798986694,-37.86335483851,144.620800086694
53313878929,19 WHEATSHEAF RD WYNDHAM VALE 3024,-37.863327259134,144.620905688322,-37.863326759134004,144.620906788322
53314167621,49 WHEATSHEAF RD WYNDHAM VALE 3024,-37.862386055227,144.622792203269,-37.862385555227,144.622793303269
53314128946,29 WHEATSHEAF RD WYNDHAM VALE 3024,-37.863151197258,144.621528128451,-37.863150697258,144.62152922845098
53314026515,47 WHEATSHEAF RD WYNDHAM VALE 3024,-37.862484207313,144.622722717292,-37.862483707313004,144.62272381729198
53314014949,37 WHEATSHEAF RD WYNDHAM VALE 3024,-37.862940266665,144.622214857779,-37.862939766665,144.622215957779
53313951983,11 WHEATSHEAF RD WYNDHAM VALE 3024,-37.863440037641,144.620477121612,-37.863439537641,144.620478221612
53314065396,44 WHEATSHEAF RD WYNDHAM VALE 3024,-37.86288523947,144.62301206059,-37.862884739470005,144.62301316059
53313878913,15 WHEATSHEAF RD WYNDHAM VALE 3024,-37.863382286329,144.620696559837,-37.863381786329,144.620697659837
53313823363,5 WHEEL WRIGHT LANE KYNETON 3444,-37.261677015229,144.457402920563,-37.261676515229,144.457404020563
53313641702,1 WHEEL WRIGHT LANE KYNETON 3444,-37.261487039394,144.457451367964,-37.261486539394,144.457452467964
53313823355,7 WHEEL WRIGHT LANE KYNETON 3444,-37.261770473449,144.457384648015,-37.261769973449,144.45738574801499
53313823388,9 WHEEL WRIGHT LANE KYNETON 3444,-37.26186393167,144.457366459285,-37.26186343167,144.457367559285
53313823933,13 WHEEL WRIGHT LANE KYNETON 3444,-37.262057511724,144.457328656901,-37.262057011724,144.457329756901
53302851096,27 WHEELER ST CASTLEMAINE 3450,-37.072427597396,144.218715906245,-37.072427097396,144.218717006245
53302857174,29 WHEELER ST CASTLEMAINE 3450,-37.072715222404,144.218916066093,-37.072714722404,144.21891716609298
53303340338,38 WHEELER ST PASCOE VALE SOUTH 3044,-37.741318474403,144.932484331044,-37.741317974403,144.932485431044
53314186291,3 WHEELRIGHTS RD RIDDELLS CREEK 3431,-37.460581379691,144.668127989708,-37.460580879691,144.668129089708
53314164959,15 WHELAN ST ARMSTRONG CREEK 3217,-38.241693828367,144.358556058425,-38.241693328367,144.358557158425
53314155528,37 WHELAN ST ARMSTRONG CREEK 3217,-38.242898098306,144.358322790059,-38.242897598306,144.35832389005898
53314173653,7 WHELAN ST ARMSTRONG CREEK 3217,-38.241424811185,144.358648594636,-38.241424311185,144.358649694636
53314193081,45 WHELAN ST ARMSTRONG CREEK 3217,-38.243368029708,144.358231678772,-38.243367529708,144.358232778772
53314199055,41 WHELAN ST ARMSTRONG CREEK 3217,-38.243127259539,144.358278365973,-38.243126759539,144.358279465973
53314050639,46 WHELAN ST ARMSTRONG CREEK 3217,-38.243297789359,144.357690459284,-38.243297289359,144.35769155928398
53314096870,9-11 WHELAN ST ARMSTRONG CREEK 3217,-38.241407293007,144.358503252435,-38.241406793007,144.358504352435
53314048730,43 WHELAN ST ARMSTRONG CREEK 3217,-38.243245234826,144.358255483377,-38.243244734826,144.358256583377
53313996863,18 WHELAN ST ARMSTRONG CREEK 3217,-38.241583899707,144.358022466469,-38.241583399707004,144.358023566469
53314005261,31 WHELAN ST ARMSTRONG CREEK 3217,-38.242550752239,144.358390012923,-38.242550252239,144.358391112923
53314178019,28 WHELAN ST ARMSTRONG CREEK 3217,-38.242167070621,144.357909478414,-38.242166570621,144.357910578414
53314201010,38 WHELAN ST ARMSTRONG CREEK 3217,-38.242819224597,144.357783163133,-38.242818724597,144.357784263133
53314103165,34 WHELAN ST ARMSTRONG CREEK 3217,-38.24256102007,144.357833203095,-38.24256052007,144.357834303095
53314196912,35 WHELAN ST ARMSTRONG CREEK 3217,-38.242780123019,144.358345672655,-38.242779623019004,144.35834677265498
53314048227,44 WHELAN ST ARMSTRONG CREEK 3217,-38.243179814072,144.35771334188,-38.243179314072,144.35771444187998
53314191863,48 WHELAN ST ARMSTRONG CREEK 3217,-38.243415764646,144.357667576688,-38.243415264646,144.35766867668798
53314205348,33 WHELAN ST ARMSTRONG CREEK 3217,-38.242668895164,144.358367130327,-38.242668395164,144.358368230327
53314027270,19 WHELAN ST ARMSTRONG CREEK 3217,-38.241898598262,144.358516412023,-38.241898098262,144.35851751202298
53313960183,4 WHIPPET ST TARNEIT 3029,-37.806704066604,144.663269838627,-37.806703566604,144.663270938627
53314079529,9 WHIPPET ST TARNEIT 3029,-37.806233883745,144.662840685185,-37.806233383745,144.66284178518498
53314147599,10 WHIPPET ST TARNEIT 3029,-37.80621963451,144.663360949915,-37.80621913451,144.66336204991498
53314029425,3 WHIPPET ST TARNEIT 3029,-37.806567986406,144.662777820911,-37.806567486406,144.662778920911
53313965140,2 WHIPPET ST TARNEIT 3029,-37.806816677473,144.663248632412,-37.806816177473,144.663249732412
53314021424,14 WHIPPET ST TARNEIT 3029,-37.805970356709,144.663407804753,-37.805969856709,144.663408904753
53314068985,7 WHIPPET ST TARNEIT 3029,-37.806345237329,144.662819730427,-37.806344737329,144.662820830427
53314054960,11 WHIPPET ST TARNEIT 3029,-37.806122488252,144.662861639942,-37.806121988252,144.662862739942
53314145289,16 WHIPPET ST TARNEIT 3029,-37.805847855194,144.663430854987,-37.805847355194004,144.663431954987
53313994512,6 WHIPPET ST TARNEIT 3029,-37.806592671111,144.663290793385,-37.806592171111,144.66329189338498
53308360570,13 WHIRRAKEE DR MARYBOROUGH 3465,-37.023752447751,143.747110356422,-37.023751947751,143.747111456422
53313879646,12 WHISTLING CCT MANOR LAKES 3024,-37.879975269493,144.600144636165,-37.879974769493,144.600145736165
53314021390,14 WHISTLING CCT MANOR LAKES 3024,-37.87999802636,144.600362817105,-37.87999752636,144.600363917105
53313925945,16 WHISTLING CCT MANOR LAKES 3024,-37.880047018584,144.60065408824,-37.880046518584,144.60065518823998
53305410726,4 WHITAKER ST MAIDSTONE 3012,-37.78417338514,144.867542518707,-37.78417288514,144.867543618707
53305410710,4 WHITAKER ST MAIDSTONE 3012,-37.78417338514,144.867542518707,-37.78417288514,144.867543618707
53314071338,20 WHITBY CCT FRASER RISE 3336,-37.692661358832,144.703602131784,-37.692660858832,144.703603231784
53314164479,19 WHITBY CCT FRASER RISE 3336,-37.692825937501,144.70305965501,-37.692825437501,144.70306075501
53314172044,31 WHITBY CCT FRASER RISE 3336,-37.692264056621,144.702801576211,-37.692263556621,144.70280267621098
53314199187,12 WHITBY CCT FRASER RISE 3336,-37.693820576041,144.703488892272,-37.693820076041,144.70348999227198
53314079901,45 WHITBY CCT FRASER RISE 3336,-37.693027438453,144.702671237617,-37.693026938453,144.702672337617
53314099254,16 WHITBY CCT FRASER RISE 3336,-37.693027312724,144.703544631928,-37.693026812724,144.703545731928
53314076030,14 WHITBY CCT FRASER RISE 3336,-37.693144072636,144.70352627556,-37.693143572636004,144.70352737556
53314145140,41 WHITBY CCT FRASER RISE 3336,-37.692791068783,144.702708788543,-37.692790568783,144.70270988854298
53314199204,2 WHITBY CCT FRASER RISE 3336,-37.693991105861,144.703393170938,-37.693990605861,144.703394270938
53314109106,43 WHITBY CCT FRASER RISE 3336,-37.692909211709,144.702689845442,-37.692908711709,144.702690945442
53314103932,39 WHITBY CCT FRASER RISE 3336,-37.692679505652,144.702728402197,-37.692679005652,144.702729502197
53314205034,6 WHITBY CCT FRASER RISE 3336,-37.69376089689,144.703429380759,-37.69376039689,144.70343048075898
53314071379,22 WHITBY CCT FRASER RISE 3336,-37.692567481516,144.703616967752,-37.692566981516,144.703618067752
53314199228,4 WHITBY CCT FRASER RISE 3336,-37.69387262766,144.703411778763,-37.69387212766,144.703412878763
53314201231,8 WHITBY CCT FRASER RISE 3336,-37.693644136979,144.703447737127,-37.693643636979004,144.70344883712698
53305806278,61 WHITCOMBES RD CLIFTON SPRINGS 3222,-38.158753890618,144.580738099562,-38.158753390618,144.580739199562
53306607452,70 WHITE AVE ROMSEY 3434,-37.35629139345,144.757217226903,-37.35629089345,144.757218326903
53313468112,8 WHITE GUM WAY WINTER VALLEY 3358,-37.576002742898,143.797331901173,-37.576002242898,143.797333001173
53313149422,16 WHITE GUM WAY WINTER VALLEY 3358,-37.575929946069,143.796716250385,-37.575929446069004,143.796717350385
53313162474,17 WHITE GUM WAY WINTER VALLEY 3358,-37.576378168341,143.79640410831,-37.576377668341,143.79640520831
53313179768,36 WHITE GUM WAY WINTER VALLEY 3358,-37.576091465343,143.795284537503,-37.576090965343,143.79528563750299
53313154027,40 WHITE GUM WAY WINTER VALLEY 3358,-37.576340910781,143.795238185579,-37.576340410781,143.795239285579
53313184627,20 WHITE GUM WAY WINTER VALLEY 3358,-37.575894197252,143.796413998956,-37.575893697252,143.796415098956
53313188297,28 WHITE GUM WAY WINTER VALLEY 3358,-37.575819388766,143.795781416723,-37.575818888766,143.795782516723
53313189220,21 WHITE GUM WAY WINTER VALLEY 3358,-37.576341246057,143.796090625132,-37.576340746057,143.796091725132
53313177571,9 WHITE GUM WAY WINTER VALLEY 3358,-37.576454695117,143.79705337053,-37.576454195117,143.79705447053
53313072856,3 WHITE GUM WAY WINTER VALLEY 3358,-37.576512697887,143.797545891161,-37.576512197887,143.797546991161
53313247218,42 WHITE GUM WAY WINTER VALLEY 3358,-37.576474560227,143.795213375145,-37.576474060227,143.795214475145
53313250610,13 WHITE GUM WAY WINTER VALLEY 3358,-37.576416431729,143.79672873942,-37.576415931729,143.79672983941998
53313300357,19 WHITE GUM WAY WINTER VALLEY 3358,-37.576359686244,143.796247366721,-37.576359186244,143.79624846672098
53313157054,14 WHITE GUM WAY WINTER VALLEY 3358,-37.57594717088,143.796861760224,-37.57594667088,143.796862860224
53313172747,32 WHITE GUM WAY WINTER VALLEY 3358,-37.575833093177,143.795332565808,-37.575832593177005,143.795333665808
53313180445,22 WHITE GUM WAY WINTER VALLEY 3358,-37.575875673246,143.796257341186,-37.575875173246004,143.79625844118598
53313196374,6 WHITE GUM WAY WINTER VALLEY 3358,-37.576021266904,143.797488642762,-37.576020766904,143.797489742762
53313197257,25 WHITE GUM WAY WINTER VALLEY 3358,-37.576303611312,143.795754259357,-37.576303111312,143.795755359357
53313120609,1 WHITE GUM WAY WINTER VALLEY 3358,-37.576536837768,143.79775116397,-37.576536337768005,143.79775226396998
53313162467,11 WHITE GUM WAY WINTER VALLEY 3358,-37.57643621302,143.796896628941,-37.576435713020004,143.796897728941
53313162524,26 WHITE GUM WAY WINTER VALLEY 3358,-37.575838625234,143.795943941826,-37.575838125234,143.795945041826
53313693719,7 WHITE GUM WAY WINTER VALLEY 3358,-37.576473135304,143.797210028301,-37.576472635304,143.797211128301
53300429365,2 WHITE ST ALLANSFORD 3277,-38.386355405237,142.600922885774,-38.386354905237,142.600923985774
53304242177,6 WHITE ST MARIBYRNONG 3032,-37.773603176593,144.884150086382,-37.773602676593,144.88415118638198
53313440178,27 WHITECROSS DR THORNHILL PARK 3335,-37.72258282533,144.619257806157,-37.72258232533,144.619258906157
53313516795,6 WHITECROSS DR THORNHILL PARK 3335,-37.723110675683,144.618608879214,-37.723110175683004,144.618609979214
53313712260,68 WHITECROSS DR THORNHILL PARK 3335,-37.723534464707,144.624718196981,-37.723533964707,144.624719296981
53313748172,4 WHITECROSS DR THORNHILL PARK 3335,-37.723091523034,144.618428835933,-37.723091023034,144.618429935933
53313649967,11 WHITECROSS DR THORNHILL PARK 3335,-37.722463215572,144.618341077407,-37.722462715572,144.618342177407
53313668776,81 WHITECROSS DR THORNHILL PARK 3335,-37.722915000153,144.623328728892,-37.722914500153,144.623329828892
53313901916,50 WHITECROSS DR THORNHILL PARK 3335,-37.723369131667,144.622906029514,-37.723368631667,144.622907129514
53313932131,48 WHITECROSS DR THORNHILL PARK 3335,-37.723351990675,144.622748701192,-37.723351490675,144.622749801192
53313656666,67 WHITECROSS DR THORNHILL PARK 3335,-37.722814123948,144.6224016904,-37.722813623948,144.6224027904
53313671848,65 WHITECROSS DR THORNHILL PARK 3335,-37.722798533609,144.622258443675,-37.722798033609,144.622259543675
53314120945,195 WHITECROSS DR THORNHILL PARK 3335,-37.72419910772,144.633224319961,-37.72419860772,144.63322541996098
53313573183,30 WHITECROSS DR THORNHILL PARK 3335,-37.723153842484,144.621094700238,-37.723153342484004,144.62109580023798
53313503711,31 WHITECROSS DR THORNHILL PARK 3335,-37.722529516426,144.619599201074,-37.722529016426,144.619600301074
53313523435,38 WHITECROSS DR THORNHILL PARK 3335,-37.723215868568,144.621664753473,-37.723215368568,144.621665853473
53313490644,35 WHITECROSS DR THORNHILL PARK 3335,-37.72254560968,144.61991804867,-37.72254510968,144.61991914867
53313649612,15 WHITECROSS DR THORNHILL PARK 3335,-37.722476961893,144.618467476507,-37.722476461893,144.61846857650698
53313649652,17 WHITECROSS DR THORNHILL PARK 3335,-37.722484296059,144.618534867008,-37.722483796059,144.618535967008
53313649685,19 WHITECROSS DR THORNHILL PARK 3335,-37.722491630224,144.618602341329,-37.722491130224,144.618603441329
53313649727,21 WHITECROSS DR THORNHILL PARK 3335,-37.722498964389,144.618669731831,-37.722498464389,144.618670831831
53313649919,59 WHITECROSS DR THORNHILL PARK 3335,-37.722761234139,144.621915707654,-37.722760734139,144.621916807654
53313650982,7 WHITECROSS DR THORNHILL PARK 3335,-37.722452193369,144.618239907836,-37.722451693369,144.618241007836
53313570743,42 WHITECROSS DR THORNHILL PARK 3335,-37.723247342614,144.621954012952,-37.723246842614,144.62195511295198
53313625371,20 WHITECROSS DR THORNHILL PARK 3335,-37.723058246878,144.620049476912,-37.723057746878,144.62005057691198
53314073861,136 WHITECROSS DR THORNHILL PARK 3335,-37.724537107965,144.631865362,-37.724536607965,144.631866462
53313836522,58 WHITECROSS DR THORNHILL PARK 3335,-37.72344419161,144.623763079114,-37.72344369161,144.623764179114
53313960092,54 WHITECROSS DR THORNHILL PARK 3335,-37.72340873616,144.623437190719,-37.723408236160004,144.62343829071898
53313691913,62 WHITECROSS DR THORNHILL PARK 3335,-37.723487023135,144.624282254197,-37.723486523135,144.624283354197
53313597902,39 WHITECROSS DR THORNHILL PARK 3335,-37.722577293274,144.620225245422,-37.722576793274,144.620226345422
53313944598,73 WHITECROSS DR THORNHILL PARK 3335,-37.722862738987,144.622848362021,-37.722862238987,144.62284946202098
53313888912,93 WHITECROSS DR THORNHILL PARK 3335,-37.723014912439,144.624247217842,-37.723014412439,144.624248317842
53313677950,63 WHITECROSS DR THORNHILL PARK 3335,-37.722785374021,144.62213766045,-37.722784874021,144.62213876044999
53314075775,179 WHITECROSS DR THORNHILL PARK 3335,-37.724037672265,144.631739633452,-37.724037172265,144.631740733452
53313727853,69 WHITECROSS DR THORNHILL PARK 3335,-37.722829420922,144.622542171098,-37.722828920922,144.62254327109798
53313679435,95 WHITECROSS DR THORNHILL PARK 3335,-37.723032640164,144.624410162039,-37.723032140164,144.624411262039
53313703797,47 WHITECROSS DR THORNHILL PARK 3335,-37.722641205286,144.620812397739,-37.722640705286004,144.620813497739
53314035861,97 WHITECROSS DR THORNHILL PARK 3335,-37.72307195129,144.624771170609,-37.723071451290004,144.624772270609
53314120937,193 WHITECROSS DR THORNHILL PARK 3335,-37.724186241498,144.633106302765,-37.724185741498005,144.63310740276498
53314120961,199 WHITECROSS DR THORNHILL PARK 3335,-37.724225804081,144.633470077363,-37.724225304081,144.633471177363
53314202435,155 WHITECROSS DR THORNHILL PARK 3335,-37.723811193241,144.629656646694,-37.723810693241,144.629657746694
53314141537,189 WHITECROSS DR THORNHILL PARK 3335,-37.724135405256,144.632638592568,-37.724134905256,144.63263969256798
53314157616,173 WHITECROSS DR THORNHILL PARK 3335,-37.72399567893,144.631353395354,-37.723995178930004,144.631354495354
53314158497,10 WHITECROSS DR THORNHILL PARK 3335,-37.72310489217,144.618970642155,-37.72310439217,144.618971742155
53314205272,147 WHITECROSS DR THORNHILL PARK 3335,-37.72373332536,144.628940329249,-37.72373282536,144.62894142924898
53313888944,91 WHITECROSS DR THORNHILL PARK 3335,-37.722997813357,144.624089973338,-37.722997313357,144.62409107333798
53313967006,18 WHITECROSS DR THORNHILL PARK 3335,-37.723043578548,144.619900530493,-37.723043078548,144.619901630493
53314106399,205 WHITECROSS DR THORNHILL PARK 3335,-37.724411672784,144.63408061519,-37.724411172784,144.63408171518998
53314154091,187 WHITECROSS DR THORNHILL PARK 3335,-37.722552063746,144.629832331384,-37.722551563746,144.629833431384
53314154835,144 WHITECROSS DR THORNHILL PARK 3335,-37.724628764076,144.632708162364,-37.724628264076,144.632709262364
53314202809,165 WHITECROSS DR THORNHILL PARK 3335,-37.723914123012,144.630603382658,-37.723913623012,144.630604482658
53313892161,43 WHITECROSS DR THORNHILL PARK 3335,-37.722607887221,144.620506206816,-37.722607387221004,144.620507306816
53313433098,23 WHITEGUM ST HARKNESS 3337,-37.652215868073,144.57085566808,-37.652215368073,144.57085676807998
53313461026,1 WHITEGUM ST HARKNESS 3337,-37.651316028857,144.5710288382,-37.651315528857005,144.57102993819998
53313343783,21 WHITEGUM ST HARKNESS 3337,-37.652140179487,144.570870252592,-37.652139679487,144.57087135259198
53313669642,17 WHITEGUM ST HARKNESS 3337,-37.651993202815,144.570898499606,-37.651992702815,144.57089959960598
53313511474,9 WHITEHALL CT SUNBURY 3429,-37.560689466801,144.702442495479,-37.560688966801,144.702443595479
53314104294,7 WHITEHALL CT SUNBURY 3429,-37.560607491788,144.701942682593,-37.560606991788,144.701943782593
53301818533,208 WHITEHALL ST YARRAVILLE 3013,-37.814984117112,144.899524076286,-37.814983617112,144.899525176286
53301836197,246 WHITEHALL ST YARRAVILLE 3013,-37.816967539404,144.898548519657,-37.816967039404,144.898549619657
53305920442,35-39 WHITEHORSE RD MOOLAP 3224,-38.175127896562,144.440736009013,-38.175127396562004,144.44073710901299
53313456529,1 WHITEHOUSE TCE THORNHILL PARK 3335,-37.720313089769,144.631777854931,-37.720312589769,144.63177895493098
53313456594,13 WHITEHOUSE TCE THORNHILL PARK 3335,-37.720180907156,144.631380720358,-37.720180407156,144.631381820358
53313456505,5 WHITEHOUSE TCE THORNHILL PARK 3335,-37.720267324578,144.631640475537,-37.720266824578005,144.631641575537
53313456545,7 WHITEHOUSE TCE THORNHILL PARK 3335,-37.720245615449,144.631578114178,-37.720245115449,144.631579214178
53313456578,17 WHITEHOUSE TCE THORNHILL PARK 3335,-37.720131118652,144.631228840273,-37.720130618652,144.631229940273
53313456612,23 WHITEHOUSE TCE THORNHILL PARK 3335,-37.720069218297,144.631040163632,-37.720068718297,144.631041263632
53303252796,114 WHITELAW AVE DELACOMBE 3356,-37.579933645939,143.817986586978,-37.579933145939,143.817987686978
53313810693,13 WHITELOCK DR HUNTLY 3551,-36.663793556701,144.353880381376,-36.663793056701,144.353881481376
53313783757,18 WHITELOCK DR HUNTLY 3551,-36.664253471729,144.353273531587,-36.664252971729,144.353274631587
53313761788,2 WHITELOCK DR HUNTLY 3551,-36.662868320319,144.353510487989,-36.662867820319,144.353511587989
53313770105,9 WHITELOCK DR HUNTLY 3551,-36.663489586983,144.353926733301,-36.663489086983,144.353927833301
53313772207,12 WHITELOCK DR HUNTLY 3551,-36.663588996354,144.353359529913,-36.663588496354,144.353360629913
53313815650,20 WHITELOCK DR HUNTLY 3551,-36.664383684594,144.353283422232,-36.664383184594,144.353284522232
53314070421,21 WHITELOCK DR HUNTLY 3551,-36.664330040414,144.353830006138,-36.664329540414,144.353831106138
53313796024,22 WHITELOCK DR HUNTLY 3551,-36.664514107008,144.353291971774,-36.664513607008004,144.353293071774
53314154785,33 WHITELOCK DR HUNTLY 3551,-36.665187341471,144.354005942286,-36.665186841471,144.35400704228599
53314126802,5 WHITELOCK DR HUNTLY 3551,-36.663185533445,144.353973085226,-36.663185033445004,144.35397418522598
53301733179,6 WHITELY PDE WEST FOOTSCRAY 3012,-37.81067408633,144.864079634164,-37.810673586330005,144.864080734164
53313981171,62 WHITES LANE CRAIGIEBURN 3064,-37.586618004174,144.891240757374,-37.586617504174,144.89124185737398
53314072665,42 WHITES LANE CRAIGIEBURN 3064,-37.588162076468,144.890994748516,-37.588161576468,144.89099584851598
53313948113,74 WHITES LANE CRAIGIEBURN 3064,-37.585913840488,144.891350476486,-37.585913340488,144.891351576486
53313862394,72 WHITES LANE CRAIGIEBURN 3064,-37.586032360599,144.891332371575,-37.586031860599,144.891333471575
53314040242,86 WHITES LANE CRAIGIEBURN 3064,-37.585229583823,144.891454663543,-37.585229083823,144.89145576354298
53314036760,34 WHITES LANE CRAIGIEBURN 3064,-37.589067070554,144.890850495962,-37.589066570554,144.890851595962
53313979230,48 WHITES LANE CRAIGIEBURN 3064,-37.587813473115,144.891050236715,-37.587812973115,144.89105133671498
53313938434,44 WHITES LANE CRAIGIEBURN 3064,-37.588050345698,144.89101251815,-37.588049845698,144.89101361815
53314045860,26 WHITES LANE CRAIGIEBURN 3064,-37.589567595902,144.890770700244,-37.589567095902,144.89077180024398
53313862412,24 WHITES LANE CRAIGIEBURN 3064,-37.589701664443,144.89074941021,-37.589701164443,144.89075051020998
53313868995,22 WHITES LANE CRAIGIEBURN 3064,-37.589826806257,144.89072946128,-37.589826306257,144.89073056127998
53314118601,30 WHITES LANE CRAIGIEBURN 3064,-37.589312869864,144.890811352474,-37.589312369864004,144.890812452474
53313939226,46 WHITES LANE CRAIGIEBURN 3064,-37.587931909407,144.891031377432,-37.587931409407,144.891032477432
53313975775,78 WHITES LANE CRAIGIEBURN 3064,-37.585690211312,144.891384507013,-37.585689711312,144.89138560701298
53314094966,88 WHITES LANE CRAIGIEBURN 3064,-37.585117769234,144.891471678806,-37.585117269234004,144.891472778806
53313925458,66 WHITES LANE CRAIGIEBURN 3064,-37.586357285076,144.891258191732,-37.586356785076,144.89125929173198
53313950423,64 WHITES LANE CRAIGIEBURN 3064,-37.586499567882,144.891259616656,-37.586499067882,144.89126071665598
53313884794,82 WHITES LANE CRAIGIEBURN 3064,-37.585453212999,144.891420633016,-37.585452712999,144.891421733016
53314052205,84 WHITES LANE CRAIGIEBURN 3064,-37.585341398411,144.891437648279,-37.585340898411005,144.891438748279
53313428436,96 WHITES RD MOUNT DUNEED 3217,-38.23242562275,144.325503531995,-38.23242512275,144.325504631995
53314072938,116 WHITES RD MOUNT DUNEED 3217,-38.232205555882,144.323463879676,-38.232205055882,144.323464979676
53313648753,146 WHITES RD MOUNT DUNEED 3217,-38.231912650276,144.320951152742,-38.231912150276,144.320952252742
53313668842,170 WHITES RD MOUNT DUNEED 3217,-38.231682189848,144.319110235348,-38.231681689848,144.319111335348
53313660445,150 WHITES RD MOUNT DUNEED 3217,-38.231876272816,144.320643453077,-38.231875772816004,144.320644553077
53314125687,64 WHITES RD MOUNT DUNEED 3217,-38.232830091488,144.328946985458,-38.232829591488,144.328948085458
53313369185,100 WHITES RD MOUNT DUNEED 3217,-38.232390293028,144.325201364386,-38.232389793028,144.325202464386
53314095196,114 WHITES RD MOUNT DUNEED 3217,-38.232221816775,144.323602264898,-38.232221316775004,144.323603364898
53313903851,113 WHITES RD MOUNT DUNEED 3217,-38.232635254149,144.322778994368,-38.232634754149004,144.322780094368
53313865570,115 WHITES RD MOUNT DUNEED 3217,-38.232620040994,144.322649158688,-38.232619540994,144.322650258688
53313655980,142 WHITES RD MOUNT DUNEED 3217,-38.231927570064,144.321231108308,-38.231927070064,144.321232208308
53313805973,164 WHITES RD MOUNT DUNEED 3217,-38.231747694421,144.319556655511,-38.231747194421004,144.319557755511
53313891413,105 WHITES RD MOUNT DUNEED 3217,-38.232699375708,144.323326835559,-38.232698875708,144.32332793555898
53314097408,126 WHITES RD MOUNT DUNEED 3217,-38.232119473737,144.322732642443,-38.232118973737,144.32273374244298
53313726618,156 WHITES RD MOUNT DUNEED 3217,-38.231818479594,144.320155039579,-38.231817979594,144.32015613957898
53313908578,125 WHITES RD MOUNT DUNEED 3217,-38.232528175336,144.321864193455,-38.232527675336,144.321865293455
53313854532,109 WHITES RD MOUNT DUNEED 3217,-38.2326663091,144.323044449241,-38.2326658091,144.323045549241
53313640249,160 WHITES RD MOUNT DUNEED 3217,-38.231784113791,144.319864271358,-38.231783613791,144.319865371358
53313659000,158 WHITES RD MOUNT DUNEED 3217,-38.231801799606,144.320013888329,-38.231801299606,144.32001498832898
53314161818,70 WHITES RD MOUNT DUNEED 3217,-38.232728796188,144.328081302498,-38.232728296188,144.32808240249798
53314125679,62 WHITES RD MOUNT DUNEED 3217,-38.232848573585,144.32910515197,-38.232848073585004,144.32910625197
53314132542,76 WHITES RD MOUNT DUNEED 3217,-38.232665345181,144.327539161,-38.232664845181,144.327540261
53314134639,60 WHITES RD MOUNT DUNEED 3217,-38.232868396786,144.329274550234,-38.232867896786004,144.329275650234
53313904032,127 WHITES RD MOUNT DUNEED 3217,-38.232511621077,144.321722958387,-38.232511121077,144.321724058387
53313990131,111 WHITES RD MOUNT DUNEED 3217,-38.232650132027,144.32290606402,-38.232649632027,144.32290716402
53314157333,128 WHITES RD MOUNT DUNEED 3217,-38.232100824002,144.322574559749,-38.232100324002005,144.322575659749
53313888564,117 WHITES RD MOUNT DUNEED 3217,-38.232603528645,144.322507923619,-38.232603028645,144.322509023619
53314161428,54 WHITES RD MOUNT DUNEED 3217,-38.232927070108,144.329776374777,-38.232926570108,144.329777474777
53314193940,68 WHITES RD MOUNT DUNEED 3217,-38.232749918584,144.32826201633,-38.232749418584,144.32826311633
53313892490,154 WHITES RD MOUNT DUNEED 3217,-38.231837506514,144.32031597212,-38.231837006514,144.32031707212
53313892649,121 WHITES RD MOUNT DUNEED 3217,-38.232568157014,144.322205839829,-38.232567657014,144.322206939829
53314089958,9 WHITEWING ST ARMSTRONG CREEK 3217,-38.224898631789,144.37722834031,-38.224898131789004,144.37722944031
53313853908,3 WHITEWING ST ARMSTRONG CREEK 3217,-38.224845993437,144.376788122755,-38.224845493437,144.37678922275498
53313940549,19 WHITEWING ST ARMSTRONG CREEK 3217,-38.224980564893,144.377914147628,-38.224980064893,144.37791524762798
53313937164,15 WHITEWING ST ARMSTRONG CREEK 3217,-38.224946534366,144.377629079101,-38.224946034366,144.377630179101
53313955629,17 WHITEWING ST ARMSTRONG CREEK 3217,-38.224963381991,144.37777023035,-38.224962881991004,144.37777133035
53314155958,7 WHITEWING ST ARMSTRONG CREEK 3217,-38.224880736426,144.377078807157,-38.224880236426,144.377079907157
53313737102,15 WHITFIELD CRES CRAIGIEBURN 3064,-37.591060831952,144.89398272936,-37.591060331952,144.89398382936
53313954036,51 WHITFIELD CRES CRAIGIEBURN 3064,-37.590815787013,144.890688138497,-37.590815287013,144.890689238497
53313999305,49 WHITFIELD CRES CRAIGIEBURN 3064,-37.590695003788,144.89070951235,-37.590694503788,144.89071061235
53313856231,36 WHITFIELD CRES CRAIGIEBURN 3064,-37.590156927514,144.89090522979,-37.590156427514,144.89090632979
53313912011,40 WHITFIELD CRES CRAIGIEBURN 3064,-37.59012092724,144.890585711641,-37.59012042724,144.890586811641
53313737051,1 WHITFIELD CRES CRAIGIEBURN 3064,-37.591060831952,144.89398272936,-37.591060331952,144.89398382936
53313737084,5 WHITFIELD CRES CRAIGIEBURN 3064,-37.591060831952,144.89398272936,-37.591060331952,144.89398382936
53313941679,45 WHITFIELD CRES CRAIGIEBURN 3064,-37.590454275529,144.890752260057,-37.590453775529,144.890753360057
53313935282,38 WHITFIELD CRES CRAIGIEBURN 3064,-37.590139199789,144.890748320562,-37.590138699789,144.890749420562
53313994999,47 WHITFIELD CRES CRAIGIEBURN 3064,-37.590576818954,144.890730550927,-37.590576318954,144.890731650927
53313476634,49 WHITFORDS DR ARMSTRONG CREEK 3217,-38.239651368111,144.361153023486,-38.239650868111,144.361154123486
53313547007,60 WHITFORDS DR ARMSTRONG CREEK 3217,-38.239014092013,144.36070853116,-38.239013592013,144.36070963115998
53313857108,50 WHITFORDS DR ARMSTRONG CREEK 3217,-38.23925502982,144.361404145305,-38.23925452982,144.36140524530498
53313502076,41 WHITFORDS DR ARMSTRONG CREEK 3217,-38.239816575423,144.361993560736,-38.239816075423,144.361994660736
53313562113,59 WHITFORDS DR ARMSTRONG CREEK 3217,-38.239391529113,144.360400496219,-38.239391029113,144.360401596219
53313517315,47 WHITFORDS DR ARMSTRONG CREEK 3217,-38.23969130788,144.361329462547,-38.23969080788,144.36133056254698
53313692059,45 WHITFORDS DR ARMSTRONG CREEK 3217,-38.239723494388,144.361496597697,-38.239722994388,144.361497697697
53313599261,44 WHITFORDS DR ARMSTRONG CREEK 3217,-38.239366425313,144.361936479975,-38.239365925313,144.36193757997498
53313608718,48 WHITFORDS DR ARMSTRONG CREEK 3217,-38.239301339835,144.361591648479,-38.239300839835,144.36159274847898
53313646484,42 WHITFORDS DR ARMSTRONG CREEK 3217,-38.239391361475,144.362093556841,-38.239390861475,144.36209465684098
53312836770,10 WHITLAM GRN POINT COOK 3030,-37.895105359096,144.732720109044,-37.895104859096,144.732721209044
53313213235,8 WHITTAKER AVE LAVERTON 3028,-37.85028179076,144.772113796683,-37.85028129076,144.77211489668298
53313213251,6A WHITTAKER AVE LAVERTON 3028,-37.850229403866,144.771924533309,-37.850228903866004,144.771925633309
53306656334,1A WHITTAKER ST SPRING GULLY 3550,-36.784667096466,144.284413347153,-36.784666596466,144.28441444715298
53313570216,15 WHITTY ST SUNSHINE 3020,-37.787633518589,144.835285183431,-37.787633018589,144.835286283431
53313339411,34 WICHITA GR LARA 3212,-38.015069420456,144.382105183034,-38.015068920456,144.382106283034
53313319363,36 WICHITA GR LARA 3212,-38.014911044396,144.382113648756,-38.014910544396,144.38211474875598
53303174317,13 WICKLOW DR INVERMAY PARK 3350,-37.52311497222,143.860319151652,-37.52311447222,143.86032025165198
53313486261,11 WICKLOW DR MELTON SOUTH 3338,-37.717390864956,144.56803448711,-37.717390364956,144.56803558711
53313347388,23 WICKLOW DR MELTON SOUTH 3338,-37.717301974873,144.567295035611,-37.717301474873004,144.567296135611
53313647557,24 WICKLOW DR MELTON SOUTH 3338,-37.716901780906,144.567301154401,-37.716901280906,144.567302254401
53313649495,29 WICKLOW DR MELTON SOUTH 3338,-37.717253108377,144.566888513308,-37.717252608377,144.56688961330798
53313284391,9 WICKLOW DR MELTON SOUTH 3338,-37.717406287658,144.568162814047,-37.717405787658,144.568163914047
53313315040,14 WICKLOW DR MELTON SOUTH 3338,-37.716981995719,144.567968353894,-37.716981495719004,144.567969453894
53313371422,4 WICKLOW DR MELTON SOUTH 3338,-37.717061833347,144.568632787358,-37.717061333347004,144.568633887358
53313380853,34 WICKLOW DR MELTON SOUTH 3338,-37.716818632426,144.566609647389,-37.716818132426,144.56661074738898
53313386932,16 WICKLOW DR MELTON SOUTH 3338,-37.716965106184,144.567828208473,-37.716964606184,144.567829308473
53313288195,17 WICKLOW DR MELTON SOUTH 3338,-37.717344429212,144.567648249011,-37.717343929212,144.567649349011
53313298251,15 WICKLOW DR MELTON SOUTH 3338,-37.717361276838,144.567788394432,-37.717360776838,144.567789494432
53313298855,28 WICKLOW DR MELTON SOUTH 3338,-37.716872108968,144.56705447499,-37.716871608968,144.56705557498998
53313263018,19 WICKLOW DR MELTON SOUTH 3338,-37.717327581587,144.56750810359,-37.717327081587,144.56750920359
53313351473,13 WICKLOW DR MELTON SOUTH 3338,-37.717376783359,144.567917391922,-37.717376283359,144.567918491922
53304673272,1 WIDDY CT SUNSHINE 3020,-37.802555695084,144.82956570798,-37.802555195084004,144.82956680798
53307695150,205 WIDFORD ST BROADMEADOWS 3047,-37.688917162683,144.925895903691,-37.688916662683,144.925897003691
53313273881,158 WIDFORD ST BROADMEADOWS 3047,-37.692260368584,144.925795907586,-37.692259868584,144.925797007586
53307695142,205 WIDFORD ST BROADMEADOWS 3047,-37.688917162683,144.925895903691,-37.688916662683,144.925897003691
53313223837,100 WIDFORD ST GLENROY 3046,-37.697760531538,144.924995100556,-37.697760031538,144.924996200556
53302180705,99999 WIDFORD ST GLENROY 3046,-37.700978763084,144.923973606499,-37.700978263084004,144.923974706499
53313285746,77 WIDFORD ST GLENROY 3046,-37.699145389581,144.924152551649,-37.699144889581,144.924153651649
53313769113,43 WIDMARK RD TRUGANINA 3029,-37.824667532847,144.720250938423,-37.824667032847,144.72025203842298
53313784250,45 WIDMARK RD TRUGANINA 3029,-37.824693935842,144.720563331954,-37.824693435842,144.720564431954
53313724561,39 WIDMARK RD TRUGANINA 3029,-37.824643686332,144.719968635924,-37.824643186332004,144.719969735924
53314016053,11 WIDMARK RD TRUGANINA 3029,-37.824520137079,144.717281230128,-37.824519637079,144.717282330128
53313961132,17 WIDMARK RD TRUGANINA 3029,-37.824559490115,144.717747180126,-37.824558990115,144.717748280126
53313852165,35 WIDMARK RD TRUGANINA 3029,-37.824578517035,144.719494723119,-37.824578017035,144.719495823119
53313709563,33 WIDMARK RD TRUGANINA 3029,-37.824565399356,144.719339490272,-37.824564899356,144.719340590272
53313957260,19 WIDMARK RD TRUGANINA 3029,-37.824571434327,144.717888331375,-37.824570934327,144.717889431375
53313943376,9 WIDMARK RD TRUGANINA 3029,-37.824507522315,144.717131613156,-37.824507022315004,144.717132713156
53313874779,15 WIDMARK RD TRUGANINA 3029,-37.82454687535,144.717597479335,-37.82454637535,144.717598579335
53313928008,21 WIDMARK RD TRUGANINA 3029,-37.824584049091,144.718037780709,-37.824583549091,144.718038880709
53313686366,15 WIDNES CT DEER PARK 3023,-37.76076972846,144.767973974705,-37.76076922846,144.767975074705
53313687363,15 WIDNES CT DEER PARK 3023,-37.76076972846,144.767973974705,-37.76076922846,144.767975074705
53313555033,9 WILBY WALK CHARLEMONT 3217,-38.215873669002,144.369492933326,-38.215873169002,144.369494033326
53313517067,5 WILBY WALK CHARLEMONT 3217,-38.215889385071,144.36962855252,-38.215888885071,144.36962965252
53313554380,17 WILBY WALK CHARLEMONT 3217,-38.215839428928,144.369198057972,-38.215838928928,144.369199157972
53313517041,7 WILBY WALK CHARLEMONT 3217,-38.215881506082,144.369560742923,-38.215881006082,144.369561842923
53313902358,7 WILBY WALK WYNDHAM VALE 3024,-37.863019308012,144.601964431164,-37.863018808012,144.60196553116398
53313902340,13 WILBY WALK WYNDHAM VALE 3024,-37.863124458987,144.602120166925,-37.863123958987,144.602121266925
53313902373,3 WILBY WALK WYNDHAM VALE 3024,-37.862949193391,144.601860579383,-37.862948693391004,144.60186167938298
53313902300,15 WILBY WALK WYNDHAM VALE 3024,-37.863166787598,144.602182863561,-37.863166287598,144.602183963561
53313902332,1 WILBY WALK WYNDHAM VALE 3024,-37.862912690203,144.60179159632,-37.862912190203,144.60179269632
53313902366,11 WILBY WALK WYNDHAM VALE 3024,-37.863089380722,144.602068282944,-37.863088880722,144.602069382944
53313875397,1 WILD BRANCH PL CORIO 3214,-38.060865457198,144.37229911069,-38.060864957198,144.37230021068999
53313982275,12 WILD ORCHID ST BROOKFIELD 3338,-37.701915901947,144.5391787796,-37.701915401947,144.5391798796
53314022388,11 WILD ORCHID ST BROOKFIELD 3338,-37.702293380956,144.539567616088,-37.702292880956,144.53956871608798
53313994157,4 WILD ORCHID ST BROOKFIELD 3338,-37.70138583039,144.539381454019,-37.70138533039,144.539382554019
53313982325,14 WILD ORCHID ST BROOKFIELD 3338,-37.702040876123,144.539130918933,-37.702040376123,144.539132018933
53314022529,9 WILD ORCHID ST BROOKFIELD 3338,-37.70215545674,144.539620338259,-37.70215495674,144.539621438259
53314022925,7 WILD ORCHID ST BROOKFIELD 3338,-37.702017574432,144.53967306043,-37.702017074432,144.53967416043
53313236501,1 WILDACRE WAY ROCKBANK 3335,-37.742226695522,144.66647952081,-37.742226195522,144.66648062080998
53314119186,36 WILDACRE WAY ROCKBANK 3335,-37.743895741992,144.66537922838,-37.743895241992,144.66538032838
53314199582,6 WILDACRE WAY ROCKBANK 3335,-37.742444038271,144.665972834763,-37.742443538271004,144.665973934763
53314143499,22 WILDACRE WAY ROCKBANK 3335,-37.743571488067,144.665818691564,-37.743570988067,144.665819791564
53313336689,4 WILDACRE WAY ROCKBANK 3335,-37.742301923103,144.665953137291,-37.742301423103,144.665954237291
53313250378,2 WILDACRE WAY ROCKBANK 3335,-37.742174518175,144.665973337677,-37.742174018175,144.665974437677
53313327043,3 WILDACRE WAY ROCKBANK 3335,-37.742352591708,144.6664596557,-37.742352091708,144.6664607557
53314143517,26 WILDACRE WAY ROCKBANK 3335,-37.743858610161,144.665750798148,-37.743858110161,144.665751898148
53314119178,34 WILDACRE WAY ROCKBANK 3335,-37.743903914347,144.665475452629,-37.743903414347,144.665476552629
53314139317,38 WILDACRE WAY ROCKBANK 3335,-37.743887569636,144.665283087951,-37.743887069636,144.665284187951
53314149744,18 WILDACRE WAY ROCKBANK 3335,-37.743193715691,144.665875688505,-37.743193215691,144.665876788505
53314143509,24 WILDACRE WAY ROCKBANK 3335,-37.743716955997,144.665784241942,-37.743716455997,144.66578534194198
53313992381,25 WILDCHERRY ST FRASER RISE 3336,-37.717036645728,144.714106416662,-37.717036145728,144.71410751666198
53314054358,8 WILDCHERRY ST FRASER RISE 3336,-37.715921643058,144.71385646831,-37.715921143058004,144.71385756831
53314103924,24 WILDCHERRY ST FRASER RISE 3336,-37.716669727916,144.713712383394,-37.716669227916,144.713713483394
53314129589,30 WILDCHERRY ST FRASER RISE 3336,-37.716932458671,144.713661840518,-37.716931958671005,144.713662940518
53314095022,3 WILDCHERRY ST FRASER RISE 3336,-37.715796459334,144.714345217084,-37.715795959334,144.714346317084
53314073358,14 WILDCHERRY ST FRASER RISE 3336,-37.716184373813,144.713805841614,-37.716183873813,144.713806941614
53314017026,20 WILDCHERRY ST FRASER RISE 3336,-37.716464916112,144.713751862158,-37.716464416112004,144.713752962158
53314027395,28 WILDCHERRY ST FRASER RISE 3336,-37.716838958541,144.71367986161,-37.716838458541,144.71368096160998
53314044739,11 WILDCHERRY ST FRASER RISE 3336,-37.716261822598,144.714255614539,-37.716261322598,144.714256714539
53314011120,5 WILDCHERRY ST FRASER RISE 3336,-37.715914476531,144.714322502126,-37.715913976531,144.714323602126
53314085072,17 WILDCHERRY ST FRASER RISE 3336,-37.716577946076,144.714194761922,-37.716577446076,144.71419586192198
53314093034,26 WILDCHERRY ST FRASER RISE 3336,-37.716763269956,144.713694446121,-37.716762769956,144.713695546121
53314100344,21 WILDCHERRY ST FRASER RISE 3336,-37.716800611334,144.714151930396,-37.716800111334,144.714153030396
53314125464,29 WILDCHERRY ST FRASER RISE 3336,-37.717273057307,144.714060902928,-37.717272557307,144.714062002928
53314147474,23 WILDCHERRY ST FRASER RISE 3336,-37.716918628531,144.71412913162,-37.716918128531,144.71413023162
53314095048,9 WILDCHERRY ST FRASER RISE 3336,-37.716143805401,144.714278329496,-37.716143305401005,144.714279429496
53313991583,10 WILDCHERRY ST FRASER RISE 3336,-37.716015185097,144.713838447218,-37.716014685097,144.713839547218
53314161329,6 WILDCHERRY ST FRASER RISE 3336,-37.715819216201,144.713876165782,-37.715818716201,144.713877265782
53314025185,13 WILDCHERRY ST FRASER RISE 3336,-37.716364207545,144.714235917066,-37.716363707545,144.71423701706598
53313993463,7 WILDCHERRY ST FRASER RISE 3336,-37.716025788205,144.714301044454,-37.716025288205,144.714302144454
53314020939,12 WILDCHERRY ST FRASER RISE 3336,-37.716090873683,144.713823862706,-37.716090373683,144.71382496270598
53314011376,27 WILDCHERRY ST FRASER RISE 3336,-37.717151519711,144.714084288438,-37.717151019711004,144.71408538843798
53313982747,239 WILDERNESS DR MOUNT DUNEED 3217,-38.228510477687,144.31888241522,-38.228509977687004,144.31888351522
53313961850,247 WILDERNESS DR MOUNT DUNEED 3217,-38.228438686686,144.318275481611,-38.228438186686,144.318276581611
53313991948,237 WILDERNESS DR MOUNT DUNEED 3217,-38.228527157674,144.319023566469,-38.228526657674,144.319024666469
53314039045,224-226 WILDERNESS DR MOUNT DUNEED 3217,-38.227940885456,144.319580208659,-38.227940385456,144.319581308659
53313937980,235 WILDERNESS DR MOUNT DUNEED 3217,-38.228544885399,144.319173183441,-38.228544385399005,144.319174283441
53314013446,250 WILDERNESS DR MOUNT DUNEED 3217,-38.227891767504,144.31804095596,-38.227891267504,144.31804205595998
53313935985,245 WILDERNESS DR MOUNT DUNEED 3217,-38.22845737833,144.318433564305,-38.22845687833,144.318434664305
53313971445,249 WILDERNESS DR MOUNT DUNEED 3217,-38.22842100087,144.318125864639,-38.22842050087,144.318126964639
53313964812,252 WILDERNESS DR MOUNT DUNEED 3217,-38.227876302892,144.317909946813,-38.227875802892,144.31791104681298
53313939788,216 WILDERNESS DR MOUNT DUNEED 3217,-38.227248707892,144.319620609432,-38.227248207892,144.319621709432
53314121943,233 WILDERNESS DR MOUNT DUNEED 3217,-38.228562571215,144.319322800412,-38.228562071215,144.319323900412
53314183604,214 WILDERNESS DR MOUNT DUNEED 3217,-38.227130816424,144.319646677151,-38.227130316424,144.319647777151
53313929186,241 WILDERNESS DR MOUNT DUNEED 3217,-38.228493797699,144.31874126397,-38.228493297699,144.31874236397
53313971405,238 WILDERNESS DR MOUNT DUNEED 3217,-38.22799599647,144.318921726346,-38.22799549647,144.31892282634598
53313989413,246 WILDERNESS DR MOUNT DUNEED 3217,-38.227927516321,144.31834303975,-38.227927016321004,144.31834413975
53313947139,236 WILDERNESS DR MOUNT DUNEED 3217,-38.228011796357,144.31905550152,-38.228011296357,144.31905660152
53313990819,253 WILDERNESS DR MOUNT DUNEED 3217,-38.228385419691,144.317825541048,-38.228384919691,144.317826641048
53313985262,240 WILDERNESS DR MOUNT DUNEED 3217,-38.227980615677,144.318791890665,-38.227980115677,144.318792990665
53313944473,242 WILDERNESS DR MOUNT DUNEED 3217,-38.227965276794,144.318661971166,-38.227964776794,144.318663071166
53313999436,210 WILDERNESS DR MOUNT DUNEED 3217,-38.226889710979,144.319710714891,-38.226889210979,144.31971181489098
53314005817,244 WILDERNESS DR MOUNT DUNEED 3217,-38.227947549069,144.318512438013,-38.227947049069,144.31851353801298
53313598918,20 WILDERNESS RD FRASER RISE 3336,-37.712128748052,144.714586783533,-37.712128248052004,144.714587883533
53313592331,12 WILDERNESS RD FRASER RISE 3336,-37.711772517167,144.714655347501,-37.711772017167,144.714656447501
53313628846,5 WILDERNESS RD FRASER RISE 3336,-37.711588366754,144.715155411845,-37.711587866754,144.71515651184498
53313670610,33 WILDERNESS RD FRASER RISE 3336,-37.713220407121,144.714841258114,-37.713219907121,144.714842358114
53313882632,14 WILDERNESS RD FRASER RISE 3336,-37.711874902114,144.71463556621,-37.711874402114,144.71463666621
53313944622,26 WILDERNESS RD FRASER RISE 3336,-37.712477016129,144.714519476851,-37.712476516129,144.714520576851
53314052740,10 WILDERNESS RD FRASER RISE 3336,-37.711661163583,144.714676721354,-37.711660663583004,144.714677821354
53313648778,27 WILDERNESS RD FRASER RISE 3336,-37.712873061054,144.714908061882,-37.712872561054,144.714909161882
53313758049,35 WILDERNESS RD FRASER RISE 3336,-37.713338382409,144.714818543156,-37.713337882409,144.714819643156
53313704093,25 WILDERNESS RD FRASER RISE 3336,-37.71276170747,144.714929519554,-37.71276120747,144.714930619554
53313975296,9 WILDERNESS RD FRASER RISE 3336,-37.711817737535,144.715111239215,-37.711817237535,144.71511233921498
53313958481,37 WILDERNESS RD FRASER RISE 3336,-37.713463105128,144.714794487094,-37.713462605128,144.714795587094
53313621514,10 WILDLIFE CCT FRASER RISE 3336,-37.709127733348,144.716816453597,-37.709127233348,144.716817553597
53313721741,37 WILDLIFE CCT FRASER RISE 3336,-37.709130080281,144.715989997944,-37.709129580281,144.715991097944
53313758683,12 WILDLIFE CCT FRASER RISE 3336,-37.709221233478,144.716798516324,-37.709220733478,144.71679961632398
53314110988,20 WILDLIFE CCT FRASER RISE 3336,-37.709664594247,144.716793487182,-37.709664094247,144.716794587182
53313804026,35 WILDLIFE CCT FRASER RISE 3336,-37.709205810777,144.715975413432,-37.709205310777,144.715976513432
53313856520,9 WILDLIFE CCT FRASER RISE 3336,-37.709054098329,144.717295311725,-37.709053598329,144.717296411725
53313740741,32 WILDLIFE CCT FRASER RISE 3336,-37.709071742235,144.716506071722,-37.709071242235,144.716507171722
53313796783,33 WILDLIFE CCT FRASER RISE 3336,-37.709281499362,144.71596091274,-37.709280999362,144.71596201274
53313614227,17 WILDLIFE CCT FRASER RISE 3336,-37.709523904002,144.71720487099,-37.709523404002,144.71720597099
53313645833,6 WILDLIFE CCT FRASER RISE 3336,-37.708913994817,144.716857608742,-37.708913494817004,144.716858708742
53313785102,7 WILDLIFE CCT FRASER RISE 3336,-37.708942786655,144.717316685578,-37.708942286655,144.717317785578
53313702008,16 WILDLIFE CCT FRASER RISE 3336,-37.709381537377,144.71676767092,-37.709381037377,144.71676877092
53314126256,31 WILDLIFE CCT FRASER RISE 3336,-37.709357187948,144.715946328228,-37.709356687948,144.715947428228
53314016697,26 WILDLIFE CCT FRASER RISE 3336,-37.709483922324,144.716352850532,-37.709483422324,144.71635395053198
53314103024,18 WILDLIFE CCT FRASER RISE 3336,-37.709466152689,144.716751326209,-37.709465652689,144.71675242620898
53313899792,34 WILDLIFE CCT FRASER RISE 3336,-37.708953725039,144.71652878668,-37.708953225039004,144.71652988667998
53313992928,27 WILDLIFE CCT FRASER RISE 3336,-37.710001421026,144.717112670055,-37.710000921026,144.717113770055
53314067326,28 WILDLIFE CCT FRASER RISE 3336,-37.709294407493,144.716463156378,-37.709293907493,144.716464256378
53313873105,22 WILDLIFE CCT FRASER RISE 3336,-37.709637269242,144.716641774735,-37.709636769242,144.716642874735
53314099262,36 WILDLIFE CCT FRASER RISE 3336,-37.708816974288,144.716555105856,-37.708816474288,144.716556205856
53313867484,32 WILDWOOD RD AINTREE 3336,-37.713763931633,144.669923561006,-37.713763431633,144.66992466100598
53313839162,17 WILDWOOD RD AINTREE 3336,-37.714286124201,144.670417590379,-37.714285624201004,144.670418690379
53313913041,22 WILDWOOD RD AINTREE 3336,-37.713853156992,144.670686900928,-37.713852656992,144.67068800092798
53313815972,21 WILDWOOD RD AINTREE 3336,-37.714217602142,144.669909060313,-37.714217102142,144.66991016031298
53313883382,48 WILDWOOD RD AINTREE 3336,-37.713571902231,144.667541927038,-37.713571402231004,144.667543027038
53313804942,14 WILDWOOD RD AINTREE 3336,-37.713927211107,144.671320740446,-37.713926711107,144.67132184044598
53313889026,20 WILDWOOD RD AINTREE 3336,-37.713870507532,144.670835512071,-37.713870007532,144.67083661207099
53313931878,16 WILDWOOD RD AINTREE 3336,-37.713909818658,144.671172129303,-37.713909318658004,144.67117322930298
53313886361,12 WILDWOOD RD AINTREE 3336,-37.713943597727,144.671461053505,-37.713943097727004,144.671462153505
53313887368,30 WILDWOOD RD AINTREE 3336,-37.713781030715,144.670069825216,-37.713780530715,144.67007092521598
53314100089,9 WILDWOOD RD AINTREE 3336,-37.714384108649,144.671256199792,-37.714383608649,144.671257299792
53313966361,40 WILDWOOD RD AINTREE 3336,-37.713730110654,144.66840392196,-37.713729610654,144.66840502195998
53313888904,10 WILDWOOD RD AINTREE 3336,-37.713961618819,144.671615280524,-37.713961118819,144.671616380524
53314159067,13 WILDWOOD RD AINTREE 3336,-37.714320238547,144.670709615886,-37.714319738547005,144.670710715886
53314062765,15 WILDWOOD RD AINTREE 3336,-37.714302510821,144.670557819619,-37.714302010821,144.670558919619
53301727998,99999 WILGA AVE ALTONA 3018,-37.873508596435,144.812343283339,-37.873508096435,144.812344383339
53305413613,3 WILKINSON CT SUNSHINE 3020,-37.784535944361,144.840804163758,-37.784535444361,144.840805263758
53312608164,42 WILKINSON RD SUNSHINE 3020,-37.784013332698,144.838506013545,-37.784012832698004,144.83850711354498
53312608220,30 WILKINSON RD SUNSHINE 3020,-37.783994808692,144.838945560548,-37.783994308692,144.838946660548
53312608189,38 WILKINSON RD SUNSHINE 3020,-37.784003358234,144.83864062691,-37.784002858234004,144.83864172691
53312608214,32 WILKINSON RD SUNSHINE 3020,-37.78399501824,144.838879008237,-37.78399451824,144.838880108237
53312608246,26 WILKINSON RD SUNSHINE 3020,-37.783997239444,144.839078497532,-37.783996739444,144.839079597532
53312980026,34 WILKINSON ST HOPPERS CROSSING 3029,-37.871521407679,144.684811748883,-37.871520907679,144.68481284888298
53305601796,39 WILLANDRA LOOP CAROLINE SPRINGS 3023,-37.752619680858,144.732859354108,-37.752619180858,144.732860454108
53313997588,15 WILLARD RD TRUGANINA 3029,-37.768149826568,144.685033031127,-37.768149326568,144.685034131127
53313900768,9 WILLARD RD TRUGANINA 3029,-37.768269771602,144.685501244238,-37.768269271602,144.685502344238
53313933089,13 WILLARD RD TRUGANINA 3029,-37.768243661974,144.685210895112,-37.768243161974,144.68521199511198
53314014569,18 WILLARD RD TRUGANINA 3029,-37.767780017,144.684693731686,-37.767779517,144.684694831686
53313963013,2 WILLARD RD TRUGANINA 3029,-37.767917480212,144.686315546132,-37.767916980212,144.68631664613198
53314039994,27 WILLARD RD TRUGANINA 3029,-37.768141109388,144.684072465023,-37.768140609388,144.684073565023
53313919502,16 WILLARD RD TRUGANINA 3029,-37.767794056687,144.684849718905,-37.767793556687,144.684850818905
53313879027,11 WILLARD RD TRUGANINA 3029,-37.768256318648,144.685351878724,-37.768255818648,144.68535297872398
53313975405,33 WILLARD RD TRUGANINA 3029,-37.768099996153,144.683615735119,-37.768099496153,144.68361683511898
53314217153,21 WILLARD RD TRUGANINA 3029,-37.768181468252,144.684520645386,-37.768180968252004,144.68452174538598
53314187884,10 WILLARD RD TRUGANINA 3029,-37.767854238752,144.685517756588,-37.767853738752,144.685518856588
53313978588,5 WILLARD RD TRUGANINA 3029,-37.76829592314,144.685791593364,-37.76829542314,144.685792693364
53313896170,14 WILLARD RD TRUGANINA 3029,-37.767808305923,144.685007550141,-37.767807805923,144.685008650141
53313972756,8 WILLARD RD TRUGANINA 3029,-37.76786744025,144.685664356074,-37.76786694025,144.685665456074
53314000859,24 WILLARD RD TRUGANINA 3029,-37.76772113413,144.684039691782,-37.76772063413,144.684040791782
53313887087,4 WILLARD RD TRUGANINA 3029,-37.767911864337,144.686157714895,-37.767911364337,144.68615881489498
53314148093,16 WILLETT AVE OAK PARK 3046,-37.71536659343,144.914097536781,-37.71536609343,144.91409863678098
53313031763,7 WILLIAM COOPER ST MARIBYRNONG 3032,-37.786213247006,144.89092853148,-37.786212747006005,144.89092963148
53313031747,5 WILLIAM COOPER ST MARIBYRNONG 3032,-37.786267645558,144.890918473197,-37.786267145558,144.89091957319698
53313031788,13 WILLIAM COOPER ST MARIBYRNONG 3032,-37.786050218989,144.890958622513,-37.786049718989,144.890959722513
53302906287,32 WILLIAM ST CASTLEMAINE 3450,-37.073107238746,144.215571490902,-37.073106738746,144.21557259090198
53313172193,75 WILLIAM ST FAWKNER 3060,-37.69906492331,144.967928717364,-37.69906442331,144.967929817364
53313216437,51D WILLIAM ST FAWKNER 3060,-37.701550953883,144.967678182278,-37.701550453883,144.967679282278
53313100031,84 WILLIAM ST FAWKNER 3060,-37.699659493612,144.968343537752,-37.699658993612005,144.96834463775198
53313172210,75 WILLIAM ST FAWKNER 3060,-37.69906492331,144.967928717364,-37.69906442331,144.967929817364
53306500089,7 WILLIAM ST PORT FAIRY 3284,-38.38615299593,142.232255061265,-38.38615249593,142.23225616126498
53312939284,154 WILLIAM ST ST ALBANS 3021,-37.736122239258,144.807433879379,-37.736121739258,144.807434979379
53305477020,110 WILLIAM ST ST ALBANS 3021,-37.736938468989,144.813433142758,-37.736937968989004,144.81343424275798
53313645453,101 WILLIAMS LANDING BVD WILLIAMS LANDING 3027,-37.862521045777,144.749633280909,-37.862520545777,144.749634380909
53313875488,3 WILLIAMS RD MOUNT DUNEED 3217,-38.232557344359,144.321492707507,-38.232556844359,144.32149380750698
53313976360,25 WILLIAMS RD MOUNT DUNEED 3217,-38.234263271202,144.321261115522,-38.234262771202005,144.32126221552198
53313928690,1 WILLIAMS RD MOUNT DUNEED 3217,-38.232416528385,144.321516847388,-38.232416028385,144.321517947388
53314167952,37 WILLIAMS RD MOUNT DUNEED 3217,-38.235175096539,144.321119042263,-38.235174596539004,144.321120142263
53314027552,39 WILLIAMS RD MOUNT DUNEED 3217,-38.235327060444,144.321095321477,-38.235326560444,144.321096421477
53314052469,35 WILLIAMS RD MOUNT DUNEED 3217,-38.235023132635,144.321142763049,-38.235022632635,144.321143863049
53313517604,60 WILLIAMSON AVE STRATHMORE 3041,-37.738959932578,144.914575808176,-37.738959432578,144.914576908176
53313517677,58 WILLIAMSON AVE STRATHMORE 3041,-37.738972379704,144.914693741554,-37.738971879704,144.914694841554
53304102944,99999 WILLIAMSON RD MARIBYRNONG 3032,-37.775485129015,144.885421448902,-37.775484629015004,144.885422548902
53301553651,33 WILLIAMSON ST BENDIGO 3550,-36.758974048662,144.281016748529,-36.758973548662,144.281017848529
53301554205,162 WILLIAMSON ST BENDIGO 3550,-36.766816744007,144.288877213508,-36.766816244007,144.28887831350798
53308711155,55 WILLIAMSTOWN RD SEDDON 3011,-37.806018468834,144.885095397423,-37.806017968834,144.88509649742298
53301717059,267 WILLIAMSTOWN RD YARRAVILLE 3013,-37.81773750103,144.882743519211,-37.817737001030004,144.882744619211
53312902152,300 WILLIAMSTOWN RD YARRAVILLE 3013,-37.818516640839,144.882173717433,-37.818516140839,144.882174817433
53303772397,17 WILLIS PL DELAHEY 3037,-37.712435819075,144.777006984119,-37.712435319075,144.777008084119
53305537377,44 WILLIS ST PORTARLINGTON 3223,-38.11875674786,144.652534883773,-38.11875624786,144.652535983773
53305412696,1 WILLMOTT DR CRAIGIEBURN 3064,-37.588541776682,144.92754680334,-37.588541276682,144.92754790333998
53313751657,87 WILLOBY DR ALFREDTON 3350,-37.563096456026,143.78696130765,-37.563095956026004,143.78696240764998
53313931696,72 WILLOBY DR ALFREDTON 3350,-37.562525103596,143.786571381514,-37.562524603596,143.78657248151399
53313784913,76 WILLOBY DR ALFREDTON 3350,-37.562697770802,143.786539446463,-37.562697270802,143.786540546463
53314091427,91 WILLOBY DR ALFREDTON 3350,-37.563339866494,143.786916380649,-37.563339366494,143.78691748064898
53314175997,79 WILLOBY DR ALFREDTON 3350,-37.562603851577,143.787052251299,-37.562603351577,143.787053351299
53313401295,88 WILLOBY DR ALFREDTON 3350,-37.563559723815,143.78633543094,-37.563559223815,143.78633653094
53313536479,113 WILLOBY DR ALFREDTON 3350,-37.565243396706,143.786569621315,-37.565242896706,143.786570721315
53313449707,99 WILLOBY DR ALFREDTON 3350,-37.563946883922,143.786808673193,-37.563946383922,143.786809773193
53313513109,93 WILLOBY DR ALFREDTON 3350,-37.563481646387,143.786894587701,-37.563481146387,143.786895687701
53313460409,92 WILLOBY DR ALFREDTON 3350,-37.563850366307,143.78628170294,-37.563849866307,143.78628280293998
53313195673,101 WILLOBY DR ALFREDTON 3350,-37.564101907222,143.786780007084,-37.564101407222005,143.78678110708398
53313660577,122 WILLOBY DR ALFREDTON 3350,-37.565713747202,143.785941062395,-37.565713247202,143.785942162395
53313949077,80 WILLOBY DR ALFREDTON 3350,-37.56286842635,143.786507930507,-37.56286792635,143.786509030507
53313668868,130 WILLOBY DR ALFREDTON 3350,-37.566186025537,143.785853806783,-37.566185525537,143.785854906783
53313906433,95 WILLOBY DR ALFREDTON 3350,-37.563636711595,143.786865921592,-37.563636211595,143.786867021592
53313838156,129 WILLOBY DR ALFREDTON 3350,-37.566241471826,143.786385303264,-37.566240971826,143.786386403264
53313740130,114 WILLOBY DR ALFREDTON 3350,-37.565241510777,143.786028318007,-37.565241010777,143.786029418007
53314083976,127 WILLOBY DR ALFREDTON 3350,-37.566116707197,143.786408353497,-37.566116207197,143.786409453497
53313751540,85 WILLOBY DR ALFREDTON 3350,-37.56297835501,143.786983100598,-37.562977855010004,143.786984200598
53314130738,128 WILLOBY DR ALFREDTON 3350,-37.56606796643,143.785875599732,-37.56606746643,143.785876699732
53313964935,107 WILLOBY DR ALFREDTON 3350,-37.564570581338,143.786693505844,-37.564570081338005,143.786694605844
53302749810,34 WILLOW CRES BELL PARK 3215,-38.114592953638,144.333424514315,-38.114592453638004,144.333425614315
53313023676,13 WILLOW DR AVONDALE HEIGHTS 3034,-37.751959468123,144.851700721705,-37.751958968123,144.85170182170498
53302720589,2 WILLOW DR LARA 3212,-38.024469180044,144.40642938223,-38.024468680044,144.40643048222998
53302798147,65 WILLOW GR WENDOUREE 3355,-37.523732985148,143.822410136379,-37.523732485148,143.822411236379
53314084990,7 WILLOW WALK ARMSTRONG CREEK 3217,-38.226991132007,144.345690004689,-38.226990632007,144.345691104689
53314102447,15 WILLOW WALK ARMSTRONG CREEK 3217,-38.226779614681,144.345730405462,-38.226779114681,144.345731505462
53314103172,5 WILLOW WALK ARMSTRONG CREEK 3217,-38.227037903027,144.345681119871,-38.227037403027005,144.34568221987098
53314084974,11 WILLOW WALK ARMSTRONG CREEK 3217,-38.226904295491,144.345706600857,-38.226903795491005,144.345707700857
53314102421,3 WILLOW WALK ARMSTRONG CREEK 3217,-38.22709129575,144.345670893949,-38.22709079575,144.345671993949
53314102415,1 WILLOW WALK ARMSTRONG CREEK 3217,-38.227162793384,144.345657231447,-38.227162293384,144.345658331447
53314102439,9 WILLOW WALK ARMSTRONG CREEK 3217,-38.22695106651,144.34569763222,-38.22695056651,144.34569873222
53313596250,5 WILLOWBANK CT EPSOM 3551,-36.698167615895,144.318848803788,-36.698167115895004,144.318849903788
53313494363,4 WILLOWBANK CT EPSOM 3551,-36.698139662248,144.31862182185,-36.698139162248005,144.31862292185
53313606126,6 WILLOWBANK CT EPSOM 3551,-36.698193515976,144.3190606983,-36.698193015976,144.3190617983
53313478135,13 WILLOWBANK RD GISBORNE 3437,-37.502524465091,144.609951965795,-37.502523965091,144.609953065795
53313880240,15 WILLOWBARK BVD SUNSHINE NORTH 3020,-37.766840112287,144.819476997861,-37.766839612287,144.81947809786098
53313880317,5 WILLOWBARK BVD SUNSHINE NORTH 3020,-37.766866892468,144.819967171559,-37.766866392468,144.819968271559
53313880232,3 WILLOWBARK BVD SUNSHINE NORTH 3020,-37.766878543313,144.820069598416,-37.766878043313,144.820070698416
53313880266,9 WILLOWBARK BVD SUNSHINE NORTH 3020,-37.766843632686,144.819762317845,-37.766843132686,144.819763417845
53313880299,13 WILLOWBARK BVD SUNSHINE NORTH 3020,-37.766830934103,144.819545813286,-37.766830434103,144.819546913286
53313880331,21 WILLOWBARK BVD SUNSHINE NORTH 3020,-37.766909765902,144.819273569071,-37.766909265902,144.81927466907098
53313880191,1 WILLOWBARK BVD SUNSHINE NORTH 3020,-37.76689090662,144.820178730795,-37.76689040662,144.82017983079498
53313880281,19 WILLOWBARK BVD SUNSHINE NORTH 3020,-37.766877369847,144.819341462487,-37.766876869847,144.81934256248698
53313880309,7 WILLOWBARK BVD SUNSHINE NORTH 3020,-37.766855283532,144.819864744702,-37.766854783532004,144.81986584470198
53313880323,11 WILLOWBARK BVD SUNSHINE NORTH 3020,-37.766831772293,144.819654526571,-37.766831272293004,144.81965562657098
53307700265,5 WILLOWTREE LANE WARRNAMBOOL 3280,-38.3804230431,142.467966751413,-38.3804225431,142.467967851413
53307407407,7 WILLOWTREE LANE WARRNAMBOOL 3280,-38.380419816068,142.468379643964,-38.380419316068,142.468380743964
53302810516,8 WILLS ST MARYBOROUGH 3465,-37.040762234033,143.737506234896,-37.040761734033,143.73750733489598
53312882253,13 WILLS ST WESTMEADOWS 3049,-37.677648490145,144.891570836721,-37.677647990145005,144.891571936721
53312882278,13 WILLS ST WESTMEADOWS 3049,-37.677648490145,144.891570836721,-37.677647990145005,144.891571936721
53313030244,15 WILLS ST WESTMEADOWS 3049,-37.677464172094,144.891905693753,-37.677463672094,144.89190679375298
53308434597,1-3 WILLSMORE ST WILLIAMSTOWN 3016,-37.854488164376,144.86656243167,-37.854487664376,144.86656353166998
53314005107,31 WILMINGTON ST DEANSIDE 3336,-37.731535997117,144.70404478009,-37.731535497117,144.70404588008998
53313973036,33 WILMINGTON ST DEANSIDE 3336,-37.731693870263,144.704037152559,-37.731693370263,144.704038252559
53313975768,27 WILMINGTON ST DEANSIDE 3336,-37.731340363497,144.704084510312,-37.731339863497,144.70408561031198
53313862262,14 WILMINGTON ST DEANSIDE 3336,-37.730294385799,144.703808829516,-37.730293885799,144.70380992951598
53313862452,26 WILMINGTON ST DEANSIDE 3336,-37.731559005441,144.703471541732,-37.731558505441,144.703472641732
53313890605,23 WILMINGTON ST DEANSIDE 3336,-37.731126918332,144.70412792857,-37.731126418332,144.70412902856998
53313890661,13 WILMINGTON ST DEANSIDE 3336,-37.730150845707,144.704326328218,-37.730150345707,144.704327428218
53314067227,7 WILMINGTON ST DEANSIDE 3336,-37.729804002554,144.704396820024,-37.729803502554,144.70439792002398
53313843691,10 WILMINGTON ST DEANSIDE 3336,-37.730036474639,144.70386130023,-37.730035974639,144.70386240022998
53313675187,4 WILMINGTON ST DEANSIDE 3336,-37.729493955956,144.703971522257,-37.729493455956,144.703972622257
53313971215,24 WILMINGTON ST DEANSIDE 3336,-37.731472168924,144.7035643294,-37.731471668924,144.7035654294
53313889223,21 WILMINGTON ST DEANSIDE 3336,-37.731033543931,144.704146871671,-37.731033043931,144.704147971671
53313631703,5 WILMINGTON ST DEANSIDE 3336,-37.729679489382,144.704422133371,-37.729678989382,144.704423233371
53313970026,35 WILMINGTON ST DEANSIDE 3336,-37.731822406748,144.703987280235,-37.731821906748,144.703988380235
53313910576,11 WILMINGTON ST DEANSIDE 3336,-37.730046365284,144.704347534433,-37.730045865284,144.704348634433
53314206379,16 WILMINGTON ST DEANSIDE 3336,-37.730425604494,144.703782175064,-37.730425104494,144.70378327506398
53313884563,29 WILMINGTON ST DEANSIDE 3336,-37.731442622715,144.704063723192,-37.731442122715,144.704064823192
53313893423,12 WILMINGTON ST DEANSIDE 3336,-37.730169872628,144.703834142864,-37.730169372628,144.703835242864
53307573388,45 WILMOTT ST GOLDEN SQUARE 3555,-36.765488254263,144.252390286071,-36.765487754263,144.252391386071
53307573414,39 WILMOTT ST GOLDEN SQUARE 3555,-36.765685773811,144.252454239993,-36.765685273811,144.252455339993
53307573406,41 WILMOTT ST GOLDEN SQUARE 3555,-36.7656201016,144.252432782321,-36.7656196016,144.252433882321
53307573420,37 WILMOTT ST GOLDEN SQUARE 3555,-36.765751739389,144.252474691836,-36.765751239389004,144.252475791836
53305241674,1 WILSON RD MELTON SOUTH 3338,-37.709048492552,144.571754980494,-37.709047992552,144.571756080494
53304967723,99999 WILSON RD MELTON SOUTH 3338,-37.708630270383,144.568844846066,-37.708629770383,144.568845946066
53306083218,518-524 WILSON ST BALLARAT EAST 3350,-37.573191452573,143.883560394814,-37.573190952573,143.883561494814
53306192926,516 WILSON ST BALLARAT EAST 3350,-37.573282228584,143.882161371355,-37.573281728584,143.882162471355
53306702007,526 WILSON ST BALLARAT EAST 3350,-37.573126283275,143.883987452781,-37.573125783275,143.883988552781
53308788357,611 WILSON ST BALLARAT EAST 3350,-37.572912754292,143.886057615227,-37.572912254292,143.886058715227
53307611308,9999 WILSON ST CAMPERDOWN 3260,-38.238700672825,143.144684814041,-38.238700172825,143.144685914041
53303215639,728 WILSON ST CANADIAN 3350,-37.574415587622,143.891560586119,-37.574415087622,143.891561686119
53300846527,75A WILSON ST COLAC 3250,-38.345976513259,143.596601394374,-38.345976013259,143.596602494374
53300213902,24 WILSON ST HORSHAM 3400,-36.717035824767,142.194395932459,-36.717035324767004,142.194397032459
53307229642,10 WILSON ST MARYBOROUGH 3465,-37.019756930407,143.748484024754,-37.019756430407,143.74848512475398
53313153400,28A WILSONS LANE SUNBURY 3429,-37.573177412885,144.694837678547,-37.573176912885,144.694838778547
53302808401,28 WILSONS LANE SUNBURY 3429,-37.573137347388,144.694616899218,-37.573136847388,144.694617999218
53302632081,28 WILSONS RD NEWCOMB 3219,-38.161914035753,144.392855309133,-38.161913535753,144.392856409133
53312902226,17 WILTON CL WYNDHAM VALE 3024,-37.897272709709,144.615489134852,-37.897272209709,144.615490234852
53313537016,540 WILTSHIRE LANE WINTER VALLEY 3358,-37.588251595194,143.806453926399,-37.588251095194,143.806455026399
53313878053,542 WILTSHIRE LANE WINTER VALLEY 3358,-37.588369696209,143.806432049631,-37.588369196209,143.806433149631
53314110717,544 WILTSHIRE LANE WINTER VALLEY 3358,-37.588494418929,143.806408999398,-37.588493918929004,143.806410099398
53313521754,3 WILTSHIRE RISE WINCHELSEA 3241,-38.245541247654,143.987594397733,-38.245540747654005,143.987595497733
53303104140,51 WIMBLE ST CASTLEMAINE 3450,-37.055595247485,144.222994249769,-37.055594747485,144.22299534976898
53311898698,2 WIMBLEDON CL MOOLAP 3224,-38.185586877254,144.425985451986,-38.185586377254005,144.425986551986
53311898807,10 WIMBLEDON CL MOOLAP 3224,-38.185610178944,144.426771842142,-38.185609678944004,144.42677294214198
53311898771,7 WIMBLEDON CL MOOLAP 3224,-38.185306125407,144.426592553233,-38.185305625407004,144.426593653233
53311898797,9 WIMBLEDON CL MOOLAP 3224,-38.185313752939,144.42675465924,-38.185313252939004,144.42675575924
53311898821,12 WIMBLEDON CL MOOLAP 3224,-38.185630756517,144.426928499912,-38.185630256517,144.426929599912
53311898680,1 WIMBLEDON CL MOOLAP 3224,-38.185296947223,144.425999533583,-38.185296447223,144.426000633583
53311898722,4 WIMBLEDON CL MOOLAP 3224,-38.185589685191,144.426206398954,-38.185589185191,144.426207498954
53311898756,6 WIMBLEDON CL MOOLAP 3224,-38.185595552523,144.426390046452,-38.185595052523,144.426391146452
53302516658,3-5 WIMMERA ST BELMONT 3216,-38.176518580027,144.340052671889,-38.176518080027,144.340053771889
53313539516,8 WINDANSEA ST ARMSTRONG CREEK 3217,-38.240217398033,144.36113617586,-38.240216898033005,144.36113727586
53313546669,12 WINDANSEA ST ARMSTRONG CREEK 3217,-38.239833129682,144.360916234721,-38.239832629682,144.360917334721
53313542492,19 WINDANSEA ST ARMSTRONG CREEK 3217,-38.240107050277,144.359788282011,-38.240106550277,144.359789382011
53313560075,5 WINDANSEA ST ARMSTRONG CREEK 3217,-38.240233994201,144.36067307571,-38.240233494201,144.36067417571
53313523773,38 WINDANSEA ST ARMSTRONG CREEK 3217,-38.238750732615,144.360471826215,-38.238750232615004,144.36047292621498
53313591063,14 WINDANSEA ST ARMSTRONG CREEK 3217,-38.239799937345,144.360742561687,-38.239799437345,144.360743661687
53313607801,26 WINDANSEA ST ARMSTRONG CREEK 3217,-38.239617463313,144.360105788503,-38.239616963313004,144.360106888503
53313604483,18 WINDANSEA ST ARMSTRONG CREEK 3217,-38.239742605127,144.36046788672,-38.239742105127,144.36046898671998
53309787548,47 WINDERMERE WAY CARDIGAN VILLAGE 3352,-37.520333159492,143.715519329401,-37.520332659492,143.71552042940098
53314095435,4 WINDERMERE WAY WYNDHAM VALE 3024,-37.86268009239,144.622174457005,-37.86267959239,144.622175557005
53314130607,5 WINDERMERE WAY WYNDHAM VALE 3024,-37.862125713314,144.621960131741,-37.862125213314,144.62196123174098
53314064687,12 WINDERMERE WAY WYNDHAM VALE 3024,-37.862344061892,144.622431027062,-37.862343561892004,144.62243212706198
53314014965,10 WINDERMERE WAY WYNDHAM VALE 3024,-37.862418702739,144.622378221072,-37.862418202739,144.622379321072
53313992597,14 WINDERMERE WAY WYNDHAM VALE 3024,-37.862253746885,144.622494980983,-37.862253246885004,144.62249608098298
53314026331,6 WINDERMERE WAY WYNDHAM VALE 3024,-37.862582317489,144.622307561628,-37.862581817489,144.62230866162798
53314081254,7 WINDJAMMER ST TARNEIT 3029,-37.860687169182,144.642846912445,-37.860686669182,144.642848012445
53314078844,26 WINDJAMMER ST TARNEIT 3029,-37.861668857681,144.642111735717,-37.861668357681005,144.642112835717
53314105821,25 WINDJAMMER ST TARNEIT 3029,-37.861680718074,144.642639125065,-37.861680218074,144.64264022506498
53314106993,23 WINDJAMMER ST TARNEIT 3029,-37.861567101377,144.64266292967,-37.861566601377,144.64266402967
53314120838,20 WINDJAMMER ST TARNEIT 3029,-37.861319332319,144.642184825913,-37.861318832319,144.642185925913
53314137988,21 WINDJAMMER ST TARNEIT 3029,-37.86145599925,144.642686147542,-37.86145549925,144.642687247542
53314171360,14 WINDJAMMER ST TARNEIT 3029,-37.8609660351,144.642258754299,-37.8609655351,144.642259854299
53314069506,15 WINDJAMMER ST TARNEIT 3029,-37.861136020097,144.642753035129,-37.861135520097,144.642754135129
53314029518,22 WINDJAMMER ST TARNEIT 3029,-37.861437098059,144.642160266937,-37.861436598059,144.642161366937
53314025523,24 WINDJAMMER ST TARNEIT 3029,-37.861548200185,144.642136965246,-37.861547700185,144.642138065246
53313358872,7 WINDMILL AVE SUNBURY 3429,-37.593252867271,144.704711225212,-37.593252367271,144.704712325212
53313738685,19 WINDMILL AVE SUNBURY 3429,-37.593100190905,144.703361654982,-37.593099690905,144.70336275498198
53313803795,5 WINDMILL AVE SUNBURY 3429,-37.59326422475,144.704860423088,-37.59326372475,144.704861523088
53313521993,25 WINDMILL AVE SUNBURY 3429,-37.593070183691,144.702968711361,-37.593069683691,144.702969811361
53313930609,21 WINDMILL AVE SUNBURY 3429,-37.593091180359,144.703243386328,-37.593090680359005,144.703244486328
53313966759,25 WINDMILL RD WERRIBEE 3030,-37.913711172488,144.611921293946,-37.913710672488,144.611922393946
53313966701,23 WINDMILL RD WERRIBEE 3030,-37.913666119759,144.611921964498,-37.913665619759,144.611923064498
53313966733,19 WINDMILL RD WERRIBEE 3030,-37.913576098119,144.611925317259,-37.913575598119,144.61192641725899
53313976971,15 WINDMILL RD WERRIBEE 3030,-37.913459338207,144.61193395062,-37.913458838207,144.61193505062
53313966691,21 WINDMILL RD WERRIBEE 3030,-37.913621108939,144.611923221784,-37.913620608939,144.611924321784
53313966767,17 WINDMILL RD WERRIBEE 3030,-37.913531087299,144.611928250926,-37.913530587299,144.611929350926
53313455102,18 WINDOW RD TARNEIT 3029,-37.84997794677,144.645410852807,-37.84997744677,144.645411952807
53313455911,26 WINDOW RD TARNEIT 3029,-37.849899869342,144.64481674351,-37.849899369342005,144.64481784351
53313569660,8 WINDOW RD TARNEIT 3029,-37.850074464385,144.646145023706,-37.850073964385004,144.646146123706
53313607081,12 WINDOW RD TARNEIT 3029,-37.850034315069,144.645839587155,-37.850033815069004,144.645840687155
53313529424,3 WINDOW RD TARNEIT 3029,-37.850510197622,144.646264130551,-37.850509697622,144.646265230551
53313477235,16 WINDOW RD TARNEIT 3029,-37.849996386957,144.645550914409,-37.849995886957004,144.645552014409
53313715561,24 WINDOW RD TARNEIT 3029,-37.84991826762,144.644956888931,-37.84991776762,144.644957988931
53307042510,999 WINDROCK AVE CRAIGIEBURN 3064,-37.582355041526,144.92203873655,-37.582354541526,144.92203983655
53313049814,5 WINDS WALK GREENVALE 3059,-37.616583559484,144.909605926326,-37.616583059484,144.909607026326
53313050424,1 WINDS WALK GREENVALE 3059,-37.616707066827,144.909755543298,-37.616706566827,144.90975664329798
53312877831,28 WINDSOR TCE WILLIAMSTOWN 3016,-37.866142572773,144.908603785983,-37.866142072773,144.90860488598298
53312877865,20 WINDSOR TCE WILLIAMSTOWN 3016,-37.865990399321,144.908703698268,-37.865989899321,144.908704798268
53314166632,22 WINERY ST MOUNT DUNEED 3217,-38.238872898854,144.325811231661,-38.238872398854,144.32581233166098
53314196615,17 WINERY ST MOUNT DUNEED 3217,-38.239140910208,144.325174877571,-38.239140410208,144.32517597757098
53314004833,35 WINERY ST MOUNT DUNEED 3217,-38.23805340018,144.325346790406,-38.23805290018,144.325347890406
53314034500,68 WINFRED DR MAMBOURIN 3024,-37.894796905059,144.584020452846,-37.894796405059004,144.584021552846
53314061124,53 WINFRED DR MAMBOURIN 3024,-37.895156488705,144.584326224674,-37.895155988705,144.58432732467398
53314093910,37 WINFRED DR MAMBOURIN 3024,-37.895045177031,144.586051639442,-37.895044677031,144.58605273944198
53314003223,64 WINFRED DR MAMBOURIN 3024,-37.894766939755,144.584382215787,-37.894766439755,144.584383315787
53314055546,60 WINFRED DR MAMBOURIN 3024,-37.894740201484,144.584704416145,-37.894739701484,144.584705516145
53314055760,29 WINFRED DR MAMBOURIN 3024,-37.895224130664,144.586323883657,-37.895223630664,144.586324983657
53314087548,47 WINFRED DR MAMBOURIN 3024,-37.895099198397,144.585017647867,-37.895098698397,144.585018747867
53314127641,17 WINFRED DR MAMBOURIN 3024,-37.895869201932,144.586409043794,-37.895868701932,144.58641014379398
53314136819,70 WINFRED DR MAMBOURIN 3024,-37.894810274194,144.583859352667,-37.894809774194,144.58386045266698
53314178769,59 WINFRED DR MAMBOURIN 3024,-37.895213401828,144.583639411527,-37.895212901828,144.583640511527
53314139448,55 WINFRED DR MAMBOURIN 3024,-37.895170402664,144.584158418972,-37.895169902664,144.584159518972
53314064240,58 WINFRED DR MAMBOURIN 3024,-37.894725239787,144.584885297615,-37.894724739787,144.58488639761498
53314015376,51 WINFRED DR MAMBOURIN 3024,-37.895143371027,144.584484475006,-37.895142871027,144.584485575006
53314197438,21 WINFRED DR MAMBOURIN 3024,-37.895672059569,144.586382976075,-37.895671559569,144.58638407607498
53314007927,11 WINFRED DR MAMBOURIN 3024,-37.896196179975,144.586452210595,-37.896195679975,144.586453310595
53314003257,72 WINFRED DR MAMBOURIN 3024,-37.89482360142,144.583698252488,-37.89482310142,144.583699352488
53314032734,27 WINFRED DR MAMBOURIN 3024,-37.89533611289,144.586338635807,-37.89533561289,144.586339735807
53314067617,45 WINFRED DR MAMBOURIN 3024,-37.895085284438,144.585185453568,-37.895084784438,144.58518655356798
53314007507,62 WINFRED DR MAMBOURIN 3024,-37.894753570619,144.584543315966,-37.894753070619004,144.58454441596598
53314058390,56 WINFRED DR MAMBOURIN 3024,-37.894711619194,144.585049247642,-37.894711119194,144.58505034764198
53304310679,19 WINGATE AVE ASCOT VALE 3032,-37.780649465407,144.921428014022,-37.780648965407,144.921429114022
53304228861,19 WINGATE AVE ASCOT VALE 3032,-37.780649465407,144.921428014022,-37.780648965407,144.921429114022
53304314555,19 WINGATE AVE ASCOT VALE 3032,-37.780649465407,144.921428014022,-37.780648965407,144.921429114022
53304431113,19 WINGATE AVE ASCOT VALE 3032,-37.780649465407,144.921428014022,-37.780648965407,144.921429114022
53304431161,19 WINGATE AVE ASCOT VALE 3032,-37.780649465407,144.921428014022,-37.780648965407,144.921429114022
53304431467,19 WINGATE AVE ASCOT VALE 3032,-37.780649465407,144.921428014022,-37.780648965407,144.921429114022
53313362560,36 WINGED FOOT DR SUNSHINE NORTH 3020,-37.76834701084,144.845622500798,-37.768346510840004,144.84562360079798
53313363377,48 WINGED FOOT DR SUNSHINE NORTH 3020,-37.768001257334,144.845684275425,-37.768000757334,144.84568537542498
53313366182,70 WINGED FOOT DR SUNSHINE NORTH 3020,-37.767320060063,144.845808411411,-37.767319560063,144.845809511411
53313504818,32 WINGED FOOT DR SUNSHINE NORTH 3020,-37.768667450998,144.845522253237,-37.768666950998,144.84552335323698
53313486799,22 WINGED FOOT DR SUNSHINE NORTH 3020,-37.769523201403,144.845378084502,-37.769522701403,144.84537918450198
53313239131,10 WINGED FOOT DR SUNSHINE NORTH 3020,-37.770568089453,144.845250931031,-37.770567589453,144.84525203103098
53313360815,46 WINGED FOOT DR SUNSHINE NORTH 3020,-37.76805875719,144.845679581559,-37.76805825719,144.845680681559
53313360797,42 WINGED FOOT DR SUNSHINE NORTH 3020,-37.768174427454,144.84566994237,-37.768173927454,144.84567104237
53313360839,50 WINGED FOOT DR SUNSHINE NORTH 3020,-37.767943128835,144.845694920442,-37.767942628835,144.845696020442
53313486773,18 WINGED FOOT DR SUNSHINE NORTH 3020,-37.769842300457,144.845335923529,-37.769841800457,144.845337023529
53313486817,24 WINGED FOOT DR SUNSHINE NORTH 3020,-37.769372243327,144.84539384248,-37.769371743327,144.84539494248
53313504800,30 WINGED FOOT DR SUNSHINE NORTH 3020,-37.768826288063,144.845491407833,-37.768825788063005,144.845492507833
53313366133,54 WINGED FOOT DR SUNSHINE NORTH 3020,-37.767780687552,144.84572450856,-37.767780187552,144.84572560856
53313366167,66 WINGED FOOT DR SUNSHINE NORTH 3020,-37.767435059774,144.845787456653,-37.767434559774,144.845788556653
53313366209,72 WINGED FOOT DR SUNSHINE NORTH 3020,-37.767261889655,144.845824672303,-37.767261389655005,144.845825772303
53313366231,58 WINGED FOOT DR SUNSHINE NORTH 3020,-37.767665101107,144.845745547137,-37.767664601107,144.845746647137
53313239117,6 WINGED FOOT DR SUNSHINE NORTH 3020,-37.770710917083,144.845225282407,-37.770710417083,144.845226382407
53313239157,14 WINGED FOOT DR SUNSHINE NORTH 3020,-37.770401750584,144.845238944909,-37.770401250584,144.845240044909
53314063664,10 WINGEEL ST MAMBOURIN 3024,-37.88696070569,144.604023948593,-37.88696020569,144.604025048593
53314112586,14 WINGEEL ST MAMBOURIN 3024,-37.886700699053,144.604106175063,-37.886700199053,144.604107275063
53314052601,15 WINGEEL ST MAMBOURIN 3024,-37.88658146648,144.603575935868,-37.886580966480004,144.603577035868
53314063656,8 WINGEEL ST MAMBOURIN 3024,-37.887069963797,144.603989415152,-37.887069463797005,144.603990515152
53314063689,11 WINGEEL ST MAMBOURIN 3024,-37.886795707926,144.603509551195,-37.886795207926,144.603510651195
53314023511,12 WINGEEL ST MAMBOURIN 3024,-37.886844909697,144.60406057751,-37.886844409697,144.60406167751
53314102546,3 WINGEEL ST MAMBOURIN 3024,-37.887224358454,144.603376614211,-37.887223858454,144.60337771421098
53314063648,6 WINGEEL ST MAMBOURIN 3024,-37.88718571788,144.603952786235,-37.88718521788,144.603953886235
53314063671,5 WINGEEL ST MAMBOURIN 3024,-37.887110657937,144.603411902023,-37.887110157937,144.603413002023
53313147303,10 WINGFIELD DR THORNHILL PARK 3335,-37.714896410571,144.634207181928,-37.714895910571,144.63420828192798
53313024435,12 WINGFIELD DR THORNHILL PARK 3335,-37.714788786934,144.634324612391,-37.714788286934,144.634325712391
53312995543,4 WINGFIELD DR THORNHILL PARK 3335,-37.715209600383,144.633950192776,-37.715209100383,144.633951292776
53313187357,6 WINGFIELD DR THORNHILL PARK 3335,-37.715109939554,144.634032922161,-37.715109439554,144.634034022161
53313483861,8 WINGFIELD DR THORNHILL PARK 3335,-37.715009775811,144.634114645717,-37.715009275811,144.634115745717
53301721886,4 WINGFIELD ST FOOTSCRAY 3011,-37.801183464983,144.906396328448,-37.801182964983,144.906397428448
53301731110,99999 WINGFIELD ST FOOTSCRAY 3011,-37.801139439552,144.90602604921,-37.801138939552004,144.90602714921
53311009191,4-6 WINIFRED ST ESSENDON 3040,-37.745182154581,144.91207800103,-37.745181654581,144.91207910103
53311009357,4-6 WINIFRED ST ESSENDON 3040,-37.745182154581,144.91207800103,-37.745181654581,144.91207910103
53313094355,24 WINIFRED ST ESSENDON 3040,-37.744199124977,144.912150336854,-37.744198624977,144.912151436854
53311009142,4 WINIFRED ST ESSENDON 3040,-37.745308427953,144.911940956913,-37.745307927953,144.911942056913
53311009183,4 WINIFRED ST ESSENDON 3040,-37.745308427953,144.911940956913,-37.745307927953,144.911942056913
53311009240,4 WINIFRED ST ESSENDON 3040,-37.745308427953,144.911940956913,-37.745307927953,144.911942056913
53311009273,4-6 WINIFRED ST ESSENDON 3040,-37.745182154581,144.91207800103,-37.745181654581,144.91207910103
53313094347,24 WINIFRED ST ESSENDON 3040,-37.744199124977,144.912150336854,-37.744198624977,144.912151436854
53313094406,24 WINIFRED ST ESSENDON 3040,-37.744199124977,144.912150336854,-37.744198624977,144.912151436854
53311009309,4 WINIFRED ST ESSENDON 3040,-37.745308427953,144.911940956913,-37.745307927953,144.911942056913
53311009331,4 WINIFRED ST ESSENDON 3040,-37.745308427953,144.911940956913,-37.745307927953,144.911942056913
53311009365,4 WINIFRED ST ESSENDON 3040,-37.745308427953,144.911940956913,-37.745307927953,144.911942056913
53311009398,4-6 WINIFRED ST ESSENDON 3040,-37.745182154581,144.91207800103,-37.745181654581,144.91207910103
53311009416,4 WINIFRED ST ESSENDON 3040,-37.745308427953,144.911940956913,-37.745307927953,144.911942056913
53311009430,4 WINIFRED ST ESSENDON 3040,-37.745308427953,144.911940956913,-37.745307927953,144.911942056913
53311009175,4 WINIFRED ST ESSENDON 3040,-37.745308427953,144.911940956913,-37.745307927953,144.911942056913
53311009200,4 WINIFRED ST ESSENDON 3040,-37.745308427953,144.911940956913,-37.745307927953,144.911942056913
53312620945,14 WINIFRED ST OAK PARK 3046,-37.720809424166,144.918072319086,-37.720808924166,144.918073419086
53302105478,110 WINIFRED ST OAK PARK 3046,-37.717176958787,144.911692517303,-37.717176458787,144.911693617303
53312620961,14 WINIFRED ST OAK PARK 3046,-37.720809424166,144.918072319086,-37.720808924166,144.918073419086
53313349187,25A WINIFRED ST OAK PARK 3046,-37.721391002518,144.917836117054,-37.721390502518,144.917837217054
53303707023,38 WINIFRED ST PASCOE VALE SOUTH 3044,-37.747372387791,144.938844519173,-37.747371887791004,144.93884561917298
53304710936,13 WINNINGTON ST DEER PARK 3023,-37.76076118526,144.770283628439,-37.76076068526,144.77028472843898
53314216164,8 WINSLET RD DEANSIDE 3336,-37.718472549561,144.692642039011,-37.718472049561,144.69264313901098
53314216262,4 WINSLET RD DEANSIDE 3336,-37.718449666965,144.692451350713,-37.718449166965,144.69245245071298
53302859188,1 WINTERS AVE CASTLEMAINE 3450,-37.071497122325,144.208335757353,-37.071496622325,144.208336857353
53304515327,59 WINTERSUN DR ALBANVALE 3021,-37.74548696249,144.763303913532,-37.74548646249,144.763305013532
53313578777,24 WINTON DR FRASER RISE 3336,-37.715053445527,144.702039577394,-37.715052945527,144.702040677394
53313967095,15 WINTON DR FRASER RISE 3336,-37.714571360366,144.701149251639,-37.714570860366,144.701150351639
53313573299,26 WINTON DR FRASER RISE 3336,-37.715074609832,144.702213334247,-37.715074109832,144.702214434247
53313586276,12 WINTON DR FRASER RISE 3336,-37.714940164105,144.701109102322,-37.714939664105,144.70111020232198
53313475875,22 WINTON DR FRASER RISE 3336,-37.715033664235,144.701877052291,-37.715033164235,144.701878152291
53313382121,25 WINTON DR FRASER RISE 3336,-37.714658280702,144.701863389789,-37.714657780702,144.701864489789
53314205637,5 WINX ST AINTREE 3336,-37.709894258394,144.668031933097,-37.709893758394,144.668033033097
53314203014,13 WINX ST AINTREE 3336,-37.709791999175,144.667445535151,-37.709791499175005,144.66744663515098
53314203020,11 WINX ST AINTREE 3336,-37.709818066894,144.667594984485,-37.709817566894,144.66759608448498
53313014528,58 WIRELESS DR AINTREE 3336,-37.720577329267,144.667797658903,-37.720576829267,144.667798758903
53313034600,66 WIRELESS DR AINTREE 3336,-37.720790271517,144.667920621423,-37.720789771517,144.667921721423
53313036969,64 WIRELESS DR AINTREE 3336,-37.720734825228,144.667895978628,-37.720734325228,144.667897078628
53313120095,22 WIRELESS DR AINTREE 3336,-37.719761015717,144.666107364309,-37.719760515717,144.666108464309
53313122395,47 WIRELESS DR AINTREE 3336,-37.720359693151,144.668272074623,-37.720359193151005,144.66827317462298
53313122593,37 WIRELESS DR AINTREE 3336,-37.720072906334,144.668135617239,-37.720072406334005,144.66813671723898
53313122726,39 WIRELESS DR AINTREE 3336,-37.72014679281,144.668149112104,-37.72014629281,144.668150212104
53313122791,43 WIRELESS DR AINTREE 3336,-37.720253242981,144.668210551454,-37.720252742981,144.668211651454
53313236765,73 WIRELESS DR AINTREE 3336,-37.721439449918,144.668889401792,-37.721438949918,144.668890501792
53313305158,42 WIRELESS DR AINTREE 3336,-37.719944914672,144.667268509356,-37.719944414672,144.667269609356
53313308085,52 WIRELESS DR AINTREE 3336,-37.720226127524,144.667593559561,-37.720225627524,144.667594659561
53313281795,32 WIRELESS DR AINTREE 3336,-37.719823544715,144.666789064494,-37.719823044715,144.666790164494
53313283583,38 WIRELESS DR AINTREE 3336,-37.719851037357,144.667073713926,-37.719850537357004,144.66707481392598
53313066577,69 WIRELESS DR AINTREE 3336,-37.721150274259,144.668741125925,-37.721149774259004,144.668742225925
53313014354,54 WIRELESS DR AINTREE 3336,-37.72045851579,144.667719539566,-37.72045801579,144.667720639566
53313149084,82 WIRELESS DR AINTREE 3336,-37.721388278399,144.668298226161,-37.721387778399,144.668299326161
53313150620,90 WIRELESS DR AINTREE 3336,-37.72164702775,144.668367376862,-37.72164652775,144.66836847686199
53313147699,92 WIRELESS DR AINTREE 3336,-37.721710311119,144.668357067121,-37.721709811119,144.668358167121
53313147731,86 WIRELESS DR AINTREE 3336,-37.721492675003,144.668382129012,-37.721492175003,144.668383229012
53313147765,76 WIRELESS DR AINTREE 3336,-37.721228603144,144.668206025226,-37.721228103144,144.668207125226
53313236780,75 WIRELESS DR AINTREE 3336,-37.721490830985,144.668925276338,-37.721490330985,144.668926376338
53313237127,71 WIRELESS DR AINTREE 3336,-37.721369502936,144.668855371265,-37.721369002936,144.668856471265
53313237184,77 WIRELESS DR AINTREE 3336,-37.721545941998,144.668950841142,-37.721545441998,144.66895194114198
53313281077,26 WIRELESS DR AINTREE 3336,-37.719796471167,144.666532242981,-37.719795971167,144.66653334298098
53313281886,24 WIRELESS DR AINTREE 3336,-37.719787670169,144.666430738134,-37.719787170169,144.666431838134
53313282841,28 WIRELESS DR AINTREE 3336,-37.719805649351,144.666618157489,-37.719805149351004,144.666619257489
53313304911,40 WIRELESS DR AINTREE 3336,-37.719899694305,144.667189719466,-37.719899194305,144.667190819466
53313122288,51 WIRELESS DR AINTREE 3336,-37.720466143321,144.668333513973,-37.720465643321,144.668334613973
53313122775,41 WIRELESS DR AINTREE 3336,-37.720201903824,144.668174676908,-37.720201403824,144.668175776908
53313122819,49 WIRELESS DR AINTREE 3336,-37.720414804165,144.668297639428,-37.720414304165004,144.668298739428
53314032544,4 WIRILDA AVE CAMPBELLS CREEK 3451,-37.104009141728,144.20510696443,-37.104008641728,144.20510806443
53313837974,13 WIRILDA ST TORQUAY 3228,-38.307922807666,144.334809959091,-38.307922307666004,144.33481105909098
53313730149,6 WIRILDA ST TORQUAY 3228,-38.308624582509,144.33522989244,-38.308624082509,144.33523099244
53313730676,16 WIRILDA ST TORQUAY 3228,-38.307987976963,144.335352854959,-38.307987476963,144.335353954959
53313613908,12 WIRILDA ST TORQUAY 3228,-38.308223927537,144.335307257406,-38.308223427537,144.33530835740598
53313638548,3 WIRILDA ST TORQUAY 3228,-38.308559455121,144.33468708039,-38.308558955121,144.33468818039
53313768908,34 WIRILDA ST TORQUAY 3228,-38.306705671505,144.335785444982,-38.306705171505,144.335786544982
53313801643,17 WIRILDA ST TORQUAY 3228,-38.307651862645,144.33490266294,-38.307651362645004,144.33490376294
53313730669,19 WIRILDA ST TORQUAY 3228,-38.307403800221,144.33513375201,-38.307403300221004,144.33513485201
53313707402,31 WIRILDA ST TORQUAY 3228,-38.306639538289,144.335240202181,-38.306639038289,144.335241302181
53313655858,9 WIRILDA ST TORQUAY 3228,-38.30815875824,144.334764361537,-38.30815825824,144.334765461537
53313616942,11 WIRILDA ST TORQUAY 3228,-38.308040782953,144.334787160314,-38.308040282953,144.33478826031399
53314183735,28 WIRILDA ST TORQUAY 3228,-38.30706630289,144.335715791367,-38.30706580289,144.33571689136699
53313524987,25 WIRILDA WAY POINT LONSDALE 3225,-38.266030768056,144.605822872653,-38.266030268056,144.60582397265298
53302664606,19 WIRKSWORTH ST HERNE HILL 3218,-38.132812696571,144.32539406434,-38.132812196571,144.32539516434
53302663094,19 WIRKSWORTH ST HERNE HILL 3218,-38.132812696571,144.32539406434,-38.132812196571,144.32539516434
53303655173,6 WIRRAWAY RD ESSENDON FIELDS 3041,-37.720392759759,144.895426428362,-37.720392259759,144.89542752836198
53312220860,305 WIRRAWAY RD ESSENDON FIELDS 3041,-37.718420863699,144.894466996718,-37.718420363699,144.894468096718
53303470994,2 WIRRAWAY RD ESSENDON FIELDS 3041,-37.720392759759,144.895426428362,-37.720392259759,144.89542752836198
53314129936,13 WIRY WAY TARNEIT 3029,-37.850581946713,144.625248603814,-37.850581446713,144.62524970381398
53314135356,11 WIRY WAY TARNEIT 3029,-37.850693342206,144.625227565237,-37.850692842206,144.625228665237
53314152490,21 WIRY WAY TARNEIT 3029,-37.850123079424,144.625335356512,-37.850122579424,144.625336456512
53314127245,23 WIRY WAY TARNEIT 3029,-37.85001172584,144.625356395089,-37.85001122584,144.625357495089
53313563904,8 WISELY PL ROXBURGH PARK 3064,-37.632603346199,144.931049181582,-37.632602846199,144.931050281582
53313563886,4 WISELY PL ROXBURGH PARK 3064,-37.632566591554,144.931179520176,-37.632566091554004,144.93118062017598
53314084868,12 WITHAM RD MADDINGLEY 3340,-37.685131057019,144.402681162768,-37.685130557019,144.402682262768
53313882907,15 WITHAM RD MADDINGLEY 3340,-37.68549977694,144.40224128049,-37.68549927694,144.40224238048998
53313742408,9 WITHAM RD MADDINGLEY 3340,-37.685568508546,144.40284720827,-37.685568008546,144.40284830827
53314049290,17 WITHAM RD MADDINGLEY 3340,-37.685475301782,144.402025111207,-37.685474801782,144.402026211207
53313819710,11 WITHAM RD MADDINGLEY 3340,-37.68554558404,144.402645288223,-37.68554508404,144.402646388223
53313898729,2 WITHAM RD MADDINGLEY 3340,-37.68526256908,144.403559083307,-37.685262069080004,144.40356018330698
53313865992,7 WITHAM RD MADDINGLEY 3340,-37.685587912652,144.403018366733,-37.685587412652,144.40301946673299
53313783426,14 WITHAM RD MADDINGLEY 3340,-37.685107042866,144.402469352075,-37.685106542866,144.402470452075
53313692181,3 WITHAM RD MADDINGLEY 3340,-37.685616830217,144.403273092771,-37.685616330217,144.403274192771
53313886098,16 WITHAM RD MADDINGLEY 3340,-37.685084118361,144.402267432028,-37.685083618361,144.402268532028
53313890728,5 WITHAM RD MADDINGLEY 3340,-37.685602832439,144.403149962613,-37.685602332439004,144.403151062613
53314055119,18 WITHERS RD BONSHAW 3352,-37.59493058901,143.810511186631,-37.59493008901,143.810512286631
53313917415,26 WITHERS RD BONSHAW 3352,-37.595313725805,143.810443041758,-37.595313225805,143.81044414175798
53314118427,16 WITHERS RD BONSHAW 3352,-37.594858881829,143.810584025369,-37.594858381829,143.810585125369
53313940094,15 WITHERS RD BONSHAW 3352,-37.595275797693,143.810896670358,-37.595275297693,143.810897770358
53313953292,5 WITHERS RD BONSHAW 3352,-37.595348678341,143.811492372216,-37.595348178341,143.811493472216
53313881370,11 WITHERS RD BONSHAW 3352,-37.595305553449,143.811140080826,-37.595305053449,143.81114118082598
53314009452,12 WITHERS RD BONSHAW 3352,-37.594834741948,143.811058441089,-37.594834241948,143.81105954108898
53314159545,10 WITHERS RD BONSHAW 3352,-37.594853936506,143.811215098859,-37.594853436506,143.811216198859
53313993629,14 WITHERS RD BONSHAW 3352,-37.594815547389,143.810901364224,-37.594815047389,143.810902464224
53313875249,8 WITHERS RD BONSHAW 3352,-37.594873089155,143.81137175663,-37.594872589155,143.81137285663
53313964150,4 WITHERS RD BONSHAW 3352,-37.5949107239,143.811679372476,-37.5949102239,143.81168047247598
53313086476,5 WITHERS ST HUNTLY 3551,-36.662429862964,144.35932694206,-36.662429362964,144.35932804205999
53313066684,10 WITHERS ST HUNTLY 3551,-36.662935920368,144.36004460061,-36.662935420368,144.36004570061
53313038278,11 WITHERS ST HUNTLY 3551,-36.662481076393,144.359848631713,-36.662480576393,144.35984973171298
53313069521,15 WITHERS ST HUNTLY 3551,-36.662513179082,144.360176112671,-36.662512679082,144.360177212671
53313065389,4 WITHERS ST HUNTLY 3551,-36.662843551795,144.35932778025,-36.662843051795,144.35932888025
53313163853,13 WITHERS ST HUNTLY 3551,-36.662497379194,144.360015096311,-36.662496879194,144.360016196311
53313710051,3 WITHERS ST MAMBOURIN 3024,-37.890603061714,144.598608065675,-37.890602561714005,144.598609165675
53313710126,9 WITHERS ST MAMBOURIN 3024,-37.890576155805,144.598918866645,-37.890575655805,144.59891996664498
53313802797,13 WITHERS ST MOUNT DUNEED 3217,-38.229366228091,144.321326410547,-38.229365728091004,144.32132751054698
53313668751,16 WITHERS ST MOUNT DUNEED 3217,-38.229480180065,144.321762856246,-38.229479680065005,144.321763956246
53313681995,5 WITHERS ST MOUNT DUNEED 3217,-38.2299238342,144.321220463291,-38.2299233342,144.321221563291
53313752752,17 WITHERS ST MOUNT DUNEED 3217,-38.229161374378,144.321365386397,-38.229160874378,144.32136648639698
53313931219,8 WITHERS ST MOUNT DUNEED 3217,-38.229872075948,144.321687419117,-38.229871575948,144.321688519117
53313751748,18 WITHERS ST MOUNT DUNEED 3217,-38.229368994119,144.321784397737,-38.229368494119,144.32178549773698
53313801966,14 WITHERS ST MOUNT DUNEED 3217,-38.229582565012,144.321742991135,-38.229582065012,144.321744091135
53313878374,36 WITTON BVD WARRNAMBOOL 3280,-38.364278659394,142.513071029686,-38.364278159394004,142.51307212968598
53314124862,50 WITTON BVD WARRNAMBOOL 3280,-38.363283182664,142.513270938077,-38.363282682664,142.513272038077
53313976799,4 WODEN PL STRATHTULLOH 3338,-37.727541098244,144.588464286452,-37.727540598244,144.588465386452
53314026507,2 WODEN PL STRATHTULLOH 3338,-37.727559706069,144.588644413552,-37.727559206069,144.588645513552
53305334023,3-3 WOLFE RD MELTON 3337,-37.675897049567,144.58903065165,-37.675896549567,144.58903175165
53314034375,180 WOLLAHRA RISE WYNDHAM VALE 3024,-37.865781983298,144.628914764444,-37.865781483298,144.628915864444
53314050853,186 WOLLAHRA RISE WYNDHAM VALE 3024,-37.865575956118,144.629112744997,-37.865575456118,144.629113844997
53314029756,184 WOLLAHRA RISE WYNDHAM VALE 3024,-37.865652985808,144.629038732792,-37.865652485808,144.629039832792
53314089073,164 WOLLAHRA RISE WYNDHAM VALE 3024,-37.866348055129,144.628370778928,-37.866347555129,144.628371878928
53313611522,136 WOLLAHRA RISE WYNDHAM VALE 3024,-37.868011527633,144.627447847569,-37.868011027633,144.62744894756898
53314057921,122 WOLLAHRA RISE WYNDHAM VALE 3024,-37.87023227097,144.625899207138,-37.87023177097,144.62590030713798
53314029748,170 WOLLAHRA RISE WYNDHAM VALE 3024,-37.866150996585,144.62856012612,-37.866150496585,144.62856122611998
53314000734,172 WOLLAHRA RISE WYNDHAM VALE 3024,-37.866075769004,144.628632461945,-37.866075269004,144.62863356194498
53313679799,132 WOLLAHRA RISE WYNDHAM VALE 3024,-37.868239347762,144.627302756825,-37.868238847762,144.627303856825
53313862642,134 WOLLAHRA RISE WYNDHAM VALE 3024,-37.868127449354,144.627383893648,-37.868126949354,144.62738499364798
53313750261,177 WOLLAHRA RISE WYNDHAM VALE 3024,-37.867167469984,144.627172418231,-37.867166969984,144.627173518231
53314033872,168 WOLLAHRA RISE WYNDHAM VALE 3024,-37.866219057639,144.628494747276,-37.866218557639,144.62849584727599
53314034062,162 WOLLAHRA RISE WYNDHAM VALE 3024,-37.86642328271,144.628298443103,-37.86642278271,144.628299543103
53314048821,145 WOLLAHRA RISE WYNDHAM VALE 3024,-37.865659607512,144.625861488574,-37.865659107512,144.625862588574
53314170395,173 WOLLAHRA RISE WYNDHAM VALE 3024,-37.867423537126,144.627085162619,-37.867423037126,144.627086262619
53314106480,178 WOLLAHRA RISE WYNDHAM VALE 3024,-37.865850044352,144.628849385599,-37.865849544352,144.628850485599
53314033880,166 WOLLAHRA RISE WYNDHAM VALE 3024,-37.866279994075,144.628436157773,-37.866279494075,144.628437257773
53314000726,176 WOLLAHRA RISE WYNDHAM VALE 3024,-37.865925271933,144.628777049775,-37.865924771933,144.628778149775
53314046982,182 WOLLAHRA RISE WYNDHAM VALE 3024,-37.865721046862,144.628973270128,-37.865720546862,144.628974370128
53314057939,126 WOLLAHRA RISE WYNDHAM VALE 3024,-37.870148535757,144.625962658145,-37.870148035757,144.625963758145
53314228034,347 WOLLASTON RD WARRNAMBOOL 3280,-38.347832401445,142.472172622789,-38.347831901445,142.472173722789
53312992895,8B WOLSELEY GR BELL POST HILL 3215,-38.101854053373,144.332112495011,-38.101853553373005,144.33211359501098
53313587110,14A WOLSTENCROFT ST FLORA HILL 3550,-36.770875010067,144.290243463726,-36.770874510067,144.290244563726
53313904528,34 WOLVERING CRES TRUGANINA 3029,-37.831122478392,144.712035499845,-37.831121978392,144.712036599845
53313904932,32 WOLVERING CRES TRUGANINA 3029,-37.831097835596,144.712162401859,-37.831097335596,144.71216350185898
53313905312,30 WOLVERING CRES TRUGANINA 3029,-37.831071767877,144.712296260852,-37.831071267877,144.712297360852
53313837529,10 WOLVERING CRES TRUGANINA 3029,-37.83007427949,144.713073430915,-37.83007377949,144.71307453091498
53313938055,4 WOLVERING CRES TRUGANINA 3029,-37.829671151857,144.713127661828,-37.829670651857,144.713128761828
53314116011,14 WOLVERING CRES TRUGANINA 3029,-37.830304949465,144.713042501692,-37.830304449465004,144.713043601692
53313904536,36 WOLVERING CRES TRUGANINA 3029,-37.831145025711,144.711919661943,-37.831144525711004,144.711920761943
53313905328,38 WOLVERING CRES TRUGANINA 3029,-37.831171302978,144.711784545664,-37.831170802978,144.71178564566398
53314014551,28 WOLVERING CRES TRUGANINA 3029,-37.830960833389,144.712644696568,-37.830960333389,144.71264579656798
53314000692,18 WOLVERING CRES TRUGANINA 3029,-37.830617845911,144.712997407053,-37.830617345911,144.712998507053
53313879183,12 WOLVERING CRES TRUGANINA 3029,-37.830192967239,144.713057505299,-37.830192467239,144.71305860529898
53313897202,16 WOLVERING CRES TRUGANINA 3029,-37.830417141239,144.713027414266,-37.830416641239005,144.713028514266
53314082424,30 WONDROUS BVD TARNEIT 3029,-37.861561317864,144.645775381776,-37.861560817864,144.64577648177598
53314002655,24 WONDROUS BVD TARNEIT 3029,-37.861618398624,144.646209815818,-37.861617898624004,144.646210915818
53313850847,19 WONDROUS BVD TARNEIT 3029,-37.862067081901,144.646392457488,-37.862066581901004,144.64639355748798
53313922321,23 WONDROUS BVD TARNEIT 3029,-37.86203171027,144.646123398396,-37.862031210270004,144.646124498396
53313895859,34 WONDROUS BVD TARNEIT 3029,-37.861518612067,144.645450247752,-37.861518112067,144.645451347752
53313856167,18 WONDROUS BVD TARNEIT 3029,-37.86167330009,144.646627402234,-37.86167280009,144.646628502234
53314057468,28 WONDROUS BVD TARNEIT 3029,-37.861581937345,144.645932374823,-37.861581437345,144.64593347482298
53313899082,8 WONDROUS BVD TARNEIT 3029,-37.861761980626,144.647406583953,-37.861761480626,144.647407683953
53313906524,6 WONDROUS BVD TARNEIT 3029,-37.861780420813,144.647546729374,-37.861779920813,144.647547829374
53313875091,9 WONDROUS BVD TARNEIT 3029,-37.862173238705,144.647166023332,-37.862172738705,144.647167123332
53313991997,16 WONDROUS BVD TARNEIT 3029,-37.861693919572,144.646784395281,-37.861693419572,144.646785495281
53313944937,14 WONDROUS BVD TARNEIT 3029,-37.861714539054,144.646941304508,-37.861714039054,144.646942404508
53313952956,17 WONDROUS BVD TARNEIT 3029,-37.862086611736,144.646540984812,-37.862086111736,144.64654208481198
53313916210,5 WONDROUS BVD TARNEIT 3029,-37.86222038691,144.647454696078,-37.862219886910005,144.647455796078
53313965082,22 WONDROUS BVD TARNEIT 3029,-37.861635371978,144.646338729489,-37.861634871978,144.646339829489
53313884606,21 WONDROUS BVD TARNEIT 3029,-37.862048683624,144.646252312067,-37.862048183624005,144.64625341206698
53313892334,15 WONDROUS BVD TARNEIT 3029,-37.862107231217,144.646697977859,-37.862106731217004,144.64669907785898
53313996962,25 WONDROUS BVD TARNEIT 3029,-37.862014778825,144.645994484725,-37.862014278825,144.645995584725
53314106366,4 WONDROUS BVD TARNEIT 3029,-37.861799908738,144.647695256699,-37.861799408738,144.647696356699
53313909262,20 WONDROUS BVD TARNEIT 3029,-37.861653770256,144.64647887491,-37.861653270256,144.64647997491
53313951322,36 WONDROUS BVD TARNEIT 3029,-37.861495645652,144.64527556889,-37.861495145652,144.64527666889
53313905922,11 WONDROUS BVD TARNEIT 3029,-37.862148470181,144.647011880133,-37.862147970181,144.64701298013298
53313892292,26 WONDROUS BVD TARNEIT 3029,-37.86160146718,144.646080902147,-37.86160096718,144.64608200214698
53313062898,11A WONGANELLA DR KEILOR EAST 3033,-37.733539481523,144.863658512413,-37.733538981523004,144.863659612413
53312824577,6 WOOD GUM CT BELLBRAE 3228,-38.314551845339,144.278567556422,-38.314551345339,144.27856865642198
53312803400,7 WOOD GUM CT BELLBRAE 3228,-38.314532189776,144.278402684386,-38.314531689776004,144.278403784386
53300405648,8-10 WOOD ST PORTLAND 3305,-38.315020603274,141.462312965403,-38.315020103274,141.46231406540298
53300443318,6 WOOD ST PORTLAND 3305,45.50079264539,-122.678314159605,45.50079314539,-122.67831305960499
53300234162,3 WOOD ST STAWELL 3380,-37.0563285,142.7805441,-37.056328,142.78054519999998
53300206963,18 WOOD ST STAWELL 3380,-37.0563285,142.7805441,-37.056328,142.78054519999998
53300955469,25 WOOD ST STAWELL 3380,-37.0563285,142.7805441,-37.056328,142.78054519999998
53307771661,69A WOODBURN CRES MEADOW HEIGHTS 3048,-37.655949042018,144.916411528791,-37.655948542018,144.916412628791
53313593711,42 WOODBURY ST WILLIAMS LANDING 3027,-37.864989851539,144.749932598672,-37.864989351539,144.74993369867198
53313708905,14 WOODBURY ST WILLIAMS LANDING 3027,-37.863276255253,144.749940477661,-37.863275755253,144.749941577661
53313632096,46 WOODBURY ST WILLIAMS LANDING 3027,-37.865188083549,144.749931676662,-37.865187583549,144.74993277666198
53313794564,18 WOODBURY ST WILLIAMS LANDING 3027,-37.863481234696,144.749939471832,-37.863480734696005,144.74994057183198
53313585781,40 WOODBURY ST WILLIAMS LANDING 3027,-37.864874977556,144.749933185405,-37.864874477556,144.749934285405
53313986963,34 WOODBURY ST WILLIAMS LANDING 3027,-37.864528134402,144.749934777967,-37.864527634402,144.749935877967
53313708895,30 WOODBURY ST WILLIAMS LANDING 3027,-37.864114152204,144.749936454347,-37.864113652204004,144.74993755434699
53313708929,26 WOODBURY ST WILLIAMS LANDING 3027,-37.86392493074,144.749937376357,-37.86392443074,144.749938476357
53313752322,54 WOODBURY ST WILLIAMS LANDING 3027,-37.865643933353,144.749932850129,-37.865643433353,144.749933950129
53313864319,4 WOODCUTTERS WAY BONSHAW 3352,-37.600565868244,143.820742640561,-37.600565368244,143.820743740561
53313929482,32 WOODLAND ST LARA 3212,-38.015035557568,144.371199991727,-38.015035057568,144.371201091727
53313669189,36 WOODLAND ST LARA 3212,-38.01477479656,144.371217761362,-38.01477429656,144.371218861362
53313808200,10 WOODLAND ST LARA 3212,-38.01632951387,144.371023217389,-38.01632901387,144.371024317389
53313810363,39 WOODLAND ST LARA 3212,-38.014500037774,144.370644355365,-38.014499537774,144.37064545536498
53313891461,60 WOODLAND ST LARA 3212,-38.013730537153,144.370161054828,-38.013730037153,144.370162154828
53314134201,41 WOODLAND ST LARA 3212,-38.014369112446,144.370649049231,-38.014368612446,144.37065014923098
53313722770,25 WOODLAND ST LARA 3212,-38.015348956927,144.37060755881,-38.015348456927,144.37060865881
53313683165,37 WOODLAND ST LARA 3212,-38.014625975869,144.37067855353,-38.014625475869,144.37067965353
53313872089,56 WOODLAND ST LARA 3212,-38.013761592104,144.370419971817,-38.013761092104,144.370421071817
53313737844,40 WOODLAND ST LARA 3212,-38.014536247595,144.371189179072,-38.014535747595,144.37119027907198
53313700373,9 WOODLAND ST LARA 3212,-38.01627331321,144.37048124353,-38.01627281321,144.37048234353
53313768526,29 WOODLAND ST LARA 3212,-38.01509766747,144.370641840794,-38.01509716747,144.370642940794
53314053459,15 WOODLAND ST LARA 3212,-38.015930786736,144.370528098368,-38.015930286736,144.370529198368
53313670345,18 WOODLAND ST LARA 3212,-38.015861636035,144.37108717131,-38.015861136035,144.37108827131
53313727607,43 WOODLAND ST LARA 3212,-38.014181567363,144.370693473318,-38.014181067363005,144.370694573318
53313672134,11 WOODLAND ST LARA 3212,-38.016161372893,144.370496582412,-38.016160872893,144.37049768241198
53313752397,17 WOODLAND ST LARA 3212,-38.015812140897,144.370544275441,-38.015811640897,144.370545375441
53313950176,62 WOODLAND ST LARA 3212,-38.013705307624,144.369978664615,-38.013704807624,144.36997976461498
53314146337,7 WOODLAND ST LARA 3212,-38.016391959049,144.370465066456,-38.016391459049004,144.370466166456
53314011475,49 WOODLAND ST LARA 3212,-38.014146656736,144.370402286002,-38.014146156736004,144.37040338600198
53303296662,184 WOODLAND ST STRATHMORE 3041,-37.742052980579,144.916939001957,-37.742052480579,144.91694010195698
53314074034,3 WOODLAND WAY FYANSFORD 3218,-38.13991137228,144.304495548971,-38.13991087228,144.304496648971
53312897292,2A WOODLANDS CT CRAIGIEBURN 3064,-37.592691615034,144.929726265804,-37.592691115034,144.92972736580398
53301194472,2 WOODLANDS CT CRAIGIEBURN 3064,-37.592520247024,144.929725176156,-37.592519747024,144.929726276156
53308651748,2 WOODLANDS DR OCEAN GROVE 3226,-38.252008975601,144.530910032117,-38.252008475601,144.53091113211698
53313236491,20 WOODLET ST WEIR VIEWS 3338,-37.728087304965,144.576476823807,-37.728086804965,144.576477923807
53312941861,51 WOODMAN DR MCKENZIE HILL 3451,-37.066901031447,144.189214205457,-37.066900531447004,144.189215305457
53313337694,45 WOODMAN DR MCKENZIE HILL 3451,-37.06640478087,144.189047321765,-37.06640428087,144.189048421765
53313121762,53 WOODMAN DR MCKENZIE HILL 3451,-37.06707135172,144.189209763049,-37.067070851720004,144.189210863049
53313843108,22A WOODMAN DR MCKENZIE HILL 3451,-37.066763526325,144.188720762818,-37.066763026325,144.188721862818
53305127642,10A WOODS RD MOOLAP 3224,-38.197170036948,144.398461449485,-38.197169536948,144.398462549485
53313877963,61 WOODS RD TRUGANINA 3029,-37.828983416701,144.71297687139,-37.828982916701,144.71297797139
53313968241,68 WOODS RD TRUGANINA 3029,-37.829495425257,144.713246433396,-37.829494925257,144.713247533396
53313990841,57 WOODS RD TRUGANINA 3029,-37.828958103354,144.712677553628,-37.828957603354,144.712678653628
53313851060,185 WOODS RD TRUGANINA 3029,-37.819691783665,144.71973528374,-37.819691283665,144.71973638373998
53314104766,35 WOODS RD TRUGANINA 3029,-37.828782460573,144.710599260736,-37.828781960573004,144.71060036073598
53313803688,54 WOODS RD TRUGANINA 3029,-37.829409049744,144.711848751042,-37.829408549744,144.711849851042
53313896286,37 WOODS RD TRUGANINA 3029,-37.828795117246,144.710748961526,-37.828794617246004,144.710750061526
53313848724,59 WOODS RD TRUGANINA 3029,-37.828970760027,144.712827254419,-37.828970260027,144.712828354419
53313865464,64 WOODS RD TRUGANINA 3029,-37.8294674297,144.712915096764,-37.829466929700004,144.71291619676398
53314038996,56 WOODS RD TRUGANINA 3029,-37.829420993956,144.71198998611,-37.829420493956,144.71199108611
53313908513,185 WOODS RD TRUGANINA 3029,-37.819691783665,144.71973528374,-37.819691283665,144.71973638373998
53313931516,58 WOODS RD TRUGANINA 3029,-37.829433776359,144.712141279463,-37.829433276359,144.712142379463
53313951415,47 WOODS RD TRUGANINA 3029,-37.828861711467,144.711536776606,-37.828861211467,144.711537876606
53313877434,52 WOODS RD TRUGANINA 3029,-37.829397105532,144.711707599792,-37.829396605532004,144.71170869979198
53313930623,49 WOODS RD TRUGANINA 3029,-37.828875541607,144.711700558994,-37.828875041607,144.711701658994
53313873153,39 WOODS RD TRUGANINA 3029,-37.82880777392,144.710898578498,-37.82880727392,144.71089967849798
53313916005,62 WOODS RD TRUGANINA 3029,-37.829452635641,144.712739998807,-37.829452135641,144.712741098807
53313944796,17 WOODS ST LAVERTON 3028,-37.861337730596,144.774875801417,-37.861337230596,144.774876901417
53312721354,29 WOODS ST ST ALBANS 3021,-37.73621821205,144.810149113094,-37.73621771205,144.810150213094
53313722689,5 WOODSTOCK DR EYNESBURY 3338,-37.78673053616,144.547863185661,-37.78673003616,144.54786428566098
53313904651,19 WOODSTOCK DR EYNESBURY 3338,-37.786462901992,144.54593283336,-37.786462401992004,144.54593393336
53313784598,17 WOODSTOCK DR EYNESBURY 3338,-37.786420321924,144.546137184159,-37.786419821924,144.54613828415899
53313798721,30 WOODSTOCK DR EYNESBURY 3338,-37.786177540098,144.545489933596,-37.786177040098,144.545491033596
53313697611,20 WOODSTOCK DR EYNESBURY 3338,-37.785988612001,144.546563236297,-37.785988112001,144.546564336297
53313898134,2 WOODSTOCK DR EYNESBURY 3338,-37.786312363011,144.548444722103,-37.786311863011,144.548445822103
53313742695,22 WOODSTOCK DR EYNESBURY 3338,-37.785966651415,144.54638989854,-37.785966151415,144.54639099854
53313695580,28 WOODSTOCK DR EYNESBURY 3338,-37.786135756311,144.545631084845,-37.786135256311,144.545632184845
53313795892,16 WOODSTOCK DR EYNESBURY 3338,-37.786143300024,144.547118872659,-37.786142800024,144.547119972659
53313099109,128 WOODSWALLOW ENT SUNSHINE NORTH 3020,-37.767343571301,144.851191688725,-37.767343071301,144.851192788725
53313092333,109 WOODSWALLOW ENT SUNSHINE NORTH 3020,-37.76718955383,144.850720961043,-37.76718905383,144.850722061043
53313092549,111 WOODSWALLOW ENT SUNSHINE NORTH 3020,-37.767145004015,144.850729510584,-37.767144504015,144.85073061058398
53313106112,67 WOODSWALLOW ENT SUNSHINE NORTH 3020,-37.768194334474,144.849828036898,-37.768193834474005,144.849829136898
53313106390,63 WOODSWALLOW ENT SUNSHINE NORTH 3020,-37.768293115202,144.849821331375,-37.768292615202,144.849822431375
53313109550,45 WOODSWALLOW ENT SUNSHINE NORTH 3020,-37.768752024401,144.849713791557,-37.768751524401004,144.849714891557
53313109619,17 WOODSWALLOW ENT SUNSHINE NORTH 3020,-37.769539294657,144.849563336395,-37.769538794657,144.84956443639499
53313109740,35 WOODSWALLOW ENT SUNSHINE NORTH 3020,-37.769033907805,144.84965989592,-37.769033407805004,144.84966099592
53313109817,29 WOODSWALLOW ENT SUNSHINE NORTH 3020,-37.769199157026,144.849628296145,-37.769198657026,144.849629396145
53313111490,120 WOODSWALLOW ENT SUNSHINE NORTH 3020,-37.767553537976,144.85097920748,-37.767553037976,144.85098030748
53313111566,114 WOODSWALLOW ENT SUNSHINE NORTH 3020,-37.767695066411,144.850835960755,-37.767694566411,144.850837060755
53313111896,106 WOODSWALLOW ENT SUNSHINE NORTH 3020,-37.767891370583,144.85063722583,-37.767890870583,144.85063832583
53313112514,102 WOODSWALLOW ENT SUNSHINE NORTH 3020,-37.767982649509,144.850544773438,-37.767982149509,144.850545873438
53313544607,80 WOODSWALLOW ENT SUNSHINE NORTH 3020,-37.76859888703,144.850247383514,-37.76859838703,144.85024848351398
53313091452,101 WOODSWALLOW ENT SUNSHINE NORTH 3020,-37.767368172187,144.850670082891,-37.767367672187,144.850671182891
53313092250,117 WOODSWALLOW ENT SUNSHINE NORTH 3020,-37.767011396478,144.85075499157,-37.767010896478,144.85075609157
53313092359,119 WOODSWALLOW ENT SUNSHINE NORTH 3020,-37.766966846663,144.850763457292,-37.766966346663004,144.850764557292
53313109534,53 WOODSWALLOW ENT SUNSHINE NORTH 3020,-37.768533214819,144.84975595253,-37.768532714819,144.84975705252998
53313109633,11 WOODSWALLOW ENT SUNSHINE NORTH 3020,-37.769699640465,144.849532742449,-37.769699140465,144.84953384244898
53313109667,25 WOODSWALLOW ENT SUNSHINE NORTH 3020,-37.769306026292,144.849607844301,-37.769305526292,144.849608944301
53313109700,21 WOODSWALLOW ENT SUNSHINE NORTH 3020,-37.769417715152,144.849586554267,-37.769417215152004,144.849587654267
53313109732,19 WOODSWALLOW ENT SUNSHINE NORTH 3020,-37.769480956611,144.849574484327,-37.769480456611,144.849575584327
53313109799,31 WOODSWALLOW ENT SUNSHINE NORTH 3020,-37.769145722393,144.849638522067,-37.769145222393,144.849639622067
53313109831,43 WOODSWALLOW ENT SUNSHINE NORTH 3020,-37.768805459034,144.849703565636,-37.768804959034,144.84970466563598
53313109865,37 WOODSWALLOW ENT SUNSHINE NORTH 3020,-37.768970666346,144.849671965861,-37.768970166346,144.849673065861
53313544621,82 WOODSWALLOW ENT SUNSHINE NORTH 3020,-37.768531119343,144.85025031718,-37.768530619343004,144.85025141718
53313111383,124 WOODSWALLOW ENT SUNSHINE NORTH 3020,-37.767458068099,144.851075850823,-37.767457568099005,144.851076950823
53313111540,118 WOODSWALLOW ENT SUNSHINE NORTH 3020,-37.767599261258,144.850933107012,-37.767598761258,144.850934207012
53313111581,116 WOODSWALLOW ENT SUNSHINE NORTH 3020,-37.767644816901,144.850886755088,-37.767644316901,144.850887855088
53313099081,132 WOODSWALLOW ENT SUNSHINE NORTH 3020,-37.767238210778,144.851298306534,-37.767237710778,144.851299406534
53313099123,126 WOODSWALLOW ENT SUNSHINE NORTH 3020,-37.767400484424,144.85113418887,-37.767399984424,144.85113528886998
53313106136,71 WOODSWALLOW ENT SUNSHINE NORTH 3020,-37.768105234843,144.849845052161,-37.768104734843,144.84984615216098
53313106382,57 WOODSWALLOW ENT SUNSHINE NORTH 3020,-37.768425381635,144.84978193643,-37.768424881635,144.84978303642998
53313106432,77 WOODSWALLOW ENT SUNSHINE NORTH 3020,-37.767971627306,144.849870533147,-37.767971127306,144.849871633147
53313106509,73 WOODSWALLOW ENT SUNSHINE NORTH 3020,-37.768060726937,144.849853517883,-37.768060226937,144.84985461788298
53313112407,100 WOODSWALLOW ENT SUNSHINE NORTH 3020,-37.768036712784,144.850490207249,-37.768036212784004,144.850491307249
53301558353,177 WOODWARD RD GOLDEN SQUARE 3555,-36.785815752477,144.265045115848,-36.785815252477,144.265046215848
53301558386,80 WOODWARD RD GOLDEN SQUARE 3555,-36.788630269835,144.266068630044,-36.788629769835,144.266069730044
53301558412,144 WOODWARD RD GOLDEN SQUARE 3555,-36.785918011696,144.265926389147,-36.785917511696,144.265927489147
53301558444,155 WOODWARD RD GOLDEN SQUARE 3555,-36.787569581898,144.265346361448,-36.787569081898,144.265347461448
53301558460,171 WOODWARD RD GOLDEN SQUARE 3555,-36.786420548701,144.265221303452,-36.786420048701004,144.265222403452
53301558485,173 WOODWARD RD GOLDEN SQUARE 3555,-36.786043614515,144.265145950143,-36.786043114515,144.26514705014299
53305323785,140 WOODWARD RD GOLDEN SQUARE 3555,-36.786473731877,144.266043568154,-36.786473231877004,144.266044668154
53313566510,1 WOOL ST TARNEIT 3029,-37.844469108546,144.668531662165,-37.844468608546,144.668532762165
53313566575,15 WOOL ST TARNEIT 3029,-37.844765660281,144.668833159222,-37.844765160281,144.668834259222
53313566641,35 WOOL ST TARNEIT 3029,-37.844832757416,144.669495413392,-37.844832257416,144.669496513392
53313566492,19 WOOL ST TARNEIT 3029,-37.844779406602,144.668968526958,-37.844778906602,144.668969626958
53313566534,7 WOOL ST TARNEIT 3029,-37.844594166542,144.668651774837,-37.844593666542,144.668652874837
53313566568,5 WOOL ST TARNEIT 3029,-37.844552592302,144.668611876978,-37.844552092302,144.66861297697798
53313566591,23 WOOL ST TARNEIT 3029,-37.844792985285,144.669102637409,-37.844792485285,144.669103737409
53313566625,31 WOOL ST TARNEIT 3029,-37.84481943019,144.669364068969,-37.84481893019,144.669365168969
53313290770,4 WOOLEEN CT HUNTLY 3551,-36.674838264787,144.324821412715,-36.674837764787,144.324822512715
53313139449,8 WOOLEEN CT HUNTLY 3551,-36.67496353233,144.326296208578,-36.67496303233,144.32629730857798
53313532576,2 WOOLEEN CT HUNTLY 3551,-36.674763204844,144.324118254857,-36.674762704844,144.324119354857
53313817423,11 WOOLEEN CT HUNTLY 3551,-36.674089257919,144.324297627585,-36.674088757919,144.324298727585
53313468045,14 WOOLMAN ST LARA 3212,-38.016619234354,144.356771802696,-38.016618734354005,144.35677290269598
53313898266,42 WOOLMAN ST LARA 3212,-38.016408806674,144.359614189882,-38.016408306674,144.359615289882
53313746755,20 WOOLMAN ST LARA 3212,-38.016560058117,144.357471021059,-38.016559558117,144.357472121059
53313685459,10 WOOLMAN ST LARA 3212,-38.016644338154,144.356436358931,-38.016643838154,144.356437458931
53314019147,36 WOOLMAN ST LARA 3212,-38.016440867454,144.359185874629,-38.016440367454,144.35918697462898
53314016846,22 WOOLMAN ST LARA 3212,-38.016556495808,144.357631702143,-38.016555995808,144.357632802143
53313919469,34 WOOLMAN ST LARA 3212,-38.0164516382,144.359042041171,-38.016451138200004,144.359043141171
53313379805,10 WOOLSPINNER CRES WYNDHAM VALE 3024,-37.862835828151,144.618212163736,-37.862835328151,144.61821326373598
53313467475,11 WOOLSPINNER CRES WYNDHAM VALE 3024,-37.862467066321,144.618190706064,-37.862466566321004,144.618191806064
53313584099,43 WOOLSPINNER CRES WYNDHAM VALE 3024,-37.862080870132,144.62062623567,-37.862080370132,144.62062733566998
53313497548,9 WOOLSPINNER CRES WYNDHAM VALE 3024,-37.862487392436,144.618062546765,-37.862486892436,144.618063646765
53313350501,5 WOOLSPINNER CRES WYNDHAM VALE 3024,-37.862526284467,144.617817376097,-37.862525784467,144.617818476097
53313458863,2 WOOLSPINNER CRES WYNDHAM VALE 3024,-37.862925346877,144.617647558738,-37.862924846877,144.617648658738
53314086343,63 WOOLSPINNER CRES WYNDHAM VALE 3024,-37.862753308314,144.62192903488,-37.862752808314,144.62193013488
53313683081,38 WOOLSPINNER CRES WYNDHAM VALE 3024,-37.86249053565,144.620389866,-37.86249003565,144.620390966
53313669254,37 WOOLSPINNER CRES WYNDHAM VALE 3024,-37.862189667235,144.619940260714,-37.862189167235,144.619941360714
53314008307,56 WOOLSPINNER CRES WYNDHAM VALE 3024,-37.862685498718,144.621408937788,-37.862684998718,144.621410037788
53314059357,53 WOOLSPINNER CRES WYNDHAM VALE 3024,-37.861978149909,144.62127809628,-37.861977649909,144.62127919628
53313765193,14 WOOLSPINNER CRES WYNDHAM VALE 3024,-37.862771958049,144.618615081822,-37.862771458049004,144.618616181822
53313463137,1 WOOLSPINNER CRES WYNDHAM VALE 3024,-37.862575821515,144.617504479651,-37.862575321515,144.61750557965098
53313375804,8 WOOLSPINNER CRES WYNDHAM VALE 3024,-37.862858752656,144.618067575906,-37.862858252656004,144.618068675906
53313589511,36 WOOLSPINNER CRES WYNDHAM VALE 3024,-37.862512789603,144.620249469122,-37.862512289603,144.620250569122
53313468770,21 WOOLSPINNER CRES WYNDHAM VALE 3024,-37.86236241826,144.618850780939,-37.86236191826,144.618851880939
53313585163,44 WOOLSPINNER CRES WYNDHAM VALE 3024,-37.862395233411,144.620990848458,-37.862394733411,144.620991948458
53313366910,23 WOOLSPINNER CRES WYNDHAM VALE 3024,-37.862337649736,144.619006935795,-37.862337149736,144.619008035795
53313563233,32 WOOLSPINNER CRES WYNDHAM VALE 3024,-37.862588729645,144.619770694813,-37.862588229645,144.619771794813
53313570388,41 WOOLSPINNER CRES WYNDHAM VALE 3024,-37.862106434937,144.620456669769,-37.862105934937,144.620457769769
53313635067,46 WOOLSPINNER CRES WYNDHAM VALE 3024,-37.862374739657,144.621120013586,-37.862374239657,144.62112111358599
53313642566,35 WOOLSPINNER CRES WYNDHAM VALE 3024,-37.862209951441,144.619812101414,-37.862209451441004,144.619813201414
53313737662,34 WOOLSPINNER CRES WYNDHAM VALE 3024,-37.86253550456,144.620106054759,-37.86253500456,144.62010715475898
53313594998,31 WOOLSPINNER CRES WYNDHAM VALE 3024,-37.862247083272,144.619578078678,-37.862246583272004,144.61957917867798
53313640645,25 WOOLSPINNER CRES WYNDHAM VALE 3024,-37.862312923121,144.619163006832,-37.862312423121004,144.619164106832
53313601616,42 WOOLSPINNER CRES WYNDHAM VALE 3024,-37.862415266159,144.62086428172,-37.862414766159,144.62086538172
53313603148,24 WOOLSPINNER CRES WYNDHAM VALE 3024,-37.862666681345,144.61927918001,-37.862666181345,144.61928028001
53313765152,12 WOOLSPINNER CRES WYNDHAM VALE 3024,-37.862786207284,144.618524976363,-37.862785707284004,144.618526076363
53313765185,18 WOOLSPINNER CRES WYNDHAM VALE 3024,-37.862745219778,144.618783558076,-37.862744719778,144.61878465807598
53313766191,22 WOOLSPINNER CRES WYNDHAM VALE 3024,-37.862721079897,144.618966032108,-37.862720579897,144.618967132108
53314091403,67 WOOLSPINNER CRES WYNDHAM VALE 3024,-37.862949738215,144.622012099541,-37.862949238215,144.622013199541
53314131736,69 WOOLSPINNER CRES WYNDHAM VALE 3024,-37.863046968292,144.622053254685,-37.863046468292,144.622054354685
53314200324,48 WOOLSPINNER CRES WYNDHAM VALE 3024,-37.862356048013,144.621237946964,-37.862355548013,144.62123904696398
53314012183,62 WOOLSPINNER CRES WYNDHAM VALE 3024,-37.862992988836,144.621539024926,-37.862992488836,144.62154012492599
53313876684,42 WOOLYBUSH DR TARNEIT 3029,-37.836831937468,144.683693603,-37.836831437468,144.683694703
53313653043,28 WOOLYBUSH DR TARNEIT 3029,-37.836138586437,144.683811201101,-37.836138086437,144.683812301101
53313739254,24 WOOLYBUSH DR TARNEIT 3029,-37.835942994727,144.683852188608,-37.835942494727,144.683853288608
53313653489,26 WOOLYBUSH DR TARNEIT 3029,-37.836045253946,144.683830814755,-37.836044753946,144.683831914755
53313764195,34 WOOLYBUSH DR TARNEIT 3029,-37.836418542003,144.683752611598,-37.836418042003004,144.683753711598
53304115749,3 WOORITE PL KEILOR EAST 3033,-37.730208136016,144.86893341172,-37.730207636016004,144.86893451172
53312754782,11B WORCESTER RD GISBORNE 3437,-37.494120098415,144.594372857639,-37.494119598415004,144.594373957639
53306739633,11 WORCESTER RD GISBORNE 3437,-37.494120098415,144.594372857639,-37.494119598415004,144.594373957639
53312922562,10 WORN RD CHARLEMONT 3217,-38.213191669534,144.356789404693,-38.213191169534,144.35679050469298
53312918776,14 WORN RD CHARLEMONT 3217,-38.213151687855,144.356439208778,-38.213151187855004,144.356440308778
53313038385,12 WORN RD CHARLEMONT 3217,-38.213172307337,144.356620006429,-38.213171807337,144.356621106429
53313610722,23 WORN RD CHARLEMONT 3217,-38.213586540992,144.355607556345,-38.213586040992,144.355608656345
53313811980,37 WORN RD CHARLEMONT 3217,-38.213435750554,144.354401987211,-38.213435250554,144.35440308721098
53313804133,40 WORN RD CHARLEMONT 3217,-38.212886442529,144.353997141288,-38.212885942529,144.353998241288
53312952345,18 WORN RD CHARLEMONT 3217,-38.213095361466,144.355884913521,-38.213094861466004,144.355886013521
53312977518,22 WORN RD CHARLEMONT 3217,-38.213057978178,144.355557348745,-38.213057478178,144.355558448745
53312978647,7 WORN RD CHARLEMONT 3217,-38.213765201258,144.357001802119,-38.213764701258,144.35700290211898
53313085958,11 WORN RD CHARLEMONT 3217,-38.213717005315,144.356676249,-38.213716505315,144.356677349
53313275565,19 WORN RD CHARLEMONT 3217,-38.213625852118,144.355954734774,-38.213625352118,144.355955834774
53313292683,25 WORN RD CHARLEMONT 3217,-38.213540063339,144.355238668786,-38.213539563339005,144.355239768786
53313181139,13 WORN RD CHARLEMONT 3217,-38.213690560411,144.356496540996,-38.213690060411004,144.356497640996
53313815881,33 WORN RD CHARLEMONT 3217,-38.213468398067,144.354672890322,-38.213467898067,144.354673990322
53314100155,44 WORN RD CHARLEMONT 3217,-38.212849394517,144.353689693079,-38.212848894517,144.35369079307898
53314150595,42 WORN RD CHARLEMONT 3217,-38.212867415609,144.353839226232,-38.212866915609,144.353840326232
53314151544,29 WORN RD CHARLEMONT 3217,-38.213498279552,144.354920827018,-38.213497779552,144.35492192701798
53313568011,12 WOROPE ST WYNDHAM VALE 3024,-37.862994204212,144.620695805466,-37.862993704212,144.620696905466
53313840699,11 WOROPE ST WYNDHAM VALE 3024,-37.862962143432,144.621190421573,-37.862961643432,144.621191521573
53313871356,10 WOROPE ST WYNDHAM VALE 3024,-37.862913067389,144.620661523482,-37.862912567389,144.620662623482
53314116614,9 WOROPE ST WYNDHAM VALE 3024,-37.862863236974,144.621149853161,-37.862862736974,144.621150953161
53314113569,18 WOROPE ST WYNDHAM VALE 3024,-37.86322546092,144.62079244881,-37.86322496092,144.62079354880998
53314202641,1 WORRALL PL SUNBURY 3429,-37.556733208502,144.735378178179,-37.556732708502004,144.73537927817898
53314151040,3 WORRALL PL SUNBURY 3429,-37.556697836871,144.735156225383,-37.556697336871004,144.735157325383
53306339285,18 WREN ST ALTONA 3018,-37.865672892828,144.81605592408,-37.865672392828,144.81605702407998
53301873660,20 WREN ST ALTONA 3018,-37.865655123194,144.815881580494,-37.865654623194004,144.81588268049398
53313500576,2 WREN WAY WINTER VALLEY 3358,-37.575713106233,143.783192301068,-37.575712606233004,143.783193401068
53313481544,4 WREN WAY WINTER VALLEY 3358,-37.575693576399,143.783024411548,-37.575693076399,143.783025511548
53313791133,5 WREN WAY WINTER VALLEY 3358,-37.576075372089,143.782785192031,-37.576074872089,143.782786292031
53313791167,3 WREN WAY WINTER VALLEY 3358,-37.576104457293,143.782937323573,-37.576103957293,143.782938423573
53313179405,22A WRIGHT ST LAVERTON 3028,-37.861083004559,144.772517050045,-37.861082504559,144.772518150045
53304474904,91 WRIGHT ST SUNSHINE WEST 3020,-37.795842000188,144.827951856343,-37.795841500188004,144.82795295634298
53304500165,108 WRIGHT ST SUNSHINE WEST 3020,-37.795501527281,144.828867495446,-37.795501027281,144.82886859544598
53304774244,125 WRIGHT ST SUNSHINE WEST 3020,-37.795422653572,144.823764341336,-37.795422153572,144.82376544133598
53304679949,127 WRIGHT ST SUNSHINE WEST 3020,-37.795402453186,144.823591757949,-37.795401953186,144.823592857949
53304674131,70 WRIGHT ST SUNSHINE WEST 3020,-37.795961861404,144.832872704059,-37.795961361404004,144.832873804059
53304674288,66 WRIGHT ST SUNSHINE WEST 3020,-37.795994802283,144.833160538614,-37.795994302283,144.833161638614
53304589841,100 WRIGHT ST SUNSHINE WEST 3020,-37.795583963299,144.829583142339,-37.795583463299,144.829584242339
53304653564,162 WRIGHT ST SUNSHINE WEST 3020,-37.794889229254,144.82379166634,-37.794888729254,144.82379276633998
53304729925,86 WRIGHT ST SUNSHINE WEST 3020,-37.795832361,144.831740811855,-37.795831861,144.831741911855
53304729990,146 WRIGHT ST SUNSHINE WEST 3020,-37.795053766014,144.82516034731,-37.795053266014,144.82516144731
53304519591,111 WRIGHT ST SUNSHINE WEST 3020,-37.795562463717,144.824964043137,-37.795561963717,144.82496514313698
53304602661,76 WRIGHT ST SUNSHINE WEST 3020,-37.795907211395,144.832394600302,-37.795906711395,144.832395700302
53304703088,68 WRIGHT ST SUNSHINE WEST 3020,-37.795977409834,144.833009077624,-37.795976909834,144.833010177624
53304554845,102 WRIGHT ST SUNSHINE WEST 3020,-37.795560787337,144.829382144301,-37.795560287337004,144.829383244301
53304619383,101 WRIGHT ST SUNSHINE WEST 3020,-37.795733203085,144.82652810627,-37.795732703085,144.82652920626998
53304619672,160 WRIGHT ST SUNSHINE WEST 3020,-37.794909806827,144.823962321889,-37.794909306827,144.823963421889
53304696829,144 WRIGHT ST SUNSHINE WEST 3020,-37.795074427405,144.825331841048,-37.795073927405,144.825332941048
53304697462,115 WRIGHT ST SUNSHINE WEST 3020,-37.795522607768,144.824622061488,-37.795522107768,144.82462316148798
53304697990,106 WRIGHT ST SUNSHINE WEST 3020,-37.795521224754,144.829038737728,-37.795520724754,144.829039837728
53304702840,132 WRIGHT ST SUNSHINE WEST 3020,-37.795265409069,144.826817114291,-37.795264909069004,144.826818214291
53304807946,123 WRIGHT ST SUNSHINE WEST 3020,-37.795442560592,144.82393533216,-37.795442060592,144.82393643216
53304901957,96 WRIGHT ST SUNSHINE WEST 3020,-37.795722180882,144.830876889094,-37.795721680882004,144.83087798909398
53306190016,77 WRIGHT ST SUNSHINE WEST 3020,-37.796368844712,144.830426780894,-37.796368344712,144.83042788089398
53307997553,112 WRIGHT ST SUNSHINE WEST 3020,-37.795461922789,144.828524005054,-37.795461422789,144.82852510505398
53304774816,88 WRIGHT ST SUNSHINE WEST 3020,-37.795807802023,144.831526654228,-37.795807302023,144.831527754228
53304594791,128 WRIGHT ST SUNSHINE WEST 3020,-37.795462110933,144.826940165772,-37.795461610933,144.82694126577198
53304846143,154 WRIGHT ST SUNSHINE WEST 3020,-37.794971371905,144.824474791449,-37.794970871905,144.824475891449
53304858758,94 WRIGHT ST SUNSHINE WEST 3020,-37.795740243884,144.831032792493,-37.795739743884,144.831033892493
53304822318,129 WRIGHT ST SUNSHINE WEST 3020,-37.795382336618,144.823418252553,-37.795381836618,144.823419352553
53304641479,110 WRIGHT ST SUNSHINE WEST 3020,-37.79548174599,144.828695331155,-37.795481245990004,144.82869643115498
53304714300,107 WRIGHT ST SUNSHINE WEST 3020,-37.795669500621,144.82599652597,-37.795669000621004,144.82599762597
53304547625,104 WRIGHT ST SUNSHINE WEST 3020,-37.795540964136,144.829210399105,-37.795540464136,144.82921149910499
53304573036,148 WRIGHT ST SUNSHINE WEST 3020,-37.79503327226,144.824989188847,-37.79503277226,144.824990288847
53304483466,73 WRIGHT ST SUNSHINE WEST 3020,-37.796359666528,144.831176961228,-37.796359166528,144.831178061228
53304875828,74 WRIGHT ST SUNSHINE WEST 3020,-37.795924687663,144.832548827321,-37.795924187663005,144.832549927321
53304706537,152 WRIGHT ST SUNSHINE WEST 3020,-37.794992075206,144.824646285188,-37.794991575206,144.824647385188
53304498317,92 WRIGHT ST SUNSHINE WEST 3020,-37.795758181156,144.831186684236,-37.795757681156005,144.831187784236
53304749881,98 WRIGHT ST SUNSHINE WEST 3020,-37.795606552528,144.829779865607,-37.795606052528,144.829780965607
53304719299,158 WRIGHT ST SUNSHINE WEST 3020,-37.794930342489,144.824133228894,-37.794929842489005,144.824134328894
53304561059,97 WRIGHT ST SUNSHINE WEST 3020,-37.795792756507,144.827082736803,-37.795792256507,144.82708383680298
53304785548,119 WRIGHT ST SUNSHINE WEST 3020,-37.795482500361,144.824278068181,-37.795482000361,144.824279168181
53304739734,128B WRIGHT ST SUNSHINE WEST 3020,-37.795256901437,144.827204442037,-37.795256401437,144.82720554203698
53306408883,77 WRIGHT ST SUNSHINE WEST 3020,-37.796368844712,144.830426780894,-37.796368344712,144.83042788089398
53300477330,11 WRIGHTS RD WARRNAMBOOL 3280,-38.356528206894,142.508747224933,-38.356527706894,142.50874832493298
53300427501,3 WRIGHTS RD WARRNAMBOOL 3280,-38.357604359471,142.508648737401,-38.357603859471,142.50864983740098
53313144176,38A WUNNAMURRA DR KEILOR EAST 3033,-37.735000698704,144.860162169142,-37.735000198704,144.860163269142
53312739478,24 WURRUK ST FAWKNER 3060,-37.712116468564,144.969944984172,-37.712115968564,144.969946084172
53314167787,41 WURRUK ST FAWKNER 3060,-37.712498222344,144.968372790594,-37.712497722344004,144.968373890594
53300324979,175 WYATT ST PORTLAND 3305,-38.344539612692,141.589076594258,-38.344539112692004,141.58907769425798
53313871389,21 WYLIE ST CHARLEMONT 3217,-38.210760330879,144.373786311771,-38.210759830879,144.373787411771
53314187075,26 WYLIE ST CHARLEMONT 3217,-38.210861961455,144.374274976726,-38.210861461455,144.374276076726
53313906391,37 WYLIE ST CHARLEMONT 3217,-38.210181392827,144.374472538184,-38.210180892827005,144.37447363818399
53313752653,23 WYLIE ST CHARLEMONT 3217,-38.210691263997,144.373868202965,-38.210690763997,144.373869302965
53313755518,13 WYLIE ST CHARLEMONT 3217,-38.211043262021,144.373450951825,-38.211042762021,144.37345205182498
53313760541,18 WYLIE ST CHARLEMONT 3217,-38.211337215366,144.373711796651,-38.211336715366,144.373712896651
53313971585,10 WYLIE ST CHARLEMONT 3217,-38.211664277227,144.373366378422,-38.211663777227,144.37336747842198
53313844491,19 WYLIE ST CHARLEMONT 3217,-38.210816280083,144.373720010917,-38.210815780083,144.373721110917
53313909767,6 WYLIE ST CHARLEMONT 3217,-38.211816115403,144.373000089253,-38.211815615403005,144.373001189253
53313759765,15 WYLIE ST CHARLEMONT 3217,-38.210967573435,144.373540638189,-38.210967073435,144.373541738189
53314160025,40 WYLIE ST CHARLEMONT 3217,-38.21026948663,144.374971931975,-38.21026898663,144.374973031975
53314167135,28 WYLIE ST CHARLEMONT 3217,-38.210774831572,144.374378325592,-38.210774331572004,144.374379425592
53314193263,32 WYLIE ST CHARLEMONT 3217,-38.210610378632,144.37457328866,-38.210609878632,144.37457438866
53313940473,39 WYLIE ST CHARLEMONT 3217,-38.210112325945,144.374554429378,-38.210111825945,144.374555529378
53313903843,35 WYLIE ST CHARLEMONT 3217,-38.210237300121,144.37440623733,-38.210236800121,144.37440733732998
53313894083,31 WYLIE ST CHARLEMONT 3217,-38.210388593474,144.374226948421,-38.210388093474,144.374228048421
53313888201,5 WYLIE ST CHARLEMONT 3217,-38.21136454037,144.373105868871,-38.21136404037,144.37310696887099
53314097150,3 WYLIE ST CHARLEMONT 3217,-38.211394924769,144.37295013311,-38.211394424769004,144.37295123311
53313954813,29 WYLIE ST CHARLEMONT 3217,-38.210464282059,144.374137262057,-38.210463782059,144.37413836205698
53313892789,33 WYLIE ST CHARLEMONT 3217,-38.210306367004,144.374324429955,-38.210305867004,144.374325529955
53314208193,9 WYMAR CCT TARNEIT 3029,-37.814798763867,144.66055393436,-37.814798263867004,144.66055503436
53314215990,11 WYMAR CCT TARNEIT 3029,-37.814892305906,144.660536332364,-37.814891805906,144.66053743236398
53314206932,3 WYMAR CCT TARNEIT 3029,-37.814500284295,144.660610009292,-37.814499784295,144.66061110929198
53314203906,19 WYMAR CCT TARNEIT 3029,-37.815284369427,144.660462571616,-37.815283869427,144.660463671616
53314206270,7 WYMAR CCT TARNEIT 3029,-37.814687410283,144.660574889118,-37.814686910283,144.660575989118
53314199624,14 WYMAR CCT TARNEIT 3029,-37.814897544596,144.660167947719,-37.814897044596,144.660169047719
53314194196,5 WYMAR CCT TARNEIT 3029,-37.814593826334,144.660592407296,-37.814593326334,144.660593507296
53314202294,17 WYMAR CCT TARNEIT 3029,-37.815172973934,144.660483526374,-37.815172473934,144.660484626374
53304934343,157 WYNDHAM ST DRYSDALE 3222,-38.172501972025,144.554486146455,-38.172501472025004,144.55448724645498
53311268421,151 WYNDHAM ST DRYSDALE 3222,-38.172598363912,144.555222831925,-38.172597863912,144.55522393192498
53313370895,1 WYNDHAM ST WERRIBEE 3030,-37.89505129582,144.662713950808,-37.89505079582,144.662715050808
53313043188,17 WYNNE RD AINTREE 3336,-37.717974035869,144.671212362438,-37.717973535869,144.671213462438
53302009051,1 WYTON CL WESTMEADOWS 3049,-37.680030333661,144.890565511254,-37.680029833661,144.890566611254
53314157094,51 WYUNA DR ELLIMINYT 3250,-38.371388985948,143.595060819571,-38.371388485948,143.59506191957098
53314038717,13 XAVIER RD MADDINGLEY 3340,-37.696151583314,144.411276636837,-37.696151083314,144.41127773683698
53314006350,28 XAVIER RD MADDINGLEY 3340,-37.695960182555,144.412978079362,-37.695959682555,144.412979179362
53314114897,40 XAVIER RD MADDINGLEY 3340,-37.6960246813,144.414018608823,-37.696024181300004,144.414019708823
53314066057,18 XAVIER RD MADDINGLEY 3340,-37.696147015177,144.412117090268,-37.696146515177,144.412118190268
53313984041,24 XAVIER RD MADDINGLEY 3340,-37.695927032128,144.412574993639,-37.695926532128,144.412576093639
53313987465,20 XAVIER RD MADDINGLEY 3340,-37.696068057649,144.412229743047,-37.696067557649,144.41223084304698
53314098990,34 XAVIER RD MADDINGLEY 3340,-37.69600473237,144.413519382669,-37.69600423237,144.41352048266899
53314070119,11 XAVIER RD MADDINGLEY 3340,-37.696276389852,144.411156188888,-37.696275889852004,144.41115728888798
53314145933,36 XAVIER RD MADDINGLEY 3340,-37.696018688239,144.413689116209,-37.696018188239,144.413690216209
53314026588,30 XAVIER RD MADDINGLEY 3340,-37.695975018524,144.413158541738,-37.695974518524004,144.413159641738
53313978380,5 XAVIER RD MADDINGLEY 3340,-37.696082139246,144.410358315525,-37.696081639246,144.410359415525
53314041331,26 XAVIER RD MADDINGLEY 3340,-37.695945346586,144.412797616987,-37.695944846586,144.412798716987
53314007408,32 XAVIER RD MADDINGLEY 3340,-37.695989896402,144.413338920294,-37.695989396402,144.413340020294
53313988827,15 XENIA ST MANOR LAKES 3024,-37.879113945122,144.587287802523,-37.879113445122,144.587288902523
53313929284,37 XENIA ST MANOR LAKES 3024,-37.879442809093,144.589176329127,-37.879442309093,144.589177429127
53313892095,36 XENIA ST MANOR LAKES 3024,-37.879852474611,144.589096952504,-37.879851974611,144.589098052504
53314050169,20 XENIA ST MANOR LAKES 3024,-37.879653907325,144.587393246865,-37.879653407325,144.58739434686498
53314009049,22 XENIA ST MANOR LAKES 3024,-37.879670964498,144.587539427256,-37.879670464498,144.58754052725598
53314082250,26 XENIA ST MANOR LAKES 3024,-37.879730601739,144.588051393902,-37.879730101739,144.58805249390198
53313992714,25 XENIA ST MANOR LAKES 3024,-37.879337616209,144.588273598155,-37.879337116209,144.588274698155
53313944721,14 XENIA ST MANOR LAKES 3024,-37.879219976198,144.58663359498,-37.879219476198,144.58663469497998
53313911146,33 XENIA ST MANOR LAKES 3024,-37.879410077762,144.588895200095,-37.879409577762004,144.588896300095
53313911450,21 XENIA ST MANOR LAKES 3024,-37.879301951211,144.587967491051,-37.879301451211,144.58796859105098
53313877541,32 XENIA ST MANOR LAKES 3024,-37.879815091323,144.588776428527,-37.879814591323004,144.588777528527
53314033147,11 XENIA ST MANOR LAKES 3024,-37.878925645668,144.587012373184,-37.878925145668,144.587013473184
53313988811,13 XENIA ST MANOR LAKES 3024,-37.87901981635,144.587150087854,-37.87901931635,144.587151187854
53313990207,39 XENIA ST MANOR LAKES 3024,-37.879459195714,144.589316893643,-37.879458695714,144.589317993643
53313899487,27 XENIA ST MANOR LAKES 3024,-37.879355972577,144.588431094116,-37.879355472577004,144.588432194116
53313899529,34 XENIA ST MANOR LAKES 3024,-37.879834118243,144.588939540362,-37.879833618243,144.58894064036198
53313976385,24 XENIA ST MANOR LAKES 3024,-37.879689027499,144.587694408646,-37.879688527499,144.587695508646
53313971940,18 XENIA ST MANOR LAKES 3024,-37.879635550957,144.587235750904,-37.879635050957,144.587236850904
53313983218,42 XENIA ST MANOR LAKES 3024,-37.879906328339,144.589559130645,-37.879905828339,144.589560230645
53313990726,6 XENIA ST MANOR LAKES 3024,-37.87890808558,144.586177451809,-37.87890758558,144.58617855180898
53313995700,8 XENIA ST MANOR LAKES 3024,-37.87898603728,144.586291529511,-37.87898553728,144.58629262951098
53313875605,31 XENIA ST MANOR LAKES 3024,-37.879392685312,144.588746253675,-37.879392185312,144.588747353675
53313889455,12 XENIA ST MANOR LAKES 3024,-37.879137582089,144.586513147031,-37.879137082089,144.586514247031
53313975603,28 XENIA ST MANOR LAKES 3024,-37.879748287555,144.588202938711,-37.879747787555004,144.58820403871098
53314033163,9 XENIA ST MANOR LAKES 3024,-37.878831516895,144.586874658515,-37.878831016895,144.586875758515
53313916275,40 XENIA ST MANOR LAKES 3024,-37.87988717569,144.589394929162,-37.87988667569,144.589396029162
53314051653,38 XENIA ST MANOR LAKES 3024,-37.879869825151,144.589245982743,-37.879869325151,144.589247082743
53314201308,10 XENIA ST MANOR LAKES 3024,-37.87905958848,144.586399069329,-37.87905908848,144.58640016932898
53313891405,29 XENIA ST MANOR LAKES 3024,-37.879374328945,144.588588757715,-37.879373828945,144.588589857715
53313928591,19 XENIA ST MANOR LAKES 3024,-37.87928556459,144.587826842716,-37.87928506459,144.587827942716
53313857436,49 XENOLITH DR CRAIGIEBURN 3064,-37.610129577857,144.909909770316,-37.610129077857,144.909910870316
53313994172,55 XENOLITH DR CRAIGIEBURN 3064,-37.610079579805,144.909464020706,-37.610079079805004,144.909465120706
53313629705,13 XENOLITH DR CRAIGIEBURN 3064,-37.608303161156,144.911323210649,-37.608302661156,144.91132431064898
53313848971,44 XENOLITH DR CRAIGIEBURN 3064,-37.609690869045,144.909896191633,-37.609690369045,144.909897291633
53313805494,19 XENOLITH DR CRAIGIEBURN 3064,-37.608799034547,144.911242492921,-37.608798534547,144.91124359292098
53313807929,29 XENOLITH DR CRAIGIEBURN 3064,-37.609377595414,144.91114828033,-37.609377095414004,144.91114938033
53313798656,5 XENOLITH DR CRAIGIEBURN 3064,-37.607800037417,144.911321618087,-37.607799537417,144.91132271808698
53313895149,34 XENOLITH DR CRAIGIEBURN 3064,-37.609807628957,144.910647629253,-37.609807128957,144.91064872925298
53314202766,47 XENOLITH DR CRAIGIEBURN 3064,-37.610146215935,144.91005838146,-37.610145715935005,144.91005948146
53313584117,25 XENOLITH DR CRAIGIEBURN 3064,-37.609134101127,144.911187926732,-37.609133601127,144.911189026732
53314006500,41 XENOLITH DR CRAIGIEBURN 3064,-37.610196172078,144.910504131071,-37.610195672078,144.910505231071
53313625811,26 XENOLITH DR CRAIGIEBURN 3064,-37.609146883529,144.910691634245,-37.609146383529,144.910692734245
53313826905,20 XENOLITH DR CRAIGIEBURN 3064,-37.608755448651,144.910764221526,-37.608754948651004,144.910765321526
53313774855,33 XENOLITH DR CRAIGIEBURN 3064,-37.609664885145,144.911107125185,-37.609664385145,144.911108225185
53313731328,36 XENOLITH DR CRAIGIEBURN 3064,-37.609766934817,144.910488708369,-37.609766434817004,144.910489808369
53313691458,7 XENOLITH DR CRAIGIEBURN 3064,-37.607929789279,144.91136210268,-37.607929289279,144.91136320267998
53313663546,8 XENOLITH DR CRAIGIEBURN 3064,-37.608041687686,144.910846699453,-37.608041187686,144.910847799453
53313718655,11 XENOLITH DR CRAIGIEBURN 3064,-37.608186987978,144.91134215375,-37.608186487978,144.91134325375
53313727795,38 XENOLITH DR CRAIGIEBURN 3064,-37.609724731934,144.910323920152,-37.609724231934,144.910325020152
53313640119,16 XENOLITH DR CRAIGIEBURN 3064,-37.608532070931,144.910800598986,-37.608531570931,144.91080169898598
53313735344,40 XENOLITH DR CRAIGIEBURN 3064,-37.609760396932,144.910167681477,-37.609759896932005,144.91016878147698
53313711370,23 XENOLITH DR CRAIGIEBURN 3064,-37.609022412267,144.911206115462,-37.609021912267,144.91120721546199
53313935219,6 XENOLITH DR CRAIGIEBURN 3064,-37.607919228081,144.910818871535,-37.607918728081,144.910819971535
53313906054,45 XENOLITH DR CRAIGIEBURN 3064,-37.610161932004,144.910198526881,-37.610161432004,144.910199626881
53313994180,53 XENOLITH DR CRAIGIEBURN 3064,-37.610095295874,144.909604166127,-37.610094795874,144.909605266127
53302222759,12 YALA CT NORTH GEELONG 3215,-38.101638093638,144.340379649932,-38.101637593638,144.340380749932
53302296985,10 YALA CT NORTH GEELONG 3215,-38.101591406437,144.339994417662,-38.101590906437,144.339995517662
53302450261,11 YALA CT NORTH GEELONG 3215,-38.101614708128,144.340187285254,-38.101614208128,144.34018838525398
53302730654,2 YALA CT NORTH GEELONG 3215,-38.102045496042,144.340126013542,-38.102044996042004,144.340127113542
53302293900,6 YALA CT NORTH GEELONG 3215,-38.101867883514,144.33937130698,-38.101867383514,144.33937240698
53302389401,1 YALA CT NORTH GEELONG 3215,-38.102007987025,144.340428767884,-38.102007487025,144.34042986788398
53302289550,3 YALA CT NORTH GEELONG 3215,-38.102022697265,144.339934319416,-38.102022197265,144.33993541941598
53302493243,4 YALA CT NORTH GEELONG 3215,-38.102009705315,144.339708594764,-38.102009205315,144.339709694764
53302845659,58 YALDWYN ST W KYNETON 3444,-37.244510374611,144.4451572953,-37.244509874611,144.44515839529998
53302817450,50 YALDWYN ST W KYNETON 3444,-37.244593145905,144.445852741807,-37.244592645905,144.44585384180698
53303156479,43 YALDWYN ST W KYNETON 3444,-37.245370399787,144.44702369368,-37.245369899787,144.44702479368
53302967057,3 YALDWYN ST W KYNETON 3444,-37.246223342254,144.453103842425,-37.246222842254,144.453104942425
53302906098,27 YALDWYN ST W KYNETON 3444,-37.245665652326,144.449503731192,-37.245665152326,144.449504831192
53302917226,25 YALDWYN ST W KYNETON 3444,-37.24568002729,144.449707830534,-37.24567952729,144.449708930534
53302988193,51 YALDWYN ST W KYNETON 3444,-37.245074602424,144.445488548114,-37.245074102424,144.445489648114
53302990309,24 YALDWYN ST W KYNETON 3444,-37.245085540807,144.450050482736,-37.245085040807,144.450051582736
53303225348,38 YALDWYN ST W KYNETON 3444,-37.244789114802,144.447509508788,-37.244788614802005,144.44751060878798
53303230662,33 YALDWYN ST W KYNETON 3444,-37.245369632284,144.448763138896,-37.245369132284004,144.448764238896
53303259867,26 YALDWYN ST W KYNETON 3444,-37.244817655182,144.449522590474,-37.244817155182,144.449523690474
53303237657,9 YALDWYN ST W KYNETON 3444,-37.246058637857,144.452809386166,-37.246058137857,144.452810486166
53302804301,36 YALDWYN ST W KYNETON 3444,-37.244810279107,144.447689635888,-37.244809779107,144.447690735888
53302842548,4 YALDWYN ST W KYNETON 3444,-37.245463732279,144.453227056401,-37.245463232279,144.453228156401
53303068915,40 YALDWYN ST W KYNETON 3444,-37.244749803676,144.447330806613,-37.244749303676,144.447331906613
53303075126,14 YALDWYN ST W KYNETON 3444,-37.245361766427,144.452193651559,-37.245361266427004,144.452194751559
53303081249,13 YALDWYN ST W KYNETON 3444,-37.245972932897,144.452417448374,-37.245972432897,144.452418548374
53303039674,5 YALDWYN ST W KYNETON 3444,-37.245994139112,144.453069141346,-37.245993639112,144.45307024134598
53303156513,39 YALDWYN ST W KYNETON 3444,-37.245419769197,144.447409177407,-37.245419269197,144.447410277407
53302988185,2 YALDWYN ST W KYNETON 3444,-37.245312648474,144.449245652393,-37.245312148474,144.44924675239298
53303027860,25 YALDWYN ST W KYNETON 3444,-37.24568002729,144.449707830534,-37.24567952729,144.449708930534
53302989596,12 YALDWYN ST W KYNETON 3444,-37.245395922682,144.452477714258,-37.245395422682,144.452478814258
53302989620,41 YALDWYN ST W KYNETON 3444,-37.245394539668,144.447220500767,-37.245394039668,144.447221600767
53303250802,52 YALDWYN ST W KYNETON 3444,-37.244569257481,144.445651743769,-37.244568757481,144.44565284376898
53302874244,6 YALDWYN ST W KYNETON 3444,-37.245442106968,144.453054473015,-37.245441606968,144.45305557301498
53303097987,37 YALDWYN ST W KYNETON 3444,-37.245434772803,144.447558962017,-37.245434272803,144.447560062017
53302906080,8 YALDWYN ST W KYNETON 3444,-37.245427690095,144.452939724761,-37.245427190095,144.452940824761
53302967049,32 YALDWYN ST W KYNETON 3444,-37.24484640511,144.448199590877,-37.244845905110004,144.448200690877
53303099042,11 YALDWYN ST W KYNETON 3444,-37.245996988959,144.452614171641,-37.245996488959,144.45261527164098
53307622500,56 YALDWYN ST W KYNETON 3444,-37.244530113993,144.445323005526,-37.244529613993,144.445324105526
53313740313,5 YALE ST MELTON SOUTH 3338,-37.697587612876,144.580336187305,-37.697587112876,144.58033728730499
53314058770,1 YALLOURN PL STRATHTULLOH 3338,-37.728774746754,144.587883420562,-37.728774246754,144.587884520562
53313904123,11 YALUMBA DR MOUNT DUNEED 3217,-38.235017935855,144.32362372257,-38.235017435855,144.32362482257
53313926729,5-7 YALUMBA DR MOUNT DUNEED 3217,-38.234762036351,144.323859673144,-38.234761536351,144.323860773144
53313932643,9 YALUMBA DR MOUNT DUNEED 3217,-38.23489715263,144.32374316469,-38.23489665263,144.32374426469
53313906855,13 YALUMBA DR MOUNT DUNEED 3217,-38.235139012446,144.323505202459,-38.235138512446,144.32350630245898
53313893399,3 YALUMBA DR MOUNT DUNEED 3217,-38.234637732727,144.323998645099,-38.234637232727,144.323999745099
53314086864,11 YAMBULLA ST TARNEIT 3029,-37.858546808296,144.636479683517,-37.858546308296,144.636480783517
53314194205,6 YAMBULLA ST TARNEIT 3029,-37.858983170175,144.636708928569,-37.858982670175,144.63671002856898
53314100016,1 YAMBULLA ST TARNEIT 3029,-37.859004083024,144.635805191768,-37.859003583024,144.63580629176798
53314102728,7 YAMBULLA ST TARNEIT 3029,-37.858728821324,144.636243313847,-37.858728321324,144.63624441384698
53314149190,4 YAMBULLA ST TARNEIT 3029,-37.859089075522,144.636582278012,-37.859088575522,144.636583378012
53314008158,10 YAMBULLA ST TARNEIT 3029,-37.858683684775,144.637073038443,-37.858683184775,144.63707413844298
53314062047,9 YAMBULLA ST TARNEIT 3029,-37.858634692551,144.636365521996,-37.858634192551,144.636366621996
53313810545,2 YAMUNA ST TRUGANINA 3029,-37.770664313701,144.689339401521,-37.770663813701,144.689340501521
53313667893,4 YAMUNA ST TRUGANINA 3029,-37.770651615118,144.68919841791,-37.770651115118,144.68919951791
53303034569,5 YANDELL ST CASTLEMAINE 3450,-37.067717303088,144.2101962884,-37.067716803088004,144.2101973884
53302801069,6 YANDELL ST CASTLEMAINE 3450,-37.068361368528,144.20998766283,-37.068360868528,144.20998876283
53302804390,2 YANDELL ST CASTLEMAINE 3450,-37.068558175614,144.211751382897,-37.068557675614,144.211752482897
53303096569,8 YANDELL ST CASTLEMAINE 3450,-37.068361368528,144.20998766283,-37.068360868528,144.20998876283
53314174900,42 YANG RD MAMBOURIN 3024,-37.883784173934,144.591146579288,-37.883783673934005,144.59114767928799
53314031399,3 YANGKAK ST WARRNAMBOOL 3280,-38.361719329079,142.512832732179,-38.361718829079,142.51283383217898
53314158737,15 YANGKAK ST WARRNAMBOOL 3280,-38.361579057929,142.511667563818,-38.361578557929,142.511668663818
53314159834,9 YANGKAK ST WARRNAMBOOL 3280,-38.361647160892,142.512233174645,-38.361646660892,142.51223427464498
53314056387,11 YANGKAK ST WARRNAMBOOL 3280,-38.361625367944,142.512052209355,-38.361624867944,142.512053309355
53313960380,6 YANGS ST DEANSIDE 3336,-37.7219361615,144.690549413064,-37.7219356615,144.69055051306398
53313934292,10 YANGS ST DEANSIDE 3336,-37.721696229522,144.690451344797,-37.721695729522004,144.690452444797
53313893201,12 YANGS ST DEANSIDE 3336,-37.721576619764,144.690402478301,-37.721576119764,144.690403578301
53302337531,24A YARAAN ST BELL PARK 3215,-38.112164129555,144.33369499833,-38.112163629555,144.33369609833
53313733562,13 YARDLEY RD TARNEIT 3029,-37.816180646334,144.670921761855,-37.816180146334,144.670922861855
53313734486,5 YARDLEY RD TARNEIT 3029,-37.815761886451,144.671000467926,-37.815761386451,144.671001567926
53314103710,19 YARDLEY RD TARNEIT 3029,-37.816505864177,144.670860573962,-37.816505364177004,144.67086167396198
53313733538,11 YARDLEY RD TARNEIT 3029,-37.816087104294,144.670939363852,-37.816086604294,144.670940463852
53313723984,22 YARLINGTON RD TARNEIT 3029,-37.819264893336,144.664824094933,-37.819264393336,144.664825194933
53313984363,38 YARLINGTON RD TARNEIT 3029,-37.819492964921,144.666733911571,-37.819492464921,144.66673501157098
53313925424,24 YARLINGTON RD TARNEIT 3029,-37.819277298553,144.664933814045,-37.819276798553,144.664934914045
53313901360,44 YARLINGTON RD TARNEIT 3029,-37.819540532222,144.667172788022,-37.819540032222,144.66717388802198
53313961307,40 YARLINGTON RD TARNEIT 3029,-37.819509141994,144.666883025629,-37.819508641994,144.666884125629
53313885462,36 YARLINGTON RD TARNEIT 3029,-37.819475865839,144.666575996516,-37.819475365839004,144.666577096516
53313969704,48 YARLINGTON RD TARNEIT 3029,-37.819573766468,144.66747939804,-37.819573266468,144.66748049804
53313928030,26 YARLINGTON RD TARNEIT 3029,-37.819288153117,144.665029367742,-37.819287653117,144.66503046774199
53313507190,18 YARRA DR WARRNAMBOOL 3280,-38.348584761074,142.463707235858,-38.348584261074,142.463708335858
53313415115,15 YARRA DR WARRNAMBOOL 3280,-38.348355306475,142.464327831969,-38.348354806475,142.464328931969
53313306057,3 YARRA DR WARRNAMBOOL 3280,-38.347228652959,142.464410980448,-38.347228152959,142.464412080448
53313410362,21 YARRA DR WARRNAMBOOL 3280,-38.348842420778,142.464298914403,-38.348841920778,142.464300014403
53313417695,11 YARRA DR WARRNAMBOOL 3280,-38.34794886799,142.464246192232,-38.34794836799,142.464247292232
53313234166,1 YARRA DR WARRNAMBOOL 3280,-38.347070025442,142.464428498626,-38.347069525442,142.464429598626
53313301355,7 YARRA DR WARRNAMBOOL 3280,-38.347542136138,142.464341829747,-38.347541636138004,142.464342929747
53313413744,16 YARRA DR WARRNAMBOOL 3280,-38.3484223617,142.463716958865,-38.348421861700004,142.463718058865
53313105450,10 YARRA DR WARRNAMBOOL 3280,-38.347793216048,142.463754342154,-38.347792716048,142.463755442154
53313106078,6 YARRA DR WARRNAMBOOL 3280,-38.347468584938,142.46377454254,-38.347468084938,142.46377564253999
53302261197,215-217 YARRA ST GEELONG 3220,-38.157568270414,144.359179588202,-38.157567770414,144.359180688202
53302262517,217 YARRA ST GEELONG 3220,-38.157568270414,144.359179588202,-38.157567770414,144.359180688202
53302504447,215 YARRA ST GEELONG 3220,-38.157484074197,144.359226610679,-38.157483574197,144.359227710679
53302626076,219 YARRA ST GEELONG 3220,-38.157860212102,144.359055200759,-38.157859712102,144.359056300759
53302625961,215 YARRA ST GEELONG 3220,-38.157484074197,144.359226610679,-38.157483574197,144.359227710679
53306869456,105 YARRA ST GEELONG 3220,-38.151126945462,144.362521620636,-38.151126445462005,144.36252272063598
53306942857,99999 YARRA ST GEELONG 3220,-38.150290194187,144.362247259909,-38.150289694187,144.362248359909
53301929553,62 YARRA ST WILLIAMSTOWN 3016,-37.850471640867,144.891504871143,-37.850471140867,144.891505971143
53314005799,13 YARRA ST WILLIAMSTOWN 3016,-37.851248329412,144.896481415771,-37.851247829412,144.896482515771
53305096475,42 YARRAMUNDI DR CLIFTON SPRINGS 3222,-38.159180110395,144.55955166582,-38.159179610395,144.55955276582
53302853751,177 YARROWEE ST SEBASTOPOL 3356,-37.599486220223,143.842783897713,-37.599485720223,143.84278499771298
53313220869,66 YARROWEE ST SEBASTOPOL 3356,-37.588468518848,143.842627203019,-37.588468018848005,143.84262830301898
53302813284,66 YARROWEE ST SEBASTOPOL 3356,-37.588468518848,143.842627203019,-37.588468018848005,143.84262830301898
53314060035,8 YASEMAN CRES TRUGANINA 3029,-37.82700889177,144.703996919423,-37.82700839177,144.70399801942298
53314047163,6 YASEMAN CRES TRUGANINA 3029,-37.827224306682,144.704297997385,-37.827223806682,144.704299097385
53314094544,18 YASEMAN CRES TRUGANINA 3029,-37.826394833544,144.704103369594,-37.826394333544,144.704104469594
53314140043,22 YASEMAN CRES TRUGANINA 3029,-37.826210096398,144.704306211651,-37.826209596398,144.70430731165098
53314010108,20 YASEMAN CRES TRUGANINA 3029,-37.826304979541,144.704202443689,-37.826304479541,144.704203543689
53314147038,28 YASEMAN CRES TRUGANINA 3029,-37.825862163597,144.704608798355,-37.825861663597,144.704609898355
53314084396,20 YATEMAN BVD TORQUAY 3228,-38.328246366385,144.310407724376,-38.328245866385004,144.310408824376
53314174058,34 YATEMAN BVD TORQUAY 3228,-38.327763987858,144.308658421183,-38.327763487858,144.308659521183
53313961462,4 YATEMAN BVD TORQUAY 3228,-38.328415890377,144.311830636259,-38.328415390377,144.311831736259
53313474885,16 YEARLING PROM WERRIBEE 3030,-37.917214347011,144.650297334721,-37.917213847011,144.65029843472098
53313439194,31 YEARLING PROM WERRIBEE 3030,-37.916773291266,144.651010131767,-37.916772791266,144.651011231767
53314035036,36 YEARLING PROM WERRIBEE 3030,-37.917087822183,144.652149651503,-37.917087322183,144.652150751503
53313810230,23 YEARLING PROM WERRIBEE 3030,-37.916809417269,144.65041769885,-37.916808917269,144.65041879884998
53313795298,33 YEARLING PROM WERRIBEE 3030,-37.916763610168,144.651168801194,-37.916763110168,144.65116990119398
53313812739,41 YEARLING PROM WERRIBEE 3030,-37.916713654025,144.651969943499,-37.916713154025004,144.651971043499
53313426028,17 YEARLING PROM WERRIBEE 3030,-37.916836406997,144.649975553458,-37.916835906997,144.649976653458
53313343255,5 YEARLING PROM WERRIBEE 3030,-37.916890386453,144.649091262673,-37.916889886453,144.649092362673
53313399010,6 YEARLING PROM WERRIBEE 3030,-37.917260698936,144.649537766655,-37.917260198936,144.64953886665498
53313814487,55 YEARLING PROM WERRIBEE 3030,-37.916650203018,144.653027236766,-37.916649703018,144.653028336766
53313845234,34 YEARLING PROM WERRIBEE 3030,-37.917097209914,144.65199500539,-37.917096709914,144.65199610539
53313916382,25 YEARLING PROM WERRIBEE 3030,-37.916800280994,144.650567902555,-37.916799780994005,144.650569002555
53313869274,30 YEARLING PROM WERRIBEE 3030,-37.917114476635,144.651711613243,-37.917113976635,144.651712713243
53313704233,4 YEARLING PROM WERRIBEE 3030,-37.917270380034,144.649379013409,-37.917269880034,144.649380113409
53313816709,49 YEARLING PROM WERRIBEE 3030,-37.916679581588,144.652545444971,-37.916679081588,144.652546544971
53314156781,51 YEARLING PROM WERRIBEE 3030,-37.916670445314,144.652695648676,-37.916669945314,144.652696748676
53314043955,9 YEARLING PROM WERRIBEE 3030,-37.916872030085,144.649391670082,-37.916871530085004,144.649392770082
53313932172,57 YEARLING PROM WERRIBEE 3030,-37.916636708154,144.653220020539,-37.916636208154,144.653221120539
53314027867,28 YEARLING PROM WERRIBEE 3030,-37.917124954014,144.6515612419,-37.917124454014,144.6515623419
53313917463,43 YEARLING PROM WERRIBEE 3030,-37.916705523579,144.652120314842,-37.916705023579,144.652121414842
53314058622,8 YEARLING ST FRASER RISE 3336,-37.705523137797,144.712430790398,-37.705522637797,144.712431890398
53314059299,11 YEARLING ST FRASER RISE 3336,-37.705526448649,144.712992880825,-37.705525948649004,144.712993980825
53313749865,3 YEARLING ST FRASER RISE 3336,-37.705142808941,144.71296563964,-37.705142308941,144.71296673964
53314092571,6 YEARLING ST FRASER RISE 3336,-37.705411700395,144.712410338555,-37.705411200395,144.712411438555
53314104872,19 YEARLING ST FRASER RISE 3336,-37.706075882402,144.713071000163,-37.706075382402,144.713072100163
53314122148,15 YEARLING ST FRASER RISE 3336,-37.705906526049,144.713039903302,-37.705906026049,144.71304100330198
53314129564,17 YEARLING ST FRASER RISE 3336,-37.706000109998,144.713057086204,-37.705999609998,144.713058186204
53314129607,10 YEARLING ST FRASER RISE 3336,-37.7056345752,144.712451242242,-37.7056340752,144.712452342242
53314130993,16 YEARLING ST FRASER RISE 3336,-37.70599558377,144.712517626915,-37.70599508377,144.712518726915
53314101243,5 YEARLING ST FRASER RISE 3336,-37.70525110313,144.712943930511,-37.705250603130004,144.71294503051098
53314157152,7 YEARLING ST FRASER RISE 3336,-37.705355667372,144.712961532508,-37.705355167372,144.71296263250798
53314191276,1 YEARLING ST FRASER RISE 3336,-37.705040423994,144.712990030978,-37.705039923994,144.712991130978
53314056255,14 YEARLING ST FRASER RISE 3336,-37.705877482754,144.712495917786,-37.705876982754,144.71249701778598
53314165899,18 YELLANGIP ST EYNESBURY 3338,-37.783426683295,144.539846314369,-37.783426183295,144.53984741436898
53314167861,3 YELLANGIP ST EYNESBURY 3338,-37.783909229461,144.540825069202,-37.783908729461004,144.54082616920198
53314165917,19 YELLANGIP ST EYNESBURY 3338,-37.783818285812,144.539643472312,-37.783817785812005,144.539644572312
53314172696,6 YELLANGIP ST EYNESBURY 3338,-37.783494492892,144.540727420031,-37.783493992892,144.540728520031
53314179725,11 YELLANGIP ST EYNESBURY 3338,-37.783864009093,144.540237665428,-37.783863509093,144.540238765428
53314179759,9 YELLANGIP ST EYNESBURY 3338,-37.783875324663,144.540384516372,-37.783874824663,144.540385616372
53313306719,20 YELLOW GUM WAY MOUNT DUNEED 3217,-38.215753682058,144.330285575395,-38.215753182058,144.330286675395
53313870480,24 YELLOW GUM WAY MOUNT DUNEED 3217,-38.215524311278,144.330329328929,-38.215523811278004,144.330330428929
53313302384,11 YELLOW GUM WAY MOUNT DUNEED 3217,-38.216161377829,144.329653496076,-38.216160877829005,144.32965459607598
53313317945,16 YELLOW GUM WAY MOUNT DUNEED 3217,-38.215996380065,144.330239307289,-38.215995880065,144.33024040728898
53313390515,19 YELLOW GUM WAY MOUNT DUNEED 3217,-38.215635916319,144.329753827457,-38.215635416319,144.329754927457
53313327812,21-23 YELLOW GUM WAY MOUNT DUNEED 3217,-38.215492376227,144.329781236281,-38.215491876227,144.329782336281
53313619523,18 YELLOW GUM WAY MOUNT DUNEED 3217,-38.215878362868,144.33026177079,-38.215877862868,144.33026287079
53313970308,7 YELLOW WATTLE LANE AINTREE 3336,-37.716654598581,144.663395734813,-37.716654098581,144.663396834813
53313953342,5 YELLOW WATTLE LANE AINTREE 3336,-37.716636116484,144.663219128113,-37.716635616484,144.663220228113
53314136504,44 YELLOWBOX DR POINT COOK 3030,-37.907515646847,144.734758839353,-37.907515146847004,144.73475993935298
53314016622,42 YELLOWBOX DR POINT COOK 3030,-37.907609230796,144.734741907909,-37.907608730796,144.734743007909
53306957979,3 YELLOWGUM ST BURNSIDE HEIGHTS 3023,-37.730191568821,144.755321063009,-37.730191068821,144.755322163009
53313579726,27 YELLOWSTONE DR TRUGANINA 3029,-37.770198028428,144.691518947804,-37.770197528428,144.691520047804
53313526975,17 YELLOWSTONE DR TRUGANINA 3029,-37.769571355437,144.691533364678,-37.769570855437,144.691534464678
53313573515,5 YELLOWSTONE DR TRUGANINA 3029,-37.768860276681,144.691693039933,-37.768859776681005,144.691694139933
53313611274,24 YELLOWSTONE DR TRUGANINA 3029,-37.769961197753,144.691027433002,-37.769960697753,144.691028533002
53313831129,3 YELLOWSTONE DR TRUGANINA 3029,-37.768704666648,144.691713659415,-37.768704166648,144.691714759415
53313738612,66 YELLOWSTONE DR TRUGANINA 3029,-37.77257501044,144.689545428701,-37.77257451044,144.689546528701
53313650090,74 YELLOWSTONE DR TRUGANINA 3029,-37.772968917979,144.688961461507,-37.772968417979,144.688962561507
53313685153,22 YELLOWSTONE DR TRUGANINA 3029,-37.769842593823,144.691044364446,-37.769842093823,144.69104546444598
53313659791,68 YELLOWSTONE DR TRUGANINA 3029,-37.772637874713,144.689425902762,-37.772637374713,144.689427002762
53313693444,50 YELLOWSTONE DR TRUGANINA 3029,-37.771476226752,144.690811012262,-37.771475726752,144.690812112262
53314132831,86 YELLOWSTONE DR TRUGANINA 3029,-37.773608247644,144.688061915658,-37.773607747644,144.688063015658
53313526752,15 YELLOWSTONE DR TRUGANINA 3029,-37.769426599969,144.691612322206,-37.769426099969,144.691613422206
53313590626,25 YELLOWSTONE DR TRUGANINA 3029,-37.770079424498,144.691535879249,-37.770078924498,144.69153697924898
53313803845,31 YELLOWSTONE DR TRUGANINA 3029,-37.770435236288,144.691485084915,-37.770434736288,144.691486184915
53313948665,39 YELLOWSTONE DR TRUGANINA 3029,-37.770896240962,144.691419286975,-37.770895740962004,144.69142038697498
53313820386,36 YELLOWSTONE DR TRUGANINA 3029,-37.770672863243,144.690925760516,-37.770672363243,144.690926860516
53313681756,30 YELLOWSTONE DR TRUGANINA 3029,-37.770317009543,144.69097655485,-37.770316509543,144.69097765485
53313859481,43 YELLOWSTONE DR TRUGANINA 3029,-37.771120037777,144.691387268105,-37.771119537777004,144.69138836810498
53313754237,23 YELLOWSTONE DR TRUGANINA 3029,-37.769960820568,144.691552810693,-37.769960320568,144.691553910693
53313718837,64 YELLOWSTONE DR TRUGANINA 3029,-37.772499824768,144.689651040681,-37.772499324768,144.689652140681
53313680089,32 YELLOWSTONE DR TRUGANINA 3029,-37.770435655383,144.690959623405,-37.770435155383,144.690960723405
53313633268,40 YELLOWSTONE DR TRUGANINA 3029,-37.770910071102,144.690891897628,-37.770909571102,144.690892997628
53313595533,9 YELLOWSTONE DR TRUGANINA 3029,-37.769090904747,144.691660266692,-37.769090404747004,144.691661366692
53314084810,52 YELLOWSTONE DR TRUGANINA 3029,-37.77158812516,144.690795086646,-37.77158762516,144.690796186646
53313955538,70 YELLOWSTONE DR TRUGANINA 3029,-37.772814020409,144.689178971895,-37.772813520409,144.68918007189498
53313977424,72 YELLOWSTONE DR TRUGANINA 3029,-37.772893732308,144.689067073487,-37.772893232308,144.689068173487
53313876593,60 YELLOWSTONE DR TRUGANINA 3029,-37.77199929942,144.690362831899,-37.771998799420004,144.690363931899
53313930657,54 YELLOWSTONE DR TRUGANINA 3029,-37.771748009963,144.690741358647,-37.771747509963,144.69074245864698
53314144134,76 YELLOWSTONE DR TRUGANINA 3029,-37.773048629879,144.688849479281,-37.773048129879,144.688850579281
53314200300,42 YELLOWSTONE DR TRUGANINA 3029,-37.771028675032,144.690874966183,-37.771028175032,144.690876066183
53314067062,29 YELLOWSTONE DR TRUGANINA 3029,-37.770316632358,144.69150201636,-37.770316132358005,144.69150311636
53313913396,3 YEOMAN ST HUNTLY 3551,-36.663452287514,144.356628220694,-36.663451787514,144.356629320694
53313454418,14 YEOMAN ST MELTON SOUTH 3338,-37.717620151917,144.567819407474,-37.717619651917,144.56782050747398
53313429921,31 YEOMAN ST MELTON SOUTH 3338,-37.717880996744,144.566654155295,-37.717880496744,144.566655255295
53313433130,19 YEOMAN ST MELTON SOUTH 3338,-37.717972359489,144.567413890999,-37.717971859489005,144.567414990999
53313407480,18 YEOMAN ST MELTON SOUTH 3338,-37.717586456667,144.567539032813,-37.717585956667,144.56754013281298
53313438922,10 YEOMAN ST MELTON SOUTH 3338,-37.717655858825,144.568116545942,-37.717655358825,144.56811764594198
53313570685,27 YEOMAN ST MELTON SOUTH 3338,-37.717915739733,144.566942911859,-37.717915239733,144.566944011859
53313347941,5 YEOMAN ST MELTON SOUTH 3338,-37.718079522121,144.56830539022,-37.718079022121,144.56830649021998
53313575759,7 YEOMAN ST MELTON SOUTH 3338,-37.7180640156,144.568176476549,-37.7180635156,144.568177576549
53313445300,28 YEOMAN ST MELTON SOUTH 3338,-37.717502553816,144.566840987917,-37.717502053816,144.566842087917
53313561734,6 YEOMAN ST MELTON SOUTH 3338,-37.717689595985,144.568396920603,-37.717689095985,144.56839802060298
53313935201,20 YEOMAN ST MELTON SOUTH 3338,-37.717570950146,144.567410119142,-37.717570450146,144.567411219142
53313870201,8 YILDIZ ST CHARLEMONT 3217,-38.209620894962,144.354847569184,-38.209620394962,144.35484866918398
53314065256,5 YILDIZ ST CHARLEMONT 3217,-38.20924190721,144.354652857573,-38.20924140721,144.354653957573
53313752686,10 YILDIZ ST CHARLEMONT 3217,-38.209637994044,144.354988636614,-38.209637494044,144.354989736614
53313822150,12 YILDIZ ST CHARLEMONT 3217,-38.209655135036,144.355129704045,-38.209654635036,144.355130804045
53313711842,11 YILDIZ ST CHARLEMONT 3217,-38.209288678229,144.355039430947,-38.209288178229,144.35504053094698
53313976817,19 YILDIZ ST CHARLEMONT 3217,-38.209356026821,144.355592301281,-38.209355526821,144.355593401281
53313989445,16 YILDIZ ST CHARLEMONT 3217,-38.209692476415,144.355437152253,-38.209691976415,144.35543825225298
53313698948,6 YIRRANGAN RD SUNBURY 3429,-37.598008172399,144.719401851631,-37.598007672399,144.719402951631
53313515855,12 YIRRANGAN RD SUNBURY 3429,-37.598502369411,144.71930152025,-37.598501869411,144.71930262025
53313635230,4 YIRRANGAN RD SUNBURY 3429,-37.597828422486,144.719437307082,-37.597827922486005,144.71943840708198
53312898201,35 YORK ST AIRPORT WEST 3042,-37.726745823271,144.88737670001,-37.726745323271004,144.88737780001
53312898233,35 YORK ST AIRPORT WEST 3042,-37.726745823271,144.88737670001,-37.726745323271004,144.88737780001
53311848513,51 YORK ST AIRPORT WEST 3042,-37.726323752537,144.885958901088,-37.726323252537,144.885960001088
53303155745,701 YORK ST BALLARAT EAST 3350,-37.57012362319,143.887897768023,-37.57012312319,143.887898868023
53302902162,240 YORK ST BALLARAT EAST 3350,-37.56858714743,143.87631583208,-37.56858664743,143.87631693208
53303277520,701B YORK ST BALLARAT EAST 3350,-37.57012362319,143.887897768023,-37.57012312319,143.887898868023
53302470631,10 YORK ST GEELONG 3220,-38.136440593813,144.353316949845,-38.136440093813,144.353318049845
53313088713,16 YORK ST GLENROY 3046,-37.704584071275,144.909633586607,-37.704583571275,144.90963468660698
53303281649,103 YORK ST GOLDEN POINT 3350,-37.569625174721,143.871117682709,-37.569624674721,143.871118782709
53303007532,1 YORK ST GOLDEN POINT 3350,-37.570420280466,143.865995248687,-37.570419780466004,143.865996348687
53312768305,4 YORK ST PASCOE VALE SOUTH 3044,-37.738077779179,144.9409665656,-37.738077279179,144.9409676656
53312768287,4 YORK ST PASCOE VALE SOUTH 3044,-37.738077779179,144.9409665656,-37.738077279179,144.9409676656
53312768329,4 YORK ST PASCOE VALE SOUTH 3044,-37.738077779179,144.9409665656,-37.738077279179,144.9409676656
53303590604,99999 YORK ST STRATHMORE 3041,-37.734408619557,144.915264996134,-37.734408119557,144.915266096134
53313149695,68 YORK ST STRATHMORE 3041,-37.733958367134,144.912219822832,-37.733957867134,144.91222092283198
53309962349,30 YORKDALE BVD WINTER VALLEY 3358,-37.580348927332,143.799932973366,-37.580348427332,143.799934073366
53305695283,2 YORKSHIRE CT NERRINA 3350,-37.543098995249,143.882689598893,-37.543098495249,143.882690698893
53308932780,2 YORKSHIRE ST PASCOE VALE 3044,-37.726034744515,144.946047340029,-37.726034244515,144.946048440029
53306025037,39 YOUNG CT STRATHFIELDSAYE 3551,-36.7936577855,144.337686033153,-36.793657285500004,144.337687133153
53300848044,16 YOUNG ST ARARAT 3377,-37.276570861231,142.938471921187,-37.276570361231,142.93847302118698
53305076719,99999 YOUNG ST BACCHUS MARSH 3340,-37.672149925413,144.441441010889,-37.672149425413004,144.441442110889
53305233662,99999 YOUNG ST BACCHUS MARSH 3340,-37.672149925413,144.441441010889,-37.672149425413004,144.441442110889
53302970715,16 YOUNG ST GOLDEN POINT 3350,-37.57004752642,143.864683678311,-37.57004702642,143.864684778311
53303280476,31 YOUNG ST GOLDEN POINT 3350,-37.569135617264,143.864112786885,-37.569135117264004,143.86411388688498
53300381575,36 YOUNG ST HAMILTON 3300,-37.733930874492,141.999239158816,-37.733930374492004,141.999240258816
53313211280,6-14 YOUNG ST MOONEE PONDS 3039,-37.767879007276,144.923469007445,-37.767878507276,144.92347010744498
53313567104,5 YOUYANGS ST TRUGANINA 3029,-37.768878255863,144.69331208835,-37.768877755863,144.69331318835
53313812994,22 YOUYANGS ST TRUGANINA 3029,-37.769757140321,144.692701215247,-37.769756640321,144.692702315247
53313571477,28 YOUYANGS ST TRUGANINA 3029,-37.77011295211,144.692650420914,-37.77011245211,144.69265152091398
53313624714,3 YOUYANGS ST TRUGANINA 3029,-37.768759610024,144.693329103614,-37.768759110024,144.69333020361398
53313757875,13 YOUYANGS ST TRUGANINA 3029,-37.769339260538,144.693246290411,-37.769338760538,144.693247390411
53313371745,12 YUCAMANE DR TRUGANINA 3029,-37.758171422294,144.678005811143,-37.758170922294,144.678006911143
53313427355,8 YUCAMANE DR TRUGANINA 3029,-37.758200214132,144.678324323463,-37.758199714132004,144.67832542346298
53314025648,24 YUCAMANE DR TRUGANINA 3029,-37.758082909397,144.676776353585,-37.758082409397,144.676777453585
53314127352,20 YUCAMANE DR TRUGANINA 3029,-37.758107384554,144.677047005238,-37.758106884554,144.677048105238
53314130548,44 YUCAMANE DR TRUGANINA 3029,-37.757980859726,144.674862513633,-37.757980359726,144.674863613633
53314160181,43 YUCAMANE DR TRUGANINA 3029,-37.758360979035,144.674564453156,-37.758360479035,144.674565553156
53313294301,13 YUCAMANE DR TRUGANINA 3029,-37.758589511625,144.677765837255,-37.758589011625,144.677766937255
53313398241,5 YUCAMANE DR TRUGANINA 3029,-37.758652962632,144.678467737827,-37.758652462632,144.67846883782698
53313372197,19 YUCAMANE DR TRUGANINA 3029,-37.758546931557,144.677295109572,-37.758546431557,144.67729620957198
53313399159,6 YUCAMANE DR TRUGANINA 3029,-37.758212954625,144.678465223256,-37.758212454625,144.678466323256
53314099452,18 YUCAMANE DR TRUGANINA 3029,-37.758117065652,144.677154125961,-37.758116565652,144.677155225961
53314167516,42 YUCAMANE DR TRUGANINA 3029,-37.758266975991,144.676659593674,-37.758266475991,144.676660693674
53314128764,32 YUCAMANE DR TRUGANINA 3029,-37.758266975991,144.676659593674,-37.758266475991,144.676660693674
53314161551,52 YUCAMANE DR TRUGANINA 3029,-37.757975160032,144.674619186984,-37.757974660032,144.67462028698398
53314146206,54 YUCAMANE DR TRUGANINA 3029,-37.757969586066,144.674477784277,-37.757969086066,144.674478884277
53314025630,22 YUCAMANE DR TRUGANINA 3029,-37.75809564989,144.676917337196,-37.75809514989,144.67691843719598
53314148472,50 YUCAMANE DR TRUGANINA 3029,-37.757974866665,144.674778359325,-37.757974366665,144.67477945932498
53314159578,41 YUCAMANE DR TRUGANINA 3029,-37.758363367877,144.674698731245,-37.758362867877004,144.674699831245
53314194261,34 YUCAMANE DR TRUGANINA 3029,-37.758266975991,144.676659593674,-37.758266475991,144.676660693674
53313885982,3 YUCAMANE DR TRUGANINA 3029,-37.758671151362,144.67866915496,-37.758670651362,144.67867025496
53314102190,12 YUCCA ST WYNDHAM VALE 3024,-37.876595350856,144.621245742133,-37.876594850856,144.621246842133
53314117018,7 YUCCA ST WYNDHAM VALE 3024,-37.876777363884,144.621889137021,-37.876776863884004,144.62189023702098
53314199780,33 YUCCA ST WYNDHAM VALE 3024,-37.877632695193,144.619978482192,-37.877632195193,144.619979582192
53314199848,18 YUCCA ST WYNDHAM VALE 3024,-37.876758881787,144.620872831261,-37.876758381787,144.620873931261
53314122428,8 YUCCA ST WYNDHAM VALE 3024,-37.876499378065,144.621464425987,-37.876498878065,144.621465525987
53314129052,45 YUCCA ST WYNDHAM VALE 3024,-37.877931258584,144.619662484443,-37.877930758584,144.619663584443
53314129111,51 YUCCA ST WYNDHAM VALE 3024,-37.878076349328,144.619783519124,-37.878075849328,144.619784619124
53314111622,9 YUCCA ST WYNDHAM VALE 3024,-37.876837336401,144.621779585547,-37.876836836401004,144.62178068554698
53314161741,15 YUCCA ST WYNDHAM VALE 3024,-37.877169595043,144.621032003602,-37.877169095043,144.621033103602
53314129036,43 YUCCA ST WYNDHAM VALE 3024,-37.87788398465,144.619629459744,-37.87788348465,144.619630559744
53314129077,47 YUCCA ST WYNDHAM VALE 3024,-37.877978532518,144.61969559296,-37.877978032518,144.61969669296
53314170058,25 YUCCA ST WYNDHAM VALE 3024,-37.877427338565,144.620445605656,-37.877426838565,144.62044670565598
53314163489,23 YUCCA ST WYNDHAM VALE 3024,-37.877377130965,144.620559934816,-37.877376630965,144.62056103481598
53314158662,29 YUCCA ST WYNDHAM VALE 3024,-37.877523478995,144.620227005622,-37.877522978995,144.620228105622
53314212574,30 YUCCA ST WYNDHAM VALE 3024,-37.877086027468,144.620127093336,-37.877085527468004,144.620128193336
53314199798,31 YUCCA ST WYNDHAM VALE 3024,-37.877578087094,144.620102785816,-37.877577587094,144.62010388581598
53314199856,4 YUCCA ST WYNDHAM VALE 3024,-37.876391419152,144.621710518665,-37.876390919152,144.621711618665
53314161108,17 YUCCA ST WYNDHAM VALE 3024,-37.877227472084,144.620900323904,-37.877226972084,144.620901423904
53305687158,21 YUILLE ST BALLARAT CENTRAL 3350,-37.558229923043,143.854118373177,-37.558229423043,143.85411947317698
53314159420,4 YUNDIL RD MICKLEHAM 3064,-37.57668125796,144.89052687068,-37.57668075796,144.89052797067998
53314106267,6 YUNDIL RD MICKLEHAM 3064,-37.576665374253,144.890386809078,-37.576664874253,144.890387909078
53313493317,6 ZAC ST TARNEIT 3029,-37.826572110796,144.676491620334,-37.826571610796,144.67649272033398
53313439657,4 ZAC ST TARNEIT 3029,-37.826462852688,144.676510731073,-37.826462352688004,144.676511831073
53313529458,5 ZAC ST TARNEIT 3029,-37.826627892361,144.676997887286,-37.826627392361004,144.676998987286
53313493273,8 ZAC ST TARNEIT 3029,-37.826665820473,144.676475275623,-37.826665320473005,144.676476375623
53313208609,3 ZAFFRE PL MOUNT DUNEED 3217,-38.217544978586,144.325668236392,-38.217544478586,144.325669336392
53314208978,19 ZALE ST LEOPOLD 3224,-38.199637461547,144.464704144962,-38.199636961547,144.464705244962
53314095155,30 ZALE ST LEOPOLD 3224,-38.199029647838,144.465377630883,-38.199029147838004,144.465378730883
53314077226,13 ZALE ST LEOPOLD 3224,-38.199979778472,144.464631138586,-38.199979278472,144.46463223858598
53314193742,23 ZALE ST LEOPOLD 3224,-38.199319871235,144.464771786921,-38.199319371235,144.464772886921
53314200670,31 ZALE ST LEOPOLD 3224,-38.198855681437,144.464870777198,-38.198855181437004,144.464871877198
53314100213,10 ZALE ST LEOPOLD 3224,-38.20028726859,144.465109577619,-38.200286768590004,144.46511067761898
53314100286,29 ZALE ST LEOPOLD 3224,-38.198966741655,144.464847056412,-38.198966241655,144.464848156412
53314095147,20 ZALE ST LEOPOLD 3224,-38.199701289739,144.465234467976,-38.199700789739,144.46523556797598
53314161057,25 ZALE ST LEOPOLD 3224,-38.199195483792,144.464798357554,-38.199194983792005,144.464799457554
53314154223,7 ZALE ST LEOPOLD 3224,-38.200337979105,144.464554779448,-38.200337479105,144.464555879448
53314099774,22 ZALE ST LEOPOLD 3224,-38.199589684699,144.465258272581,-38.199589184699,144.465259372581
53314100229,9 ZALE ST LEOPOLD 3224,-38.200211370457,144.464581769176,-38.200210870457,144.46458286917598
53314100278,28 ZALE ST LEOPOLD 3224,-38.199140708055,144.465353993916,-38.199140208055,144.465355093916
53314029326,3 ZAMIA WALK MICKLEHAM 3064,-37.566358273647,144.887334203761,-37.566357773647,144.88733530376098
53314030079,10 ZAMIA WALK MICKLEHAM 3064,-37.566491420179,144.886882670637,-37.566490920179,144.88688377063698
53314095989,1 ZAMIA WALK MICKLEHAM 3064,-37.566287111289,144.887348704453,-37.566286611289,144.88734980445298
53314030095,6 ZAMIA WALK MICKLEHAM 3064,-37.566366948917,144.886908067803,-37.566366448917,144.886909167803
53314096006,2 ZAMIA WALK MICKLEHAM 3064,-37.566235017761,144.886935057532,-37.566234517761,144.886936157532
53314096038,8 ZAMIA WALK MICKLEHAM 3064,-37.566429184548,144.88689532731,-37.566428684548,144.88689642730998
53314032536,12 ZAMIA WALK MICKLEHAM 3064,-37.566562582537,144.886868086125,-37.566562082537004,144.88686918612498
53314030087,11 ZAMIA WALK MICKLEHAM 3064,-37.566614717975,144.887281733047,-37.566614217975,144.88728283304698
53314095997,7 ZAMIA WALK MICKLEHAM 3064,-37.566482786819,144.887308722775,-37.566482286819,144.887309822775
53313993209,5 ZAMIA WALK MICKLEHAM 3064,-37.566420509278,144.887321463268,-37.566420009278,144.887322563268
53313468291,2 ZANTE GR POINT COOK 3030,-37.914479038638,144.769283730895,-37.914478538638,144.769284830895
53313618303,4 ZANTE GR POINT COOK 3030,-37.914497562644,144.769441143037,-37.914497062644,144.769442243037
53314117413,1 ZAREM RD TARNEIT 3029,-37.81636622167,144.700248867599,-37.81636572167,144.70024996759898
53314137963,4 ZAREM RD TARNEIT 3029,-37.816328880292,144.700701490371,-37.816328380292,144.70070259037098
53314137947,10 ZAREM RD TARNEIT 3029,-37.816101018254,144.700738454564,-37.816100518254004,144.700739554564
53314155702,7 ZAREM RD TARNEIT 3029,-37.815972146492,144.70031290534,-37.815971646492,144.70031400534
53313573984,17 ZEAL RD WINTER VALLEY 3358,-37.587847461732,143.805379114954,-37.587846961732,143.805380214954
53313589725,3 ZEAL RD WINTER VALLEY 3358,-37.587083451258,143.805521020575,-37.587082951258004,143.80552212057498
53313610243,11 ZEAL RD WINTER VALLEY 3358,-37.587540097343,143.805436195715,-37.587539597343,143.805437295715
53313637368,24 ZEAL RD WINTER VALLEY 3358,-37.588245979319,143.804761536328,-37.588245479319,143.80476263632798
53313719034,8 ZEAL RD WINTER VALLEY 3358,-37.587288179243,143.804939567952,-37.587287679243,143.804940667952
53314127476,18 ZEAL RD WINTER VALLEY 3358,-37.587878432864,143.804829848839,-37.587877932864004,143.804830948839
53313906482,5 ZEAL RD WINTER VALLEY 3358,-37.587208215886,143.805497886522,-37.587207715886,143.805498986522
53314059069,23 ZEAL RD WINTER VALLEY 3358,-37.588208344573,143.805312059729,-37.588207844573,143.805313159729
53312725270,16 ZEAL WAY CRAIGIEBURN 3064,-37.600253013708,144.893197847946,-37.600252513708,144.893198947946
53313005503,1 ZEALLY BAY RD TORQUAY 3228,-38.331122700279,144.325743589702,-38.331122200279005,144.325744689702
53313942917,30 ZELKOVA CCT FRASER RISE 3336,-37.709789945609,144.701144641592,-37.709789445609005,144.701145741592
53313814974,21 ZELKOVA CCT FRASER RISE 3336,-37.709922044403,144.701992974012,-37.709921544403,144.701994074012
53313848147,22 ZELKOVA CCT FRASER RISE 3336,-37.709641250647,144.701751491382,-37.709640750647004,144.701752591382
53313857049,27 ZELKOVA CCT FRASER RISE 3336,-37.710140351071,144.701484527766,-37.710139851071,144.701485627766
53313789647,11 ZELKOVA CCT FRASER RISE 3336,-37.710317334957,144.701915357589,-37.710316834957,144.701916457589
53313996038,15 ZELKOVA CCT FRASER RISE 3336,-37.710235234215,144.70211526598,-37.710234734215,144.70211636598
53314002340,5 ZELKOVA CCT FRASER RISE 3336,-37.710412469558,144.701528113662,-37.710411969558,144.70152921366198
53313828611,2 ZELKOVA CCT FRASER RISE 3336,-37.710890405677,144.701211026265,-37.710889905677,144.701212126265
53313909668,3 ZELKOVA CCT FRASER RISE 3336,-37.710440465114,144.701414287417,-37.710439965114,144.701415387417
53313945794,9 ZELKOVA CCT FRASER RISE 3336,-37.710348599455,144.701788120299,-37.710348099455004,144.701789220299
53314141082,19 ZELKOVA CCT FRASER RISE 3336,-37.710020196489,144.70203127931,-37.710019696489,144.70203237931
53314030518,28 ZELKOVA CCT FRASER RISE 3336,-37.709752771868,144.701296354039,-37.709752271868,144.70129745403898
53313948847,25 ZELKOVA CCT FRASER RISE 3336,-37.710103093511,144.701636240213,-37.710102593511,144.70163734021298
53314032900,13 ZELKOVA CCT FRASER RISE 3336,-37.710337409615,144.70214728485,-37.710336909615,144.70214838485
53313308241,8 ZELKOVA PL LAKE GARDENS 3355,-37.541424835819,143.814873464319,-37.541424335819,143.81487456431898
53313308300,3 ZELKOVA PL LAKE GARDENS 3355,-37.541670760858,143.815146882001,-37.541670260858,143.81514798200098
53313308267,11 ZELKOVA PL LAKE GARDENS 3355,-37.541246888014,143.815222570587,-37.541246388014,143.815223670587
53313308290,4 ZELKOVA PL LAKE GARDENS 3355,-37.541780018966,143.815131710756,-37.541779518966,143.81513281075598
53313130185,2A ZENITH ST PASCOE VALE 3044,-37.725364108442,144.934314184326,-37.725363608442,144.934315284326
53312131472,2 ZENITH ST PASCOE VALE 3044,-37.725348434283,144.934492886502,-37.725347934283,144.934493986502
53313685518,12 ZENITH WALK GREENVALE 3059,-37.613108045241,144.904715085823,-37.613107545241,144.904716185823
53314069330,4 ZENITH WALK GREENVALE 3059,-37.613123887038,144.904986156572,-37.613123387038,144.90498725657199
53313685490,8 ZENITH WALK GREENVALE 3059,-37.61311596614,144.904850621198,-37.61311546614,144.90485172119799
53313685532,16 ZENITH WALK GREENVALE 3059,-37.613100124343,144.90457946663,-37.613099624343,144.90458056663
53313606183,5 ZEPPELIN WAY DIGGERS REST 3427,-37.620820024806,144.698020790097,-37.620819524806,144.69802189009698
53314023543,7 ZEST ST AINTREE 3336,-37.72530107653,144.673042634815,-37.72530057653,144.673043734815
53314203038,5 ZEST ST AINTREE 3336,-37.725254137872,144.673171548486,-37.725253637872,144.673172648486
53314122626,10 ZEST ST AINTREE 3336,-37.725078704639,144.672591436968,-37.725078204639004,144.67259253696798
53314094073,18 ZEST ST AINTREE 3336,-37.72526650118,144.672075949922,-37.72526600118,144.672077049922
53314080959,8 ZEST ST AINTREE 3336,-37.725031724072,144.672720266819,-37.725031224072,144.672721366819
53314184295,19 ZEST ST AINTREE 3336,-37.725582792296,144.672269488067,-37.725582292296004,144.672270588067
53314218706,15 ZEST ST AINTREE 3336,-37.725488873071,144.672527231589,-37.725488373071,144.67252833158898
53314174239,16 ZEST ST AINTREE 3336,-37.725219562522,144.672204863593,-37.725219062522,144.672205963593
53312832620,16 ZETA CRES POINT COOK 3030,-37.884057633525,144.738503119321,-37.884057133525005,144.738504219321
53312764016,53 ZETA CRES POINT COOK 3030,-37.88474708697,144.738544190646,-37.88474658697,144.738545290646
53312832679,24 ZETA CRES POINT COOK 3030,-37.884398190251,144.738582495944,-37.884397690251,144.738583595944
53312832713,22 ZETA CRES POINT COOK 3030,-37.88430133736,144.738568749623,-37.88430083736,144.738569849623
53312840022,43 ZETA CRES POINT COOK 3030,-37.88456012862,144.738929171459,-37.88455962862,144.738930271459
53312763999,55 ZETA CRES POINT COOK 3030,-37.884739124162,144.738474201755,-37.884738624162004,144.738475301755
53312764030,61 ZETA CRES POINT COOK 3030,-37.884714732824,144.738259708853,-37.884714232824,144.738260808853
53312764064,65 ZETA CRES POINT COOK 3030,-37.88469868148,144.738118473784,-37.884698181480005,144.738119573784
53313486411,16 ZIDANE AVE DEANSIDE 3336,-37.726967608429,144.72144753892,-37.726967108429,144.72144863891998
53313476683,4 ZIDANE AVE DEANSIDE 3336,-37.726850555151,144.720520500429,-37.726850055151004,144.72052160042898
53313321393,8 ZIDANE AVE DEANSIDE 3336,-37.726888357534,144.720820153468,-37.726887857534,144.720821253468
53313718936,24 ZIDANE AVE DEANSIDE 3336,-37.72705410967,144.7221107151,-37.72705360967,144.7221118151
53313695226,20 ZIDANE AVE DEANSIDE 3336,-37.727008637845,144.721772421488,-37.727008137845004,144.721773521488
53313946479,14Z ZIDANE AVE DEANSIDE 3336,-37.726948832966,144.721299095415,-37.726948332966,144.72130019541498
53300309823,149 ZIEGLER PDE ALLANSFORD 3277,-38.387563670235,142.607927435361,-38.387563170235,142.607928535361
53300318873,106 ZIEGLER PDE ALLANSFORD 3277,-38.386476453574,142.602968617623,-38.386475953574,142.60296971762298
53300430497,14 ZIEGLER PDE ALLANSFORD 3277,-38.384832385175,142.589889160632,-38.384831885175004,142.589890260632
53314043699,4 ZIERIA ST DIGGERS REST 3427,-37.624326929275,144.693337569336,-37.624326429275,144.693338669336
53313869028,8 ZIERIA ST DIGGERS REST 3427,-37.624362049449,144.693625906805,-37.624361549449,144.693627006805
53313904692,3 ZIERIA ST DIGGERS REST 3427,-37.623947396699,144.69351384076,-37.623946896699,144.69351494076
53314025814,9 ZIGGY RD WYNDHAM VALE 3024,-37.859549242006,144.602834556532,-37.859548742006,144.602835656532
53314096789,2 ZIGGY RD WYNDHAM VALE 3024,-37.859769266965,144.60197432181,-37.859768766965004,144.60197542180998
53314066404,5 ZIGGY RD WYNDHAM VALE 3024,-37.859501842344,144.602618219612,-37.859501342344004,144.602619319612
53313976205,21 ZIGGY RD WYNDHAM VALE 3024,-37.859717341075,144.603601249216,-37.859716841075,144.603602349216
53313954127,27 ZIGGY RD WYNDHAM VALE 3024,-37.859793239208,144.603947505636,-37.859792739208004,144.603948605636
53313875991,15 ZIGGY RD WYNDHAM VALE 3024,-37.859630881743,144.603206964491,-37.859630381743,144.60320806449099
53314103099,7 ZIGGY RD WYNDHAM VALE 3024,-37.859528873982,144.602741433588,-37.859528373982,144.60274253358799
53314148449,8 ZIGGY RD WYNDHAM VALE 3024,-37.859829700487,144.602301635129,-37.859829200487,144.602302735129
53314094726,4 ZIGGY RD WYNDHAM VALE 3024,-37.859790095994,144.602120921296,-37.859789595994,144.602122021296
53314148431,6 ZIGGY RD WYNDHAM VALE 3024,-37.859811679395,144.602219492477,-37.859811179395,144.60222059247698
53313876000,13 ZIGGY RD WYNDHAM VALE 3024,-37.859605694124,144.603091964779,-37.859605194124,144.603093064779
53313999485,23 ZIGGY RD WYNDHAM VALE 3024,-37.859737751009,144.60369437216,-37.859737251009,144.60369547215998
53313929105,25 ZIGGY RD WYNDHAM VALE 3024,-37.859762938628,144.603809371872,-37.859762438628,144.60381047187198
53313557870,16 ZINNIA WAY DIGGERS REST 3427,-37.622496656898,144.695708223011,-37.622496156898,144.695709323011
53313558381,6 ZINNIA WAY DIGGERS REST 3427,-37.622764416795,144.69561484861,-37.622763916795,144.69561594861
53313558423,12 ZINNIA WAY DIGGERS REST 3427,-37.622608178119,144.695669582438,-37.622607678119,144.695670682438
53313558754,2 ZINNIA WAY DIGGERS REST 3427,-37.622873171988,144.695576794769,-37.622872671988,144.695577894769
53313559026,8 ZINNIA WAY DIGGERS REST 3427,-37.622712323266,144.695633204978,-37.622711823266,144.695634304978
53313430410,45 ZIPPY CCT TARNEIT 3029,-37.850177771342,144.648737797816,-37.850177271342,144.648738897816
53313529202,29 ZIPPY CCT TARNEIT 3029,-37.850386522641,144.649700459395,-37.850386022641004,144.649701559395
53313441176,39 ZIPPY CCT TARNEIT 3029,-37.850235229288,144.649174997885,-37.850234729288005,144.649176097885
53313736716,35 ZIPPY CCT TARNEIT 3029,-37.850277557899,144.649497282062,-37.850277057899,144.64949838206198
53312966081,8 ZIRCON ST ALFREDTON 3350,-37.555077824534,143.792828304597,-37.555077324534004,143.792829404597
53312978589,6 ZIRCON ST ALFREDTON 3350,-37.555096977183,143.792996445574,-37.555096477183,143.792997545574
53313031029,3 ZIRCON ST ALFREDTON 3350,-37.55555089915,143.7930859643,-37.55555039915,143.79308706429998
53313082145,4 ZIRCON ST ALFREDTON 3350,-37.555116381289,143.793164502733,-37.555115881289,143.79316560273298
53313020377,13 ZIRCON ST ALFREDTON 3350,-37.55545387862,143.792239811175,-37.55545337862,143.79224091117499
53312722888,1 ZIRCONIA MEWS COBBLEBANK 3338,-37.710351030207,144.591573888711,-37.710350530207,144.591574988711
53313856613,34 ZLATAN WAY FRASER RISE 3336,-37.702987402539,144.718454193658,-37.702986902539,144.718455293658
53313962939,14 ZLATAN WAY FRASER RISE 3336,-37.70162819312,144.718111541457,-37.70162769312,144.718112641457
53313704530,12 ZLATAN WAY FRASER RISE 3336,-37.701555102925,144.718269959427,-37.701554602925,144.718271059427
53313761177,27 ZLATAN WAY FRASER RISE 3336,-37.70334401061,144.719047129489,-37.703343510610004,144.719048229489
53313770665,40 ZLATAN WAY FRASER RISE 3336,-37.703397445243,144.718529882244,-37.703396945243,144.718530982244
53313840632,11 ZLATAN WAY FRASER RISE 3336,-37.702372422303,144.718867924399,-37.702371922303,144.718869024399
53313842636,25 ZLATAN WAY FRASER RISE 3336,-37.703225867685,144.719025336541,-37.703225367685,144.719026436541
53313865927,13 ZLATAN WAY FRASER RISE 3336,-37.702490523319,144.718889717347,-37.702490023319,144.718890817347
53313783120,3 ZLATAN WAY FRASER RISE 3336,-37.701861335757,144.718800030983,-37.701860835757,144.718801130983
53313731625,10 ZLATAN WAY FRASER RISE 3336,-37.701536788466,144.718427036292,-37.701536288466,144.718428136292
53313783666,28 ZLATAN WAY FRASER RISE 3336,-37.702577359836,144.718378588892,-37.702576859836,144.71837968889199
53313760808,16 ZLATAN WAY FRASER RISE 3336,-37.701881117049,144.718250010497,-37.701880617049,144.718251110497
53313937108,44 ZLATAN WAY FRASER RISE 3336,-37.703663151573,144.718670614398,-37.703662651573,144.718671714398
53313808737,42 ZLATAN WAY FRASER RISE 3336,-37.703520659219,144.718644295222,-37.703520159219,144.71864539522198
53314116786,19 ZLATAN WAY FRASER RISE 3336,-37.702835941549,144.718953419812,-37.702835441549,144.718954519812
53313941331,23 ZLATAN WAY FRASER RISE 3336,-37.703092176329,144.719000693745,-37.703091676329,144.71900179374498
53313942031,15 ZLATAN WAY FRASER RISE 3336,-37.702608624335,144.718911510296,-37.702608124335,144.718912610296
53313964092,21 ZLATAN WAY FRASER RISE 3336,-37.702958484973,144.71897605095,-37.702957984973004,144.71897715095
53313969280,9 ZOHAN ST DEANSIDE 3336,-37.727362605616,144.703736409873,-37.727362105616,144.70373750987298
53313979982,8 ZOHAN ST DEANSIDE 3336,-37.727301962547,144.70324321869,-37.727301462547004,144.70324431869
53313931004,6 ZOHAN ST DEANSIDE 3336,-37.727177156008,144.703268532037,-37.727176656008,144.70326963203698
53313951397,7 ZOHAN ST DEANSIDE 3336,-37.727260346397,144.703757196993,-37.727259846397004,144.703758296993
53313952484,5 ZOHAN ST DEANSIDE 3336,-37.727166971996,144.703776140094,-37.727166471996,144.70377724009398
53313980001,10 ZOHAN ST DEANSIDE 3336,-37.727427984461,144.703232070759,-37.727427484461,144.70323317075898
53313952385,3 ZOHAN ST DEANSIDE 3336,-37.727073597595,144.703795167014,-37.727073097595,144.70379626701398
